x,y,s
5.08,3.43,3
-6.51,0.02,6
-6.3,-0.11,6
-5.62,-4.09,5
-0.74,-0.91,1
-6.32,-4.2,5
1.81,4.48,0
1.18,2.98,0
-4.86,-0.98,6
-6.47,-1.8,6
-5.99,-3.6,5
-4.57,-3.22,5
-6.51,-4.5,5
-6.1,-3.82,5
-5.09,-1.57,6
3.6,2.87,0
-6.56,-0.45,6
-6.89,-0.49,6
-7.22,-3.3,5
-4.75,0.26,6
-6.53,-3.84,5
-4.47,-2.47,0
-0.21,-1.67,0
-1.59,-1.08,1
-7.06,-4.11,5
-4.54,0.07,6
-1.73,-1.1,6
1.53,1.99,0
-6.4,-1.99,6
1.49,2.37,0
1.76,1.34,0
-1.1,-2.13,1
3.94,3.15,0
-6.55,-3.55,5
5.74,3.36,3
-6.41,-3.38,5
-1.81,-2.0,1
-7.01,-3.38,5
-6.65,-0.4,6
-5.4,-3.39,5
-6.46,-3.61,5
-4.87,-3.47,5
-5.74,-0.53,6
-0.14,0.56,1
6.34,4.28,3
-6.44,-0.2,6
1.52,2.6,0
-6.24,-0.08,6
2.14,2.35,0
2.28,1.45,0
-5.3,-3.36,5
-1.13,-1.14,1
2.72,1.74,0
-3.37,-3.97,5
-6.51,-1.0,6
-6.6,-3.29,5
-1.89,-1.76,1
-5.88,-0.81,6
-6.61,-3.36,5
-6.83,-4.55,5
1.84,1.84,0
-6.92,-3.93,5
1.44,1.37,0
1.76,3.54,0
-0.06,-1.06,1
0.25,-0.23,0
-6.47,-4.72,5
-6.58,-3.12,5
2.32,2.16,0
-6.56,-3.15,5
1.78,1.63,0
5.57,3.5,3
-6.66,-1.06,6
-5.8,-3.26,5
-6.92,-3.36,5
-1.35,-2.02,1
3.53,2.58,0
-6.74,-3.8,5
4.91,4.26,3
-5.89,-3.79,5
3.49,2.54,0
4.0,3.32,0
-5.73,-0.58,6
4.83,3.26,0
-6.96,-3.16,5
-6.87,-3.83,5
-6.2,-0.3,6
2.62,2.45,0
-6.24,0.02,6
-6.63,-1.47,6
-6.24,-0.07,6
-5.82,-3.46,5
-7.04,-4.36,5
-5.77,-0.42,6
-5.8,-0.49,0
-5.28,-0.44,6
-5.69,-4.27,5
2.03,1.8,0
-4.66,-3.19,5
-6.97,-3.62,5
-7.02,-3.67,5
-6.74,-3.91,0
6.39,3.67,0
-6.31,-0.38,6
-1.52,-2.69,1
-5.96,-0.38,6
-5.66,-4.51,5
-5.09,-3.16,5
-4.09,-1.25,1
1.82,2.44,0
-1.26,-2.72,1
3.72,2.9,0
1.26,3.28,0
2.94,2.1,0
-5.63,-3.33,5
-0.87,-1.8,1
5.02,4.91,3
-7.14,-3.62,5
-6.05,-0.2,6
-0.49,-2.08,1
-5.54,-4.33,5
1.36,3.0,0
-1.4,-0.95,1
1.59,1.38,0
-4.58,-3.63,5
-0.6,-0.88,0
2.49,2.28,0
-6.76,-1.84,6
-6.68,-0.35,6
4.7,4.17,3
1.57,2.44,0
-6.39,-3.41,5
2.24,1.54,0
-6.84,-3.55,5
-3.83,-4.12,5
-5.67,-0.48,6
4.33,3.33,3
-4.97,0.32,6
1.67,2.32,0
-5.37,-0.67,6
1.57,2.88,0
2.52,2.84,0
-6.7,-0.29,6
5.66,3.63,0
-0.71,-1.68,1
0.94,0.66,0
-0.42,-1.14,1
1.81,1.72,0
-0.38,-0.44,1
-6.06,-3.52,5
-0.46,-1.96,1
-5.71,-3.1,5
1.86,1.7,0
-1.06,-1.97,1
-5.41,-3.37,5
1.88,0.93,0
-6.82,-3.47,5
-6.42,-0.06,6
-6.93,-3.68,5
-0.12,-0.76,1
-5.85,-3.2,5
-6.46,-3.86,5
1.5,1.34,0
-6.31,-1.11,6
-3.47,8.03,2
0.06,-0.07,1
-0.66,-1.25,1
-6.12,-1.39,6
1.18,0.22,0
-7.15,-2.55,6
-5.4,-0.92,0
1.96,1.22,0
5.19,3.53,3
-6.29,-3.08,5
-7.05,-2.8,5
-6.24,-0.99,6
-7.16,-2.87,5
-6.61,-3.72,5
-6.7,-2.88,5
-6.94,-3.48,5
-5.96,-0.54,6
1.15,2.96,0
-0.43,-0.38,1
-6.46,-0.15,6
2.07,2.39,0
1.55,1.76,0
-6.79,-0.33,6
-5.92,-3.72,5
4.49,2.72,0
-6.55,-3.31,5
4.76,3.76,3
1.73,2.01,0
-4.87,0.19,6
2.64,2.01,0
-5.18,-4.21,5
3.71,2.64,0
0.82,-0.03,0
0.72,0.1,0
-5.17,-3.3,5
-5.65,-0.47,6
5.48,3.19,3
-6.29,0.06,6
-1.24,-2.33,1
-6.3,-1.38,6
2.01,2.29,0
-6.54,-1.22,6
-6.49,-0.48,6
1.82,2.18,0
-4.42,-0.95,1
-6.66,-3.37,5
-6.36,-0.86,6
1.49,2.77,0
-6.56,-0.27,6
2.2,2.32,0
2.02,2.18,0
2.02,2.49,0
6.7,4.57,3
-5.63,-4.26,5
-7.0,-2.99,5
-1.31,-0.65,1
1.7,2.6,0
1.91,2.21,0
-4.22,-2.91,5
-1.25,-0.8,1
-6.3,-0.44,6
3.99,2.57,0
-5.25,-1.06,6
-5.79,-3.23,5
-5.67,-3.47,5
1.89,1.37,0
3.54,2.56,0
-6.38,-0.58,6
0.08,-0.91,1
6.09,3.49,3
-6.35,-0.48,6
2.33,2.16,0
-6.2,-0.08,6
-5.68,0.02,6
4.49,2.56,0
-5.54,-2.9,5
-5.07,0.26,6
-6.77,-0.6,6
-0.6,-0.34,1
-2.75,-1.66,6
-1.96,-2.37,6
-0.13,-1.54,1
-6.52,-1.04,6
-5.77,-2.97,5
-5.64,-4.22,5
-7.26,-2.86,5
1.24,2.34,0
-6.73,-0.35,6
-6.26,-3.97,5
6.05,3.51,3
1.72,1.86,0
-6.77,-0.4,6
1.46,1.2,0
-6.07,-1.07,6
-4.46,-3.65,5
2.0,1.2,1
-0.96,-0.81,1
-6.29,-0.61,6
-6.66,-3.92,5
-4.98,0.16,6
-6.76,-3.43,5
5.53,3.46,3
-5.4,-3.48,5
2.04,2.04,0
3.02,2.38,0
-6.67,-3.26,5
-7.06,-3.13,5
2.28,1.51,0
-6.18,-0.89,6
2.09,2.24,0
-1.52,-1.17,1
-0.57,-1.25,1
-4.25,-3.46,5
-4.5,-4.57,5
2.94,1.62,1
-6.89,-2.86,5
-2.88,-2.79,1
4.51,3.6,3
-0.84,-1.41,1
0.97,3.81,0
1.8,1.87,0
-5.95,-0.29,6
1.28,1.04,0
-6.66,-1.03,6
-4.16,-4.12,5
-2.16,-2.17,1
-0.23,-2.73,1
1.48,1.76,0
4.77,3.06,0
-5.9,-4.25,5
-6.63,-0.36,6
-6.56,-1.74,6
1.95,2.24,0
-1.06,-1.59,1
-5.64,-4.03,5
-5.54,-3.37,5
-6.86,-2.83,5
-7.32,-3.2,5
1.91,1.95,0
-6.08,-3.8,5
-6.52,-0.91,6
-6.05,-0.28,6
-5.45,-0.39,6
-6.63,-3.33,5
-6.48,-0.63,6
1.32,1.52,0
3.42,2.52,0
-5.78,-0.98,6
-4.7,-4.01,5
-6.12,-0.21,6
-5.5,-3.34,5
-5.3,-1.13,6
-6.18,-3.85,5
-6.11,-1.02,6
-1.59,-1.8,1
-1.56,-2.59,1
2.14,2.49,0
4.92,3.61,3
-6.42,-2.64,5
-0.51,-0.97,1
-6.24,-0.47,6
-4.6,-2.8,5
-0.41,-0.37,1
-0.33,-0.71,0
-5.97,-0.63,6
6.73,4.93,3
1.85,1.41,0
2.77,2.52,0
1.64,3.04,0
-1.16,-0.73,1
-4.32,-3.92,5
-3.68,-3.62,5
6.2,4.6,3
-1.25,-0.7,1
-5.31,-3.44,5
5.1,3.66,3
1.84,2.72,0
-5.04,-1.05,6
-0.68,-0.4,1
-5.92,-0.15,6
-6.98,-3.24,5
-1.25,-2.69,1
-6.38,-0.77,6
-7.26,-3.5,5
-5.29,-3.36,5
1.79,1.78,0
0.93,3.55,0
-6.6,-0.28,6
-6.32,-3.81,5
7.12,3.48,3
-6.64,-3.47,5
-6.71,-3.23,5
-5.04,-3.49,5
-6.84,-2.84,5
-7.05,-2.08,5
2.14,2.24,0
1.86,2.25,0
-7.09,-3.76,5
1.19,4.01,0
-6.31,-3.97,5
-4.89,-1.1,6
-5.94,-0.59,6
-6.68,-3.15,5
-5.98,-0.88,6
-5.97,-0.4,6
-5.82,-0.39,6
2.26,2.45,0
-6.52,-0.48,6
-6.0,-0.11,6
4.09,3.5,0
-6.52,-0.15,6
-1.17,-1.27,1
1.63,3.99,0
-0.97,-0.72,6
-6.3,-0.84,6
-6.71,-3.44,5
1.51,2.16,0
-6.08,-0.43,6
-7.12,-3.39,5
5.45,3.52,3
1.39,3.35,0
5.61,4.02,3
5.4,4.15,3
1.54,2.49,0
3.92,3.02,3
-4.74,-2.47,6
1.7,2.84,0
1.56,2.86,0
-5.36,-3.68,5
0.76,3.42,0
2.2,1.58,0
-1.16,-1.26,1
1.95,2.08,0
-6.53,-4.13,5
-6.33,-3.79,5
-1.49,-2.51,1
-0.19,-1.47,0
-5.85,-3.7,5
4.96,3.59,0
2.86,1.8,0
3.58,2.73,0
-6.82,-1.8,6
-5.14,-3.92,5
-1.66,-1.07,1
-4.47,-4.65,5
-6.16,-3.19,5
2.33,1.92,0
-6.78,-3.75,5
-6.91,-3.4,5
-6.8,-2.26,5
-6.03,-0.64,6
1.33,3.62,0
-6.94,-2.15,6
-5.9,-3.55,5
-6.57,-0.05,6
1.6,1.65,0
-3.25,-1.6,1
-6.82,-3.53,5
-1.45,-1.11,1
0.47,0.29,0
-4.88,-0.02,6
1.6,1.68,0
-5.94,-0.54,6
-3.88,-2.72,5
-6.88,-2.63,5
1.69,3.69,0
2.58,2.0,0
-5.69,-4.25,5
-5.17,-4.54,5
-7.09,-3.57,5
2.17,1.92,0
-6.24,-4.43,5
-0.35,-2.9,1
2.23,2.53,0
-6.18,-3.38,5
-6.4,-0.22,6
-6.1,-0.95,6
1.85,2.55,0
0.8,1.06,0
5.9,3.51,3
-6.57,-0.4,6
4.51,3.94,3
-6.5,-0.9,6
1.55,1.74,0
-4.0,-3.83,5
-6.0,-0.28,6
1.65,2.27,0
-6.34,-4.41,5
-6.98,-2.07,6
-4.46,-0.03,6
-6.01,0.11,6
-6.6,-3.68,5
-5.54,-4.64,5
-6.35,-1.09,6
-6.58,-4.24,5
-5.81,-3.57,5
-6.43,-0.06,6
-5.82,-0.74,6
-3.74,-3.76,5
-5.3,-3.5,5
-4.87,-4.11,5
6.6,4.8,3
-5.72,-3.31,5
-6.58,-4.9,5
1.7,1.82,0
-6.18,-0.46,6
1.26,3.17,0
-5.05,-4.76,5
-4.74,-3.44,5
-0.58,-2.78,1
-0.67,-0.27,1
-6.58,-3.58,5
-4.03,-3.67,5
-6.38,-3.74,5
1.38,3.08,0
-6.22,-0.13,6
-7.15,-2.47,5
1.66,2.14,0
-6.58,-0.14,6
-5.27,-2.99,5
5.34,3.2,3
4.87,2.76,0
-0.6,-0.52,1
2.57,1.74,0
2.08,3.02,0
-5.78,-1.53,6
-6.61,-2.09,6
1.66,2.56,0
2.38,2.94,0
-6.62,-4.74,5
-5.82,-0.74,6
4.55,4.43,0
-5.6,-0.03,6
1.62,2.13,0
-6.25,-3.16,5
5.02,4.12,3
-7.17,-3.6,5
7.23,4.5,3
-0.32,-0.45,1
-6.0,-3.1,5
-6.46,-1.44,6
-7.14,-4.18,5
-6.57,-3.82,5
-6.86,-0.96,6
-6.15,-3.08,5
-6.29,-3.82,5
-1.04,-1.61,1
4.86,2.83,3
-6.5,-0.34,6
-0.19,-0.33,1
-6.46,-0.68,6
-6.17,-0.5,6
-4.73,-3.46,5
-3.82,-1.14,0
6.05,-4.62,1
0.7,0.51,0
1.39,1.38,0
0.3,0.06,6
-6.86,-0.36,6
-6.28,-0.23,6
-6.48,-1.25,6
-6.79,-3.06,5
-6.07,-0.55,6
-6.44,-3.26,5
7.19,4.45,3
-7.15,-2.35,6
-6.87,-3.58,5
-6.37,-0.71,6
-5.41,-3.1,5
-1.06,-1.14,1
3.21,2.58,0
-1.07,-0.84,1
-6.64,-0.63,6
-6.33,-0.52,6
1.34,1.92,0
1.43,2.94,0
-3.84,-3.92,5
-0.57,-2.43,1
-2.68,-1.24,1
-5.38,-3.87,5
0.93,3.26,0
1.41,1.67,0
-6.6,-3.89,5
-6.0,-1.86,6
1.48,2.7,0
5.99,3.26,3
-1.34,-0.77,1
2.0,2.91,0
-5.9,-0.35,6
-4.63,-1.13,0
-6.28,-0.41,6
4.78,3.54,0
-6.72,-3.27,5
4.75,3.12,3
1.86,2.43,0
3.32,2.37,0
-1.11,-2.51,1
-7.17,-3.52,5
1.94,2.07,0
-3.92,-3.26,5
1.65,2.43,0
1.47,2.0,0
-6.14,-1.25,6
-6.7,-0.36,6
-1.04,-2.21,1
-5.97,-0.45,6
1.1,1.3,0
1.08,1.28,0
-0.97,-1.32,6
-1.71,-2.61,1
-6.6,-2.19,6
-6.3,-3.28,5
-4.93,-1.69,6
1.25,1.73,0
-5.86,-0.49,6
1.96,2.98,0
-4.79,-3.16,5
2.2,1.94,0
-2.46,-2.54,1
2.34,1.54,0
-5.64,-0.42,6
-4.05,-4.0,5
-4.95,-4.2,5
-1.13,-0.87,1
-6.61,-1.7,6
-6.66,-1.37,6
-5.69,-2.83,5
2.28,1.84,0
4.77,2.47,0
-7.16,-3.18,5
-5.55,-3.34,5
-6.66,-0.24,6
-6.37,-0.61,6
-0.33,-0.72,1
-6.95,-3.84,5
-6.7,-0.47,6
1.7,2.59,0
1.28,1.46,0
1.05,0.92,0
-1.99,-1.83,1
-1.26,-2.18,1
-6.24,-0.44,6
-6.08,-0.02,6
-6.74,-3.08,5
-6.49,-0.29,6
1.5,1.7,0
1.47,0.86,0
-5.3,-4.01,5
1.87,1.71,0
-6.58,-1.6,6
0.73,-1.62,1
-4.74,0.42,6
-6.56,-0.1,6
-0.56,-0.89,0
-5.55,-0.51,6
-6.14,-1.0,6
-6.6,-0.41,6
-6.99,-3.48,5
-6.77,-0.67,6
2.27,1.6,0
0.2,-1.89,0
-1.44,-1.87,1
-7.3,-3.16,5
1.45,2.99,0
1.18,3.37,0
1.21,1.24,1
0.92,3.19,0
4.35,4.02,3
-6.4,-2.82,5
-0.84,-1.35,1
-5.96,-3.46,5
-4.13,-2.9,5
3.05,3.02,0
-6.23,-0.16,6
-7.16,-3.63,5
-7.17,-3.44,5
-6.99,-4.1,5
-5.84,-0.28,6
1.66,1.74,0
-6.7,-3.7,5
-6.59,-0.48,6
1.6,1.67,0
-0.82,-1.42,1
-4.97,-3.12,5
-6.32,-3.23,5
-5.64,-3.01,5
1.95,2.23,0
-1.02,-0.57,1
-1.03,-2.06,1
-6.27,-0.41,6
-5.98,-3.17,5
-5.13,-3.55,5
1.45,1.79,0
-4.84,-4.21,5
0.48,-1.22,1
-2.61,7.81,2
-1.49,-2.06,1
6.1,3.64,3
2.19,1.53,0
-7.0,-3.11,5
-6.31,-3.33,5
-6.68,-3.58,5
-6.27,-0.42,6
1.84,1.9,0
2.15,2.51,0
1.87,3.13,0
1.57,1.8,0
4.72,3.3,0
-5.18,-2.73,5
-5.66,-0.07,6
-5.08,-0.41,1
-6.45,-1.04,6
-7.06,-2.29,5
-5.01,-3.39,5
2.07,1.39,0
-0.3,-2.69,1
-6.58,-1.05,6
-6.24,-0.89,6
-7.16,-2.86,5
0.63,-0.08,1
-0.91,-0.96,1
1.66,1.92,0
-7.17,-2.14,6
2.5,2.16,0
-6.3,-0.26,6
2.92,2.66,0
-5.99,0.2,1
-5.81,-0.07,6
1.63,1.91,0
-6.33,-0.46,6
-4.42,-4.38,5
0.26,0.32,0
-6.39,-3.26,5
5.05,3.48,3
0.98,3.37,0
1.47,3.19,0
-6.15,-3.37,5
-1.91,-0.68,1
-7.01,-2.58,6
-4.59,-3.95,5
-6.48,-0.08,6
-1.0,-1.15,1
2.42,1.61,0
-6.4,-3.58,5
-6.48,-0.22,6
-6.64,-1.23,6
-0.68,0.23,0
-2.08,-2.25,5
-2.22,-2.43,1
-5.95,-2.88,5
-1.38,-1.03,1
-6.75,-3.74,5
-7.11,-3.03,5
2.35,2.34,0
2.04,1.62,0
5.71,3.62,0
-6.31,-3.44,5
-2.13,-2.52,1
-0.86,-2.53,1
2.33,1.68,0
-0.31,0.45,0
2.03,1.8,0
1.45,3.19,0
-5.58,-3.74,5
-6.15,-3.87,5
-6.84,-0.53,6
1.79,1.01,0
3.98,2.62,0
-1.7,-2.21,1
-1.5,-0.71,1
-6.3,-0.2,6
2.35,1.64,0
-6.56,-4.01,5
-5.93,-0.86,6
-6.37,-0.47,6
1.0,0.81,0
-1.59,-0.92,1
1.86,1.74,0
1.68,1.98,0
3.99,2.28,0
-1.74,-1.98,1
-6.48,-0.49,6
-6.46,-0.49,6
-1.08,-0.5,1
-2.09,-2.37,1
-7.12,-2.84,5
1.84,1.97,0
1.87,2.63,0
1.69,1.94,0
-7.04,-3.03,5
-5.46,-0.79,6
-5.05,-1.37,6
-6.36,-3.9,5
-0.63,-1.07,1
0.54,-0.17,1
-6.49,-0.26,6
1.87,2.35,0
-4.86,-0.73,1
6.64,3.78,3
-5.04,-2.92,6
-6.06,-3.24,5
-1.79,-1.17,1
-6.84,-3.9,5
2.2,2.14,0
-6.47,-0.16,6
4.58,3.0,0
-6.44,0.07,6
5.17,4.12,3
-6.5,-1.48,6
3.04,2.57,0
-5.98,-4.13,5
-6.76,-3.82,5
-6.18,-5.1,5
-6.55,-1.71,6
1.39,1.45,0
-3.94,-4.13,5
1.17,2.11,0
-6.04,-1.74,6
-6.3,-0.64,6
-5.98,0.0,6
0.66,0.77,0
-5.84,-0.55,6
-7.16,-3.78,5
-6.3,-4.98,5
-6.91,-2.66,5
1.61,1.64,0
-7.08,-3.95,5
-5.68,-0.67,6
-1.38,-0.94,1
-5.59,-4.9,5
1.39,1.71,0
-1.69,-0.79,0
-6.67,-0.6,6
3.34,2.45,0
1.63,2.43,0
-1.26,-2.28,1
-5.97,-0.49,6
-0.42,0.01,1
-1.26,-1.12,1
-5.86,-0.49,6
-1.82,-1.8,1
-5.91,-2.55,6
-4.51,-3.47,5
-1.44,-1.0,1
-6.34,-0.38,6
-3.67,-2.32,5
-6.92,-3.37,5
-6.46,-1.34,6
-4.11,-3.28,5
-4.93,-3.72,5
-6.45,-0.32,6
1.57,1.98,0
2.62,1.86,0
-0.42,-1.12,1
-6.94,-3.04,5
-5.35,-3.3,5
-0.92,-1.59,1
4.58,2.94,0
2.05,2.01,0
-5.35,0.13,6
-6.66,-0.56,6
-4.86,0.17,6
-0.72,-0.22,1
0.74,0.27,0
-1.35,-0.9,1
-6.92,-2.46,6
-4.92,-1.22,6
2.5,2.66,0
-2.12,-2.58,1
4.97,4.04,3
-1.5,-1.68,1
-6.09,-0.57,6
2.86,1.63,0
1.85,1.93,0
-6.64,-0.36,6
-6.63,-0.17,6
4.92,2.88,0
0.47,0.13,1
1.69,1.32,0
-1.43,-1.32,1
1.34,1.14,0
3.33,1.8,0
5.2,3.28,3
-6.95,-2.12,6
4.77,2.88,0
1.42,2.99,0
-6.48,-3.32,5
-5.71,-0.51,6
-6.5,-0.43,6
5.3,3.06,0
-6.97,-2.31,5
-6.59,-0.29,6
-6.31,-0.78,0
0.41,-0.19,1
4.36,3.16,3
-5.85,-0.71,6
-6.2,-0.14,6
-4.23,-4.46,5
1.66,2.63,0
-6.5,-4.35,5
6.48,3.6,0
1.24,0.86,1
1.76,1.66,0
-6.32,-3.34,5
0.86,1.16,0
-1.94,-2.45,1
-5.36,-4.16,5
3.13,2.09,0
-6.35,-0.81,6
-6.83,-1.01,6
-6.74,-1.32,6
1.65,2.53,0
5.83,4.0,0
-1.2,-2.52,1
-1.4,-1.13,1
0.12,0.12,1
-5.85,-0.38,6
-6.86,-4.3,5
-2.18,-1.69,1
-6.39,-3.42,5
-4.85,0.01,6
-4.93,-4.57,5
1.4,2.58,0
3.59,2.41,0
-6.58,-1.53,6
1.38,2.46,0
1.67,1.29,0
1.31,2.77,0
-5.18,-4.03,5
-6.66,0.01,6
-0.27,-1.57,1
2.37,3.01,0
-7.0,-3.32,5
-1.27,-1.36,1
6.07,3.26,0
1.3,2.81,0
1.5,1.5,0
2.41,2.03,0
-4.6,-4.01,5
1.73,2.14,0
-6.25,-0.64,6
4.11,3.09,3
1.0,0.32,0
-1.5,-2.06,1
4.4,3.62,3
2.78,2.36,0
1.03,3.39,0
-5.72,-1.14,6
-6.08,-0.35,6
-5.53,-0.61,6
5.49,4.24,3
3.09,2.79,0
2.75,2.35,0
-6.61,-0.45,6
1.53,2.0,0
-5.7,0.05,6
-0.89,-1.62,1
-5.71,-2.8,6
-5.99,-3.08,5
5.62,4.27,3
0.12,-1.94,1
6.8,4.0,3
4.68,3.89,3
-1.48,-2.62,1
-0.98,-2.35,1
-2.34,-3.05,1
-5.23,-4.0,5
-6.83,-3.26,5
0.11,-2.31,1
2.44,2.77,0
-5.68,-2.36,6
1.44,4.04,0
-6.2,-2.87,6
-6.67,-3.06,5
-5.88,-2.98,5
-5.85,-3.83,5
6.93,4.71,3
-5.26,-3.75,5
2.89,4.15,0
1.03,3.75,0
6.51,4.82,3
-5.58,-4.42,5
6.19,4.32,3
1.18,3.96,0
-6.41,-1.4,6
0.88,3.23,0
1.03,2.71,0
-5.85,-1.62,6
-4.08,-3.54,5
0.36,-0.11,0
4.81,3.24,0
6.63,4.63,3
7.02,4.0,3
5.86,4.92,3
6.0,4.21,3
-5.82,-3.76,5
-5.59,-4.18,5
-6.21,-3.95,5
-6.41,-3.37,5
2.79,3.03,0
-5.27,-3.29,5
4.03,3.68,0
-6.57,-3.88,5
-1.86,-1.76,1
0.82,-0.39,0
5.42,4.23,3
7.25,4.28,3
-1.63,-1.3,1
5.81,4.73,3
-6.11,-3.57,5
-4.68,-3.1,5
0.08,-0.77,1
7.2,4.28,3
-6.88,-1.65,6
-5.47,-3.62,5
-2.59,7.67,2
-6.21,-0.38,6
5.66,4.43,3
-6.8,-4.2,5
6.49,4.75,3
6.01,4.56,3
-6.53,-0.53,6
6.8,4.6,3
-2.21,7.79,2
5.44,4.22,3
7.46,4.51,3
-4.51,-3.1,5
1.97,3.33,0
1.08,2.97,0
1.35,2.58,0
-5.97,-0.82,6
-0.61,-2.21,1
1.26,3.8,0
0.89,3.7,0
-6.03,-4.26,5
0.99,3.59,0
-0.98,-1.18,1
0.19,-1.04,0
5.56,4.61,3
5.07,-4.57,4
5.71,3.93,3
1.16,4.03,0
-1.38,-2.33,1
4.54,4.14,3
-2.12,7.71,2
6.37,4.77,3
-5.31,-3.39,5
7.1,4.59,3
-5.64,-3.93,5
1.53,3.67,0
4.25,3.88,0
-2.21,7.66,2
5.42,4.74,3
5.4,4.22,3
-5.33,-3.82,5
-4.28,-4.07,5
7.26,4.3,3
-6.46,-4.29,5
-4.2,-3.67,5
-0.39,-2.84,1
-1.08,-2.89,1
-5.42,-3.26,5
6.52,4.3,3
-6.11,-1.17,6
-7.1,-3.32,5
6.22,4.58,3
-6.8,-3.52,5
-6.46,-3.71,5
6.39,4.38,0
0.79,-2.01,4
-6.57,-3.03,5
5.45,4.15,3
6.47,4.36,3
-5.15,-3.83,5
-5.74,-3.63,5
-5.07,-3.49,5
-0.27,-2.21,1
-6.64,-0.44,6
-4.19,-2.41,1
5.18,4.22,3
-2.54,-3.49,5
7.28,4.03,3
-5.56,-1.15,6
6.52,4.92,3
-5.59,-3.61,5
5.09,4.41,3
-6.87,-3.56,5
-4.73,-3.84,5
-1.38,-2.93,1
-4.32,-4.32,5
5.86,4.39,3
6.89,4.09,3
4.79,4.56,3
-6.46,-0.08,6
3.22,2.4,0
1.04,3.33,0
6.06,4.35,3
7.21,4.5,3
-6.61,-2.85,5
7.11,4.14,3
1.11,3.7,0
1.15,3.97,0
1.43,3.46,0
6.52,4.46,3
1.83,4.2,0
6.04,4.16,3
1.28,3.44,0
-6.77,-2.6,5
-6.48,-1.54,6
-0.36,-0.58,1
-1.45,-1.89,1
5.37,4.62,3
-5.19,0.17,6
7.04,3.99,3
5.9,-4.31,4
7.16,3.65,3
-6.28,-3.81,5
-1.45,-2.32,1
-5.98,-4.14,5
5.5,4.4,3
-5.44,-3.66,5
1.43,3.23,0
1.09,4.3,0
1.63,3.68,0
7.16,4.13,3
-6.34,-3.97,5
-5.23,-3.31,5
7.12,4.41,3
1.13,3.94,0
7.06,4.65,3
6.84,4.67,3
1.02,3.79,0
-5.53,-3.79,5
-0.6,-0.29,1
-6.41,-3.81,5
-0.36,-0.77,1
5.12,3.94,0
1.1,3.54,0
-6.33,-2.61,5
7.2,4.43,3
6.98,4.48,0
-6.42,-3.66,5
5.78,4.32,3
-1.24,-2.71,1
-5.31,-3.32,5
-4.78,-4.24,5
-6.47,-4.59,5
-6.78,-4.08,5
5.91,4.17,0
0.91,3.35,0
-5.38,-3.53,5
4.13,4.2,0
-0.72,-3.07,0
-6.91,-3.79,5
6.76,4.72,3
5.32,4.18,3
6.04,-4.12,4
-5.27,-4.34,5
-5.97,-3.9,5
-1.41,-2.47,1
4.65,4.01,3
1.55,4.05,0
-5.9,-1.44,6
5.78,4.51,0
-5.16,-3.71,5
6.91,4.28,3
5.6,3.89,3
-5.63,-3.65,5
6.8,4.15,3
-5.78,-4.2,5
-6.53,-1.24,6
6.07,-4.18,4
1.62,4.48,0
6.83,4.56,3
-5.21,-3.23,5
1.09,3.08,0
6.17,-4.8,4
5.09,-4.46,4
6.59,4.88,3
-5.87,-0.15,6
-0.11,-0.84,1
-6.66,-0.77,6
4.19,4.4,0
-7.12,-3.4,5
-0.66,-0.9,1
1.03,2.86,0
7.24,4.32,3
0.96,4.01,0
5.85,4.73,3
-4.96,-4.0,5
-6.15,-3.56,5
6.55,-4.14,4
5.1,4.0,3
-6.25,-1.33,6
-2.46,7.74,2
6.31,-4.67,4
-6.3,-3.02,5
-5.48,-3.55,5
5.79,3.75,3
6.21,4.42,3
6.02,4.13,3
5.43,3.79,0
-6.8,-2.63,6
5.85,4.43,3
-4.76,-3.4,5
6.93,4.83,3
-1.12,-1.9,1
5.98,4.67,3
-1.25,-2.59,1
7.29,4.53,3
-6.84,-2.78,5
-5.81,-1.82,6
7.11,4.42,3
-1.62,-2.14,1
-5.9,-1.42,6
1.13,3.43,0
1.38,3.8,0
-0.32,-0.19,1
6.55,-4.08,4
-6.13,-2.39,6
5.11,4.49,3
-0.33,-1.55,1
4.9,3.92,0
-6.08,-1.16,6
-5.78,-4.51,5
-6.5,-2.41,5
-0.78,-2.47,1
6.82,3.82,3
6.78,4.57,3
1.11,3.98,0
7.0,4.33,3
4.93,4.34,3
4.97,3.68,3
6.21,4.68,3
5.99,-4.68,4
7.4,4.6,3
1.12,3.43,0
5.68,4.17,3
-5.8,-4.1,5
5.13,4.1,3
5.85,4.35,3
-2.33,-2.37,1
7.41,4.23,3
-5.64,-3.06,5
-4.98,-4.53,5
-0.75,-2.15,1
-2.14,7.65,2
-3.73,-2.8,5
6.6,3.75,3
1.55,3.46,0
-6.79,-1.83,6
-5.63,-3.64,5
6.93,4.64,3
-6.25,-3.79,5
6.65,4.9,3
-0.58,-2.14,1
0.98,4.18,0
-5.39,-2.02,6
-2.54,-1.55,5
4.66,4.35,3
-6.47,-4.37,5
5.52,4.64,3
-0.7,-2.4,1
7.49,3.98,3
-5.14,-3.62,5
6.14,4.14,3
-4.99,-3.39,5
6.41,-4.28,4
1.32,2.96,0
5.14,4.18,3
-5.46,-3.87,5
-1.49,-1.06,1
0.77,0.04,0
6.71,3.24,3
5.83,3.63,0
-0.2,0.13,0
0.63,3.81,0
-1.0,-1.96,1
-1.49,-2.32,1
7.29,4.74,3
-1.2,-2.08,1
5.9,4.97,3
6.38,4.73,3
6.75,4.25,3
-0.42,-1.24,1
5.61,4.72,3
0.28,-0.06,0
-6.57,-0.44,6
-5.31,-3.89,5
5.19,4.63,3
0.24,-1.94,1
6.09,4.76,3
-0.27,-1.17,1
-6.14,-3.46,5
1.27,4.24,0
-6.81,-3.72,5
2.1,2.81,0
1.29,4.51,0
2.84,4.03,0
-5.73,-2.4,6
6.78,4.9,3
6.16,-3.94,4
-6.79,-2.81,5
-6.38,-1.71,6
5.45,4.48,3
-0.34,-1.17,0
-5.22,-2.75,5
-0.81,-1.39,1
5.1,4.3,3
6.13,4.65,3
5.57,4.28,3
-5.76,-3.32,5
-4.75,-1.47,6
5.32,4.03,3
-5.65,-3.75,5
-6.19,-3.48,5
7.12,3.38,3
6.93,-4.03,4
-4.91,-3.57,5
-5.8,-1.14,6
-5.93,-3.31,5
2.14,1.74,0
-6.31,-0.12,6
-5.83,-3.65,5
7.06,4.33,3
-5.26,-3.42,5
1.7,4.49,0
-4.6,-4.11,5
-6.18,-3.34,5
6.26,4.37,0
5.54,4.28,3
5.59,4.11,3
-6.08,-3.25,5
-5.68,-3.58,5
-0.74,-2.83,1
-0.35,-1.02,1
6.29,4.04,3
5.16,4.26,3
-6.14,-2.95,5
-5.49,-3.43,5
-5.69,-2.61,5
-5.94,-3.67,5
-5.68,-3.46,5
1.08,3.64,0
7.0,4.53,3
6.54,4.92,3
6.17,-4.08,4
5.37,3.75,3
1.47,4.68,0
6.67,-4.15,4
-5.73,-3.38,5
6.07,-4.52,4
-5.35,-4.11,5
-5.3,-3.56,5
1.76,2.7,0
-5.78,-1.42,6
4.61,4.55,3
-4.56,-3.37,5
-5.9,-3.52,5
-6.58,-0.65,6
-6.37,-3.05,5
7.48,4.16,3
5.48,4.61,0
-6.91,-3.05,5
-6.23,-3.59,5
5.43,4.43,3
1.23,2.82,0
5.28,4.44,3
5.16,3.83,3
5.66,4.17,3
-6.1,-4.05,5
-6.13,-0.64,6
4.85,3.8,3
6.43,4.73,3
-0.32,-0.07,0
6.27,4.82,3
0.81,3.74,0
-5.43,-3.33,5
-0.28,-0.5,0
6.52,4.3,3
-7.15,-2.88,5
-5.14,-3.4,5
-0.49,-1.56,1
0.04,-0.56,1
-5.72,-3.93,5
6.54,4.25,3
6.33,4.29,3
0.31,0.33,0
-5.8,-4.2,5
-1.0,-1.21,1
6.47,4.49,3
-5.88,-3.85,5
-5.42,-3.93,5
6.69,4.46,3
-0.94,-1.23,1
6.54,3.6,3
6.09,4.82,3
2.14,3.91,0
-5.08,-3.41,5
5.38,4.67,3
6.26,4.87,3
-2.09,7.36,0
-6.3,-3.17,5
1.84,2.37,0
4.76,4.48,3
-2.1,7.46,2
-6.23,-3.77,5
5.39,3.97,3
-7.04,-3.11,5
-2.18,8.1,2
-4.99,-3.92,5
0.45,-0.08,0
-6.32,-3.41,5
1.7,3.94,0
-5.14,-3.82,5
-0.49,-1.52,1
-1.21,-2.79,1
-5.65,-1.29,6
5.08,4.45,3
-5.76,-3.64,5
5.86,4.46,3
-5.25,-3.61,5
1.62,3.64,0
6.35,4.76,3
5.24,4.03,3
-5.42,-3.69,5
-6.66,-2.82,5
1.1,4.07,0
6.37,4.28,3
0.26,0.06,0
6.96,3.6,3
-4.4,-2.19,6
4.9,3.26,3
-0.38,-1.75,1
5.27,4.18,3
4.34,3.63,3
-1.09,-1.59,1
6.39,3.79,3
6.38,3.66,3
6.38,4.84,3
-6.29,-0.85,6
-6.83,-2.44,5
6.48,4.56,3
7.3,3.87,3
1.25,4.14,0
4.88,4.39,3
2.35,4.31,0
-5.83,-3.84,5
4.65,4.34,3
7.22,4.04,3
-4.0,-2.3,5
5.13,3.85,3
-0.22,-1.97,1
5.99,4.13,0
0.4,0.45,0
6.81,4.6,3
-1.4,-1.62,1
6.48,-3.65,0
-1.8,-2.25,1
5.27,3.9,3
7.18,4.57,3
6.23,4.78,3
-4.99,-4.32,5
1.42,3.81,0
-7.16,-3.31,5
-5.59,-3.47,5
-6.08,-1.27,6
6.87,3.73,3
0.9,4.04,0
-6.03,-1.17,6
-6.52,-0.6,6
0.79,3.36,0
-1.28,-2.12,1
-5.02,-3.47,5
-6.72,-2.3,6
1.18,3.88,0
-5.18,-3.51,5
6.66,4.5,3
7.16,3.68,3
2.16,4.1,0
5.38,4.28,3
6.79,4.5,3
5.22,4.38,3
-6.44,-2.44,5
1.51,3.92,0
-5.26,-3.31,5
6.72,-4.22,4
-6.33,-3.83,5
-5.59,-2.24,6
6.69,4.57,3
7.08,4.06,3
-4.77,-3.53,5
5.0,4.04,3
5.26,4.47,3
4.86,3.14,0
5.93,-4.74,4
-5.98,-4.3,5
1.95,3.33,0
-5.84,-3.8,5
-6.46,-3.3,5
-6.6,-3.26,5
6.48,3.87,3
1.11,3.84,0
-0.35,-2.25,1
-4.96,-3.73,5
5.91,4.45,3
-5.91,-3.25,5
-4.55,-1.64,6
6.89,4.6,3
7.17,3.82,3
-5.02,-1.16,6
4.87,3.99,3
-0.41,-2.01,1
-6.52,-0.61,6
6.71,3.83,3
5.24,4.66,3
1.54,3.81,0
-5.44,-3.44,5
-5.46,-3.91,5
5.55,3.39,0
-6.81,-1.85,6
-0.55,-2.15,1
6.57,4.95,3
1.02,3.53,0
-5.54,-3.99,5
6.67,3.85,3
-5.46,-3.54,5
6.84,4.54,3
-5.71,-3.01,5
6.23,4.66,3
2.45,3.02,0
0.83,3.47,0
-1.01,-2.34,1
1.26,3.51,0
-4.36,-3.39,5
7.24,4.51,3
-5.93,-3.84,5
0.86,0.26,0
-1.06,-1.96,1
0.07,-0.88,1
5.81,4.58,3
4.9,4.45,3
-1.33,-2.59,1
2.47,2.09,0
6.09,4.03,3
7.31,3.71,3
3.96,2.89,0
-6.61,-1.4,5
-2.34,-2.76,1
-5.69,-3.44,5
-6.24,-1.26,6
-4.85,-3.81,5
-4.97,-3.44,5
6.53,5.01,3
-1.97,7.44,2
-0.55,-0.04,1
-6.27,-0.64,6
-5.41,-3.23,5
4.69,4.58,0
5.52,4.35,3
-1.02,-1.6,1
-0.29,-0.21,1
-6.95,-3.27,5
-5.49,-1.5,6
-2.29,7.56,2
6.73,3.73,3
-5.09,-3.85,5
-0.81,-1.44,1
0.87,3.49,0
0.35,0.21,0
-5.44,-3.6,5
0.72,0.38,0
-6.24,-2.04,5
-5.89,-1.16,6
-6.05,-0.82,6
5.77,4.42,3
6.14,4.65,3
-4.8,-4.06,5
5.81,4.72,3
-2.19,-2.96,1
-0.98,-2.87,1
-6.5,-1.34,6
6.13,-4.3,4
6.96,4.42,3
6.24,4.56,3
5.87,4.6,3
-5.1,-4.0,5
-5.02,-1.01,6
5.07,4.46,0
-4.04,-2.82,5
-4.93,-2.17,6
6.49,4.77,3
6.45,4.58,3
-0.54,-0.7,1
-5.34,-3.35,5
-6.38,-3.7,5
-0.96,-1.96,1
-5.57,-3.42,5
5.25,5.07,0
6.88,3.58,3
-3.75,-3.61,5
-6.73,-0.96,6
-4.92,-4.03,5
-6.42,-1.91,6
-1.23,-1.1,1
5.37,3.93,3
-5.13,-4.46,5
5.93,4.83,3
6.41,4.17,3
-5.28,-4.88,5
-5.25,-3.89,5
7.28,4.21,3
-0.4,-2.0,1
-6.08,-3.21,5
7.23,4.43,3
5.75,4.94,3
-4.99,-3.8,5
6.96,4.82,3
7.28,4.6,3
-5.72,-1.48,6
6.79,4.75,3
1.04,4.02,0
4.68,4.14,3
7.07,4.65,3
6.93,3.62,3
-0.09,-0.4,1
4.71,4.24,0
5.53,3.98,3
1.09,3.85,0
-1.49,-1.35,1
6.88,4.57,3
5.15,4.43,3
2.84,4.1,0
6.0,4.93,3
-6.2,-3.94,5
1.41,2.35,0
4.64,3.83,3
-6.39,-3.53,5
1.11,2.77,0
-6.41,-1.33,6
5.21,4.52,3
-5.2,-3.78,5
6.8,4.56,3
6.59,4.56,3
6.49,4.52,3
7.4,3.77,3
-0.44,-1.13,1
5.15,4.51,3
2.24,3.12,0
-5.16,-4.24,5
6.37,4.91,3
7.06,3.93,3
5.56,4.77,0
-6.18,-3.91,5
-4.28,-4.48,5
7.15,4.75,3
-4.98,-3.29,5
-1.25,-2.7,1
-0.82,-1.89,1
6.64,4.89,3
5.75,-3.9,4
-5.84,-3.64,5
6.28,3.78,3
-6.39,-3.37,5
7.0,4.64,3
-6.36,-3.63,5
-6.12,-3.09,5
6.7,4.54,3
-5.37,-3.89,5
-6.46,-3.72,5
-5.6,-3.65,5
4.94,3.36,3
-5.23,-3.54,5
-6.9,-2.75,5
-6.56,-0.38,6
-6.29,-3.05,5
-3.54,-3.88,5
1.59,2.85,0
6.04,4.44,0
7.3,4.68,3
6.57,4.47,3
5.25,4.24,3
1.84,3.09,0
-0.76,-0.8,1
6.59,4.07,3
6.55,4.84,3
6.27,4.63,3
4.99,4.79,3
-6.26,-0.58,6
5.57,4.95,3
1.38,3.0,0
2.2,3.34,0
5.06,4.8,3
1.77,2.75,0
-2.12,8.01,2
7.09,4.04,3
-4.78,-3.61,5
6.13,-3.92,4
5.17,4.15,3
5.56,3.95,3
6.27,3.97,3
-5.4,-3.47,5
-6.24,-0.58,6
0.76,3.29,0
-5.3,-4.36,5
-0.88,-2.86,1
7.09,4.34,3
-6.58,-3.87,5
-1.3,-1.71,1
-5.46,0.12,6
-6.3,-0.84,6
-5.95,-2.72,5
-1.09,-0.88,1
-5.16,-4.11,5
-6.87,-2.75,5
5.3,3.92,3
-1.47,-2.43,1
5.57,3.5,0
-5.18,-3.41,5
-6.62,-1.19,6
4.89,3.88,0
-0.45,-1.44,1
-5.56,-3.37,5
6.55,4.72,3
-6.28,-0.54,6
6.77,3.92,3
-6.22,-2.83,5
6.01,4.91,3
-1.14,-2.38,1
6.31,3.69,3
-5.32,-3.54,5
-4.96,-3.93,5
-5.85,-1.24,6
6.48,4.84,3
0.87,1.88,0
7.37,4.5,3
-4.89,-3.71,5
5.12,4.58,3
6.17,4.32,3
-5.68,-4.06,5
5.53,4.88,3
-5.47,-3.99,5
5.4,4.77,3
-6.32,-4.14,5
6.4,4.73,3
-6.28,-0.36,6
-6.71,-4.15,5
5.96,4.35,3
-6.24,-0.85,6
-0.52,-0.57,0
-6.53,-3.53,5
5.61,4.45,3
7.36,4.6,3
5.54,4.39,3
-1.0,-1.28,1
-5.12,-3.07,5
7.0,4.74,3
-6.1,-1.44,6
5.24,4.7,3
5.61,4.71,3
5.82,4.73,3
0.81,3.49,0
-0.92,-1.1,1
5.35,4.82,3
-2.16,7.93,2
-5.59,-4.05,5
-5.73,-1.6,6
-1.13,-2.87,1
6.56,4.48,3
-0.7,-2.02,1
-4.92,-3.46,5
4.33,3.76,0
-0.65,-1.24,1
-5.74,-3.65,5
-4.32,-4.32,5
7.29,4.35,3
-5.35,-3.61,5
-0.36,-1.95,1
6.36,4.54,3
7.36,4.59,3
-1.12,-2.82,1
4.95,2.93,3
-5.03,-3.24,5
6.3,4.79,3
-5.7,-3.59,5
0.69,3.24,0
6.09,3.93,3
6.03,5.02,3
6.34,4.81,3
-4.31,-2.19,5
-4.75,-3.82,5
5.74,4.87,3
1.31,4.23,0
7.5,4.04,3
-1.5,-0.94,1
-5.45,-3.78,5
-6.27,-4.61,5
4.79,3.72,3
6.45,4.07,3
7.09,3.72,3
-6.15,-3.21,5
-5.34,-1.52,6
6.29,5.02,3
-5.28,-3.94,5
1.24,3.08,0
-6.02,-3.32,5
-6.41,-3.15,5
-5.32,-3.7,5
1.17,4.05,0
-6.64,-2.94,5
6.89,4.31,3
7.02,4.59,3
-4.16,-3.64,5
6.93,4.58,3
5.13,4.5,3
-6.04,-3.62,5
5.92,5.08,3
-0.71,-2.44,1
-5.88,-3.74,5
5.37,4.52,3
-5.9,-3.48,5
5.33,4.61,3
7.29,3.61,3
6.48,4.68,3
0.55,-0.05,0
0.88,2.34,0
-0.86,-2.17,1
-5.37,-3.25,5
-6.14,-3.91,5
-6.06,-1.26,6
-0.02,-0.64,0
4.68,4.26,3
5.07,4.02,0
6.55,4.89,3
6.58,3.86,3
-5.18,-3.96,5
6.6,4.94,3
-1.66,-2.01,1
5.07,3.76,3
5.79,4.94,3
-6.91,-2.69,5
-5.61,-3.37,5
7.3,4.33,3
1.08,3.4,0
-4.42,-4.5,5
-5.29,-3.5,5
1.06,3.56,0
-5.74,-1.78,6
-4.92,-3.81,5
6.18,4.89,3
7.32,4.18,3
-3.47,-3.16,1
6.27,4.46,3
-4.95,-3.87,5
-0.38,-0.14,0
-6.28,-3.19,5
7.04,4.78,3
5.17,3.48,3
0.4,-0.96,0
0.39,-1.78,0
-5.89,-1.12,6
5.71,3.81,3
-0.81,-2.29,1
-6.8,-3.35,5
4.66,4.36,3
7.17,4.5,3
5.84,4.64,3
-5.21,-4.46,5
-6.38,-2.44,6
7.33,4.62,3
6.46,4.58,3
-6.46,-1.35,6
-0.64,-2.29,1
-5.39,-1.34,6
-0.59,-1.72,1
-0.93,-0.84,1
4.64,3.87,3
6.98,3.64,3
-6.37,-0.28,6
5.15,3.9,3
6.89,4.71,3
-6.43,-0.92,6
1.11,2.4,0
4.3,4.04,3
-5.91,-3.68,5
-5.87,-3.8,5
-5.49,-3.68,5
-5.26,-3.98,5
-5.72,-4.13,5
-0.83,-1.57,1
2.39,3.11,0
5.66,4.81,3
6.98,4.16,3
4.57,4.68,0
6.11,5.1,3
-6.72,-0.42,6
7.05,4.5,3
-1.19,-2.66,1
2.21,3.7,0
7.48,4.64,3
-1.27,-1.88,1
-1.36,-2.37,1
7.27,4.32,3
-6.78,-4.48,5
-5.58,-3.3,5
7.09,4.23,3
-1.42,-1.64,1
6.54,4.48,3
-1.32,-2.21,1
5.87,4.58,3
-7.19,-2.36,5
6.41,3.95,3
-5.51,-3.92,5
6.85,4.74,3
-3.87,-2.7,6
-5.38,-4.08,5
1.83,3.32,0
5.88,4.7,3
7.25,4.32,3
-0.94,-1.12,1
-0.94,-2.92,1
7.23,3.98,3
1.82,3.63,0
5.73,3.93,3
-0.61,-2.14,1
-0.12,-0.92,1
-6.98,-3.16,5
-5.51,-3.83,5
6.5,4.51,3
-6.31,-3.69,5
7.14,4.58,3
-7.1,-3.15,5
3.37,3.88,0
5.42,3.98,3
6.87,4.69,3
5.98,4.89,0
-6.48,-3.03,5
-6.87,-3.48,5
-2.12,7.8,2
-6.83,-2.65,6
1.26,2.85,0
-6.18,-3.9,5
5.74,4.09,3
6.21,4.39,3
6.4,4.14,3
6.5,4.69,3
3.84,3.04,0
5.03,4.17,3
-1.37,-0.82,1
-6.23,-3.59,5
-1.7,-2.16,1
1.08,3.34,0
-6.04,-3.88,5
1.62,3.66,0
7.0,4.14,3
1.29,4.03,0
-5.47,-3.57,5
-0.24,-1.45,1
-4.91,-3.82,5
5.9,4.33,3
5.4,4.26,3
-5.48,-3.67,5
-5.43,-4.34,5
-2.34,7.63,2
-0.2,-0.19,0
-5.32,-3.43,5
-6.08,-3.66,5
5.19,3.87,3
-6.16,-0.89,6
7.14,4.69,3
-1.21,-1.7,1
-4.69,-3.71,5
6.02,-4.84,4
-1.15,-2.69,1
-2.1,-2.2,1
-5.23,-3.71,5
6.77,4.42,3
-6.39,-4.22,5
-1.04,-1.24,1
5.88,4.58,3
5.96,4.91,3
-5.04,-3.76,5
-6.75,-0.2,6
5.75,4.19,3
1.43,3.66,0
7.13,4.17,3
-3.89,-1.35,6
6.94,4.69,3
0.92,4.01,0
7.34,4.57,3
-6.18,-2.45,6
-0.4,-1.9,1
5.67,4.73,3
5.69,4.68,3
1.18,3.27,0
-5.49,-4.14,5
5.78,4.63,3
-1.88,-1.06,5
-6.45,-0.74,6
-6.51,-1.91,6
2.4,3.62,0
-0.93,-1.2,1
6.14,4.77,3
-1.25,-2.3,1
0.14,0.14,0
-6.01,-4.02,5
1.42,2.98,0
6.42,4.69,3
-6.56,-3.36,5
-2.46,-2.83,6
1.82,3.21,0
6.24,4.44,3
1.39,4.41,0
-0.56,-2.73,1
-5.64,-3.98,5
7.28,4.65,3
5.32,4.68,0
7.16,4.39,3
5.61,3.94,3
1.23,1.88,0
6.1,4.63,3
6.79,4.04,3
6.09,4.89,3
-6.5,-0.35,6
4.33,4.3,3
-6.18,-3.1,5
7.37,4.35,3
5.67,4.92,3
3.54,3.11,0
2.0,2.11,0
-4.67,-3.73,5
-1.43,-2.46,1
1.67,2.78,0
-6.69,-2.93,5
-5.5,-4.19,5
-5.5,-4.61,5
-0.71,-2.21,1
-4.98,-3.92,5
-0.64,-2.02,1
1.55,2.18,0
-5.87,-4.42,5
-6.72,-3.43,5
-6.54,-0.2,6
0.91,0.28,1
1.4,3.22,0
-5.04,-3.71,5
-3.96,-3.85,5
3.69,2.66,0
-6.08,-1.43,6
-5.17,-3.3,5
-4.55,-3.87,5
5.96,3.93,3
-2.12,-2.97,1
5.56,3.11,3
1.42,1.63,0
1.43,1.46,0
1.32,1.55,0
-1.81,-2.22,1
-6.3,-0.85,6
1.63,2.93,0
4.75,3.45,3
-6.67,-1.17,6
3.15,2.88,0
-6.44,-4.11,5
-5.46,-3.59,5
4.58,3.02,0
-4.6,-4.07,5
5.6,2.9,3
3.84,2.88,0
4.87,3.48,3
5.35,2.94,3
-0.47,-1.98,1
-1.01,-2.43,1
5.99,3.2,0
-5.57,-4.12,5
1.0,3.12,0
-0.74,-2.62,1
-4.37,-4.2,5
6.29,3.54,3
2.07,1.65,0
-6.02,-4.14,5
-6.34,-1.46,6
0.32,-1.02,0
1.73,2.02,0
-4.79,-3.59,5
5.21,3.28,3
-6.94,-2.57,5
6.62,4.28,3
6.37,4.14,3
6.19,3.77,3
-6.74,-3.12,5
5.15,4.1,3
-1.66,-1.59,1
6.41,4.4,3
-6.09,-4.35,5
-4.46,-4.09,5
-7.26,-3.2,5
-6.02,-4.5,5
-6.75,-2.45,6
-4.97,-4.16,5
-3.8,-3.16,5
1.17,3.88,0
-6.52,-0.97,6
4.74,4.05,3
-6.95,-3.83,5
5.18,2.72,3
-0.2,0.09,1
-5.94,-3.55,5
5.86,3.61,3
4.31,5.07,0
5.67,3.26,3
-6.75,-0.61,6
-5.63,-3.46,5
1.55,1.53,0
5.67,3.22,0
4.23,3.81,3
5.09,2.89,3
1.61,2.84,0
-5.19,-1.16,6
1.42,1.25,0
-5.62,-4.09,5
2.09,1.97,0
3.04,0.18,0
4.69,4.48,3
2.43,1.75,0
-6.98,-2.16,6
-5.81,-0.51,6
-6.78,-0.32,6
-6.8,-4.28,5
1.03,1.69,0
-5.46,-3.84,5
-4.51,-3.4,5
5.43,2.86,3
-6.26,-4.37,5
-4.88,0.06,6
5.08,3.19,3
1.71,2.56,0
-0.69,-2.68,1
4.93,3.61,0
-6.74,-4.22,5
1.17,2.92,0
-1.84,-2.55,1
5.56,2.92,3
-6.69,-2.82,5
-6.29,-3.36,5
-7.08,-4.12,5
4.48,3.95,3
1.02,3.3,0
-0.69,-1.62,1
-6.12,-3.25,5
1.35,2.86,0
-1.53,-2.28,1
-6.37,-0.01,6
-2.34,-2.14,1
6.23,3.55,0
6.63,3.59,3
1.82,2.01,0
-4.13,-4.16,5
4.92,2.92,0
-7.0,-3.78,5
4.62,2.99,3
-3.33,8.04,2
-2.5,8.2,2
1.4,1.2,0
5.77,3.84,3
-6.47,-2.76,5
-7.06,-3.69,5
-7.19,-3.64,5
-6.68,-3.39,5
-6.6,-0.34,6
-0.7,-0.83,1
-5.09,-4.82,5
1.79,1.93,0
5.55,2.91,3
-6.0,-4.24,5
2.61,2.57,0
-5.17,-4.07,5
-5.83,-4.92,5
-7.03,-3.38,5
4.4,4.18,3
4.8,4.44,0
-5.19,-3.95,5
5.41,4.55,3
-6.5,-0.68,6
-5.81,-3.71,5
-7.25,-3.06,5
5.88,5.15,3
1.44,1.69,0
-3.68,-3.99,5
5.01,3.09,3
3.74,2.33,0
-1.91,-2.2,1
-6.54,-3.7,5
5.56,3.73,3
0.9,-0.42,0
6.8,4.42,3
1.98,3.24,0
-0.2,-2.81,1
1.66,1.58,1
2.2,2.49,0
-3.91,-3.56,5
-6.62,-0.28,6
-5.97,-4.27,5
3.57,2.77,3
-5.72,-4.13,5
-0.34,-1.05,1
3.51,3.03,0
1.88,1.73,0
-6.73,-3.14,5
1.04,0.29,1
4.03,3.43,3
-6.31,-0.09,6
0.24,0.2,1
-4.7,-3.83,5
5.77,3.06,3
-1.38,-2.65,1
-7.11,-3.26,5
-4.3,-3.52,1
5.23,2.88,3
0.83,3.67,0
0.91,3.61,0
1.26,4.37,0
-1.67,-2.4,1
-7.11,-3.01,5
-4.42,-3.11,5
5.31,3.43,0
-1.31,-1.47,1
-7.17,-3.09,5
1.85,3.35,0
5.44,3.53,3
-4.8,-3.5,5
1.46,0.62,0
-1.98,7.93,2
-1.92,-3.26,1
6.66,3.69,3
2.84,2.53,0
-1.12,-2.02,1
-1.77,-0.9,1
-6.71,-2.33,6
-7.03,-3.06,5
-1.55,-1.29,1
2.9,2.11,0
-5.93,-4.59,5
-4.32,-2.99,5
-6.12,-1.62,6
5.78,3.11,3
2.55,3.1,0
6.41,3.68,3
5.73,3.08,0
-6.7,-0.93,6
-6.73,-2.17,5
-3.05,8.05,2
-6.28,-3.94,5
-6.0,-1.89,6
3.99,3.36,3
-0.01,-2.25,1
-1.46,-1.88,1
-6.38,-3.08,5
-5.78,-2.91,5
-6.43,-0.42,6
-1.56,-2.78,1
1.68,2.0,0
-7.19,-3.22,5
1.44,2.36,0
5.11,2.97,3
-1.35,-2.72,1
1.29,2.29,0
-1.02,-2.57,1
-0.48,-2.66,1
-0.68,-1.47,1
5.64,2.95,3
-2.28,-2.38,1
-6.12,-0.05,6
-4.4,-4.3,5
1.19,3.11,0
0.07,-0.26,1
-1.52,-0.88,1
-1.78,-2.38,1
-6.35,-0.16,6
-6.51,-3.77,5
-4.73,-3.96,5
-5.1,0.1,6
3.58,2.64,0
1.05,3.12,0
4.54,3.67,3
-6.63,-3.16,5
1.83,2.08,0
-6.8,-2.24,6
-5.03,-3.07,5
-7.14,-4.29,5
4.44,2.56,0
-5.06,-3.96,5
5.57,3.68,3
-5.18,-3.43,5
5.63,3.66,3
-3.84,-4.11,5
1.48,2.77,0
2.41,2.5,0
1.22,1.38,0
-7.0,-3.23,5
-3.59,-1.44,6
2.21,2.1,0
-1.57,-3.17,1
6.1,4.51,3
4.08,3.89,0
-1.34,-2.65,1
0.76,3.59,0
2.71,2.8,0
-1.35,-1.45,1
-5.55,-0.78,6
2.22,2.65,0
-5.28,-3.59,5
-6.01,-1.48,6
-1.49,-3.22,1
1.4,0.28,0
1.11,2.89,0
4.71,4.57,3
-5.02,-4.82,5
-1.57,-1.59,1
1.62,2.49,0
5.4,2.94,3
1.17,0.91,0
5.74,3.25,3
3.7,2.82,3
5.09,3.19,3
-6.47,-1.22,6
-6.15,-1.32,6
-4.17,-3.94,5
0.96,3.17,0
2.45,1.68,0
-0.08,-0.74,0
-4.68,-3.24,5
-4.47,-3.46,5
-4.57,-4.26,5
-6.57,-0.13,0
4.99,4.9,3
-0.89,-3.09,1
-6.31,-0.97,6
6.89,4.64,3
-5.08,0.15,6
2.25,2.37,0
1.84,2.65,0
-0.39,-1.81,1
-0.85,-2.77,1
6.01,3.61,3
0.16,-0.01,0
-6.6,-2.93,5
-5.75,-0.4,6
5.27,-4.8,4
-5.41,-3.6,5
-6.34,-0.9,6
5.19,3.67,3
-6.65,-0.51,6
-1.67,-3.09,1
5.48,2.93,3
-6.46,-1.28,6
0.6,0.45,0
4.87,3.64,3
-6.75,-2.89,5
2.95,2.45,0
-6.2,-0.01,6
-4.69,-3.9,5
1.72,2.06,0
1.18,4.09,0
5.66,3.46,3
2.24,2.4,0
-2.61,-1.69,1
6.27,3.74,3
-1.36,-2.64,1
5.24,2.82,3
2.1,2.0,0
-6.28,-2.82,5
-4.28,-3.92,5
-6.88,-4.21,5
4.37,3.04,0
1.64,3.4,0
1.39,2.47,0
1.23,3.29,0
-5.88,-2.34,6
-3.72,-3.83,5
-0.95,-2.35,1
-6.09,-0.17,6
5.04,2.83,3
3.8,3.0,0
4.27,2.83,0
1.8,1.11,0
-1.12,-1.4,1
-5.74,-4.26,5
-5.56,-3.19,5
2.12,3.21,0
6.95,4.67,3
-6.52,-3.75,5
2.27,2.23,0
5.77,4.03,3
6.46,3.69,3
-5.77,-3.46,5
2.18,3.88,0
4.9,4.3,3
5.58,3.01,3
0.01,-0.4,1
-0.31,-2.4,1
-0.23,-0.41,1
-1.36,-0.89,1
-6.32,-1.15,6
-3.86,-4.17,5
-3.76,-4.04,5
0.88,3.34,0
1.21,1.05,1
0.85,0.02,0
-6.66,-3.18,5
5.11,2.75,3
5.54,3.2,3
5.45,3.53,0
5.87,3.5,3
2.36,2.62,0
6.5,3.68,3
5.25,3.27,3
-5.2,-4.57,5
1.77,1.43,0
2.85,3.22,0
1.83,1.22,0
-1.33,-0.41,1
-5.97,-3.26,5
1.92,3.13,0
-5.91,-2.86,5
-4.24,-3.55,5
5.47,3.53,3
0.84,0.82,1
6.35,3.52,3
1.86,2.29,0
1.41,1.21,0
-3.89,-3.96,5
2.06,2.58,0
5.51,2.87,3
1.53,3.4,0
2.43,2.35,0
-6.6,-0.13,6
2.2,2.12,0
-6.66,-2.37,5
-1.39,-2.04,1
0.69,-0.08,0
6.62,3.84,3
-3.65,-3.83,5
-3.89,-3.14,5
4.99,2.72,3
-4.89,0.1,6
5.41,2.86,3
4.64,3.49,3
0.27,-0.79,1
1.52,1.0,0
1.15,0.91,0
-6.34,-3.02,5
6.28,3.49,3
-6.0,-2.59,5
-0.22,-2.66,0
-3.85,-4.06,5
-5.64,-1.03,6
-6.95,-4.11,5
2.87,2.55,0
-5.98,-4.22,5
1.7,1.19,0
4.96,3.37,3
5.89,5.17,3
-6.59,-3.15,5
6.0,4.16,3
2.29,2.5,0
-4.62,-3.77,5
6.04,3.19,0
-4.7,-3.16,5
-6.3,-0.52,6
-7.18,-3.31,5
-5.26,-3.51,5
-1.33,-3.09,1
-5.9,-3.16,5
-5.64,-4.22,5
-7.09,-3.15,5
-6.6,-3.7,5
4.57,2.94,0
5.91,4.7,3
1.17,3.81,0
-6.66,-0.9,6
-0.27,-2.78,1
1.81,3.75,0
4.91,3.49,3
1.9,3.12,0
0.34,-0.06,0
-6.64,-3.86,5
-0.19,0.37,0
1.94,2.12,0
-6.18,-4.43,5
-6.82,-2.85,5
1.28,0.18,0
2.81,3.02,0
-4.73,-3.82,5
-5.86,-3.21,5
-6.87,-0.39,6
-7.17,-3.55,5
-1.4,-2.62,1
3.18,3.11,0
1.74,1.83,0
-7.03,-2.8,6
1.96,1.64,0
-7.02,-3.84,5
-0.62,-2.04,1
2.34,2.62,0
-6.22,-1.56,6
-6.4,-3.74,5
-4.79,-3.39,5
4.54,4.63,3
5.24,2.9,3
4.39,3.05,3
4.51,4.27,0
3.65,3.07,3
2.19,3.4,0
5.11,3.17,3
-6.63,-0.3,6
-5.49,-1.4,6
-7.14,-4.06,5
-1.8,-0.95,1
3.92,2.88,0
-6.39,-4.5,5
-6.67,-0.12,6
-4.61,-3.5,5
-6.09,-3.38,5
-5.63,-3.12,5
1.7,2.01,0
5.11,2.81,0
5.66,4.89,3
-4.63,0.63,0
0.95,1.26,0
-5.98,-4.46,5
-1.94,8.18,2
-6.6,-0.58,6
2.28,1.6,0
-6.69,-0.41,6
-0.09,-2.4,1
-4.86,-3.26,5
3.46,2.26,0
1.74,2.49,0
3.47,2.38,0
2.95,3.19,0
2.36,2.93,0
0.03,-1.47,1
0.16,-0.55,1
-6.93,-3.29,5
4.73,2.73,3
1.8,4.46,0
-5.54,-2.41,6
5.23,4.42,3
-4.1,-3.81,5
-1.55,-2.36,1
2.14,2.89,0
2.53,3.72,0
-3.7,-1.78,6
2.02,3.05,0
6.2,3.58,3
2.2,2.32,0
-4.63,-0.24,6
1.69,2.51,0
0.69,-0.41,0
3.86,3.44,0
-6.49,-0.36,0
-0.98,-2.44,1
1.78,3.8,0
-0.77,-0.23,1
6.76,3.53,3
1.66,2.67,0
-6.04,-1.13,6
-6.25,-1.23,6
1.52,3.36,0
1.59,1.35,0
5.33,3.26,3
5.08,3.0,0
6.01,5.04,3
-5.78,-4.46,5
2.39,2.05,0
-7.3,-3.53,5
-0.85,-1.1,1
-4.82,-4.1,5
-0.51,-1.63,1
7.21,4.51,3
-7.3,-3.31,5
-3.15,-3.65,1
-5.8,-3.37,5
5.3,3.09,3
1.21,0.87,0
4.99,3.29,3
5.13,2.68,3
-2.53,-2.22,5
-6.11,-4.25,5
-6.62,-2.66,5
-3.91,-3.17,5
-6.88,-3.41,5
-2.19,8.14,2
1.78,2.82,0
-6.44,-0.08,6
-6.46,-3.01,5
-3.7,-4.15,5
-3.98,-3.65,5
3.29,3.67,0
-6.38,-0.13,6
2.22,1.9,0
5.38,2.8,3
-4.49,-3.68,5
-1.54,-2.19,1
1.76,1.84,0
5.31,2.95,3
6.37,3.69,3
1.66,2.96,0
-4.65,-3.98,5
-0.74,-2.42,1
1.95,2.13,0
-6.92,-3.4,5
-6.66,-1.22,6
6.75,3.7,3
-1.8,-2.79,1
-6.27,-1.13,6
2.71,2.39,0
5.76,3.1,3
-4.69,-3.72,5
-6.67,-0.23,6
-3.92,-4.12,5
-7.03,-1.71,6
2.08,1.9,0
-6.53,-0.24,6
-1.29,-1.2,1
4.6,3.76,0
-6.52,-0.77,6
5.51,2.85,3
-5.21,-3.74,5
-1.59,-1.11,1
-1.76,-1.87,1
-1.93,-2.19,1
5.85,4.88,3
6.04,3.62,3
1.87,1.76,0
1.16,0.1,0
3.64,4.34,0
-3.65,-3.98,5
-4.61,-4.07,5
-2.32,-1.02,1
5.02,3.4,3
-5.18,-3.74,5
2.22,1.87,0
6.66,4.25,3
-5.81,-0.46,6
1.87,1.77,0
1.56,3.54,0
-6.44,-0.49,6
5.05,3.52,3
3.78,3.17,0
1.5,1.7,0
-0.8,-1.02,1
1.28,2.74,0
2.44,1.98,0
6.52,4.87,3
-6.85,-3.67,5
-6.68,-0.18,6
-1.49,-2.4,1
2.45,2.34,0
2.47,2.0,0
1.5,2.04,0
4.98,3.78,3
-6.46,-0.53,6
-4.53,-3.8,5
-1.42,-3.27,1
1.32,1.22,0
-0.76,-2.84,1
-6.31,-3.83,5
-1.94,8.04,2
-3.18,-3.74,5
1.12,1.08,0
5.48,3.03,3
4.1,4.6,0
-6.83,-0.47,6
-1.69,-2.08,1
-5.74,-4.04,5
-6.16,-2.84,5
1.42,2.72,0
4.8,4.26,3
-6.81,0.08,6
2.38,1.93,0
-6.28,-1.13,6
1.14,0.88,0
3.28,3.22,0
1.34,4.1,0
-4.16,-4.45,5
-5.93,-3.97,5
-6.69,-3.27,5
1.79,1.53,0
-1.6,-1.75,1
6.35,3.64,3
6.18,3.36,3
-6.14,-2.74,5
-6.25,-0.26,6
4.46,3.77,3
1.32,2.75,0
5.13,3.34,3
-4.04,-4.28,5
-2.25,-2.46,1
6.69,4.78,3
-0.56,-0.35,1
1.4,2.33,0
1.4,2.37,0
1.82,2.42,0
-4.72,-4.06,5
-1.31,-2.77,1
1.69,2.45,0
5.1,2.78,0
-6.54,-0.23,6
-5.41,-4.46,5
-7.0,-4.04,5
1.75,1.84,0
-4.93,-4.81,5
2.15,2.03,0
0.6,3.49,0
-6.38,-0.85,6
2.83,2.63,0
3.25,2.38,0
1.22,3.8,0
-6.39,-0.09,6
-1.29,-1.64,1
4.75,3.26,3
-6.9,-2.0,5
4.92,3.32,3
-0.22,-1.87,0
-5.4,-4.24,5
-5.9,-4.24,5
-6.31,-0.69,6
3.03,2.45,0
0.46,0.27,0
4.14,2.83,0
-6.73,-2.43,6
-6.65,-3.14,5
0.88,0.92,1
0.12,-0.34,1
2.64,2.2,0
-6.97,-1.24,6
-4.36,-1.42,6
5.54,4.84,3
-5.19,-4.36,5
6.69,3.51,3
-5.61,-3.32,5
-5.36,-1.45,6
4.93,4.9,3
-0.85,-1.0,1
-4.76,-4.45,5
1.49,2.56,0
-0.73,-2.09,1
-0.46,-1.28,1
5.03,3.86,3
-5.86,-1.32,6
-5.84,-1.49,6
-4.34,-4.46,5
6.76,4.66,3
7.01,4.68,3
-0.29,-0.7,1
-0.94,-0.95,1
1.63,1.57,0
-4.54,-4.16,5
-1.24,-1.63,1
6.42,3.73,3
6.05,4.54,3
-7.36,-3.12,5
-5.36,-1.23,6
6.14,3.69,3
-5.53,-5.13,5
-6.84,-2.24,5
1.08,0.94,0
7.08,3.35,3
-0.94,-2.04,1
4.8,3.35,3
5.66,-4.61,4
-5.78,-1.28,6
-5.2,-2.42,5
5.38,3.29,3
-0.52,0.0,0
6.82,4.13,3
-0.91,-0.56,1
1.09,3.58,0
0.84,1.85,0
-6.67,-0.06,6
-0.9,-2.9,1
0.66,-0.34,0
6.02,4.24,3
2.25,1.48,0
-0.16,-1.31,1
-1.25,-0.48,1
6.3,2.96,0
6.8,4.37,3
7.2,3.85,3
0.26,-0.88,1
-4.21,-4.53,5
1.28,2.97,0
-2.22,-1.98,1
1.33,2.27,0
-0.62,-0.53,0
-6.33,-0.03,6
-2.06,8.08,2
1.81,0.42,0
-6.28,-4.86,5
6.09,4.06,3
6.14,-5.08,4
-6.26,0.16,6
-1.3,-1.5,1
-5.08,-4.64,5
-5.75,-1.68,6
0.54,0.2,0
-5.27,-4.69,5
-0.59,-2.31,1
-6.51,-2.6,5
-1.4,-1.48,1
6.62,3.57,3
-5.51,-1.85,6
6.08,3.5,3
-1.66,-2.1,1
-1.76,-1.35,1
-4.09,-4.02,5
-5.33,-1.49,6
-4.37,-4.46,5
5.13,-4.67,4
6.39,4.19,3
5.71,4.86,0
-5.34,-4.11,5
5.74,4.64,3
-1.86,7.93,2
5.78,3.06,0
-0.12,-0.97,1
6.38,3.46,3
-0.81,-1.53,1
-1.76,-2.11,1
-5.05,-3.74,5
-6.4,0.04,6
-1.09,-1.29,1
-0.79,-0.92,1
-1.71,-2.55,1
6.62,4.48,3
-0.31,-0.19,1
6.54,3.77,3
-1.53,-2.09,1
-0.8,-2.17,1
5.55,-5.0,0
4.18,4.63,0
-0.02,-0.4,0
0.69,3.33,0
-5.6,-1.52,6
6.2,4.89,3
-0.99,-1.5,1
-5.66,-5.16,5
-6.17,0.27,6
-0.16,-0.69,1
-1.52,-3.54,0
-5.26,-1.47,6
0.65,-0.53,0
-0.58,-0.71,1
6.13,3.55,3
7.08,4.46,3
-0.83,-1.86,1
6.08,4.75,3
5.53,4.51,3
-5.95,0.17,6
6.91,3.69,3
-5.35,-1.18,6
0.24,-0.45,1
1.73,2.63,0
-0.7,-1.72,1
-4.94,-1.62,6
-4.84,-4.03,5
1.38,3.76,0
5.62,-4.69,4
6.55,3.89,3
-1.58,-2.63,1
-4.72,-4.78,5
-0.65,-2.0,1
1.11,2.6,0
-0.39,-0.16,1
-1.46,-0.88,1
-0.02,-0.68,1
0.57,-0.19,0
5.48,-4.85,4
4.83,4.97,3
5.14,4.34,3
-3.83,-4.04,5
-5.49,-4.81,5
0.82,0.44,0
6.53,4.48,3
-0.74,-0.4,1
-6.0,-2.86,5
-0.29,-1.58,1
-1.87,-1.79,1
5.86,3.15,3
-4.96,-4.52,5
-0.48,-2.68,1
6.47,3.94,3
-5.58,-3.32,5
-4.59,-1.22,6
-0.97,-1.32,1
-1.55,-1.3,1
-0.09,-0.06,1
1.12,4.03,0
-6.19,-4.51,5
2.01,4.04,0
6.3,3.7,3
-6.48,-5.22,5
-1.98,-1.97,1
4.87,4.1,3
7.31,3.49,3
7.13,4.15,3
5.78,4.32,3
5.95,3.85,3
5.27,-4.47,4
2.73,2.25,0
5.26,4.96,3
5.1,-4.3,4
-6.27,-2.43,5
-2.67,8.1,2
6.66,3.94,3
6.89,4.35,3
-5.81,-4.28,5
-2.52,-3.09,1
-6.37,0.01,6
-0.77,-0.34,1
-0.79,-2.03,1
-5.92,-3.22,5
6.18,4.23,0
-4.61,-2.84,6
6.51,4.02,3
5.9,4.34,3
-1.2,-1.51,1
-1.52,-0.79,1
-1.23,-1.31,1
-1.49,-1.68,1
-5.23,-3.7,5
1.46,2.4,0
-4.49,-1.8,6
5.15,3.82,3
-0.25,-1.23,1
6.41,4.88,3
5.4,3.65,3
-4.07,-4.1,5
6.44,4.12,3
6.15,3.42,3
1.28,3.55,0
-1.36,-1.84,0
6.56,3.76,3
6.15,3.85,3
0.34,-1.24,1
-7.2,-3.74,5
0.02,0.07,0
5.78,3.94,3
-6.25,-5.11,5
-2.44,-2.3,1
6.54,3.81,3
0.74,-1.27,0
6.34,-4.26,4
-1.0,-1.27,1
-0.67,-0.59,1
-4.13,-3.87,5
-6.13,-4.4,5
4.88,-3.78,1
1.32,2.4,0
4.75,3.75,3
-6.37,-3.86,5
4.28,3.44,3
-4.86,-2.5,5
2.76,1.83,0
-6.78,-3.73,5
-4.61,-1.52,6
6.17,-4.11,4
-7.18,-2.7,5
-6.3,-3.38,5
-6.04,-1.4,6
6.28,4.05,3
4.94,4.75,3
0.85,-0.14,0
-4.94,-3.96,5
-3.76,-1.49,1
-4.14,-4.24,5
-4.77,-4.83,5
1.6,3.51,0
7.11,3.68,3
-5.8,-4.25,5
-0.53,-1.62,0
1.08,4.1,0
-4.34,-2.36,5
6.46,4.21,3
-5.56,-1.74,6
5.15,4.83,3
-1.86,-3.53,1
5.92,3.81,0
-0.32,-0.5,1
-4.11,-4.28,5
-3.7,-4.1,5
-5.18,-4.01,5
5.95,3.83,3
7.41,4.46,3
-0.71,-1.3,1
-5.14,-1.63,6
-3.7,-3.92,5
6.76,4.97,3
-4.07,-3.85,5
-0.72,-0.62,1
-1.86,-1.06,1
-1.66,-1.7,1
-5.74,-3.27,5
-5.0,0.21,6
-4.02,-4.4,5
2.92,2.99,0
-2.16,8.09,2
0.52,-0.05,0
2.01,2.11,0
-4.8,-2.05,6
-0.68,-0.65,1
-1.64,-0.93,1
-6.21,-4.25,5
-5.78,-3.86,5
-6.04,0.22,6
5.18,3.77,3
-0.88,-1.93,1
5.62,4.08,3
-6.78,-4.06,5
5.75,4.26,3
5.88,-4.14,4
-6.26,-5.22,5
-2.34,-0.92,1
2.1,2.59,0
-6.58,-2.01,6
-4.97,-1.37,6
-5.29,-0.81,6
-0.77,-1.83,1
-0.59,-2.7,1
-1.31,-1.08,1
1.53,2.05,0
5.8,4.41,3
5.73,-4.66,4
-1.72,-1.43,1
6.12,3.89,3
3.51,3.64,0
6.22,4.19,3
5.41,3.18,3
-6.06,-0.05,6
-6.63,-3.33,5
0.75,-1.59,1
-4.41,-4.53,5
-1.4,-1.45,1
-5.2,-3.78,5
-5.35,-4.11,5
5.14,3.54,3
0.28,-0.84,1
0.74,0.89,0
-0.8,-1.01,1
6.21,-4.69,4
-3.57,-1.29,1
-4.45,-1.61,6
5.6,4.29,3
-0.6,-2.46,1
-1.53,-1.68,1
5.9,4.95,3
-0.09,-0.49,1
-5.52,-4.07,5
-4.61,-4.63,5
5.55,-4.94,4
-6.76,-0.68,6
-0.29,-1.16,1
5.13,3.82,3
-4.29,-1.8,6
-4.96,-4.0,5
5.66,-4.58,4
-4.1,-3.93,5
-1.13,-0.22,1
-5.65,-4.66,5
1.16,2.42,0
-6.22,-1.99,6
-1.52,-2.32,1
-2.54,-1.9,6
-6.66,-3.54,5
-0.54,-0.99,1
6.44,4.61,3
-0.65,-0.71,1
5.98,3.63,3
-7.35,-2.94,5
-4.19,-3.92,5
5.95,4.47,3
-3.39,-4.06,5
5.69,3.73,3
-0.9,-0.68,1
-1.92,-0.93,1
5.72,3.54,3
-6.74,-3.49,5
5.9,4.82,3
-5.83,-3.91,5
-4.1,-3.89,5
-4.88,-1.86,6
5.94,3.93,3
5.32,3.68,3
-0.93,-2.15,1
5.58,4.57,3
-5.87,-2.86,5
5.41,3.96,3
-4.87,-1.4,6
-7.37,-3.55,5
-6.68,-4.71,5
5.67,-4.45,4
7.13,4.89,0
-4.61,-1.96,6
-6.41,-0.08,6
-5.68,-3.57,5
-5.86,-3.69,5
-1.89,-1.87,1
5.69,4.09,3
-0.98,-2.8,1
-1.08,-1.44,1
-5.8,-4.39,5
-6.26,-5.07,5
-4.55,-2.44,6
-6.58,-4.47,5
-1.34,-3.09,1
7.23,4.34,3
-0.3,-0.5,1
-1.29,-1.11,1
-1.62,-2.95,1
-0.73,-0.49,1
6.22,4.24,3
1.16,3.45,0
5.69,3.54,3
-6.46,-4.64,5
-0.52,-1.36,1
-0.1,0.18,1
-5.81,-3.74,5
5.49,3.71,3
-5.12,-1.81,6
-6.63,-3.82,5
-5.47,-4.8,5
7.08,4.59,3
5.67,4.04,3
-5.64,-1.72,6
1.4,3.36,0
-1.11,-0.59,1
-5.81,-1.33,6
5.01,-4.2,4
-5.2,-3.04,5
6.04,3.42,0
6.26,3.86,3
-6.41,-0.74,6
6.02,4.83,3
5.64,-4.35,4
-0.98,-1.08,1
-6.9,-4.18,5
-0.57,-1.64,1
-1.86,-3.02,1
-1.89,-2.53,1
-1.71,-0.89,1
6.0,4.61,0
-0.77,-2.26,1
-6.91,-3.52,5
-0.98,-1.13,1
-3.52,-3.88,5
0.45,-1.02,1
1.01,2.66,0
-6.93,-3.1,5
-0.68,-0.7,1
-1.25,-1.15,1
6.05,3.52,3
0.89,2.61,0
-5.93,-1.99,6
-4.58,-1.57,6
-6.62,-4.52,5
-0.42,-0.73,1
5.73,4.15,3
-4.87,-4.71,5
-5.39,-4.72,5
-4.6,-4.03,5
-1.61,-1.6,1
-1.46,-2.53,1
-4.39,-3.43,5
-3.86,-1.34,1
1.72,4.28,0
-1.49,-2.45,1
6.6,-4.94,4
2.22,3.74,0
-1.38,-2.2,1
6.62,-4.68,4
-0.32,-1.56,1
5.74,5.16,3
-5.72,-3.79,5
6.79,3.89,3
-4.29,-3.34,5
-1.02,-1.36,1
-6.1,-4.86,5
-4.8,-1.29,6
1.25,2.72,0
-5.68,-1.87,6
6.1,3.12,0
-6.17,-2.44,6
-0.71,-2.7,1
-0.11,-2.15,1
5.92,4.52,3
-1.46,-1.81,1
-0.72,-1.39,1
0.6,3.23,0
-1.06,-2.08,1
6.67,4.83,3
0.12,-0.89,1
5.48,3.41,0
-4.56,-1.72,6
-4.89,-1.64,6
0.15,-1.39,1
-4.95,-4.46,5
6.27,-4.7,4
6.65,4.29,3
-4.6,-0.29,6
4.46,3.9,3
-1.53,8.55,2
5.29,3.74,3
5.89,4.22,3
-6.57,-3.05,5
1.58,3.16,0
0.23,-0.27,0
-0.42,-0.72,1
-1.58,-2.37,1
5.52,4.26,3
5.29,-4.6,0
2.24,3.07,0
6.1,3.94,3
-5.52,-5.24,0
-5.76,-3.84,5
6.05,-4.7,4
-1.16,-0.62,1
6.17,3.44,3
-6.34,-2.74,5
-6.13,-3.78,5
-0.71,-0.4,1
1.2,3.7,0
6.06,-4.79,4
6.33,4.04,3
4.73,3.8,3
-6.52,-4.72,5
-6.22,0.05,6
5.37,3.37,3
6.04,4.5,3
6.02,-4.66,4
6.7,3.73,3
5.41,4.06,3
6.26,3.76,3
5.41,4.69,3
-4.72,-1.58,6
-2.08,-1.58,1
7.29,4.23,3
-6.75,-4.6,5
-6.73,-3.24,5
-1.55,-1.98,1
6.75,3.94,3
-4.76,-1.44,6
-1.1,-0.55,1
-4.07,-1.32,6
-0.0,-0.47,1
-4.21,-1.22,6
-1.57,-2.05,1
6.14,4.14,0
1.09,3.13,0
-2.42,-1.52,1
4.74,4.59,3
-5.15,-4.52,5
6.21,4.53,3
5.99,3.46,3
0.67,-1.06,1
6.2,4.3,3
5.68,5.22,3
-4.08,-4.53,5
6.58,3.92,3
0.41,-0.2,0
-6.56,-4.59,5
-5.56,0.13,6
7.38,4.28,3
-5.22,-0.96,6
-7.19,-4.04,5
-4.36,-1.68,6
-1.03,-1.34,1
6.69,4.11,3
-1.25,-0.68,1
5.93,4.32,3
-4.78,-3.78,5
-4.49,-3.53,5
6.35,3.78,3
6.64,3.93,3
-0.76,-1.41,1
5.86,5.31,3
4.32,3.73,0
-4.28,-1.43,6
5.66,-5.14,4
-5.12,-1.47,6
1.76,3.46,0
6.06,3.98,3
-7.0,-4.02,5
6.65,-4.33,4
6.05,-4.99,4
-5.32,-1.86,6
-6.02,-2.48,6
6.53,-3.98,4
-5.22,-1.82,6
-5.83,-1.93,6
-4.15,-3.55,5
0.65,3.58,0
-5.78,-1.95,6
6.07,4.68,3
5.75,-4.91,4
7.02,3.97,3
5.89,4.47,3
3.95,3.48,0
-5.4,-4.72,5
4.91,4.03,3
-4.1,-1.27,6
6.8,3.78,3
6.95,4.14,3
-4.39,-3.98,5
-7.27,-3.35,5
5.47,3.98,3
4.94,3.45,3
-3.4,-3.05,5
4.99,-4.14,1
5.39,-4.49,4
-6.11,-1.46,6
0.99,0.54,0
4.93,3.75,3
5.36,4.83,3
-4.05,-4.48,5
5.84,5.03,3
6.45,4.28,3
7.08,4.13,3
-5.6,-1.91,6
6.54,4.07,3
-4.6,-1.27,6
-5.71,-3.04,6
-4.8,-4.5,5
-1.1,-0.83,1
-6.97,-4.03,5
-1.95,-1.14,1
0.55,-0.93,1
-3.76,-3.99,5
-1.93,-1.57,1
6.04,3.78,0
-1.64,-0.88,1
-3.77,-3.69,0
4.57,3.84,3
-7.07,-4.14,5
-4.83,-2.15,6
-4.97,-1.79,6
-0.86,-2.84,1
6.93,4.59,3
6.17,3.37,3
-6.91,-3.74,5
6.07,4.06,3
-1.54,-1.7,1
-1.7,-2.2,1
5.24,-4.88,1
5.77,4.26,3
0.63,0.09,0
-4.77,-4.59,5
6.06,3.8,3
-6.51,-5.04,5
-7.2,-2.97,5
6.41,4.08,0
7.0,3.78,3
5.16,-3.93,4
-6.11,-3.33,5
-0.27,-1.22,1
-4.09,-4.3,5
7.02,3.57,3
-1.38,-0.91,1
-6.61,-1.06,6
-5.97,-3.76,5
0.91,4.41,0
5.77,3.36,3
6.14,3.9,3
5.56,2.62,1
-1.51,-1.3,1
-5.04,-1.27,6
5.8,4.36,3
5.2,-4.86,4
-3.67,-4.28,5
-6.19,-3.48,5
-0.94,-2.26,1
5.98,3.28,3
1.27,1.0,0
5.71,3.9,3
6.07,3.44,3
6.03,4.37,0
-0.63,-1.12,1
-6.52,-3.82,5
-1.74,-1.45,1
1.79,1.76,0
-4.01,-4.33,5
5.62,4.44,3
-6.94,-2.9,5
-5.05,-3.74,5
-4.35,-2.29,6
-4.84,-3.05,5
6.01,4.02,3
-6.39,-0.71,6
7.31,3.97,0
-5.9,-1.44,6
6.5,3.59,3
-1.24,-0.8,1
-5.91,-1.62,6
-1.43,-1.69,1
6.26,3.79,3
-4.79,-1.38,6
1.3,-0.13,0
6.49,3.86,3
-0.39,-2.77,1
6.45,4.38,3
4.84,4.86,0
-4.49,-3.21,5
-5.31,-4.58,5
-1.41,-2.99,1
6.38,4.36,3
-5.67,-1.91,6
6.28,-4.95,4
5.93,5.34,3
-4.47,-1.6,6
5.99,4.56,3
5.95,3.76,3
-1.63,-2.23,1
-4.43,-4.36,5
5.18,4.84,3
-0.8,-2.48,1
-0.75,-0.4,1
1.41,0.18,0
6.51,-4.32,4
-1.26,-1.59,1
-1.66,7.87,2
-1.7,7.9,2
-3.3,8.0,2
6.8,-4.29,4
-2.01,7.51,2
2.29,3.1,0
-1.94,7.95,2
-5.15,-3.8,5
-0.85,-0.23,1
-2.19,-1.6,1
0.68,-1.15,0
-4.45,-3.18,5
-1.9,-1.27,1
5.62,-3.76,4
2.08,4.52,0
1.6,0.55,0
-3.25,8.04,2
-3.37,8.24,2
6.47,-4.49,4
-6.94,-4.61,5
-1.29,-1.83,1
-6.84,-2.57,5
-1.28,-2.81,1
0.68,1.78,0
-5.74,-4.58,5
-2.06,7.44,2
-6.94,-2.26,5
5.4,-4.65,4
1.4,4.23,0
1.01,-0.02,1
0.55,-1.43,1
-1.7,7.56,2
-6.77,-0.3,6
-1.39,-1.75,1
-1.61,7.73,2
-0.32,-0.93,1
-6.92,-3.02,5
5.59,-4.15,4
-1.59,7.68,2
0.17,-1.74,1
-0.83,-0.86,1
7.2,4.12,3
-6.52,-4.79,5
-0.21,-2.12,1
-1.54,7.62,2
-4.83,-0.08,6
0.17,-0.6,1
-0.98,-1.47,1
-7.25,-3.17,5
5.6,-4.07,4
-3.32,7.96,2
-3.34,8.1,2
-3.26,8.17,2
-1.86,7.61,2
2.32,2.89,0
-2.3,7.82,2
-1.36,-2.61,1
-1.93,7.31,2
7.24,3.89,3
6.43,-3.87,4
5.36,-4.15,4
-1.82,7.6,2
0.86,0.26,0
-1.64,7.55,2
1.07,3.65,0
-1.97,-1.95,1
-6.38,-4.88,5
-2.09,7.45,2
-3.6,7.96,2
-0.5,-1.13,1
-0.4,-0.7,1
-2.18,7.45,2
0.21,-2.32,1
-1.97,-2.77,1
-0.93,-0.51,1
-0.17,-0.67,1
5.76,-3.9,4
5.39,-4.03,4
-0.88,-0.82,1
-1.71,7.58,0
-3.35,8.18,2
-2.11,-1.85,1
-4.92,0.01,6
5.58,-3.51,4
1.35,3.87,0
6.6,3.79,0
4.5,3.34,3
-0.34,-1.28,1
-3.42,7.99,2
5.56,3.7,0
3.16,3.44,0
-6.31,-5.05,5
6.21,-3.86,4
5.47,-4.48,4
-3.41,-2.44,1
-1.35,-0.65,1
-1.64,7.63,0
-7.38,-3.82,5
4.76,4.25,3
-1.56,7.61,2
0.25,-0.82,1
-5.38,0.01,6
0.39,-1.56,0
-3.56,8.07,2
-6.45,-5.25,5
-1.8,7.8,0
2.24,1.06,0
5.18,4.37,3
-1.92,7.21,0
0.67,-0.45,1
-2.89,7.82,2
-2.03,-2.41,1
-1.59,-2.14,1
1.33,3.13,0
-1.67,7.67,2
-5.39,-4.93,5
-6.84,-2.85,5
0.9,3.84,0
2.3,3.59,0
-1.62,8.27,2
-2.38,-1.58,1
5.37,-4.23,4
6.66,-4.19,4
-0.28,-1.66,1
6.37,-4.52,4
-3.36,8.01,2
1.52,3.93,0
-1.39,-1.5,1
-5.35,-0.07,6
-0.09,-0.75,1
1.95,3.24,0
-1.72,7.3,2
4.08,3.81,3
3.18,4.14,3
5.9,-3.92,4
-1.92,7.36,2
-3.52,8.12,2
-1.94,-1.92,1
3.83,3.74,0
0.58,-0.86,0
6.06,-3.72,4
0.58,-2.07,1
6.76,-4.3,4
-1.11,-1.84,1
4.74,3.74,3
-2.33,7.82,2
-5.02,-3.52,5
6.58,-4.73,4
-3.68,8.22,2
-3.08,-3.69,1
0.35,-1.43,0
-5.11,-3.38,5
4.78,3.01,0
0.33,-0.16,1
5.24,2.92,3
1.59,3.5,0
-0.34,-1.78,1
6.89,3.37,3
-3.35,7.92,2
0.06,-2.52,1
6.6,-4.67,4
1.86,4.02,0
4.7,3.45,3
0.36,-0.68,1
-3.77,-3.66,5
-1.84,-1.93,1
2.47,4.17,2
6.05,-5.22,4
7.34,3.83,3
5.94,-4.75,4
-6.87,-4.55,5
-3.54,8.03,2
1.84,3.17,0
-0.12,-0.55,1
-3.5,7.58,0
-2.85,8.15,2
4.48,4.39,0
-1.62,7.23,2
-1.91,-1.52,1
5.34,-3.84,4
-3.06,8.12,2
6.09,-3.56,4
-2.11,7.89,2
5.03,4.12,0
-1.28,7.83,0
5.32,-3.69,4
-4.85,-4.48,5
6.52,-4.06,4
0.34,-0.46,1
5.55,4.62,3
0.45,-2.49,1
7.46,3.6,3
4.79,4.57,3
-1.94,-1.46,1
5.79,-4.74,4
-3.38,7.98,2
-1.16,-0.6,1
1.65,3.9,0
-2.17,7.71,2
-3.3,8.09,2
-1.86,7.61,2
-2.52,-1.92,1
6.91,4.07,3
-4.27,-3.48,5
5.78,-4.1,4
4.36,3.36,3
-6.71,-4.59,5
-3.65,8.14,2
0.04,-0.73,1
0.55,-2.03,1
-1.98,7.55,2
-1.93,7.5,2
-5.17,0.36,6
-5.93,0.18,6
-0.81,-2.18,1
1.79,1.74,0
-1.93,-2.3,1
-3.28,8.16,2
4.56,3.37,3
6.13,-4.24,4
-1.5,7.72,2
-6.66,-5.31,5
1.23,3.37,0
-1.58,7.85,2
-6.57,-5.22,5
0.14,-0.01,1
1.08,3.81,0
5.96,-4.39,4
7.41,4.79,3
-6.5,-5.2,5
-1.66,-1.64,1
-1.59,-2.82,1
-0.93,-1.56,1
6.31,-4.07,4
4.92,2.83,3
4.24,2.67,0
-1.23,-0.52,1
-1.46,-1.17,1
-5.74,-4.58,5
5.67,-3.85,4
1.89,3.1,0
4.95,3.85,3
5.78,-4.76,4
6.6,-4.27,4
-3.03,8.15,2
5.39,-4.07,4
-1.77,-1.93,1
-5.44,-4.95,5
-0.6,-1.28,1
1.13,2.59,0
-4.4,-4.82,5
-2.84,7.91,2
6.24,-4.19,4
3.12,3.07,0
0.03,0.35,0
2.67,2.4,0
-1.12,-2.63,1
-1.35,-1.1,1
-1.62,7.34,2
-7.16,-3.09,5
5.71,-3.49,4
-0.31,-0.87,1
-1.76,8.03,2
0.5,-1.56,1
-6.7,-3.11,5
7.23,3.7,3
-1.67,7.45,2
2.34,2.88,0
-6.22,-0.37,6
1.45,3.47,0
-3.14,8.11,2
0.04,-0.53,1
-3.48,8.14,2
0.86,1.88,0
-1.69,-2.49,1
-1.77,-2.71,1
0.64,-0.68,0
0.77,3.6,0
-1.92,7.72,2
-2.52,7.7,2
6.18,-4.5,4
3.06,2.86,0
-2.31,7.84,2
-0.14,-0.98,1
0.08,-0.27,1
-6.6,-0.03,6
1.34,2.82,0
-1.54,-2.29,1
-4.01,-3.59,5
-1.76,7.41,2
0.01,-0.94,1
5.94,-4.13,4
-1.13,-1.9,1
0.91,0.88,0
-7.3,-2.71,5
-2.88,7.94,2
0.99,0.27,0
1.49,4.02,0
4.6,4.66,3
6.58,3.25,0
-1.73,7.4,2
1.34,3.15,0
0.76,3.52,0
4.53,4.26,3
3.41,3.56,0
2.4,4.28,0
-1.91,-0.57,1
6.97,-4.34,4
0.71,0.18,0
-1.42,8.2,2
-7.05,-2.3,5
-6.3,-3.74,5
-0.47,-0.98,1
2.08,0.89,0
6.01,-3.4,4
6.09,-4.79,4
-1.8,7.69,2
-6.15,-5.29,5
-5.79,-3.08,5
-1.99,7.78,2
1.26,3.63,0
-3.64,8.01,2
5.42,-4.41,4
4.92,3.79,3
-1.53,7.97,2
-3.39,-3.73,5
-3.33,8.29,2
0.64,3.4,0
0.57,3.6,0
-1.76,7.31,2
-0.03,-0.36,1
-2.34,7.49,2
-3.44,8.19,2
0.59,3.12,0
-3.34,-3.66,5
-2.27,-2.59,1
-6.81,-3.63,5
-0.02,-0.73,1
1.49,3.62,0
-3.22,8.14,2
-5.04,-4.66,5
-7.11,-3.24,5
4.58,4.74,3
-1.59,7.48,2
-1.77,-2.63,1
0.36,-0.4,1
-3.37,8.02,2
6.89,4.97,3
5.8,-3.71,4
-2.08,-1.93,1
-5.98,-5.12,5
-6.93,-2.5,5
-4.67,-2.93,5
-6.02,0.26,6
-0.68,-1.45,1
5.87,-3.77,4
5.6,4.08,3
-1.45,7.82,2
-1.42,-1.72,1
-1.68,7.72,2
-2.02,7.27,2
6.1,-4.22,4
-4.56,-0.11,6
0.07,-1.58,1
-6.75,-4.89,5
5.84,-3.86,4
-1.65,-1.35,1
1.43,4.04,0
-0.99,-2.32,1
-2.99,7.82,2
5.88,-4.61,4
-3.27,8.14,2
-1.7,7.44,2
6.33,-4.34,4
-3.66,-4.19,5
6.08,-3.45,4
-1.01,-1.38,1
-1.96,7.29,2
0.34,-1.24,1
-6.34,-5.18,5
-1.06,-1.46,1
1.64,3.89,0
7.1,3.23,3
-6.16,-1.3,6
2.74,3.63,0
-5.01,-4.3,5
1.8,3.49,0
6.95,3.41,3
-0.01,-1.77,1
1.83,3.89,0
-0.81,-2.51,1
6.37,3.43,3
-1.46,-0.68,1
-0.75,-0.48,1
-5.82,-0.42,6
0.2,-0.82,1
-1.58,7.9,2
6.3,-4.76,4
-5.47,-4.23,5
6.41,-5.05,4
6.06,-4.88,4
-1.43,-1.65,1
-1.85,7.02,0
5.54,-4.4,4
-6.62,-5.0,5
1.5,4.02,0
0.32,-1.29,1
7.32,4.27,3
4.02,3.38,3
-1.65,8.43,2
6.47,3.16,3
5.4,5.06,3
5.62,-4.16,4
6.85,4.34,3
5.78,-3.55,4
-7.04,-2.34,5
-1.3,-0.89,1
0.43,-0.24,1
5.75,-3.93,4
-2.03,-1.88,1
3.76,2.99,0
0.33,2.1,0
5.42,-4.71,4
-2.55,7.68,2
-1.85,7.47,2
-0.01,-0.52,1
2.15,3.06,0
-2.28,-2.11,1
-1.52,8.28,2
-6.84,-2.4,5
-1.68,-1.86,1
-4.92,0.13,6
-5.53,-5.11,5
-3.47,8.03,2
5.54,-3.54,4
5.64,-3.77,4
-0.7,-0.99,1
-2.99,8.23,2
-5.42,-3.47,5
5.2,-3.86,4
-0.16,-1.2,0
-3.24,-3.49,5
-2.11,7.9,2
-1.73,7.33,2
6.28,-4.2,4
0.64,2.56,0
2.5,1.37,0
5.31,-3.96,4
-4.16,-3.62,5
-1.31,-1.04,1
-1.89,7.46,2
0.46,-1.38,1
-5.49,-4.83,5
-3.37,-2.49,5
4.89,3.3,0
5.84,-3.82,4
1.13,3.53,0
0.77,3.79,0
-2.81,-2.23,5
-1.59,-0.94,1
-0.2,-1.7,1
4.31,4.41,3
0.23,-1.51,1
-4.6,-3.06,5
-1.59,7.59,2
7.28,3.65,3
-6.65,-3.79,5
0.61,-0.64,1
2.51,3.44,0
0.3,-0.63,1
1.74,3.49,0
-5.43,-5.08,5
-6.89,-1.4,6
7.3,3.95,3
-1.77,-1.24,1
0.45,-1.19,1
1.97,3.95,0
2.76,2.53,0
0.11,-1.2,1
-0.31,-2.52,1
-0.74,-0.96,1
5.99,-4.22,4
5.63,3.24,0
7.25,3.48,3
6.12,3.06,0
-1.2,-1.57,6
1.3,0.38,0
4.23,3.7,3
0.9,3.8,0
6.84,3.78,3
-0.55,-2.6,1
-1.96,7.45,2
-0.43,-0.3,1
-2.21,7.5,2
-1.8,7.31,2
1.25,0.35,0
6.76,4.46,0
7.2,3.33,3
-1.35,7.6,2
-1.94,-2.59,1
-0.72,-0.93,1
3.99,2.4,3
-1.5,7.84,2
0.91,2.55,0
-6.87,-2.54,5
-6.83,-2.26,5
-0.14,-2.77,1
-7.03,-3.98,5
-0.24,-1.57,1
-4.01,-4.25,5
-1.78,-2.57,1
0.05,-0.27,1
-1.5,-1.39,1
0.64,0.04,0
-6.31,-1.29,6
6.36,3.94,0
4.52,3.97,3
1.5,3.65,0
2.82,4.04,0
-1.72,-2.91,1
-3.67,-4.18,5
0.62,-2.05,1
-0.93,-1.48,1
-5.86,-5.1,5
2.42,4.43,0
-3.96,-2.99,5
0.06,-0.36,1
1.49,3.78,0
3.01,1.91,0
-0.26,-0.31,1
-4.69,-4.79,5
-3.09,8.18,2
-3.45,7.9,2
-1.18,-0.74,1
-3.69,7.84,2
-1.65,7.24,2
-0.81,-1.62,1
6.52,3.36,0
-1.64,-0.94,1
4.13,3.81,3
-1.97,7.31,2
6.2,3.26,3
4.91,3.19,3
-2.04,7.25,2
4.84,4.45,3
-7.02,-2.7,5
-1.97,8.12,2
5.91,-3.67,4
-3.56,7.97,2
5.61,-4.61,4
-1.36,-0.83,1
-6.06,-5.04,5
-1.66,7.4,2
0.38,-0.71,1
3.06,4.21,0
7.48,3.8,3
7.53,4.06,3
0.38,-0.49,1
1.39,1.64,0
-3.42,8.08,2
-4.08,-2.89,5
-3.49,8.04,2
-1.19,-0.89,1
-1.48,-2.07,1
-3.33,7.94,2
0.73,-1.44,1
5.88,-4.24,4
6.58,-4.18,4
-0.61,-1.96,1
0.01,-0.73,1
-1.68,7.43,2
6.52,-3.86,4
0.34,0.09,1
5.7,-4.8,4
7.32,3.77,3
-1.52,7.59,2
4.06,3.41,3
7.07,3.77,3
-1.61,-2.02,1
-1.53,7.6,2
-1.83,-2.02,1
1.86,0.75,0
-3.57,8.0,2
-0.02,-1.05,1
-1.91,7.34,2
0.17,-2.56,1
0.31,-0.28,1
5.91,-3.45,4
6.01,-3.59,4
0.1,-0.43,1
6.28,-3.73,4
-1.34,-2.11,1
-1.78,-2.02,1
5.35,-4.63,4
7.32,3.84,3
3.22,2.75,0
6.14,3.01,3
-1.68,-2.24,1
1.02,2.84,0
3.92,3.09,0
-0.69,-2.84,1
-6.9,-2.58,5
-5.56,0.1,6
1.04,3.7,0
1.19,4.25,0
6.21,-4.9,4
-0.67,-2.33,1
-1.81,8.16,2
-3.16,7.94,2
-0.39,-2.55,1
4.2,4.35,3
-3.27,7.84,2
6.9,-4.03,1
0.46,-0.42,1
-1.74,-3.02,1
1.06,0.14,0
-3.65,8.08,2
-6.52,-2.83,5
-2.49,-3.01,1
1.14,0.3,0
-0.34,-0.98,1
5.98,-3.82,4
-3.4,7.93,2
3.62,3.47,0
-6.15,-3.29,5
5.79,-4.93,4
-1.74,7.28,2
0.93,0.33,0
-0.72,-1.97,1
5.38,3.33,0
1.74,3.81,0
1.44,2.37,0
7.36,3.79,3
-3.5,8.0,2
4.84,3.12,3
4.02,4.02,3
-0.89,-0.8,1
5.46,3.3,3
4.32,3.76,3
1.88,0.99,0
5.68,-4.11,4
-3.61,8.13,2
-3.59,8.04,2
5.82,-4.04,4
5.25,5.15,3
-1.84,7.43,2
5.49,-4.84,4
-0.07,0.14,1
5.5,-3.68,4
-3.6,7.93,2
2.31,3.04,0
-6.31,-2.74,5
4.01,4.08,3
-3.52,8.12,2
-6.73,-3.66,5
6.84,3.78,3
-4.06,-4.32,5
-2.08,-1.88,1
-0.13,-0.47,1
-2.08,-1.28,1
1.94,0.7,0
6.46,-4.24,4
-4.61,-3.0,5
-7.25,-2.85,5
4.32,3.98,3
3.5,2.74,0
0.85,-0.45,0
-4.86,-4.34,5
0.22,-2.67,1
-6.75,-1.77,6
-1.9,-2.22,1
-3.53,-2.28,1
-2.2,7.74,2
0.19,-0.25,1
-1.62,-1.12,1
-1.67,7.29,2
-1.38,-2.17,1
6.22,-5.02,4
-2.01,8.21,2
6.08,-3.53,4
6.33,3.47,3
6.12,-4.58,4
0.18,-1.97,4
-3.68,7.98,2
7.29,4.41,3
-2.79,7.69,2
4.47,4.09,3
-1.79,7.4,2
1.37,0.35,0
0.55,-1.82,1
-5.26,-4.11,5
6.63,3.09,3
0.11,-0.27,1
6.58,3.74,3
-1.56,8.41,2
0.52,2.8,0
-0.29,-2.26,1
-4.71,-4.22,5
-1.44,-3.09,1
-6.65,-3.77,5
-0.96,-0.38,1
0.12,-0.27,0
-4.58,-0.6,6
-2.45,7.74,2
-1.7,-2.85,1
3.96,3.45,0
5.29,-3.79,4
6.84,-4.2,4
6.13,-3.62,4
-1.67,8.17,2
-7.01,-2.29,5
0.71,-1.27,1
-3.14,8.19,2
0.57,-1.19,1
-0.91,-2.77,1
-3.22,8.28,2
6.17,-3.69,4
-7.3,-3.64,5
-1.12,-0.98,1
0.25,-1.0,1
0.92,-0.45,0
-1.74,8.36,2
-2.19,7.7,2
-4.78,-0.06,6
-6.81,-4.65,5
3.98,3.64,3
5.93,-4.54,4
-3.54,8.06,2
-3.24,7.99,2
-2.66,-2.31,1
0.63,-0.27,1
-1.86,7.49,2
5.44,-5.0,0
3.4,2.35,0
-3.39,8.01,2
-0.37,-0.37,1
7.11,3.43,3
7.32,3.62,3
6.64,-3.74,4
-5.29,-0.18,6
3.1,3.79,3
-1.52,8.21,2
5.13,2.98,0
4.84,-4.46,4
1.5,4.67,0
5.38,-4.51,4
3.75,2.48,3
-0.1,-2.69,1
0.51,-0.5,0
-1.9,-1.63,1
1.23,3.8,0
2.37,4.2,0
-0.04,-1.41,1
5.85,-3.47,4
3.01,4.07,0
5.5,-3.55,4
-4.9,0.3,6
-4.96,-0.18,6
6.83,-4.76,4
5.97,-3.58,4
-3.08,8.17,2
4.81,2.96,3
-3.71,8.1,2
1.35,4.01,0
-3.76,-3.25,5
-0.33,-0.16,1
0.16,-2.35,1
-5.49,-4.58,5
1.71,0.53,0
5.18,4.38,0
-1.98,7.38,2
3.99,2.84,0
1.87,3.04,0
1.27,4.22,0
-4.97,0.4,6
5.7,3.03,3
2.54,3.34,0
-1.81,7.47,2
-4.74,-3.63,5
-4.64,-0.66,6
-0.97,-3.23,0
5.78,-3.68,4
6.11,-4.6,4
1.91,3.95,0
4.55,2.8,3
4.66,2.9,3
5.69,-4.28,4
-1.65,7.4,2
4.97,4.75,3
5.78,-3.82,4
-1.94,-2.1,1
-3.6,7.94,2
-3.53,8.17,2
-2.99,-3.56,5
1.92,3.63,0
-2.01,-1.69,1
3.88,3.24,3
4.47,4.74,3
-4.84,-4.97,5
-1.9,-0.87,1
7.6,4.25,3
-3.64,7.8,0
5.95,-5.16,4
-1.57,6.98,0
-1.34,-1.19,1
-3.57,-3.6,5
0.85,3.87,0
-0.37,-1.03,1
-4.51,-4.54,5
4.18,4.11,3
6.11,3.24,3
0.51,-0.32,1
3.78,2.95,0
-3.5,8.28,2
4.35,4.38,3
5.51,-4.39,4
-1.89,7.3,2
-1.02,-1.87,1
-1.76,7.75,2
-4.75,-4.32,5
-1.89,-3.1,1
0.88,-0.91,0
0.36,-1.68,1
-7.04,-3.61,5
-3.41,8.05,2
-0.77,-1.83,1
-1.24,-0.56,1
-6.44,-4.4,5
-1.59,8.5,2
7.22,4.55,3
0.49,-1.33,0
3.48,2.21,0
0.92,0.11,0
7.23,4.95,3
4.03,3.72,0
-1.83,7.23,2
4.45,3.74,3
7.56,3.95,3
6.79,-4.31,4
1.72,0.64,0
1.73,3.57,0
6.26,-4.62,4
6.29,4.93,0
-5.93,0.07,6
-3.14,8.08,2
3.35,3.28,0
7.34,3.78,3
2.19,2.58,0
-2.1,-1.73,1
-5.96,0.23,6
5.64,-4.43,4
-0.37,-1.73,1
-0.82,-1.49,1
-1.89,-2.26,1
-1.43,-1.11,1
-2.46,7.53,2
-1.88,7.63,2
-3.53,8.17,2
-0.34,-1.24,1
1.37,4.36,0
0.14,-0.98,0
0.31,-0.23,1
0.05,-0.51,1
5.8,-5.15,4
-0.95,-0.9,1
7.03,4.32,0
5.06,4.03,3
-3.29,8.08,2
0.53,-1.32,1
-2.05,7.75,2
-6.65,-5.0,5
5.74,3.42,0
-1.36,-0.52,1
6.39,3.49,3
-6.11,-5.07,5
4.73,3.69,3
0.22,-0.4,1
-3.34,7.96,2
-1.61,7.72,2
-1.62,-1.54,1
-6.41,-5.27,5
-0.7,-0.9,1
-4.44,-4.85,5
-3.61,8.18,2
7.41,3.92,3
-3.43,7.95,2
0.72,3.61,0
4.97,2.95,3
-7.21,-3.59,5
6.46,-5.09,4
0.65,3.61,0
3.34,3.18,0
-3.3,8.21,2
-3.48,8.08,2
-1.12,-0.73,1
-0.39,-0.55,1
-1.88,-1.4,1
-3.4,7.98,2
5.88,-3.38,4
2.71,3.28,0
-2.13,7.43,2
2.6,2.86,0
6.14,-4.27,4
6.02,-4.31,4
0.02,-2.47,1
-1.15,-1.25,1
0.41,-0.75,1
-1.32,-3.58,0
-1.04,-2.86,1
-1.82,8.08,2
0.44,-2.04,1
3.85,2.99,0
-3.17,7.96,2
1.57,4.72,0
-6.65,-4.85,5
7.58,3.88,3
0.51,-0.38,1
-2.04,-1.75,1
4.38,3.42,3
-1.7,8.12,2
-2.8,7.82,2
-1.23,-0.82,1
5.4,-4.52,4
5.41,-4.67,4
-1.17,-2.54,1
-1.98,-1.64,1
5.48,-4.22,4
-5.23,-1.39,6
0.63,-1.82,1
-1.58,8.38,2
-7.0,-2.86,5
-7.07,-2.16,5
4.22,3.91,3
7.59,3.97,0
-1.78,7.32,2
1.14,3.95,0
6.09,-3.61,4
7.05,3.4,3
1.94,4.12,0
-1.92,7.31,2
6.59,3.38,3
-3.96,-3.37,5
6.07,-4.57,4
5.48,-3.66,4
2.42,3.64,0
-0.78,-1.23,4
0.16,-0.36,1
7.21,4.65,3
1.19,4.07,0
-1.81,7.36,2
-1.82,-1.78,1
4.93,5.13,3
3.72,3.04,0
-1.98,-2.27,1
5.34,-3.82,4
-6.46,-5.2,5
4.08,3.84,3
-2.46,-2.84,1
4.55,5.01,3
3.17,3.26,0
4.64,4.07,3
-3.22,-3.62,5
0.61,0.17,1
2.19,3.57,0
-7.02,-2.38,5
2.25,4.07,0
-3.41,7.71,2
4.44,4.28,3
-6.92,-2.04,6
-3.29,7.9,2
1.0,0.0,0
-5.27,-3.7,5
-1.96,7.18,2
6.18,-4.32,4
-4.7,-4.77,5
-4.88,0.37,6
-3.76,7.98,2
-2.57,7.77,2
-0.51,-0.36,1
5.93,-3.46,4
1.63,4.85,0
-2.24,7.51,2
2.32,4.37,0
-1.52,8.35,2
6.68,-4.44,4
5.69,3.9,3
-2.51,7.57,2
1.26,3.21,0
-0.14,-1.56,1
1.84,3.16,0
-3.09,7.89,2
-3.43,8.17,2
-2.34,-1.24,1
0.6,-1.88,1
4.8,3.39,0
-2.27,7.95,2
-6.49,-5.17,0
-5.92,-4.78,5
5.68,-4.81,4
0.68,-0.7,1
0.5,-0.07,1
-1.56,7.78,2
-7.1,-2.18,5
6.8,-4.47,4
1.9,4.76,0
2.06,3.75,0
5.56,-4.19,4
-3.4,-3.79,5
-7.04,-2.96,6
-3.6,-3.82,5
-2.22,7.73,2
4.13,2.64,0
-1.89,8.02,2
1.84,3.85,0
-1.58,-2.77,1
1.36,0.73,0
4.38,3.03,0
7.07,3.54,3
6.88,4.01,3
0.09,-0.77,1
4.1,3.76,3
-1.87,7.46,2
5.9,3.98,3
-6.66,-4.46,5
-1.5,-1.28,1
1.96,2.31,0
0.33,-0.78,1
-6.41,-0.14,6
-4.56,-0.04,6
2.03,3.26,0
-6.23,-2.86,5
-6.65,-4.9,5
3.22,2.02,0
1.81,0.72,0
4.34,3.46,0
-1.81,-3.2,1
-2.25,-2.09,1
-1.82,7.45,2
-1.94,7.59,2
-3.21,8.07,2
5.64,-3.52,4
-1.9,7.77,2
7.02,3.55,3
-1.69,-2.02,1
5.22,3.15,0
6.66,-4.42,0
7.4,4.83,3
7.16,4.17,3
-1.97,-1.76,1
6.84,3.57,3
5.01,4.17,3
-1.85,7.64,2
-6.38,-4.47,5
1.59,4.36,0
-0.96,-2.78,1
-6.41,-4.72,5
-0.99,-0.82,1
0.06,-1.25,1
1.54,3.17,0
7.13,4.06,3
1.9,3.52,0
-1.8,7.81,2
-1.69,-1.78,1
1.58,4.01,0
-0.74,-0.83,1
4.14,3.7,3
-1.87,8.0,2
4.44,4.46,3
-6.14,-4.94,5
5.36,3.53,3
-0.4,-2.58,1
0.82,0.29,0
-0.55,-1.74,1
-7.35,-3.02,5
-1.33,-2.08,1
5.87,-4.01,4
0.18,-0.65,1
-1.13,-1.57,1
-1.76,7.31,2
0.47,-0.39,1
0.56,2.86,0
4.22,3.97,3
5.16,4.08,0
0.75,-0.4,0
5.59,-3.99,4
-3.24,8.02,2
1.69,3.96,0
-0.15,-2.01,1
-3.07,8.18,2
0.75,-0.51,1
-3.71,8.05,2
2.85,3.61,0
2.1,3.88,0
-1.28,-0.99,1
-1.35,-2.45,1
0.6,-0.36,1
-0.38,-0.84,1
-1.72,-1.46,1
0.9,3.77,0
0.05,-0.64,1
-6.04,0.2,6
-1.55,-2.41,1
-3.32,8.06,2
-0.56,-1.86,1
-6.81,-0.54,6
-6.7,-2.9,5
5.91,-4.18,4
0.18,-1.19,1
-3.49,7.87,2
2.52,3.48,0
-7.07,-2.78,5
-3.52,7.93,2
-5.13,0.37,6
-3.61,8.03,2
7.16,3.65,3
-6.75,-4.88,5
-6.31,-5.06,5
-2.09,7.88,2
1.06,3.12,0
1.98,3.66,0
-3.34,-2.36,1
-4.8,-0.38,5
-1.07,-0.55,1
4.24,3.0,3
6.44,4.08,3
-2.55,8.07,2
-0.74,-2.25,1
0.31,-0.47,1
4.13,4.36,3
6.38,3.52,3
-1.5,7.81,2
0.42,3.46,0
-0.35,-0.7,1
5.6,-4.33,4
-2.0,7.72,2
-3.17,7.9,2
-4.97,-4.73,5
7.14,3.72,3
6.23,-4.32,4
-6.7,-4.67,5
6.91,3.5,3
-5.82,-4.43,5
4.68,4.86,3
5.53,-4.58,4
0.09,0.02,1
-1.36,-0.95,1
-2.48,-2.67,1
-6.74,-5.22,5
6.62,-3.87,4
5.61,-4.12,4
-1.43,7.92,0
-2.03,7.45,2
0.53,3.23,0
-5.85,-4.64,5
2.1,2.4,0
-1.53,-0.61,1
-6.95,-3.97,5
6.4,-3.74,4
-3.22,7.92,2
2.33,3.75,0
-1.68,-1.76,1
6.12,3.27,3
-6.21,-5.16,5
-2.2,7.77,2
-1.0,-0.52,1
0.44,-2.71,0
6.75,3.25,3
0.79,3.43,0
-3.32,8.21,2
6.15,-4.43,4
-6.85,-2.86,5
-6.56,-0.86,6
-1.85,7.95,2
7.2,3.34,3
5.76,-3.32,4
3.35,2.08,0
0.28,-1.27,1
-1.29,-1.6,1
-3.36,8.07,2
-1.4,7.3,2
-3.49,7.93,2
0.78,3.42,0
4.35,4.11,3
4.26,3.73,3
7.27,3.47,3
7.38,3.92,3
-7.24,-3.45,5
6.99,3.68,3
-2.06,7.41,2
-4.59,-3.35,5
6.38,-4.75,4
-1.98,7.62,2
-2.42,7.7,2
-6.94,-2.72,5
6.93,-4.7,4
-1.59,7.63,2
-3.33,8.09,2
7.11,3.56,3
-1.46,8.3,2
4.24,3.55,3
-3.24,8.19,2
0.09,-0.31,1
-5.72,-3.47,5
1.83,3.43,0
5.94,-3.74,4
-3.25,8.06,2
-2.0,-1.71,1
5.32,4.2,3
-1.99,-3.07,1
-1.6,7.8,2
5.78,-4.19,4
-4.78,-4.9,5
5.84,-4.66,4
-6.26,-5.22,5
5.92,-4.5,4
-0.96,-0.4,1
-1.22,-0.96,1
-1.81,7.5,2
-3.51,8.17,2
-2.0,7.44,2
-0.5,-3.03,1
1.15,0.4,0
-2.04,-0.47,6
6.06,-4.84,4
0.24,-1.63,1
6.16,2.98,3
5.69,-3.62,4
5.58,-3.52,4
-6.07,0.04,6
1.35,3.39,0
0.96,0.5,0
-0.7,-1.94,1
-1.31,-0.98,1
0.22,-0.85,1
4.51,4.79,3
5.42,-4.12,4
4.14,3.56,3
2.11,3.05,0
7.28,3.55,3
-3.18,8.1,2
-3.05,-3.61,5
-0.33,-1.22,1
5.4,-3.7,4
6.37,-3.88,4
6.22,4.33,3
6.58,3.42,3
4.4,4.37,3
-1.19,-2.35,1
5.72,3.1,0
0.89,3.71,0
5.37,-3.84,4
-0.33,-1.46,1
-0.24,-0.06,1
-1.82,-2.37,1
-3.46,8.06,2
-1.77,-2.17,1
4.0,3.96,3
-1.65,8.08,2
-4.46,-4.84,5
-2.81,-1.6,1
-0.23,-0.57,1
-1.73,7.48,2
5.73,-4.07,4
2.6,2.93,0
1.64,3.75,0
-0.74,-0.86,1
-1.54,7.5,2
-6.49,-4.99,5
7.19,4.04,3
2.62,4.08,0
-5.94,-2.11,6
-1.75,7.7,2
3.36,3.23,0
6.35,-4.59,4
-0.51,0.3,0
-0.54,-1.25,1
6.75,3.23,3
2.48,2.87,0
-0.98,-0.52,1
-1.62,-0.87,1
-2.85,-1.78,1
-0.67,-1.81,1
-2.12,-2.96,1
-3.36,8.19,2
-3.46,7.95,2
2.16,3.67,0
6.64,3.72,3
-1.74,8.26,2
4.01,3.72,3
-6.56,-0.72,6
6.31,-3.96,4
-1.49,8.43,2
6.92,4.7,3
5.67,-4.32,4
-1.28,-1.55,1
-2.62,7.58,2
-7.37,-4.04,5
6.01,-3.66,4
-0.41,-2.77,1
0.49,0.02,0
-2.79,-3.78,5
-2.19,-1.42,1
4.06,3.73,3
-1.82,7.95,2
-6.43,-4.56,5
2.15,3.76,0
-2.01,-1.48,1
1.76,2.69,0
0.25,-1.11,0
-3.65,8.08,2
6.31,-4.71,4
1.81,4.21,0
0.53,-0.88,1
-1.64,8.44,2
5.66,2.98,3
-5.59,-0.51,6
0.16,-1.66,1
-6.52,-5.16,5
4.17,3.6,3
-1.7,-2.98,1
5.53,-4.7,4
-0.5,-1.3,0
0.28,0.28,1
-0.92,-0.65,1
4.48,3.51,3
1.93,2.8,0
-3.3,8.26,2
5.33,-4.07,4
2.91,3.88,0
1.32,4.33,0
5.82,-5.32,4
-5.83,0.01,6
0.91,3.72,0
-6.66,-0.91,6
0.74,3.98,0
-0.96,-2.16,1
1.8,3.39,0
-6.93,-2.83,5
-3.59,8.0,2
7.3,4.02,3
4.07,3.78,0
1.21,2.93,0
-7.09,-2.8,5
-6.18,-3.55,5
-1.11,-0.59,1
-1.26,-2.18,1
-3.7,8.14,2
3.3,3.3,0
6.82,-4.32,4
5.76,-3.43,4
-1.04,-2.13,1
5.69,3.46,3
-0.25,-0.5,1
1.64,3.82,0
-5.94,-5.26,5
-3.08,8.11,2
3.68,4.35,0
-3.15,8.2,2
5.53,-4.66,4
-1.83,-2.34,1
-3.13,7.87,2
6.65,-4.6,4
-1.85,-1.54,1
-0.43,-0.55,1
-6.29,-4.92,5
2.62,3.96,0
6.51,3.56,3
-2.23,7.55,2
5.52,-3.51,4
-0.09,-1.52,1
-0.76,-2.26,1
-0.49,-0.93,1
0.03,-0.96,1
-1.94,7.55,2
-1.41,-2.51,1
-1.16,-1.41,1
5.61,-3.53,4
-1.89,-1.74,1
7.11,3.66,3
-3.51,7.92,2
-6.51,-3.96,5
5.57,-3.66,4
6.57,3.37,3
-2.23,8.23,2
-5.53,0.24,6
6.19,4.72,3
0.3,-2.25,0
-1.63,7.87,2
-1.43,7.31,2
6.15,-4.23,4
5.26,-3.68,1
-0.1,-0.98,1
0.01,0.06,0
0.2,-0.16,1
1.18,3.29,0
-2.15,-1.7,1
-1.92,-2.88,1
-7.26,-2.63,5
1.75,4.23,0
-3.31,7.96,2
6.43,3.69,3
-1.02,-2.04,1
-1.99,7.45,2
6.02,4.01,3
6.76,4.48,3
3.92,4.17,0
-5.24,-3.83,5
-0.5,-2.24,1
-2.31,7.93,2
3.15,3.17,0
-4.89,0.19,6
6.1,-4.78,4
-1.77,-0.73,1
-1.39,-2.31,1
0.41,-0.33,1
-3.22,8.2,2
6.59,3.72,3
-2.41,7.87,2
0.39,-0.09,1
1.14,3.05,0
6.23,-4.14,4
-1.05,-1.71,1
-1.86,7.37,2
0.01,-0.71,1
2.14,3.92,0
-0.21,-0.39,1
0.79,-1.84,0
-1.74,-1.51,1
1.87,4.36,0
-1.98,7.58,2
1.58,2.66,0
-0.35,-1.07,1
-7.22,-4.11,5
-6.47,-0.07,6
-1.48,-1.24,1
1.76,3.6,0
6.75,-4.77,4
-7.26,-4.03,5
-5.59,-3.33,5
6.7,3.53,3
4.38,4.39,3
5.59,-4.78,4
0.38,3.52,2
-3.41,-3.78,1
6.26,-3.88,4
1.35,3.1,0
-1.0,-3.01,1
-1.59,7.44,2
4.59,3.42,0
-0.66,-0.88,1
4.49,4.35,3
-0.6,-1.1,1
-3.23,8.18,2
0.68,3.52,0
5.92,-3.95,4
0.16,-0.53,1
1.62,0.61,0
-1.57,-1.74,1
-2.39,-1.71,1
-3.3,8.05,2
-0.82,-0.76,1
1.84,3.21,0
5.92,-4.32,4
5.62,-4.13,4
6.4,4.14,3
6.81,-4.3,4
-3.82,-3.04,5
-0.97,-2.52,1
-1.42,-1.1,1
-1.99,7.31,2
6.05,-3.96,4
1.97,4.25,0
1.08,3.28,0
-6.72,-0.97,6
1.58,3.0,0
1.15,4.02,0
7.0,3.61,3
0.55,2.76,0
-1.64,-2.86,1
6.01,-3.93,4
0.14,0.14,0
0.49,-0.4,1
5.22,4.99,3
-1.66,8.02,2
6.35,-4.18,4
6.24,-3.58,4
-1.15,-1.62,1
3.16,2.21,0
6.6,3.41,3
7.27,4.72,3
1.37,4.12,0
-3.33,8.1,2
-5.92,-4.32,5
5.62,-3.85,4
2.43,3.33,0
1.36,0.87,0
6.03,-4.45,4
-0.51,-2.25,1
-1.63,7.45,2
-3.53,8.14,2
5.62,4.24,3
5.43,4.53,3
-1.5,-1.76,1
-0.59,-2.22,1
4.18,3.43,3
-2.1,-2.5,1
-6.42,-3.52,5
0.21,-2.0,1
-6.99,-2.7,5
-6.23,-4.17,5
-6.55,-3.88,5
0.97,4.0,0
-4.7,-4.25,5
-0.49,-2.19,1
6.49,-4.16,4
-5.91,0.05,6
5.72,3.45,3
-0.48,-1.5,1
-0.08,-2.49,1
-4.79,0.13,6
1.69,3.54,0
-5.15,-4.36,5
0.15,-1.94,1
-4.97,-2.83,5
-0.73,-1.58,1
-0.31,-0.44,1
1.59,3.38,0
-5.78,-3.42,5
-6.76,-3.72,5
-1.02,-1.85,1
-5.38,-4.15,5
-6.45,-0.16,6
5.82,-4.69,4
0.18,-2.26,1
-5.53,-3.78,5
-3.07,-2.75,1
-0.73,-2.7,1
1.55,3.88,0
1.22,2.7,0
-7.01,-3.47,5
0.24,-1.69,1
-0.72,-3.08,1
-5.95,-3.84,5
-7.09,-4.0,5
-0.36,-1.46,1
-0.14,-1.93,1
-6.41,-3.52,5
-1.0,-2.32,1
-6.4,-0.84,6
1.52,4.6,0
-6.55,-2.42,6
-6.15,-4.38,5
-5.5,-4.29,5
-6.7,-3.65,5
-5.75,-0.24,6
5.78,-4.92,4
4.88,4.91,0
-1.24,-2.8,1
2.3,2.88,0
-1.54,-1.69,1
-4.74,-4.54,5
5.51,4.84,3
-0.27,-1.83,1
-4.77,-3.56,5
-5.41,-3.39,5
-0.32,-2.17,1
-6.19,-3.74,5
-4.92,-3.59,5
1.77,3.44,0
-5.99,-2.53,6
-5.41,-4.3,5
-6.93,-2.83,6
6.92,4.31,3
-0.17,-1.76,0
-0.5,-3.14,1
-6.78,-2.72,6
0.56,-1.84,1
-6.38,-4.02,5
-1.2,-1.4,1
5.13,5.15,0
-0.06,-0.88,1
5.66,-3.82,4
6.49,-3.77,4
-5.03,-4.8,5
-0.28,-1.53,0
-6.11,-2.08,6
-5.17,-0.05,6
-2.19,-1.76,1
-1.0,-0.74,1
-4.43,-4.11,5
-4.79,-2.56,5
-2.51,-1.56,1
0.25,-1.05,1
1.87,3.46,0
-6.54,-4.44,5
1.48,4.33,0
-1.91,-2.15,1
-5.65,-3.4,5
1.43,3.55,0
-5.82,-0.28,6
-5.55,-1.44,6
-6.62,-3.52,5
-6.34,-3.12,5
1.89,3.43,0
-5.56,-3.76,5
0.12,-1.31,1
-5.02,0.01,6
-0.28,-0.55,1
-0.7,-2.92,1
-5.91,-3.63,5
1.69,2.96,0
-5.59,-4.25,5
-6.62,-4.09,5
-1.22,-2.72,1
-7.32,-3.89,5
-0.52,-1.31,1
-2.31,-2.38,1
-1.14,-1.21,1
-5.61,0.02,6
-1.32,-1.16,1
-6.44,-1.36,6
-5.68,-3.8,5
-6.44,-0.54,6
-5.56,-3.67,5
-6.25,-4.54,5
4.64,3.5,3
0.08,-1.99,1
-6.57,-3.2,5
-0.34,-3.09,0
-1.72,-2.2,1
-5.75,-3.37,5
-5.84,-4.07,5
-6.3,-4.0,5
-5.47,-3.89,5
-2.31,-1.62,6
-5.76,-4.28,5
-5.04,-3.75,5
-6.12,-4.6,5
-6.44,-3.14,5
-1.63,-1.59,1
6.77,-3.4,0
-4.86,0.16,6
7.08,4.61,0
-6.09,-4.16,5
-0.2,-2.47,1
-0.74,-0.76,1
1.83,2.74,0
-5.16,-4.38,5
-6.38,-3.29,5
-3.64,-2.07,1
-5.44,-3.04,5
-5.3,0.17,6
-5.46,-3.2,5
-1.1,-0.89,1
-0.86,-2.14,1
-6.64,-3.04,5
-1.17,-2.89,1
-0.69,-2.61,1
5.37,4.42,3
-5.26,-4.05,5
2.28,4.11,0
0.29,-0.55,0
-5.29,-0.09,6
-0.94,-1.21,1
-1.88,-1.3,1
-5.04,0.01,6
-1.71,-2.62,1
-1.39,-1.97,1
0.25,-1.2,1
5.88,-4.1,4
-6.63,-1.4,6
-0.02,-1.88,1
-7.04,-2.69,5
-5.26,-4.34,5
0.24,-1.56,1
1.04,4.1,0
-5.88,-0.42,6
-1.57,-1.35,1
-6.08,-4.63,5
-1.64,-1.75,1
-2.36,-0.91,5
-5.11,0.09,6
-1.08,-2.22,1
-0.54,-0.7,1
-5.27,-4.33,5
-0.15,-2.29,1
-3.03,-2.27,1
-1.41,-0.66,1
-5.62,-4.51,5
-0.86,-0.87,1
-5.33,-0.77,6
-5.13,0.07,6
-0.55,-3.13,1
1.67,3.79,0
-0.86,-0.78,1
-2.21,-2.42,1
-1.46,-1.63,1
-6.54,-4.44,5
-4.88,0.27,6
-0.42,-0.72,1
-6.54,-4.55,5
-5.98,-0.06,6
-6.01,-4.98,5
-5.98,-0.49,6
-6.57,-3.63,5
-4.98,-3.19,5
-0.35,-1.17,1
-5.41,-3.82,5
-5.3,-3.21,5
-2.04,-2.32,1
7.47,4.31,3
2.38,3.37,0
-5.35,0.06,6
6.37,-4.27,4
6.29,-4.43,4
-6.26,-1.37,6
-5.73,-3.89,5
-5.21,-3.6,5
-5.86,-0.2,6
-0.74,-1.63,1
-0.68,-1.2,1
-6.05,-0.79,6
-5.81,-3.45,5
-6.71,-1.78,6
-5.01,-4.06,5
-0.52,0.0,0
-6.12,-4.65,5
-4.87,0.16,6
-5.96,-3.81,5
-0.79,-2.62,1
-4.76,-3.9,5
1.61,3.71,0
-5.99,-1.84,6
-5.99,-4.09,5
-5.65,-0.54,6
-4.7,-1.17,6
-5.35,-0.43,6
0.43,-1.4,1
-5.01,0.26,6
-4.87,0.13,6
-5.76,-4.26,5
-1.03,-1.42,1
-0.92,-2.83,1
-1.39,-0.48,1
-6.48,-3.92,5
-5.03,-3.14,5
0.01,-1.06,1
-6.32,-2.96,5
1.88,2.87,0
-6.35,-3.33,6
0.14,-1.02,0
1.18,4.24,0
3.88,3.8,0
-0.58,-2.57,1
-5.74,-4.25,5
-4.96,0.23,6
-5.51,-2.73,5
-1.18,-1.8,1
-6.22,-3.72,5
-5.52,-0.17,6
-4.65,-3.6,5
-5.38,0.02,6
-6.22,-3.86,5
-5.49,-3.96,5
-1.89,-0.74,0
-5.89,-3.51,5
-5.19,-3.88,5
-2.14,-1.65,6
-5.16,-3.94,5
-6.27,-2.06,6
0.06,-0.14,0
-6.76,-3.02,5
6.28,-4.53,4
-5.85,-3.92,5
-1.25,-2.49,1
-6.29,-2.57,5
-1.23,-2.99,1
1.43,4.24,0
-6.08,-3.41,5
0.04,-2.11,1
-1.27,-2.33,1
-5.83,-3.92,5
-6.06,-0.28,6
-7.03,-3.74,5
-0.01,-1.41,0
-0.23,-1.24,1
-6.61,-0.07,6
-5.93,-4.11,5
1.35,4.22,0
-6.16,-3.52,6
-1.53,-2.9,1
2.05,3.64,0
-0.59,-3.02,1
-7.02,-3.68,5
-0.65,-2.2,1
-1.15,-0.91,1
0.45,-1.95,1
-6.77,-2.96,5
-0.54,-2.97,1
-6.79,-3.62,5
-0.67,-0.3,1
-6.18,-3.46,5
-1.85,-1.09,0
-0.76,-1.74,1
-5.5,0.19,6
1.61,4.34,0
6.52,-4.46,4
5.41,-4.52,0
-5.92,-3.69,5
2.12,2.95,0
-6.17,-2.04,6
-6.56,-2.9,5
6.21,4.74,3
2.51,2.08,0
-5.86,-4.22,5
-4.68,-3.42,5
-5.4,-1.01,6
-4.64,-2.64,6
-1.61,-1.67,1
-1.41,-2.75,1
-0.78,-2.69,1
-6.6,-4.33,5
-0.3,-1.21,1
-6.73,-3.46,5
-5.78,-3.38,5
-2.1,-2.43,1
1.62,4.06,0
5.47,3.45,0
-5.35,-1.79,6
-0.23,-2.16,1
-4.8,-3.43,5
-6.27,-4.05,5
-1.76,-1.64,1
-0.33,-1.87,1
-5.11,-3.7,5
-0.35,-1.11,1
-5.85,-3.63,5
4.84,4.48,3
-0.24,-2.85,1
1.73,3.2,0
-4.28,-2.19,6
-6.25,-3.93,5
-0.62,-1.15,1
-1.01,-2.26,1
-6.0,-0.74,6
1.08,3.89,0
-5.52,-3.93,5
-1.0,-0.71,1
-6.56,-3.93,5
-5.8,-4.29,5
-5.6,-4.1,5
3.28,2.9,0
-6.11,-4.1,5
-1.16,-1.41,1
-6.56,-4.28,5
-5.96,-2.97,5
-1.48,-1.65,1
0.87,-1.78,1
6.14,5.11,3
-6.53,-0.04,6
-5.09,-0.41,6
-5.52,-3.55,5
-7.21,-3.45,5
-6.9,-3.67,5
-0.94,-0.94,1
-6.9,-4.21,5
-0.85,-1.01,1
-0.58,-1.25,1
-3.51,-2.91,1
-6.92,-2.5,6
-2.55,-2.3,1
2.08,3.68,0
-5.94,-3.61,5
-0.68,-1.36,1
-0.31,-1.9,1
-4.43,-4.24,5
1.52,4.81,0
-5.64,-0.08,6
-0.48,-0.78,1
0.08,-2.4,1
1.93,4.08,0
-4.8,0.2,6
-5.47,-0.1,6
1.06,3.82,0
1.6,2.95,0
-0.74,-2.11,1
-5.82,-3.82,5
0.37,-2.02,1
-0.0,-1.59,1
-5.83,-3.31,5
-5.96,-3.65,5
-1.21,-1.54,1
-7.1,-3.16,5
-5.9,-4.74,5
-0.27,-1.9,1
-1.61,-2.09,1
-5.73,-3.8,5
-6.85,-2.94,5
-0.56,-0.88,1
-5.37,-3.67,5
0.17,-1.78,1
-5.87,-3.5,5
-6.94,-2.33,5
-5.76,-2.97,5
-0.67,-2.08,1
-6.44,-3.82,5
-0.93,-3.2,1
-1.47,-2.41,1
-5.26,-2.68,5
-6.05,-4.01,5
-4.88,-0.02,6
-5.88,-4.18,5
-5.21,-0.89,6
-5.67,-4.04,5
0.1,0.59,5
-6.6,-2.62,5
-6.45,-0.08,6
-1.03,-2.1,1
-5.69,-2.11,6
1.5,2.99,0
-0.88,-1.68,1
-1.76,-0.99,6
5.66,4.34,3
-1.02,-0.89,1
1.74,4.24,0
-0.97,-1.84,1
0.16,-1.25,1
-5.69,-3.01,5
-6.16,-1.03,6
-0.41,-2.45,1
6.33,-3.86,4
-0.74,-2.37,1
-7.04,-3.07,5
-1.3,-1.35,1
2.16,2.55,0
0.3,-0.43,1
-5.05,0.24,6
-0.11,-2.54,1
-6.29,-3.32,5
1.71,3.3,0
1.66,4.68,0
-5.84,0.05,6
-3.08,-2.09,5
-0.82,-2.28,1
-0.52,-1.78,1
1.82,2.98,0
-4.54,-3.53,5
1.71,4.19,0
-5.96,-3.76,5
-6.11,-3.74,5
2.46,3.13,0
-0.18,-2.65,1
-6.12,-1.35,6
-7.03,-3.6,5
-1.4,-1.43,1
-0.46,-2.79,1
6.48,-4.99,4
-5.94,-3.73,5
7.32,3.66,3
-6.16,-3.59,5
-3.6,-4.1,5
-5.41,-3.22,5
-4.91,0.1,6
-5.61,-4.11,5
-6.64,-3.82,5
0.01,-1.79,1
-5.59,-3.27,5
6.06,-4.42,4
-0.26,-0.19,1
-3.5,-2.54,6
-5.48,-4.03,5
0.61,-1.46,1
1.65,4.8,0
-5.97,-0.53,6
-5.55,-3.42,5
1.4,4.63,0
-6.98,-2.96,5
-3.7,-2.65,6
-6.13,-4.62,5
-6.35,-4.22,5
-1.01,-1.48,1
-6.41,-3.48,5
-0.48,-0.63,1
-0.46,-1.48,1
-6.81,-3.91,5
-5.15,0.11,6
0.13,0.05,0
-1.28,-2.51,1
-6.48,-2.99,5
6.71,-4.0,4
-6.61,-2.75,5
-2.23,-2.35,1
-6.43,-4.63,5
0.13,-1.73,1
-5.19,0.03,6
-4.96,-3.69,5
5.32,-4.11,4
-6.19,-3.8,5
-2.92,-1.93,1
3.19,3.94,0
1.27,4.27,0
-5.98,-0.02,6
-4.94,-4.16,5
-6.38,-2.67,5
-6.18,-0.34,6
-0.38,-1.64,1
-4.68,-2.54,5
2.15,2.7,0
-0.97,-0.86,1
-5.33,-0.21,6
-1.09,-2.72,1
-0.74,-1.67,1
1.15,2.73,0
1.15,3.26,0
-1.6,-2.63,1
-1.68,-1.76,1
-0.63,-2.33,1
-0.62,-2.47,1
-4.72,0.13,6
1.86,3.84,0
6.98,3.75,3
-1.03,-2.67,1
1.93,3.5,0
-1.56,6.98,2
1.64,4.04,0
-1.02,-2.97,1
5.73,-4.13,4
0.29,-2.57,1
-1.86,7.55,2
-0.93,-1.92,1
-1.92,-1.91,1
-1.74,-1.5,1
-1.87,7.76,2
7.06,3.69,0
-1.06,-2.52,1
-5.08,-3.23,6
-1.44,-2.84,1
-1.11,-2.31,1
6.38,-4.25,4
-0.01,-2.17,1
-0.88,-2.5,1
3.95,3.55,3
1.45,3.69,0
0.67,-1.54,1
-1.35,-1.62,1
-5.08,-4.5,5
-0.26,-1.66,1
1.0,3.2,0
-0.79,-1.91,1
-5.34,-3.36,5
-0.49,-2.66,1
-1.37,-1.84,1
1.51,4.44,0
4.77,4.54,0
-0.47,-2.43,1
1.16,0.07,0
-2.03,7.78,2
-1.84,7.79,2
5.23,-4.58,4
-2.25,7.63,2
-0.72,-2.83,1
-1.74,-1.75,1
-0.58,-1.67,1
-5.25,-3.42,5
-0.36,-2.23,1
6.03,-4.44,4
-0.1,-1.7,1
1.74,3.55,0
-6.6,-0.17,6
6.56,-3.82,4
1.02,3.24,0
2.09,2.73,0
1.86,3.91,0
-0.49,-1.5,1
-0.37,-2.66,1
-5.58,-4.16,5
2.12,3.6,0
-5.14,-4.46,5
6.16,-4.04,4
4.9,4.01,3
6.94,4.05,0
5.93,5.0,3
0.02,-1.88,1
-1.24,-2.72,1
-4.65,-4.01,5
-5.03,-3.08,5
5.73,-4.5,4
-6.33,-4.19,5
-0.94,-1.09,1
6.09,-4.62,4
-4.19,-3.06,5
-0.09,-1.82,1
-1.16,-1.85,1
6.9,-4.36,4
-2.9,7.86,2
2.06,3.33,0
-4.76,-3.61,5
-1.38,-2.3,1
-6.3,-4.03,5
-4.57,-3.28,5
-5.12,-3.81,5
-1.96,-2.35,1
6.18,5.16,3
-0.61,-1.92,1
-0.71,-1.03,1
-6.06,-4.26,5
-4.22,-3.76,5
-0.93,-0.72,1
-5.37,-3.15,5
-1.05,-2.26,1
-0.43,-0.6,1
4.59,3.52,0
6.4,4.58,3
-6.91,-4.43,5
-1.55,7.49,2
0.46,0.24,0
-0.81,-1.05,1
-5.04,-4.1,5
-0.6,-2.28,1
-0.82,-2.0,1
-0.89,-2.63,1
-0.78,-1.57,1
-1.01,-2.5,1
-0.4,-2.18,1
-0.24,-1.39,1
-1.76,7.15,2
1.93,3.21,0
-3.16,7.93,2
-6.7,-4.21,5
6.73,-4.2,4
-2.22,7.58,2
1.41,1.55,0
6.61,-4.25,4
-1.14,-2.46,1
-5.18,-3.6,5
-4.62,-4.86,5
2.35,3.92,0
2.3,3.46,0
6.19,-4.36,4
-2.0,7.31,2
-0.35,-2.83,1
-1.46,-2.97,1
-0.9,-1.65,1
-0.34,-0.94,1
-2.24,7.93,2
6.14,-4.52,4
5.98,-4.27,4
4.55,4.94,3
-6.2,-2.99,5
1.38,4.45,0
6.33,-4.37,4
5.9,-4.06,4
-0.96,-2.31,1
-5.63,-4.07,5
-6.84,-3.42,5
6.16,-4.36,4
-4.36,-3.71,5
-0.63,-1.87,1
-5.12,-3.32,5
-4.09,-3.41,5
-1.9,7.37,2
-0.38,-2.94,1
6.22,-4.57,4
5.79,4.49,3
-0.18,-1.74,1
6.35,-4.67,4
-4.06,-2.92,5
-0.21,-1.6,1
0.59,-1.96,0
0.98,3.94,0
-2.74,-2.03,1
-0.46,-1.94,1
-4.66,-3.28,5
-0.52,-2.24,1
-1.3,-2.7,1
-1.67,-2.36,1
-1.53,7.96,2
-0.47,-1.14,1
-3.93,-3.51,5
0.78,-1.78,0
-0.38,-1.54,1
-1.96,7.71,2
6.05,-4.27,4
1.84,3.13,0
-2.02,7.55,0
-0.76,-2.86,1
6.36,-4.23,4
-4.42,-3.52,5
-0.44,-2.71,1
4.21,2.61,0
5.75,3.9,3
-5.0,-3.84,5
-0.26,-0.69,1
1.83,3.1,0
-1.11,-1.68,1
-1.1,-2.84,1
-1.07,-2.64,1
6.65,4.38,3
-0.75,-2.34,1
-1.85,7.23,2
0.07,-2.04,1
-1.24,-2.65,1
-4.56,-3.34,5
6.2,4.16,0
-1.7,-2.27,1
-0.58,-2.12,1
2.22,2.91,0
-2.42,7.93,2
-4.29,-3.03,5
6.3,-4.36,4
0.16,-2.25,1
2.03,3.34,0
0.97,2.38,0
6.1,-3.8,4
-1.06,-1.06,1
-5.5,-4.07,5
-0.28,-1.72,1
-6.74,-1.23,6
1.94,4.67,0
0.24,-1.92,1
-1.29,-2.42,1
-6.21,-3.32,5
-4.23,-3.31,5
-1.21,-2.59,1
5.48,4.86,3
6.46,-4.28,4
-5.25,-3.26,5
-1.75,7.01,0
-2.31,7.75,2
6.5,-4.48,4
-0.8,-2.64,1
-5.05,-3.47,5
-2.0,7.65,2
-2.16,7.76,2
-0.68,-2.37,1
6.63,-3.87,4
-2.07,7.56,2
-1.05,-2.32,1
-1.5,-2.23,1
-4.74,-3.23,5
-6.25,-4.46,5
-0.66,-2.51,1
-0.94,-1.89,1
-0.01,-1.59,1
-7.22,-3.42,5
5.74,-4.54,4
-1.62,-2.04,1
-0.58,-2.12,1
1.45,2.56,0
-4.1,-4.07,5
-1.91,7.61,2
-1.08,-2.74,1
1.32,3.69,0
-6.9,-4.06,5
-0.02,-1.36,1
-1.55,-1.62,1
-0.08,-1.12,1
2.99,0.21,1
1.88,3.53,0
-2.18,7.6,2
-0.9,-2.23,1
-0.54,-2.13,1
-5.34,-4.12,5
-6.86,-2.72,5
6.19,-4.44,4
6.51,-4.2,4
-3.31,8.18,2
-1.25,-2.81,1
-0.37,-2.46,1
1.81,3.55,0
-5.37,-3.31,5
-4.48,-3.46,5
-5.21,0.18,6
-5.42,-3.75,5
-6.3,-3.34,5
-1.28,-2.09,1
-0.84,-2.18,1
-2.43,-2.38,1
-6.29,-3.01,5
6.38,-4.8,4
1.17,3.76,0
0.52,-2.08,1
-0.5,-1.46,1
6.79,-4.25,4
-1.23,-3.13,1
-1.0,-1.77,1
2.61,4.82,0
-3.15,7.93,2
-3.22,8.0,2
6.42,-4.26,4
-6.41,-0.22,6
-0.88,-2.82,1
-0.31,-2.57,1
-0.76,-1.24,1
0.06,-1.71,1
-6.71,-1.69,6
-0.1,-1.47,1
-1.13,-2.17,1
-1.33,-2.87,1
-4.36,-3.17,5
-0.38,-2.31,1
-6.24,-4.1,5
-6.04,-3.84,5
-0.43,-1.42,1
6.2,-4.95,4
4.77,4.4,3
6.59,-4.48,4
-4.46,-2.94,5
-0.83,-2.45,1
-5.31,-3.71,5
1.61,3.99,0
-0.29,-2.37,1
-2.17,7.57,2
6.56,4.69,3
-0.04,-0.99,1
6.15,-4.32,4
-5.76,-3.66,5
6.5,-4.42,4
-1.86,-1.39,1
1.13,3.37,0
-0.86,-1.29,1
-2.12,-1.86,1
-6.8,-2.79,5
-4.9,-3.3,5
-5.12,-3.25,5
-0.94,-1.83,1
-2.03,7.84,2
1.22,3.36,0
6.77,-4.51,4
-2.22,7.74,2
-0.15,-2.52,1
-6.06,-3.33,5
6.77,4.0,3
-0.92,-2.55,1
-0.74,-1.08,1
-0.97,-2.99,1
1.61,3.31,0
5.3,4.61,3
-3.04,8.06,2
-6.46,-3.08,5
-0.52,-2.93,1
-6.48,0.05,6
-0.59,-2.83,1
-1.51,-1.09,1
-0.19,-0.96,0
2.3,2.98,0
-0.25,-0.01,1
7.04,4.65,3
0.66,3.52,0
2.91,0.14,1
4.55,3.17,3
2.04,4.75,0
5.93,-3.68,4
4.48,3.45,3
1.75,2.63,0
3.1,0.38,3
1.18,1.58,0
6.12,-4.39,4
3.88,3.5,3
5.92,-5.11,4
6.66,-4.72,4
-4.56,-0.4,6
2.04,2.87,0
7.26,4.07,3
6.53,-5.04,4
6.58,-4.44,4
4.47,3.74,3
1.71,2.94,0
6.08,3.4,0
-1.64,7.89,2
6.09,-5.16,4
3.72,3.71,0
3.93,3.08,3
-0.25,-0.51,1
-1.86,-2.83,1
7.04,4.72,3
1.92,2.65,0
-1.7,-2.7,0
1.74,3.13,0
6.46,-4.42,4
1.44,3.16,0
2.16,4.69,0
5.31,-4.44,4
-1.52,-1.01,1
-1.13,-0.38,1
3.76,2.85,0
1.71,3.61,0
-6.3,-4.78,5
6.62,-4.4,4
-0.84,-1.3,1
-5.08,-3.98,5
1.56,3.14,0
3.88,2.97,3
1.52,3.66,0
-0.03,-1.99,1
1.16,3.51,0
1.6,3.56,0
6.5,-4.85,4
2.84,0.08,1
-0.36,-0.81,1
1.95,3.35,0
5.45,-4.02,4
-0.46,-0.81,1
-3.25,-3.45,5
0.02,-2.48,1
-1.79,-0.67,1
4.02,3.54,3
2.94,0.38,0
1.78,3.8,0
1.27,2.84,0
3.22,2.59,0
-1.06,-2.29,1
-0.6,-1.36,1
-0.78,-0.91,1
2.26,2.7,0
0.68,3.53,0
7.45,4.2,3
1.48,3.32,0
1.02,4.09,0
4.22,4.17,3
0.9,3.87,0
2.0,4.06,0
6.15,-4.9,4
-5.95,-4.28,5
2.11,3.4,0
0.02,-2.13,1
0.09,-2.47,1
4.37,3.53,3
1.42,3.0,0
6.61,4.98,3
1.83,3.73,0
6.34,-4.81,4
2.42,3.38,0
0.07,-0.69,1
4.62,4.44,3
4.4,3.82,3
-1.28,-3.2,0
5.98,-4.96,4
-5.3,-4.86,5
1.16,3.2,0
5.1,4.71,0
5.9,4.38,3
6.2,-5.12,4
1.08,3.11,0
2.95,0.28,0
1.91,3.34,0
3.05,0.23,3
1.78,3.95,0
-1.78,-2.01,1
2.88,0.45,0
5.72,-4.84,0
2.04,4.05,0
4.47,3.28,3
4.29,3.42,3
5.57,-4.74,4
6.83,-4.45,4
2.4,3.18,0
-6.19,-4.96,5
1.88,2.58,0
-1.15,-1.63,1
1.77,4.69,0
5.18,4.88,3
-0.46,-1.74,1
6.44,-4.78,4
1.98,3.39,0
-3.9,-4.44,5
4.54,3.55,3
-1.19,-1.65,1
6.08,-4.75,4
7.2,3.6,3
4.18,3.75,3
1.61,4.76,0
6.44,3.9,3
6.24,-5.2,4
5.85,5.16,3
-5.71,-4.95,5
2.7,2.83,0
5.61,4.05,3
-2.51,7.76,0
-0.59,-1.61,1
6.28,-4.47,4
2.89,0.44,0
-0.98,-1.82,1
6.42,-4.94,4
0.14,-0.36,1
1.68,3.38,0
-0.68,-0.32,1
1.5,3.1,0
1.56,3.28,0
1.04,-0.75,0
2.84,0.72,0
0.97,3.17,0
1.51,2.95,0
2.29,2.77,0
2.09,2.52,0
4.57,4.89,3
0.18,-2.26,4
0.29,-2.11,1
1.5,3.56,0
4.7,3.84,3
6.39,-4.27,4
0.6,-1.64,1
-0.56,-1.51,1
1.45,3.23,0
-0.1,-2.0,1
-0.5,-0.29,1
1.02,3.07,0
1.57,2.73,0
0.5,-0.6,1
1.22,3.33,0
1.78,3.98,0
5.43,4.36,3
4.76,3.22,3
5.94,-4.48,4
1.38,3.14,0
5.65,4.05,3
5.31,3.64,3
4.38,3.19,3
0.64,-0.52,0
2.57,3.56,0
-0.05,-2.52,1
-0.81,-3.2,1
4.71,4.85,3
-3.54,-3.99,5
1.3,3.9,0
0.82,3.12,0
1.09,3.39,0
1.36,3.98,0
1.35,2.99,0
5.88,4.8,3
-1.99,8.1,2
4.94,4.76,3
4.45,3.93,3
1.58,0.23,0
4.1,3.89,3
-0.61,-0.61,1
2.02,3.02,0
-5.72,-3.74,5
-2.5,-2.5,6
5.12,3.2,3
4.12,3.76,3
-7.05,-3.94,5
1.4,2.48,0
5.59,4.21,3
0.69,-1.71,1
0.41,-1.67,1
-6.43,-4.23,5
5.24,4.25,3
1.82,3.21,0
5.77,3.79,3
2.12,1.45,0
2.15,3.13,0
1.88,1.96,0
-5.93,-4.62,5
1.54,4.64,0
6.52,-3.89,4
4.99,3.6,0
3.29,2.02,0
1.16,3.74,0
-1.24,-1.07,1
4.57,3.29,3
5.89,-3.76,4
1.6,3.6,0
7.52,4.08,3
1.71,4.84,0
5.97,5.05,3
6.94,3.78,3
-6.54,-2.74,5
6.04,-4.66,4
-0.72,-1.49,1
-1.06,-1.5,1
6.21,-4.85,4
1.8,2.85,0
-0.26,-1.52,1
6.44,4.04,3
-0.49,-2.94,1
4.8,2.52,0
2.7,2.86,0
5.1,4.57,3
1.39,3.09,0
-6.18,-4.71,5
1.74,2.82,0
2.19,2.35,0
-5.6,-4.07,5
5.53,5.14,3
1.72,3.44,0
6.81,3.52,3
-1.23,-1.3,1
-6.68,-4.94,5
6.14,-4.65,4
6.35,-4.77,4
1.77,3.32,0
0.64,3.79,0
-6.69,-4.72,5
5.76,-4.34,4
0.57,-1.38,1
1.86,4.54,0
3.9,3.18,3
-0.56,-1.18,1
6.76,-4.1,4
5.63,4.61,3
2.98,0.23,0
0.02,-0.29,0
5.0,3.2,3
-0.73,-2.11,1
-0.78,-0.57,1
-0.9,-1.73,1
0.85,3.85,0
2.3,2.66,0
2.0,4.87,0
1.89,2.47,0
0.86,4.04,0
4.55,3.51,3
1.84,2.9,0
4.57,3.39,3
6.69,4.78,3
-5.99,-3.9,5
2.1,3.25,0
-0.57,-0.99,1
-3.85,-4.09,5
4.87,3.66,3
4.27,3.24,3
-0.57,-1.5,1
4.14,3.51,3
0.59,-0.68,1
-0.11,-2.87,1
1.81,2.45,0
2.12,2.33,0
4.05,4.04,3
6.59,-4.89,4
4.69,4.49,3
2.08,3.48,0
1.78,4.86,0
5.86,-4.82,4
0.8,3.96,0
0.78,3.74,0
1.24,3.04,0
5.05,3.38,3
1.3,3.03,0
6.69,3.6,3
2.19,2.23,0
2.1,3.43,0
4.56,4.14,3
5.14,3.99,3
-1.42,-1.25,1
1.33,3.13,0
1.31,3.32,0
6.41,3.62,3
5.66,-4.4,4
1.67,3.08,0
-2.19,7.93,2
6.41,-4.75,4
-2.74,8.08,2
1.84,4.19,0
5.28,4.26,3
4.78,4.13,0
-6.97,-3.18,5
1.21,3.7,0
1.9,2.72,0
6.17,3.92,3
1.36,3.25,0
6.72,4.22,3
1.73,3.35,0
4.38,3.46,3
6.29,5.06,3
2.16,3.49,0
-0.71,-1.2,1
6.25,3.94,3
0.49,-1.33,1
2.96,-0.0,5
5.65,-4.72,4
1.89,4.46,0
1.98,-0.52,0
2.87,3.03,0
6.76,3.97,3
2.08,2.78,0
3.2,0.71,3
2.97,-0.0,5
6.41,-4.69,4
-5.96,-4.03,5
2.01,2.78,0
1.2,2.52,0
1.62,2.93,0
-1.5,-0.93,1
1.64,0.42,0
4.4,3.23,3
1.6,3.18,0
-0.22,-0.86,1
-1.92,8.17,2
4.51,3.59,3
2.86,0.6,0
-5.95,-4.06,5
1.75,3.64,0
-0.09,-0.99,1
-0.13,-1.12,1
2.27,2.52,0
2.3,2.84,0
-6.61,-5.03,5
3.02,2.78,0
1.39,4.02,0
6.24,4.25,3
2.87,0.75,0
3.05,0.48,3
1.98,3.45,0
4.26,3.52,3
4.62,4.78,0
6.17,3.84,3
1.94,2.5,0
0.4,-0.31,0
-0.49,-1.79,1
1.48,3.02,0
6.76,4.23,3
4.9,4.06,3
4.61,3.68,3
4.05,4.2,3
2.89,0.58,0
-0.22,-0.25,1
5.53,3.98,3
6.94,-3.82,4
4.29,4.09,3
7.27,4.17,3
-1.28,-1.44,1
-6.91,-4.62,5
-0.35,-2.54,1
6.2,-4.84,4
-2.0,-2.71,1
5.38,4.33,3
-1.86,7.56,2
-5.63,-4.82,5
6.79,-4.11,4
0.93,3.2,0
-1.59,-1.35,6
5.67,-4.9,4
4.53,4.33,3
5.0,3.31,3
4.32,3.78,3
1.91,4.45,0
4.58,3.55,3
-6.06,-4.62,5
1.68,3.58,0
1.92,2.94,0
1.78,3.47,0
3.96,4.07,3
1.14,3.25,0
4.64,4.37,3
0.93,3.54,0
6.06,5.16,3
6.14,-4.37,0
1.18,3.69,0
-4.85,-4.8,5
6.68,-4.8,4
1.71,3.28,0
1.3,3.26,0
4.5,4.67,3
1.74,3.02,0
0.06,-0.83,1
-0.18,0.04,1
-1.0,-2.55,1
-0.86,-0.48,1
4.8,3.12,3
-0.94,-1.01,1
4.19,4.08,3
-1.38,-1.89,1
2.48,3.73,0
5.53,3.81,3
6.57,-4.84,4
1.8,3.39,0
-6.03,-4.81,5
6.9,-3.92,4
1.01,3.36,0
0.98,4.01,0
4.45,3.72,3
4.64,4.45,3
6.42,-4.93,4
1.85,2.99,0
0.81,3.36,0
6.63,-4.59,4
6.64,3.3,3
-2.16,7.16,0
6.77,4.83,3
1.68,3.58,0
2.9,0.27,0
-0.31,-0.48,1
4.68,4.89,3
6.53,-4.51,4
6.39,-3.74,4
1.92,2.78,0
4.86,3.75,3
-1.56,-1.78,1
-6.05,-4.44,5
-6.46,-5.15,5
1.34,3.72,0
6.27,3.92,3
3.23,3.3,0
7.0,-4.22,4
0.96,3.74,0
2.13,2.84,0
1.43,2.93,0
-0.66,-2.27,1
4.54,3.26,3
2.15,3.13,0
1.39,3.63,0
1.72,2.8,0
1.57,3.2,0
6.43,5.23,3
1.04,4.06,0
6.02,-4.22,4
-6.37,-4.92,5
-6.64,-5.09,5
0.96,3.6,0
-2.96,7.77,2
-1.44,-1.03,1
1.66,3.54,0
2.15,4.0,0
0.19,-1.49,1
1.52,3.26,0
3.94,3.28,3
4.84,4.66,3
2.58,1.14,0
-6.36,-4.14,5
-1.48,-1.2,1
0.72,3.32,0
5.74,-4.42,4
-0.79,-0.78,1
1.22,4.11,0
-1.1,-1.81,1
-2.76,8.1,2
0.18,-1.1,1
1.05,3.78,0
2.12,3.98,0
6.8,4.94,3
2.08,3.54,0
-0.25,-0.85,1
4.06,3.29,3
-0.48,-1.78,1
4.41,3.56,3
-1.1,-0.98,1
-0.53,-0.32,1
5.17,5.09,3
1.03,3.7,0
4.5,4.37,3
0.33,2.62,1
4.16,3.63,3
2.83,2.34,0
1.96,3.71,0
-5.37,-2.06,6
-4.99,-4.14,5
-4.54,-1.56,6
0.33,0.35,0
6.92,3.55,3
-5.77,-4.64,5
-4.61,-3.62,5
-5.07,-4.62,5
-6.14,-4.85,0
-4.08,-3.81,5
-6.06,-1.43,6
-5.13,-4.29,5
-6.9,-3.81,5
-5.19,-3.22,5
-4.92,-4.6,5
-6.86,-3.78,5
-5.35,-1.25,6
-7.15,-3.38,5
-5.46,-4.65,5
-4.02,-1.27,6
5.55,4.8,0
-6.59,-4.36,5
-6.87,-0.53,6
-5.81,-3.84,5
4.96,4.62,3
1.86,1.8,0
-0.35,-2.31,1
-1.86,-1.6,1
-3.8,-4.27,5
-4.73,-2.41,6
0.96,2.36,0
-4.89,-3.39,5
-6.13,-2.09,6
-5.98,-1.6,6
6.33,5.1,3
-6.0,-3.35,5
-6.73,-4.07,5
5.29,4.04,3
-5.54,-2.06,6
-1.6,-2.47,1
-5.03,-1.51,6
-1.29,-0.73,1
-2.23,7.65,2
-5.72,-3.8,5
-5.3,-4.41,5
-5.51,-4.47,5
6.16,3.66,3
-6.0,-0.18,6
-7.04,-4.08,5
-5.35,-3.52,5
-5.03,-1.91,6
-5.16,-4.38,5
-5.97,-2.63,6
6.55,4.78,3
-6.0,-2.83,5
-1.21,-1.19,1
-1.45,-1.52,1
-6.59,-4.3,5
-2.88,-2.24,5
-5.69,-3.68,5
-5.03,-1.75,6
-5.81,-2.21,6
-7.09,-3.85,5
-0.55,0.29,0
-4.28,-1.66,6
-6.41,-4.37,5
-5.06,-5.04,5
6.07,3.54,0
-6.98,-2.88,5
-6.95,-4.0,5
-4.28,-4.4,5
-4.79,-1.5,6
-6.77,-4.15,5
-4.56,-4.39,5
-6.77,-4.34,5
-6.27,-2.58,5
-5.78,-2.08,6
-4.91,-1.83,6
-6.53,-4.0,5
-5.13,-1.92,6
-4.84,-1.34,6
-5.04,-4.2,5
-1.45,-2.85,1
6.03,3.6,3
-5.51,-1.66,6
-5.16,-3.72,5
-4.38,-1.34,6
-5.81,-4.63,5
-4.22,-1.68,6
-5.95,-1.54,6
-7.13,-3.97,5
-4.91,-4.75,5
-4.9,-1.53,6
-6.94,-4.22,5
-4.71,-1.56,6
-5.09,-4.03,5
-4.65,-1.88,6
3.13,3.04,0
-6.62,-3.66,5
-6.93,-2.44,5
-5.79,-0.1,6
-4.04,-1.36,6
1.43,4.64,0
2.0,3.28,0
-0.77,-0.39,1
-5.38,-4.5,5
-5.83,-3.06,5
-0.68,-1.79,1
-3.74,-1.7,6
-5.76,-1.68,6
-4.37,-4.64,5
-4.62,-4.12,5
-4.63,-4.46,5
-0.9,-1.47,1
-1.24,-2.12,1
-4.74,-2.1,6
0.96,1.94,0
-5.07,-1.66,6
-1.66,-0.98,1
-5.91,-1.54,6
1.2,2.34,0
-4.12,-1.47,6
-4.88,-1.6,6
-6.11,-2.22,5
-6.14,-4.34,5
-1.17,-3.2,1
-5.21,-3.23,5
-4.23,-1.68,6
-5.46,-4.58,5
-4.73,-1.55,6
7.3,4.12,3
-5.35,-3.81,5
-4.95,-1.52,6
-4.19,-4.6,5
-4.57,-4.54,5
-5.99,-3.18,5
-3.96,-4.54,5
-4.25,-1.86,6
-5.73,-4.44,5
-6.99,-4.08,5
-5.54,-1.48,6
-4.95,-1.4,6
-4.39,-4.61,5
-7.04,-3.74,5
6.4,4.29,0
-4.57,-1.4,6
-5.55,-2.93,5
-5.61,-4.98,5
-6.84,-4.57,5
-4.7,-4.2,5
6.24,5.17,3
-5.35,-1.58,6
-4.73,-1.65,6
6.41,4.82,3
1.88,3.55,0
-5.03,-1.6,6
-6.87,-3.63,5
7.18,4.36,3
-4.87,-1.98,6
-5.56,-3.62,5
-4.93,-1.44,6
-1.65,-2.55,1
-5.8,-2.16,5
-0.68,-1.27,1
-6.74,-0.18,6
-4.79,-4.39,5
-5.86,-0.85,6
-6.38,-2.7,6
-0.77,-1.74,1
-5.66,-3.66,5
-5.21,-3.66,5
-5.58,-4.58,5
-6.98,-3.88,5
5.45,5.09,3
-3.98,-1.32,6
-5.46,-1.57,6
-1.19,-1.29,1
-4.86,-3.34,5
-0.99,-2.9,1
-6.61,-3.19,5
-6.33,-1.53,6
-4.46,-1.87,6
-6.86,-2.47,5
-0.81,-1.17,1
-6.75,-3.17,5
-6.03,-4.84,5
-1.17,-2.95,1
-6.16,-1.82,6
-2.53,-2.21,6
-6.8,-3.55,5
-4.39,-4.26,5
-4.86,-1.13,6
1.84,0.89,0
-5.51,-4.92,5
-5.11,-3.35,5
-5.52,-1.19,6
-7.14,-4.2,5
-1.59,-1.34,1
5.38,4.95,3
-5.49,-3.71,5
-5.63,-1.55,6
-5.56,-1.23,6
-6.6,-4.08,5
-1.11,-3.13,1
-4.66,-2.62,6
1.24,3.32,0
-7.05,-3.98,5
-5.52,-1.56,6
6.08,4.16,3
-6.09,-1.24,6
-4.88,-2.14,6
-4.47,-3.77,5
-4.29,-1.62,6
-5.99,-4.01,5
-1.14,-3.27,1
-4.93,0.26,6
-6.97,-3.2,5
-4.17,-3.65,5
-6.17,-5.04,5
-5.81,-1.15,6
-7.09,-3.57,5
5.12,3.58,3
-5.09,-2.0,6
-6.45,-5.09,5
-6.02,-3.87,5
-4.34,-1.91,6
-6.14,-2.93,6
-5.67,-4.44,5
2.17,4.28,0
-4.58,-2.32,6
-6.78,-2.84,6
6.12,4.16,3
-4.6,-2.17,6
-5.43,-4.59,5
-3.77,-4.12,5
-5.72,-3.39,5
-5.9,-4.7,5
-6.82,-3.91,5
-6.15,-2.13,6
-6.11,-4.62,5
-1.56,-3.21,1
-6.8,-2.49,5
-1.07,0.07,1
-5.99,-4.57,5
-6.16,-2.27,5
-6.68,-4.3,5
-3.13,-3.38,1
-4.6,-1.25,6
-2.6,-2.66,6
-1.32,-2.14,1
-5.14,-4.18,5
-4.79,-1.51,6
-2.55,-3.25,0
-4.33,-1.47,6
-1.01,-2.12,1
-7.06,-3.45,5
5.73,4.76,3
7.15,3.86,3
6.23,4.17,0
-6.66,-0.07,6
-5.2,-1.89,6
-6.61,-4.18,5
-5.8,-4.78,5
-6.48,-4.41,5
-1.8,-1.53,1
-6.7,-4.22,5
-5.82,-1.5,6
-1.83,7.6,2
-4.63,-4.36,5
-4.92,-3.46,5
-4.96,-4.72,5
-5.84,-2.05,6
-6.84,-2.67,5
0.06,-0.44,1
-5.86,-4.37,5
2.41,3.67,0
-4.82,-1.41,6
-6.06,-5.08,5
-4.19,-4.6,5
-4.38,-1.58,6
-6.35,-3.82,5
6.3,3.71,3
-3.63,-1.18,6
5.39,-4.86,4
-6.12,-3.33,5
-4.42,-4.46,5
5.06,4.99,0
-6.1,-5.23,5
5.79,3.78,0
5.62,5.22,3
-1.39,-2.5,1
-4.57,-4.32,5
-1.03,-2.52,1
-5.21,-3.51,5
4.86,4.14,3
-1.45,-2.91,1
-5.06,-4.05,5
-6.43,-2.49,5
5.05,4.92,3
-6.98,-2.06,6
-3.8,-4.24,5
6.16,3.92,3
-4.6,-2.49,6
-1.63,-3.4,1
-4.51,-3.29,5
-5.09,-1.46,6
-4.75,-1.6,6
0.3,-1.52,1
6.63,4.93,3
6.45,3.58,3
-6.7,-3.84,5
-6.01,-4.41,5
-4.91,-1.59,6
-5.05,-4.34,5
-6.73,-4.03,5
-5.49,-1.5,6
-4.88,-3.89,5
-5.16,-4.8,5
-4.67,-4.21,5
-5.87,-3.76,5
-6.63,-3.0,5
-4.6,-1.79,6
-4.99,-2.37,6
-0.71,-3.09,1
-5.83,-1.41,6
-4.37,-1.25,6
-1.78,-3.45,1
-4.75,-1.34,6
-4.97,-2.76,5
-6.44,-4.71,5
-4.6,-1.37,6
-4.52,-4.52,5
-5.24,-1.38,6
-4.61,-1.62,6
-4.5,-1.56,6
-1.44,-2.19,1
7.32,4.27,3
-1.87,-1.56,1
1.24,3.49,0
5.65,4.34,0
-5.84,-4.68,5
-1.71,-2.3,1
1.5,3.17,0
-5.49,-3.78,5
-5.5,-1.38,6
-1.86,-1.44,1
-6.01,-3.82,5
-6.22,-4.17,5
-4.45,-2.18,6
-3.54,-3.99,5
5.14,4.58,0
-4.49,-2.24,6
-6.02,-4.62,5
-0.47,-0.65,1
1.11,4.39,0
-4.36,-2.95,6
-2.09,7.95,2
-6.67,-4.49,5
-3.9,-1.43,6
-7.12,-3.92,5
-4.76,-2.06,6
-1.66,-1.94,1
-4.49,-2.76,6
5.78,4.95,3
5.72,5.09,3
-5.51,-3.71,5
-6.8,-3.2,5
-6.86,-3.42,5
-4.99,-1.74,6
-6.49,-4.42,5
-1.06,-1.32,1
-4.5,-3.48,5
-6.06,-1.32,6
-4.94,-2.25,5
7.14,4.57,3
-6.86,-4.32,5
-6.66,-2.46,5
-4.41,-1.46,6
-4.73,-1.41,6
-1.34,-0.91,1
-0.83,-2.66,1
-4.76,-4.6,5
0.99,2.88,0
-6.77,-2.66,5
-1.91,-2.3,1
-4.44,-1.63,6
5.27,4.56,3
5.23,3.59,3
-6.1,-4.4,5
-3.91,-1.29,6
6.14,3.76,3
4.48,3.77,3
-5.03,-2.06,6
5.95,4.53,3
-5.09,-1.56,6
-5.08,-1.55,6
-6.46,-2.96,5
1.58,3.72,0
-7.04,-2.36,6
-7.1,-3.92,0
-5.02,-1.43,6
-6.17,-5.2,5
5.19,4.74,3
-6.0,-1.61,6
-5.2,-2.06,6
-6.1,-1.36,6
-5.29,-1.66,6
-5.71,-4.04,5
-3.27,-3.94,5
-6.49,-4.95,5
1.89,4.78,0
6.74,-4.17,4
-5.09,-4.58,5
-5.43,-1.25,6
-4.41,-1.5,6
-5.24,-1.14,6
-5.07,-3.2,5
-4.54,-1.71,6
-0.71,-2.81,1
-4.88,-1.61,6
-4.93,-2.66,6
-4.2,-1.42,6
-3.86,-1.23,6
-6.11,-4.33,5
-1.18,-2.85,1
-6.31,-2.51,5
-5.13,-1.36,6
-4.34,-1.31,6
-4.46,-4.61,5
-7.15,-3.08,5
-5.47,-1.66,6
-6.0,-4.85,5
-4.19,-1.7,6
-5.69,-2.01,6
6.34,3.47,3
-0.83,-2.63,1
-4.7,-1.23,6
-3.93,-4.29,5
-6.96,-4.14,5
-4.83,-1.3,6
-5.39,-3.62,5
-5.32,-4.26,5
-6.63,-3.1,5
-4.56,-1.49,6
-5.24,-1.52,6
-4.26,-4.06,5
-5.66,-3.85,5
-1.66,-2.62,1
-5.45,-1.58,6
5.71,3.01,3
-6.78,-3.85,5
-4.47,-1.89,6
-1.71,-1.1,1
-5.68,-1.84,6
-5.08,-1.32,6
4.61,4.07,3
5.74,4.82,3
-4.95,-1.66,6
-7.02,-2.42,5
-1.8,-2.1,1
-5.5,-1.43,6
-5.34,-1.45,6
-6.38,-4.21,5
-5.16,-1.78,6
-4.85,-1.83,6
-5.72,-1.74,6
4.84,4.5,3
6.2,3.88,3
-4.29,-3.89,5
-4.87,-4.61,5
-5.93,-4.76,5
-3.48,-1.51,1
-1.42,-1.31,1
-5.42,-1.1,6
-1.78,-1.89,1
-4.82,-1.64,6
-4.75,-4.22,5
-7.1,-3.91,5
-5.92,-2.02,6
-3.0,-2.61,5
-2.07,-0.83,1
-6.12,-2.22,5
-6.74,-4.32,5
-6.91,-3.25,5
-4.11,-4.11,5
-5.44,-2.02,6
-6.78,-3.98,5
-0.32,-1.66,1
-6.27,-3.41,5
-6.07,-2.98,5
0.55,0.09,0
-5.3,-1.56,6
-4.83,-1.77,6
-6.26,-5.01,5
-4.65,-4.36,5
-0.96,-2.44,1
7.28,4.39,3
-5.57,-1.36,0
-5.07,-4.91,5
-5.58,-5.05,5
5.77,5.17,3
-5.44,-4.38,5
-6.64,-4.77,5
5.77,3.92,3
-4.7,-1.42,6
-4.31,-1.36,6
-4.3,-2.61,6
-5.86,-1.83,6
-6.37,-3.58,5
-0.34,-0.98,1
5.57,4.35,3
-5.09,-1.52,6
-4.66,-2.03,6
-4.49,-4.48,5
2.53,3.83,0
-6.02,-2.34,6
-5.58,-1.41,6
-5.95,-4.84,5
-4.22,-1.96,6
4.73,4.76,3
-4.55,-1.83,6
-4.5,-1.87,6
5.88,5.3,3
-5.33,-3.79,5
-6.2,-3.42,5
-4.72,-2.99,5
-5.24,-1.53,6
-5.46,-1.51,6
-5.1,-1.48,6
-6.33,-4.46,5
-4.72,-1.34,6
-5.76,-1.52,6
-5.0,-1.52,6
-4.12,-4.24,5
-3.21,-3.54,1
-4.12,-3.74,5
-6.24,-4.51,5
-6.63,-1.74,6
-4.87,-1.45,6
-4.61,-1.95,6
-2.14,-0.81,1
-4.67,-0.9,0
-6.01,-1.33,6
-5.79,-1.72,6
1.09,4.34,0
-5.75,-1.24,6
-4.89,-1.59,6
-6.02,-3.99,5
-6.53,-3.08,5
-7.0,-2.44,5
-5.09,-3.52,5
0.97,3.51,0
-3.73,-3.6,0
-4.07,-3.36,5
-4.06,-4.53,5
-6.89,-1.33,6
-6.1,-4.03,5
1.53,1.36,0
-5.34,-1.35,6
-4.19,-4.38,5
1.54,4.1,0
-0.15,-0.73,1
-5.18,-4.44,5
-4.89,-2.27,6
-4.96,-1.18,6
-1.54,-0.61,1
-6.68,-1.49,6
-4.86,-1.84,6
-4.25,-4.36,5
5.68,5.12,3
-4.95,-2.06,6
5.48,4.83,3
-0.52,-0.62,1
-5.36,-1.83,6
-3.42,8.16,2
-6.62,-4.21,5
6.46,4.27,3
-4.89,-2.04,5
-4.05,-1.4,6
-6.44,-1.15,6
-5.3,-1.6,6
-4.89,-3.89,5
-5.58,-4.44,5
-1.42,-1.22,1
-6.53,-4.27,5
1.35,3.99,0
-6.47,-3.67,5
-5.46,-1.78,6
-6.11,0.01,6
-3.98,-4.35,5
-7.15,-3.36,5
-4.33,-1.19,6
-4.66,-1.15,6
-1.81,-1.21,1
-1.49,-1.35,1
-1.9,-1.36,1
-0.38,-2.58,0
5.8,-4.59,4
-5.33,-4.97,5
-6.0,-4.58,5
-1.87,7.75,2
-5.2,-1.9,6
-6.83,-3.16,5
-5.99,-4.87,5
0.68,2.74,0
5.89,-4.42,4
5.9,-4.94,4
6.48,3.73,3
3.47,3.07,0
-2.07,-1.06,5
-1.92,7.54,2
1.9,-0.57,1
-2.01,7.4,2
-1.77,7.47,2
-3.3,7.98,2
-7.1,-3.52,5
2.1,2.75,0
6.79,3.9,3
1.0,3.61,0
-2.27,7.73,2
6.26,-4.0,4
5.12,3.24,3
-1.58,8.3,2
3.8,3.07,0
-6.08,-4.48,5
6.2,-4.88,4
0.28,-0.21,1
1.98,0.76,1
6.63,-4.51,4
0.17,-2.04,1
-6.8,-4.47,5
6.23,-4.4,4
-1.81,7.4,2
0.64,3.72,0
-3.2,-3.9,1
-1.77,8.13,2
-5.71,-3.02,0
-2.17,8.15,2
0.8,4.01,0
-1.85,8.27,2
-1.07,-2.39,1
6.25,-4.68,4
1.16,2.6,0
-2.02,7.96,2
-6.89,-3.88,5
-1.8,8.18,2
-6.78,-3.19,5
-6.26,-4.82,5
5.55,-4.12,4
-6.65,-4.57,5
5.79,4.25,3
-4.07,-4.45,5
-2.0,7.81,2
-6.17,-5.15,5
6.52,-3.74,4
-2.12,7.76,2
5.86,-4.75,4
4.45,3.75,3
5.92,-3.95,0
-2.19,7.34,2
5.27,3.77,3
-1.16,-0.87,1
6.29,-4.27,4
3.22,3.27,0
-6.23,-4.92,5
-5.92,-5.29,5
-6.33,-4.58,5
-6.41,-4.8,5
-6.74,-4.34,5
-6.26,-3.52,5
-2.04,7.64,2
-3.73,-4.27,5
0.63,-0.45,1
-2.28,-3.1,1
6.22,-4.82,4
-0.01,0.2,0
-2.72,-1.89,1
-6.33,-5.31,5
6.66,-4.09,4
-6.6,-4.44,5
-6.83,-2.96,5
-6.64,-4.82,5
2.6,2.18,0
-1.49,7.85,2
-0.88,-2.07,1
-0.56,-0.66,1
-3.91,-4.18,5
-1.64,7.65,2
-5.63,-4.07,5
0.66,2.79,0
-1.71,-3.38,0
6.17,-5.15,4
-1.45,-2.55,1
-5.45,-3.6,5
-6.81,-4.14,5
-1.81,-2.01,1
1.47,0.25,0
7.37,4.02,3
-0.07,-0.66,1
6.75,-5.05,4
-1.47,8.36,2
-1.16,-1.99,1
6.09,-3.96,4
-4.85,-2.55,6
-4.61,0.06,6
1.11,3.66,0
5.12,3.98,3
-0.22,-3.03,1
5.73,-4.99,4
-4.68,-0.02,6
-6.21,-4.24,5
-1.73,7.46,2
-0.37,-2.0,1
2.95,0.08,5
6.32,5.17,3
-2.06,8.33,2
-0.35,-0.86,1
-6.45,-5.04,5
-6.82,-4.04,5
-1.86,8.03,2
-2.05,-1.58,1
-4.81,0.46,6
-6.22,-3.64,5
-5.69,-4.57,5
0.21,-1.16,1
1.49,2.63,0
6.45,3.05,0
-2.42,7.67,2
2.93,0.1,1
-0.22,-0.74,1
-2.48,-1.97,1
-6.43,-4.95,5
-6.73,-2.66,5
-5.13,-4.73,5
-1.9,-1.39,1
-7.3,-3.12,5
5.92,-4.48,4
-1.81,8.22,2
-6.8,-2.58,6
-1.82,8.35,2
-1.4,8.23,2
-1.91,8.14,2
-1.54,7.83,2
-6.01,-4.85,5
5.93,-4.66,4
2.19,3.04,0
7.4,4.37,3
0.8,3.76,0
-1.97,-1.58,1
0.63,-0.36,1
-0.62,-0.43,1
-0.39,-1.7,1
0.29,-1.88,1
-2.99,8.3,2
-6.52,-4.2,5
-1.07,-0.55,1
-1.66,7.61,2
-6.26,-4.55,5
4.25,3.32,3
-6.85,-2.91,5
5.9,-4.2,4
-0.66,-3.01,1
-1.1,-1.45,1
5.36,-4.33,4
6.71,-3.88,4
-1.26,-0.81,1
4.01,3.49,3
-4.67,-0.59,6
-2.21,7.86,2
-0.72,-2.0,1
-0.39,-0.02,1
5.58,-4.67,4
-5.27,-4.81,5
-5.77,-4.94,5
5.23,-4.12,4
-6.79,-4.16,5
-0.12,-0.26,1
0.46,-0.43,0
0.38,2.32,0
5.57,-4.31,4
-0.9,-0.42,1
6.03,-4.76,4
-6.41,-4.9,5
2.61,3.17,0
1.88,3.82,0
-7.11,-3.94,5
-6.17,-2.9,5
6.22,-4.26,4
-4.88,-3.39,5
-3.64,-2.57,1
-5.85,-4.38,5
-1.23,-0.59,1
0.31,-0.04,1
-1.88,8.38,2
5.74,-4.07,4
-6.28,-4.49,5
0.12,-1.62,1
-2.03,8.02,2
-2.9,7.85,2
-6.97,-4.78,5
-5.86,-4.76,5
-5.78,-4.84,5
3.02,0.05,5
6.0,3.03,3
-5.79,-4.24,5
0.36,0.27,0
5.63,-4.4,4
-4.95,-3.36,5
-1.72,7.74,2
5.08,-4.77,4
-6.7,-4.28,5
-5.68,-4.46,5
6.35,-4.25,4
-1.61,8.14,2
-6.58,-3.54,5
-1.96,7.88,2
-1.52,8.2,2
-0.59,-0.19,1
-6.73,-5.13,5
1.09,3.59,0
-1.43,-1.26,1
-3.31,-2.22,5
-6.71,-2.12,5
2.92,0.08,4
6.41,-4.73,4
1.69,2.38,0
0.31,-0.52,1
-1.89,8.12,2
-1.97,8.1,2
-6.99,-2.28,5
-2.21,7.8,2
-5.82,-4.39,5
2.83,2.67,0
5.25,-4.64,4
7.26,3.62,3
2.17,2.86,0
5.54,-3.9,4
-6.19,-5.15,5
-7.11,-4.26,5
-1.7,8.28,2
5.53,-4.64,4
-5.65,-4.83,5
-7.17,-3.43,5
-2.08,-2.01,1
6.57,3.63,3
0.29,-1.11,0
-3.2,-3.95,5
-1.7,8.02,2
-2.28,7.84,2
-6.13,-4.65,5
-6.34,-4.36,5
0.73,3.43,0
-5.58,-1.55,6
7.33,4.24,3
-1.96,-1.24,1
4.5,3.79,3
-0.61,-1.45,1
6.7,-4.49,4
7.09,4.11,3
-0.98,-1.11,1
-2.32,7.97,2
-0.72,-1.59,1
6.03,-3.4,4
7.08,3.58,3
5.3,-4.68,4
-0.63,-0.55,1
6.94,-4.54,4
5.28,4.68,0
5.55,-4.58,4
-4.86,-3.86,5
-4.66,0.21,6
-1.0,-0.65,1
-6.48,-4.7,5
2.22,2.47,0
-1.73,8.31,2
-2.39,7.88,2
4.89,-4.46,4
6.17,-4.62,4
4.56,3.33,0
-1.57,8.3,2
-5.78,-4.93,5
-6.88,-3.83,5
3.68,3.42,0
4.3,3.6,3
-6.7,-4.34,5
-6.56,-2.84,5
-2.97,7.97,2
-5.97,-4.01,5
-6.68,-4.59,5
0.71,2.28,0
-4.6,-4.51,5
-3.54,-4.02,5
1.17,4.15,0
4.21,3.34,3
1.31,2.84,0
-5.72,-4.56,5
-4.15,-3.36,5
5.96,4.05,3
-6.86,-4.06,5
-2.2,8.09,2
-7.27,-4.22,5
-2.1,8.1,2
-5.79,-4.99,5
-0.43,-1.46,1
-0.01,-0.62,1
6.67,-3.63,4
5.58,3.48,3
-1.76,8.02,2
-1.48,-0.58,1
-3.32,8.15,2
-6.54,-2.91,5
-0.92,-1.76,1
-1.73,7.42,2
-2.16,-1.57,1
-6.82,-4.92,5
6.0,-3.77,4
2.52,3.24,0
1.58,4.9,0
4.83,4.3,3
5.37,-4.86,4
-3.11,8.12,2
-5.79,-4.06,5
-6.86,-4.88,5
-2.18,7.93,2
-2.59,7.68,2
1.19,3.67,0
-1.86,8.13,2
-1.73,8.4,2
-6.19,-4.98,5
3.94,3.36,3
0.45,0.1,0
-1.5,8.35,2
-0.1,-0.59,1
-2.13,-1.51,1
-5.75,-4.88,5
-6.77,-4.11,5
0.35,-0.58,1
-0.89,-1.23,1
0.47,-1.87,1
5.6,-4.56,4
-6.12,-5.01,5
-6.51,-0.09,6
6.08,-3.63,4
-2.24,7.62,2
-6.22,-4.26,5
2.08,2.16,0
6.41,-4.61,4
-6.23,-4.8,5
0.66,-1.53,1
0.68,-0.28,0
6.39,-4.2,4
-6.49,-5.04,5
-6.2,-4.69,5
2.32,2.47,0
-1.81,8.3,2
5.99,4.48,3
-5.49,-5.0,5
1.54,4.83,0
6.61,5.03,3
3.02,0.06,5
-1.42,7.98,2
-7.16,-4.42,5
0.42,-0.37,0
-4.15,-1.45,6
6.43,-4.79,4
-3.18,-3.54,5
6.27,-3.48,4
4.22,3.38,3
6.3,3.93,3
-1.93,8.01,2
-0.38,-0.89,1
6.87,4.66,3
-3.61,-2.37,5
1.8,3.57,0
-1.94,7.32,2
6.36,-4.52,4
6.3,-3.63,4
-6.99,-4.27,5
5.59,-4.9,4
6.0,3.42,3
-6.61,-3.9,5
-6.54,-3.98,5
0.03,-0.52,1
-2.84,-1.09,6
6.37,4.5,3
7.34,4.5,3
-1.68,8.47,2
-6.21,-5.04,5
-0.3,-2.69,1
0.1,-0.18,1
-7.29,-3.19,5
-1.73,8.29,2
-5.58,-5.02,5
-5.21,-4.18,5
-0.39,-0.3,1
-6.05,-4.9,5
-1.76,-1.08,1
0.31,2.51,0
4.6,4.11,3
6.38,-4.96,4
6.29,3.29,3
-2.16,7.96,2
-2.03,-3.18,1
-7.34,-3.22,5
0.22,-0.31,1
-2.07,7.58,2
-6.02,-4.05,5
-6.9,-4.49,5
-0.76,-2.9,1
4.83,-4.15,4
-3.67,-4.19,5
-2.37,7.88,2
-5.98,-4.24,5
-1.84,8.12,2
-2.0,7.66,2
7.34,4.26,3
1.18,2.5,0
4.85,3.94,0
6.37,2.94,3
-0.8,-2.81,1
-5.86,-4.83,5
-6.93,-4.89,5
-1.78,8.23,2
-6.01,-4.99,5
-6.52,-4.52,5
0.3,-1.74,1
-1.93,-2.51,0
-6.6,0.04,6
5.4,-4.92,4
-1.01,-1.83,1
0.16,-0.59,1
-0.05,-3.07,1
-7.11,-4.16,5
6.46,-4.5,4
5.84,-4.82,4
-7.39,-2.82,5
5.98,-4.73,4
4.36,3.64,0
-1.39,-1.98,1
-5.99,-5.03,5
-6.54,-4.27,5
-5.91,-4.39,5
-2.14,8.08,2
-2.85,7.98,2
-6.27,-5.19,5
-1.69,8.4,2
-6.9,-4.24,5
-1.25,-1.64,1
5.47,3.36,0
-1.82,-1.58,1
6.4,-3.88,4
5.77,-5.2,4
-3.04,7.86,2
-3.31,-3.9,5
7.32,3.59,3
-1.96,8.0,2
6.8,-3.87,4
-1.23,-2.18,1
6.92,-3.92,4
-0.09,-0.38,1
-7.28,-3.0,5
-6.93,-4.56,5
-1.23,-0.69,1
6.93,-4.15,4
-6.76,-2.83,5
-1.62,8.51,2
6.15,-4.9,4
5.45,-4.85,4
-0.02,-2.97,1
-0.53,-0.67,1
-5.91,-4.51,5
1.01,3.43,0
-6.74,-2.95,5
3.23,2.58,0
0.48,0.83,1
-6.28,-5.02,5
-5.99,-5.03,5
1.05,2.98,0
-2.94,-3.91,1
7.39,4.4,3
-1.88,8.31,2
6.7,-4.42,4
-7.18,-2.83,5
6.88,4.36,3
6.66,4.16,3
-0.52,-2.75,1
6.42,4.55,3
7.36,3.61,3
5.61,4.67,3
1.21,3.65,0
-0.36,-0.72,1
6.92,3.33,3
1.98,3.22,0
6.32,4.21,3
7.4,3.88,3
-1.33,-1.8,1
0.98,2.99,0
1.92,3.32,0
-6.74,-4.2,5
-6.15,-4.58,5
5.9,3.82,3
1.46,3.36,0
1.68,3.11,0
1.41,3.13,0
7.19,4.32,3
0.92,3.1,0
-6.22,-4.61,5
-5.97,-4.51,5
6.74,4.95,3
6.42,-4.21,4
5.32,4.57,3
-0.11,-1.88,1
6.53,-4.44,4
-1.76,8.08,2
-1.26,-1.58,1
5.33,4.16,3
3.25,3.72,0
-0.51,-1.66,1
6.22,-3.62,4
7.44,3.79,3
0.21,-1.96,1
-2.04,7.68,2
1.56,3.82,0
6.91,4.25,3
2.78,-0.03,1
-1.95,7.58,2
7.06,3.95,3
7.15,3.59,3
7.46,3.88,3
7.21,3.53,3
1.64,3.43,0
6.44,-3.73,4
-5.66,-3.71,5
-1.69,-1.06,1
7.19,4.03,3
1.62,3.21,0
5.87,-4.31,4
-0.98,-2.18,1
7.02,3.35,3
1.33,3.02,0
-0.05,-0.72,1
-1.46,-0.93,1
-1.49,-1.9,1
7.06,4.39,3
5.65,4.7,3
6.87,3.9,3
-6.05,-4.49,5
5.3,3.84,3
6.2,-3.41,4
-6.32,-4.54,5
7.43,3.8,3
1.66,3.51,0
6.56,-4.29,4
-5.03,-4.32,5
-1.85,-1.12,1
2.86,0.35,0
5.18,3.27,3
6.46,-4.86,4
6.26,4.05,3
-0.48,-0.69,1
1.45,3.52,0
-0.84,-1.9,1
4.42,3.12,3
0.02,-2.95,1
-0.89,-2.86,1
6.73,3.26,3
6.92,4.22,3
2.19,2.93,0
0.73,2.45,0
-5.82,-4.52,5
-5.9,-4.35,5
-2.26,-1.32,1
1.32,3.76,0
-4.06,-2.9,5
-6.35,-4.62,5
1.26,2.97,0
2.59,-0.17,1
4.94,-3.72,1
7.04,3.64,3
0.19,-2.1,1
3.64,3.77,0
1.2,2.89,0
1.84,4.03,0
-0.92,-1.29,1
7.26,4.36,3
-5.72,-4.63,5
1.17,3.8,0
1.81,3.18,0
6.67,4.05,3
7.2,4.53,3
1.38,2.98,0
7.02,3.86,3
7.29,4.31,3
6.16,4.03,3
2.09,2.87,0
3.08,0.24,3
-0.32,-1.85,1
6.71,4.03,3
-6.27,-4.05,5
0.02,-1.58,1
1.96,3.3,0
1.69,2.27,0
-5.87,-4.03,5
0.5,-1.5,1
1.16,4.28,0
1.76,4.17,0
2.1,3.24,0
4.91,4.68,0
4.62,3.25,3
6.94,3.54,3
-0.76,-0.95,1
6.27,3.12,3
1.87,3.14,0
6.58,3.86,3
0.19,-1.5,1
-5.62,-4.22,5
5.15,4.74,3
1.66,3.74,0
-6.9,-4.0,5
6.41,-5.16,4
-4.99,-0.17,6
5.62,-3.68,4
1.99,4.82,0
1.72,4.8,0
-1.38,-1.3,1
6.86,4.47,3
-1.38,-2.03,1
6.72,4.25,3
-2.34,7.66,2
2.0,3.45,0
-1.82,-1.65,1
-0.84,-0.99,1
-1.31,-1.32,1
2.08,3.35,0
-1.99,7.82,2
1.65,2.56,0
-1.82,8.25,2
-6.05,-4.3,5
-5.74,-3.9,5
1.0,0.47,0
4.68,3.42,3
2.88,0.5,0
-0.3,-2.72,1
-6.47,-3.53,5
-1.15,-2.14,1
-6.56,-4.29,5
-0.27,-3.12,1
-1.44,-0.96,1
5.77,4.33,3
-2.26,7.56,2
6.38,4.26,3
-0.36,-0.15,1
0.07,-2.46,1
6.98,4.46,3
6.74,4.44,3
1.29,3.07,0
-2.1,-1.33,1
1.7,3.71,0
-0.78,-0.48,1
1.86,3.76,0
-0.66,-2.73,1
-0.06,-2.29,1
1.44,3.28,0
-1.28,-2.59,1
2.33,-0.36,1
7.0,4.07,3
6.81,3.36,3
-1.65,-1.49,1
7.4,4.09,3
2.23,2.8,0
-1.32,-1.79,1
2.44,1.72,0
0.75,3.57,0
-7.12,-3.57,5
-6.39,-4.94,5
3.15,0.32,3
-1.66,8.43,2
1.86,4.71,0
1.15,3.9,0
-0.67,-0.5,1
7.27,4.7,3
-1.65,-3.2,1
1.38,3.01,0
-6.89,-3.71,5
6.46,4.28,3
1.79,3.24,0
1.65,3.05,0
-1.45,-0.89,1
0.82,4.01,0
5.99,3.64,3
-5.67,-4.93,5
2.13,4.91,0
1.01,3.82,0
-3.52,-3.75,5
2.81,3.26,0
2.05,4.74,0
1.86,3.36,0
-6.54,-4.42,5
-1.8,8.08,2
-6.87,-4.74,5
-0.51,-3.07,1
-2.14,8.12,2
-6.14,-4.34,5
-0.08,-1.97,1
1.51,0.82,1
7.25,4.29,3
-5.51,-4.61,5
-0.54,-1.43,1
-0.21,-0.82,1
1.65,3.34,0
0.73,3.36,0
7.07,4.02,3
1.79,2.76,0
-0.04,-1.65,1
7.17,3.49,3
-1.42,-1.28,1
7.01,3.68,3
-0.07,-1.57,1
0.88,3.63,0
-6.09,-4.5,5
1.56,3.28,0
7.05,4.26,3
0.3,-0.6,1
3.0,0.1,5
6.13,4.5,3
6.08,4.4,3
0.32,-0.78,1
-6.73,-4.77,5
1.39,3.96,0
6.93,3.21,3
1.97,1.94,0
6.95,3.76,3
2.97,0.06,4
6.51,3.94,3
0.65,-1.39,1
-6.37,-4.24,5
7.38,4.3,3
-6.02,-3.89,5
1.53,3.27,0
6.87,4.1,3
-6.3,-4.84,5
-0.98,-1.12,1
-1.53,-2.2,1
0.09,-0.99,1
0.76,3.68,0
1.73,3.26,0
5.99,3.88,3
-5.59,-4.31,5
1.82,3.16,0
1.51,2.74,0
-1.24,-1.64,1
2.02,2.4,0
6.74,4.11,3
-6.63,-4.77,5
-1.84,8.17,2
-7.09,-4.33,5
-6.81,-4.42,5
0.72,3.52,0
6.35,4.06,3
-1.32,-1.92,1
2.82,-0.04,1
5.14,3.54,3
-6.98,-2.95,5
1.14,3.83,0
5.92,-4.53,4
4.35,5.26,0
1.75,4.79,0
7.01,3.59,3
6.94,3.59,3
-5.12,-4.79,5
6.69,4.33,3
2.88,-0.1,5
1.26,3.24,0
2.19,3.06,0
0.47,0.96,0
-1.11,-2.87,1
6.07,3.76,3
1.78,4.01,0
6.8,4.36,3
1.64,4.27,0
6.6,3.82,3
6.8,4.35,3
7.02,3.76,3
2.2,3.58,0
-0.18,0.3,1
6.5,4.47,3
-0.95,-0.71,1
-6.83,-3.1,5
7.04,4.32,3
2.07,3.14,0
5.94,-4.88,4
7.15,3.68,3
1.89,3.1,0
4.24,4.24,0
6.61,3.49,3
0.9,3.06,0
1.38,3.12,0
-0.21,-0.56,1
-1.55,-2.17,1
6.41,4.38,3
-1.24,-2.11,1
6.01,3.97,3
-1.12,-1.84,1
-5.82,-4.25,5
1.6,2.89,0
1.9,3.78,0
6.98,4.55,3
-6.15,-4.1,5
5.91,3.0,3
1.07,3.16,0
1.34,3.82,0
0.46,-1.55,1
0.98,3.52,0
5.57,-5.21,0
6.68,4.39,3
-0.89,-0.57,1
5.89,3.5,3
6.98,3.69,3
-0.61,-1.38,1
-6.7,-4.72,5
6.93,3.98,3
0.86,3.62,0
6.88,3.69,3
-1.0,-2.32,1
6.06,4.02,3
1.5,4.23,0
6.01,3.95,3
6.55,4.65,3
2.1,4.02,0
7.47,3.96,3
-5.97,-3.79,5
6.24,4.46,3
2.02,3.07,0
7.27,3.73,3
5.42,3.4,3
-0.84,-3.12,1
-1.86,-1.92,1
-1.24,-0.71,1
1.65,3.32,0
-0.75,-1.72,1
6.12,3.32,3
4.6,4.33,3
0.7,3.88,0
6.89,-4.13,4
-5.74,-3.76,5
2.04,3.17,0
-5.65,-4.47,5
5.9,-3.98,4
1.23,3.33,0
-1.19,-2.65,1
-0.73,-1.41,1
-5.93,-4.47,5
-2.48,-3.61,0
-6.57,-5.26,5
-4.88,-4.61,5
1.54,3.87,0
6.64,-4.35,4
2.92,3.41,0
-1.44,-1.74,1
0.98,3.18,0
-0.54,-0.47,1
-6.02,-4.34,5
-0.14,-0.81,1
-0.79,-2.62,1
6.64,4.27,3
1.61,4.21,0
-5.41,-4.84,5
6.2,3.77,3
5.3,4.05,3
-1.06,-1.54,1
4.64,3.1,3
-5.11,-4.95,5
5.83,4.31,3
-1.77,7.88,2
6.8,3.7,3
1.32,3.4,0
7.28,3.81,3
6.99,3.49,3
-6.29,-4.87,5
1.79,3.07,0
7.0,3.74,3
-5.53,-4.35,5
-6.93,-3.56,5
-1.59,-1.81,1
-5.36,-4.46,5
4.56,3.72,3
7.03,4.39,3
-6.84,-4.04,5
1.43,2.49,0
6.38,4.8,3
6.85,4.32,3
6.66,4.35,3
6.34,3.52,3
0.2,-0.73,1
2.0,3.36,0
1.6,3.78,0
7.06,3.36,3
-1.27,-2.58,1
6.07,4.72,3
-0.07,-1.33,1
1.37,3.58,0
1.53,4.86,0
5.2,3.6,0
2.61,0.43,0
-1.24,-3.27,1
2.05,3.64,0
5.86,-5.11,4
-3.04,-3.86,1
-1.57,-1.56,1
7.31,3.81,3
-6.41,-4.6,5
0.29,-2.06,4
-0.78,-1.63,1
7.1,3.28,3
6.94,3.45,3
-1.44,-0.87,1
1.51,3.74,0
4.83,5.17,3
-7.16,-3.55,5
-2.31,-1.88,1
-1.94,-1.99,1
-1.92,7.49,2
-6.0,-3.38,5
-0.23,-1.34,1
0.02,-0.82,1
7.13,4.71,3
6.48,-5.14,4
0.8,3.79,0
0.66,-0.73,1
-1.46,-2.17,1
7.22,4.03,3
-5.91,0.09,6
-3.51,8.12,2
0.54,-2.22,1
1.65,2.72,0
-1.57,8.04,2
-1.73,-1.17,1
-0.23,-0.0,0
1.23,3.1,0
-6.42,-5.07,5
5.9,-3.53,4
-7.02,-3.15,5
-1.68,8.49,2
-1.38,7.86,2
-1.8,7.32,2
-4.92,0.5,6
6.55,-4.21,4
-6.05,-5.28,5
-6.22,-3.84,5
0.8,3.48,0
-0.32,-1.04,1
-6.09,-5.03,5
-0.82,-2.34,1
6.29,-5.01,4
-4.51,-4.13,5
-1.8,7.94,2
-2.09,-1.37,1
-1.19,-3.23,1
1.89,2.84,0
-5.87,-4.51,5
2.44,2.79,0
5.54,-4.14,4
5.98,-4.7,4
0.19,-0.86,1
0.05,-0.34,1
-0.99,-3.21,1
5.56,-4.7,4
0.83,-0.13,1
0.1,-1.32,1
-1.53,8.16,2
6.31,3.54,3
-1.45,7.85,2
-1.32,-0.56,1
-0.04,-2.76,5
-1.46,-0.27,1
6.84,3.08,3
7.38,3.68,3
-1.25,-1.98,1
-3.27,7.87,2
-6.04,-5.34,5
0.67,-2.36,1
-3.1,8.05,2
7.03,-4.57,4
1.58,4.19,0
-1.23,-1.42,1
5.31,3.93,3
-1.68,8.05,2
-6.64,-5.26,5
-2.14,7.57,2
-1.02,-1.09,1
-1.64,-2.22,1
-2.31,-0.6,1
3.38,2.91,0
0.51,3.37,0
5.64,-4.06,4
1.36,3.69,0
-1.84,7.32,2
4.63,3.62,3
5.81,-4.22,4
-1.55,7.75,2
-0.92,-1.13,1
4.85,4.22,3
6.38,-4.37,4
0.44,-1.92,1
6.73,3.21,3
-1.68,-2.15,1
-0.73,-2.41,1
-1.77,7.9,2
-0.65,-1.87,0
7.45,3.6,3
-1.52,-0.8,1
-6.39,-5.31,5
3.5,2.3,0
5.44,2.98,3
-3.24,8.01,2
0.22,-0.39,1
5.25,3.8,3
5.88,-4.62,4
2.26,0.95,0
-1.83,-2.64,1
6.13,3.15,3
0.12,-1.59,1
-6.23,-4.26,5
-0.52,-2.64,4
6.82,-4.36,4
-2.11,-2.32,1
-6.32,-3.69,5
-1.35,-1.04,1
1.82,3.83,0
-1.8,7.21,2
-4.03,-3.54,5
0.34,-1.28,1
6.39,-4.94,4
5.39,4.45,3
0.29,-0.28,0
-1.78,-1.8,1
-4.03,-2.77,5
0.6,-1.56,1
1.98,2.89,0
-0.86,-0.95,1
6.87,-4.01,4
0.66,-0.33,1
-6.2,-4.19,5
-0.52,-0.22,1
0.31,-0.86,1
-1.7,-0.67,1
-1.38,-2.95,1
2.48,3.44,0
0.04,-2.64,1
0.04,1.3,1
1.26,0.3,0
-3.3,7.97,2
-2.57,-2.31,1
1.74,2.98,0
5.96,-4.4,4
-6.46,0.11,6
3.82,2.77,0
4.69,4.14,3
-6.06,-3.83,5
-0.92,-0.8,1
6.64,-4.52,0
6.54,-4.5,4
6.06,-3.91,4
4.64,-4.29,1
-2.05,-1.56,1
4.84,4.1,3
-2.34,-1.15,1
0.48,-2.08,1
2.04,3.31,0
-0.94,-0.53,1
-0.89,-0.81,1
1.25,2.41,0
-1.79,-0.65,1
5.62,-3.86,4
1.76,3.0,0
-0.82,-0.61,1
-4.76,-4.14,5
-3.35,8.16,2
5.52,-3.8,4
-1.71,-1.9,1
-1.6,-1.86,1
0.1,-2.04,1
0.6,-1.59,1
-1.96,-1.41,1
-0.06,-0.2,1
5.74,-4.15,4
-1.7,-1.98,1
5.66,4.66,3
-2.84,-3.68,5
0.82,3.58,0
-2.94,-3.56,0
0.39,-2.29,1
-1.66,8.38,2
-3.44,8.1,2
-0.66,-1.71,1
6.3,3.45,3
-1.66,8.05,2
0.42,-1.29,1
1.32,3.05,0
-2.47,7.82,2
5.47,-3.87,4
-4.9,-3.61,5
-0.59,-2.14,1
-6.94,-2.98,5
1.82,3.03,0
-6.27,-2.43,5
5.56,-4.84,4
-6.0,-3.75,5
-7.12,-2.85,5
6.31,3.42,3
0.48,-1.64,1
6.94,-4.21,0
-1.45,-1.37,1
5.79,-3.44,4
-1.55,7.59,2
6.88,-4.6,4
6.18,3.2,3
7.3,3.63,3
5.74,-3.92,4
0.77,-1.34,1
6.31,3.02,3
-1.78,-1.9,1
4.79,5.15,3
-5.92,0.04,6
-2.56,-2.66,1
1.17,3.3,0
5.66,-4.83,4
0.44,-0.43,1
-4.94,-4.42,5
-3.58,-3.33,5
0.23,-2.42,1
4.43,3.95,3
-1.26,-2.2,1
0.6,-0.72,1
0.17,-0.17,1
4.09,3.05,3
-2.01,7.41,2
-6.07,-4.91,5
5.75,-4.11,4
-2.12,7.8,2
-1.04,-0.46,1
-7.24,-2.84,5
1.51,4.05,0
1.69,2.98,0
-1.56,7.38,2
0.83,0.46,0
-6.69,-5.16,5
6.77,-4.69,4
-3.68,8.09,2
-3.25,8.19,2
4.16,4.23,3
5.06,-4.32,4
0.02,-0.88,1
-1.46,-0.76,1
-6.13,-5.39,5
4.25,4.08,3
0.97,3.59,0
0.56,-0.22,1
-0.47,-1.28,1
-1.68,7.42,2
4.39,4.04,3
5.48,-5.05,4
0.21,-0.43,0
5.11,-3.77,1
-7.37,-3.5,5
6.53,3.11,0
-1.26,-2.71,1
3.98,3.23,0
-2.17,7.47,2
-1.36,-1.2,1
-6.76,-4.82,5
4.82,3.69,3
-1.65,-2.15,1
-2.0,7.66,2
0.63,-0.95,0
6.91,3.41,3
0.34,-0.48,1
-2.59,7.9,2
-5.21,-4.31,5
0.65,0.34,0
5.83,-4.43,4
-6.11,-4.12,5
-1.88,-0.95,1
0.1,-1.89,1
5.28,-4.41,4
6.75,-4.32,4
-0.58,-0.69,1
2.27,4.1,0
0.96,-0.03,0
6.71,-5.08,4
-3.59,8.15,2
6.93,-4.4,0
5.56,-3.78,4
0.16,-0.09,1
-6.81,-0.28,6
0.9,3.13,0
-5.97,-5.17,5
-3.7,-3.54,5
0.32,-0.81,1
-2.07,-2.1,1
1.32,3.43,0
6.35,4.0,0
-2.0,-1.35,1
-4.92,-0.11,6
5.36,-4.89,4
5.84,-4.92,4
0.24,-0.84,1
-6.56,-4.27,5
1.6,4.38,0
-4.09,-4.42,5
6.2,-3.55,4
1.13,-0.04,0
-3.23,8.28,2
4.96,-4.57,4
-1.86,7.54,2
6.16,3.32,0
4.46,3.31,0
4.15,3.87,3
-0.49,-3.14,1
-1.47,-3.21,0
0.26,-0.7,1
-1.18,-2.96,1
-6.0,-5.39,5
0.36,-1.79,0
6.16,-5.17,4
1.03,-2.06,1
6.69,-4.8,4
5.79,-4.48,4
1.82,4.48,0
5.83,-3.36,4
5.62,-3.91,4
6.56,-4.9,4
5.71,-4.15,4
4.72,4.24,3
5.89,-4.76,4
3.2,4.04,0
5.93,-3.6,4
6.87,-3.79,4
1.58,3.72,0
4.76,3.67,3
6.27,-5.15,4
6.71,-4.03,4
6.48,-4.89,4
4.32,3.4,3
6.3,-4.99,4
6.63,-4.01,4
5.75,-3.29,4
5.44,-4.64,4
-1.4,-1.04,1
6.2,-4.42,4
4.49,3.92,3
2.25,2.64,0
1.05,3.77,0
6.05,-5.06,4
-1.44,-2.56,1
6.55,-4.55,4
6.37,-4.36,0
4.28,3.22,3
6.57,-4.81,4
6.93,-3.82,4
5.51,-4.55,4
-1.05,-0.19,0
5.76,-4.72,4
5.31,3.91,3
5.08,3.18,3
5.97,3.38,3
5.83,-4.59,4
5.33,-4.55,4
-5.44,-4.94,5
6.24,-3.5,4
1.35,1.52,0
0.4,-0.53,1
6.27,-4.25,4
5.27,-3.98,0
-0.31,-2.99,1
5.49,-3.98,4
1.46,2.86,0
6.82,4.04,3
5.78,-4.9,4
4.39,3.88,3
-3.14,8.02,2
0.47,-2.04,1
6.17,-4.1,4
6.23,3.26,3
5.93,-3.26,4
1.85,2.81,0
5.61,-3.7,4
1.01,3.51,0
6.74,-3.85,4
-6.44,-4.81,5
6.58,-3.6,4
6.62,-3.86,4
1.91,1.62,0
1.25,3.7,0
5.99,-3.29,4
6.16,-4.94,4
0.06,-0.51,0
1.01,3.02,0
0.68,3.13,0
5.56,-3.64,4
-0.02,-2.07,1
3.3,3.49,0
0.92,-1.68,0
6.45,-4.87,4
6.1,-4.16,4
5.74,-4.26,4
1.35,3.16,0
5.68,-3.32,4
1.45,2.01,1
6.36,-3.5,4
6.6,-4.91,4
1.36,3.9,0
5.94,-5.0,4
1.68,3.8,0
0.01,-1.74,1
6.07,5.23,3
5.82,-4.94,4
4.43,3.22,3
5.82,-4.61,4
6.44,-3.53,4
6.44,-4.79,4
0.55,-2.22,1
-2.28,7.82,2
0.64,3.08,0
2.35,2.95,0
6.37,-4.91,4
1.27,2.72,0
5.75,-5.15,4
4.77,3.28,3
0.1,-0.88,1
2.08,3.01,0
5.4,-4.02,1
6.7,-4.76,4
6.57,-3.96,4
5.83,-4.87,4
1.27,2.87,0
5.66,-4.49,4
5.9,-3.54,4
4.91,-3.89,6
6.12,-4.58,4
6.06,-4.79,4
6.98,-3.99,4
1.0,4.07,0
-0.63,-2.07,1
5.66,-4.36,4
3.27,3.3,0
6.28,-3.79,4
5.27,-4.29,4
4.19,3.76,3
6.04,-3.41,4
6.12,-5.08,4
-1.6,-2.99,1
1.92,3.92,0
5.42,-3.36,1
6.18,-4.18,4
5.48,-4.8,4
1.64,2.92,0
5.35,-4.82,4
1.11,-1.8,0
6.46,3.43,3
6.5,-4.95,0
6.33,-4.88,4
3.38,2.66,0
6.52,-4.15,4
6.58,-3.56,4
3.92,4.22,0
6.35,-4.16,4
2.0,2.29,0
1.14,1.94,0
6.55,-3.79,4
6.19,-4.6,4
0.86,3.42,0
5.76,-4.4,4
0.95,3.0,0
6.7,-4.53,4
6.04,-5.39,4
5.95,-4.11,4
0.97,3.35,0
5.3,-4.03,4
-0.28,0.06,0
-7.1,-3.4,5
6.45,-4.78,4
6.89,-3.83,4
6.89,-3.88,4
2.18,1.19,1
-4.59,-4.46,5
6.67,-4.82,4
6.64,-4.99,4
5.92,-4.85,4
0.43,-0.68,0
2.78,3.71,0
5.15,3.28,0
5.96,-4.29,4
5.66,-4.47,4
1.29,3.28,0
6.43,-3.86,4
6.32,-4.95,4
6.56,-4.05,4
1.17,4.39,0
5.96,-5.15,4
7.28,4.06,3
6.44,-4.07,4
1.67,4.0,0
6.07,-4.86,4
6.58,-4.28,4
-1.76,-1.96,1
6.47,-4.29,4
5.84,-3.51,4
5.07,-4.36,4
5.62,-4.62,4
-0.98,-0.37,1
5.93,-4.67,4
5.65,-4.5,4
4.73,4.0,3
4.61,4.92,3
6.59,-3.65,4
1.08,3.39,0
-0.88,-1.51,1
4.7,3.6,0
5.89,-4.74,4
5.2,-4.35,4
5.14,3.46,3
6.06,-4.69,4
0.25,-2.16,1
-0.34,-1.86,1
6.35,-4.69,4
6.65,3.37,0
1.88,2.84,0
5.11,4.34,3
-1.77,-1.11,1
7.28,3.54,3
-0.71,-1.28,1
6.16,-5.34,4
6.74,-4.94,4
5.85,-4.84,4
6.65,-3.82,4
5.91,-4.44,4
1.63,3.08,0
-0.13,-2.35,1
6.57,-4.96,4
5.89,-3.55,4
1.63,4.0,0
6.81,-4.44,4
-5.69,-3.25,5
1.25,4.3,0
4.82,-4.16,0
6.36,-5.1,4
5.44,-3.38,4
4.45,3.55,3
5.93,-3.32,4
6.16,-3.68,4
0.51,3.33,0
-2.27,7.64,0
6.32,-5.13,4
5.86,-5.01,4
5.82,-4.73,4
5.48,-3.32,4
6.0,-5.22,4
4.94,3.97,3
0.56,3.59,0
6.16,-5.23,4
0.24,-0.69,1
5.85,-4.5,4
4.43,4.22,3
5.35,3.76,3
6.14,-4.91,4
4.64,3.88,3
0.39,-1.12,1
6.16,-4.85,4
6.01,-4.97,4
-6.52,-4.94,5
1.86,3.25,0
5.93,-5.08,4
5.98,-5.1,4
4.84,4.72,3
6.22,-4.05,4
-0.31,-0.93,1
0.34,1.09,0
6.0,-4.43,4
2.25,3.16,0
4.4,3.76,3
5.54,-4.91,4
5.64,-4.82,4
6.33,-4.87,4
6.01,-3.84,4
5.96,-3.9,4
5.99,-4.83,4
5.65,-3.48,0
0.42,-0.88,1
6.94,-4.17,4
6.25,-4.33,4
5.34,-3.88,4
0.34,-1.51,1
-6.66,-4.15,5
-5.45,-3.53,5
5.72,-4.85,4
5.94,-4.41,4
5.34,-4.42,1
6.8,-4.66,4
1.34,0.73,0
0.71,-1.89,0
5.99,-4.05,4
-6.93,-2.71,5
6.01,-3.4,4
6.24,-4.81,4
-6.01,-1.94,6
6.35,-4.49,4
5.54,-4.36,4
0.44,3.18,0
5.59,-4.06,4
6.08,-3.93,4
6.37,-4.12,4
6.97,-4.22,4
5.76,-4.59,4
6.18,-4.49,4
5.81,-4.91,4
6.31,-4.33,4
4.22,3.72,3
2.16,2.84,0
1.57,1.1,0
4.78,3.81,3
-4.08,0.04,1
6.29,-3.55,4
0.64,-0.51,0
1.74,3.4,0
0.4,-0.72,0
5.3,3.25,0
5.96,-5.03,4
5.61,4.99,3
3.18,0.3,3
6.23,-4.88,4
1.34,3.69,0
6.9,-3.96,4
6.09,-4.81,4
5.93,-3.6,4
5.85,-4.53,4
6.4,-5.15,0
0.66,-0.71,1
6.22,-4.37,4
6.64,-4.8,4
6.14,-4.58,4
5.15,-4.16,1
4.18,3.48,3
5.54,-4.14,4
6.18,-4.12,4
0.91,2.57,0
2.9,0.45,0
1.66,4.8,0
5.07,3.44,3
6.98,-4.43,4
6.14,-3.8,4
0.04,-1.27,1
-1.25,-0.59,1
0.79,-0.64,0
-5.82,-4.66,5
0.83,3.53,0
5.72,3.46,3
2.48,1.3,0
5.56,3.44,0
0.4,-1.98,1
-0.88,-2.44,0
-1.94,-2.13,4
1.7,2.64,0
5.91,-4.4,4
4.19,3.34,3
6.63,-5.0,4
2.27,2.31,0
6.51,-3.94,4
5.76,-4.98,4
1.18,2.96,0
6.88,-3.58,4
4.74,3.38,3
0.57,-1.91,1
5.51,-4.96,4
6.38,-4.97,4
6.39,-4.2,4
5.88,-5.13,4
5.64,-5.07,4
0.83,-1.35,0
5.96,-4.8,4
-0.88,-0.6,1
6.08,-5.17,4
6.25,-3.69,4
0.44,0.14,0
5.92,-4.54,4
6.68,4.83,3
-5.46,-4.67,5
5.58,-4.83,4
6.74,-3.76,4
4.14,3.99,3
5.83,-4.19,4
-2.84,7.81,2
6.12,-4.25,4
0.67,-1.67,1
-0.63,-1.42,1
6.15,-5.19,4
-6.3,-5.26,5
2.35,3.83,0
6.06,-4.99,0
5.84,-5.07,4
-0.47,-0.96,1
3.15,3.89,0
5.84,-4.82,4
-4.99,-4.67,5
2.24,2.89,0
5.95,-4.98,4
4.5,2.72,3
6.54,3.12,3
1.01,-2.08,0
6.54,-3.94,4
6.9,-3.72,4
5.74,-5.03,4
6.72,-4.7,4
6.96,-4.01,4
5.82,-3.89,4
6.22,-4.68,4
4.86,4.47,3
5.42,-3.91,4
1.58,2.85,0
5.8,-3.56,4
1.01,3.44,0
0.26,-1.32,1
5.25,3.21,3
0.68,-1.14,1
1.21,3.73,0
-1.23,-2.63,1
5.41,-4.42,4
6.52,-3.48,1
6.19,-4.72,4
6.88,-3.98,4
5.93,-5.16,4
6.68,-3.66,4
-2.2,-1.68,0
5.3,-4.47,4
5.69,-3.89,4
0.45,-1.41,1
4.69,4.53,3
1.55,3.74,0
6.5,-4.56,4
6.46,-3.82,4
5.28,-3.85,4
2.06,2.36,0
5.47,-4.12,4
1.51,3.01,0
5.93,-4.7,4
1.48,4.2,0
5.73,-3.75,4
6.53,-4.94,4
6.16,-4.02,4
0.85,3.88,0
-4.34,-2.32,5
2.37,3.6,0
-0.87,-0.35,1
5.56,-4.63,4
5.34,3.98,3
6.34,-4.3,4
0.75,-0.18,1
5.07,4.1,3
5.99,-3.87,4
6.8,-4.61,4
6.66,-3.99,4
6.44,-5.09,4
6.32,-5.16,4
2.68,4.22,0
7.04,3.18,3
5.33,-4.34,4
6.46,-5.0,4
6.74,-3.76,4
1.93,3.23,0
1.78,3.42,0
4.14,3.64,3
-1.04,-2.36,1
5.65,-4.65,4
6.13,4.63,0
5.67,3.46,3
5.53,-4.4,4
6.34,-4.99,4
1.56,3.36,0
-0.87,-0.87,1
5.79,-5.04,4
5.04,-4.45,4
-1.34,-0.79,1
6.37,3.2,0
5.23,3.2,0
5.28,-4.92,4
-0.14,-0.97,1
1.23,2.95,0
2.45,3.39,0
5.5,3.28,3
0.06,-1.35,1
-6.49,-5.09,5
6.65,-3.42,4
0.88,3.63,0
5.3,-3.85,4
-1.34,-1.83,1
1.1,2.87,0
5.79,-4.51,4
1.65,3.26,0
1.92,3.56,0
4.53,4.77,3
-0.46,-1.43,1
5.71,-5.12,4
6.31,-5.21,4
1.52,2.81,0
-2.96,8.26,2
4.95,4.3,3
6.22,-5.12,4
0.74,3.43,0
5.93,-4.7,4
1.58,1.9,0
0.98,3.11,0
5.61,-4.87,4
1.31,2.61,0
0.28,-0.66,1
1.82,2.44,0
4.74,3.41,3
-1.3,-1.57,1
6.43,-5.03,4
5.92,-4.53,4
5.94,-5.22,4
4.18,3.07,3
6.47,-5.05,4
5.99,-4.65,4
-1.83,8.24,2
-0.66,-0.1,1
-4.48,0.17,6
6.28,-5.18,4
-1.53,-3.25,1
-1.21,-2.11,1
2.38,3.67,0
-0.78,-0.55,1
2.92,0.14,4
2.89,0.13,1
1.72,2.87,0
6.35,-3.62,4
1.02,0.34,0
4.29,3.91,3
4.46,3.01,3
0.73,3.72,0
-1.39,-1.43,1
0.62,3.47,0
6.41,-5.05,4
6.48,-3.59,4
2.89,2.74,0
0.15,-1.88,1
5.29,-3.77,4
-1.56,7.34,2
0.16,-0.71,1
6.53,-4.81,4
-2.76,8.22,2
0.55,3.13,0
-2.43,-2.06,1
-1.43,-1.53,1
6.32,-5.19,4
6.51,-4.71,4
2.17,3.24,1
-0.62,-0.49,1
6.41,-5.15,4
5.72,-4.81,4
6.08,-5.2,4
5.62,-4.77,4
6.41,3.16,3
1.3,2.31,0
5.75,-3.4,4
6.22,-5.3,4
2.39,2.75,0
1.87,2.9,0
4.46,3.74,3
-0.66,-1.24,1
6.17,-4.69,4
6.26,-4.64,4
6.28,-4.82,4
6.6,-4.42,4
-0.51,-3.01,1
5.72,-3.68,4
6.45,-5.05,4
-0.19,-0.91,1
4.61,3.8,3
6.37,-5.14,4
-4.71,-2.52,5
5.77,-5.01,4
0.82,-0.42,0
6.38,-5.21,4
5.59,-5.06,4
6.61,-5.16,4
-1.58,7.52,2
-2.13,7.34,2
6.01,-5.33,4
0.69,3.42,0
2.98,0.12,4
1.96,2.6,0
6.7,-4.64,4
-6.65,-5.11,5
0.95,3.9,0
2.88,0.09,1
7.13,3.21,3
-0.6,-0.42,1
-1.31,-0.62,1
-1.82,7.99,2
5.96,-5.33,4
6.14,-5.15,4
1.28,0.05,0
1.23,3.56,0
0.55,1.54,0
1.46,3.0,0
5.74,2.8,0
6.83,-3.66,4
6.7,-4.77,4
6.07,-5.06,4
6.07,-4.39,4
1.52,3.94,0
-1.33,-3.04,1
2.42,2.43,0
-4.85,0.24,6
0.9,3.18,0
5.6,5.0,3
4.94,4.05,3
-6.86,-3.5,5
0.69,-0.94,1
4.9,3.2,3
5.64,-4.62,4
5.36,-4.8,4
0.77,3.87,0
1.17,3.65,0
5.92,-4.62,4
-1.37,-0.76,1
7.12,3.59,3
-1.84,-1.48,1
0.68,0.1,1
6.48,-4.74,4
1.53,3.52,0
-1.15,-2.01,1
1.91,3.6,0
-1.33,-0.89,1
0.63,-1.82,1
6.29,-5.08,4
6.45,-4.28,4
-1.68,-0.88,1
-4.66,0.12,6
5.75,-4.46,4
0.28,-2.4,1
-4.76,0.46,6
6.64,-5.07,4
-2.74,7.78,2
5.89,-4.28,4
1.32,3.35,0
5.97,-5.02,4
6.36,-4.71,4
1.05,3.81,0
-1.55,-3.02,1
6.94,-3.68,4
6.17,-4.59,4
6.67,-4.47,4
0.84,3.59,0
-1.05,-0.35,1
0.11,-2.39,1
-1.72,-1.4,1
5.96,-5.2,4
-1.52,-1.63,1
6.02,-5.04,4
1.05,3.0,0
6.79,3.44,3
5.91,-4.98,4
5.52,-4.73,4
0.57,-1.43,1
5.95,-5.2,4
-0.42,-0.68,1
5.7,-4.71,4
-1.53,-1.56,1
5.47,-4.13,4
4.78,2.7,0
1.14,3.14,0
6.14,-4.56,4
6.22,-4.41,4
1.69,3.58,0
1.61,3.05,0
6.07,-4.99,4
-0.51,-0.38,1
6.13,-5.25,4
-1.91,-1.61,0
5.54,-4.66,4
6.78,-3.63,4
6.33,-5.21,4
0.72,0.07,0
5.71,-5.01,4
-6.23,-5.02,5
1.63,3.75,0
-4.88,0.38,6
4.71,2.87,3
-0.76,-0.43,1
2.02,2.56,0
6.25,-5.21,4
0.01,-1.34,1
1.75,2.88,0
4.21,3.41,3
6.48,-5.16,4
6.31,-4.99,4
6.28,-5.21,4
-0.61,-0.83,0
6.63,-4.87,4
-1.7,8.17,2
6.52,-4.88,4
-0.52,-0.45,1
5.44,-4.32,4
1.12,3.06,0
2.68,3.4,0
1.88,2.89,0
5.85,-4.17,4
5.87,-4.82,4
6.32,-4.9,4
6.41,-3.7,4
-1.57,-0.98,1
1.14,0.71,0
-3.09,7.91,2
5.96,-4.51,4
0.79,-0.94,1
3.82,2.79,3
-3.41,7.94,2
0.96,3.32,0
-1.31,-1.98,1
-1.54,8.06,2
-0.89,-0.22,1
1.63,2.46,0
-0.18,-0.29,1
5.82,-5.0,4
1.67,2.89,0
6.27,-4.69,4
5.66,-4.83,4
1.18,3.85,0
-1.94,-1.14,1
-1.06,-2.34,1
-2.75,7.86,2
6.77,-3.7,4
1.9,3.32,0
-0.9,-0.43,1
5.96,-4.41,4
6.42,-4.62,4
6.5,-5.18,4
5.76,-5.12,4
0.72,-0.44,0
2.21,0.82,0
5.61,-4.44,4
-1.24,-0.97,1
-1.97,7.34,2
4.93,3.14,3
-4.94,0.09,6
4.41,4.16,3
5.6,-5.12,4
3.79,2.15,1
5.93,-4.48,4
-6.61,-5.25,5
0.83,3.56,0
5.62,-4.71,4
1.24,3.42,0
5.69,-4.73,4
0.83,3.62,0
1.98,3.41,0
-1.03,-1.69,1
-3.55,7.96,2
-1.66,8.47,2
5.85,-4.48,4
0.9,3.61,0
-0.97,-0.29,0
-6.37,-5.01,5
4.19,3.27,3
-0.95,-0.28,1
4.87,3.33,3
6.72,-4.82,4
1.85,3.6,0
4.55,4.18,3
1.12,3.58,0
2.01,3.05,0
6.04,-4.87,4
6.21,-5.12,4
-7.11,-3.85,5
6.15,-4.96,4
6.7,-3.64,4
2.6,2.83,0
5.34,4.52,3
6.35,-5.05,4
2.92,2.12,0
5.01,-4.32,4
5.22,3.32,3
3.02,2.83,0
6.44,-5.02,4
-1.84,-1.27,1
6.44,-4.69,4
1.74,3.14,0
5.48,-4.39,4
1.94,2.97,0
5.28,-4.56,4
4.42,3.69,3
2.26,3.64,0
6.31,-5.25,4
-3.34,-3.85,5
-4.78,0.36,6
5.32,-4.59,4
-0.63,-0.16,1
5.63,-4.78,4
1.13,3.33,0
5.83,-3.59,4
6.12,-4.31,4
5.25,3.64,3
1.64,1.97,0
6.86,-4.39,4
5.82,-4.89,4
0.2,0.24,0
4.16,3.66,3
-1.41,-2.93,1
6.57,-4.9,4
-4.69,0.5,6
1.47,3.02,0
0.68,3.4,0
6.66,4.49,0
-1.56,-2.32,1
2.39,2.81,0
6.67,3.17,3
3.09,3.22,0
6.28,-4.31,4
0.37,-2.12,1
5.91,-4.91,4
5.97,-4.36,4
1.43,3.62,0
3.02,0.17,1
1.29,3.55,0
6.51,-4.69,4
0.77,3.21,0
5.92,-4.83,4
-4.74,0.44,6
5.83,-4.29,4
0.59,-1.62,1
1.04,3.47,0
0.91,3.34,0
0.93,3.69,0
4.09,3.34,3
6.49,-4.99,4
0.8,3.56,0
-0.18,-1.32,1
1.65,3.24,0
6.58,-4.45,4
-1.88,-1.58,1
6.4,-4.13,4
-4.76,-0.16,6
6.67,3.96,3
7.08,4.52,3
7.41,4.38,3
0.49,1.02,0
-0.95,-2.39,1
6.56,4.34,3
-6.12,-4.09,5
6.39,-4.41,4
6.22,4.43,3
4.6,4.54,3
1.26,4.32,0
-0.25,-1.43,1
-5.53,0.11,6
3.84,2.89,0
-1.61,6.83,0
-0.49,-1.25,1
-0.8,-2.22,1
-1.44,-2.73,1
1.23,3.46,0
-4.01,-4.33,5
-6.32,-4.37,5
1.76,3.23,0
7.44,4.12,3
6.01,4.41,3
6.16,4.85,3
-1.0,-1.88,1
-6.3,-4.43,5
7.42,4.04,3
-5.28,-3.83,5
6.98,4.47,3
6.53,4.8,0
-4.34,-3.79,5
-6.7,-0.08,6
-5.24,-4.87,5
6.64,4.18,3
1.58,4.48,0
-6.29,-0.03,6
6.12,-3.98,4
7.38,4.65,3
-6.59,-0.01,6
7.47,4.56,3
5.29,4.04,3
1.96,4.21,0
-0.97,-3.08,1
-5.17,-3.58,5
-5.6,-4.38,5
7.01,4.56,3
6.49,-4.09,4
-5.55,-5.16,5
5.55,4.09,0
1.55,4.0,0
1.31,3.97,0
-1.16,-1.72,1
-5.04,-3.79,5
3.37,4.05,0
-4.5,-4.2,5
7.37,4.6,3
6.56,4.66,3
-0.72,-2.17,1
-5.17,-4.91,5
5.34,-3.97,4
5.84,4.36,3
-1.14,-2.4,1
-1.32,-1.89,1
6.42,-4.75,4
-0.57,-1.75,1
2.15,3.0,0
5.62,4.03,0
6.57,-4.62,4
6.85,4.82,3
6.72,-4.52,4
0.38,-1.53,0
0.35,-2.21,1
-0.31,-1.8,0
7.19,4.32,3
5.59,3.96,0
5.57,5.09,0
6.94,4.43,3
1.71,3.59,0
-0.38,-2.58,1
-0.97,-2.53,1
4.89,4.69,3
7.49,3.9,3
-4.81,-4.78,5
1.66,4.14,0
5.97,4.57,3
6.33,4.55,3
-1.68,-2.97,1
-3.88,-3.4,5
-1.28,-1.61,1
6.45,4.37,3
7.3,4.68,3
-1.16,-1.94,1
1.23,4.07,0
-0.82,-2.83,1
-1.67,-2.87,1
-1.02,-2.09,1
1.17,4.21,0
1.31,4.12,0
-2.04,7.24,2
7.39,3.76,3
-0.38,-2.05,1
-0.73,-0.99,1
-1.16,-2.87,1
-0.58,-2.49,1
7.37,4.32,3
2.36,2.99,0
1.57,3.56,0
5.75,5.13,3
-0.94,-2.42,1
7.61,4.26,3
5.04,3.76,3
6.67,-4.74,4
-6.23,-3.87,5
5.07,4.65,3
0.26,-1.63,0
5.33,3.22,0
5.55,4.08,3
4.99,4.69,3
-6.8,-3.14,5
7.14,4.8,3
6.94,3.66,3
7.43,4.0,3
-0.66,-2.23,1
-1.01,-2.97,1
-1.08,-2.8,1
5.51,4.47,3
1.44,4.13,0
5.57,3.97,3
-0.94,-2.39,1
7.53,4.27,3
6.02,-4.46,4
-1.05,-2.47,1
7.32,3.7,3
5.9,-4.33,4
7.3,3.89,3
7.26,4.47,3
-5.06,-4.3,5
5.77,-3.84,4
-6.23,0.08,6
4.99,3.63,3
1.37,4.37,0
7.18,4.53,3
7.02,4.34,3
6.14,4.65,3
2.17,3.38,0
7.07,3.66,3
7.45,4.22,3
5.15,4.0,3
4.98,4.16,3
6.66,-3.93,4
1.87,3.05,0
-6.39,-0.05,6
-1.43,-2.72,1
-1.87,-1.57,1
-0.58,-2.27,1
5.06,4.26,3
5.21,5.07,3
-0.02,-2.14,1
-1.15,-2.74,1
5.97,4.5,3
1.21,3.93,0
-1.0,-1.98,1
2.94,4.06,0
2.26,4.66,0
5.96,3.92,3
0.74,0.07,0
6.54,4.74,3
-1.08,-2.14,1
6.07,3.88,0
6.84,4.74,3
5.48,4.7,3
-1.38,-2.62,1
-1.44,-2.76,1
-0.57,-1.74,0
6.33,4.83,3
6.9,4.24,3
0.6,-0.92,0
-0.92,-2.65,1
-4.21,-4.12,5
5.89,4.26,3
5.68,4.7,3
5.81,4.88,3
-0.05,-0.67,0
6.7,-4.24,4
-1.46,-2.66,1
7.06,4.71,3
0.7,-0.29,0
1.52,4.41,0
6.01,-3.9,4
7.02,4.46,3
6.88,4.18,3
-1.73,7.15,0
5.92,5.01,3
2.19,3.68,0
7.32,4.63,3
5.85,2.77,0
5.52,4.52,3
7.04,4.28,3
4.78,4.82,3
7.48,4.0,3
-1.3,-2.58,1
-5.14,-3.89,5
-1.37,-2.94,1
7.26,4.3,3
-0.52,-2.09,1
1.87,3.32,0
-4.19,-4.49,5
0.42,-1.79,1
-5.52,-3.76,5
6.28,-3.49,4
-5.13,-3.89,5
6.62,-4.75,4
-6.76,-0.13,6
6.17,-4.53,4
-0.87,-2.49,1
-1.24,-2.75,1
7.03,3.76,3
5.94,4.77,3
-0.88,-1.85,1
-1.68,-2.19,1
0.86,-1.39,0
2.15,3.59,0
7.29,4.02,3
1.78,3.54,0
-1.73,-1.78,1
7.21,4.36,3
-0.45,-2.73,1
1.44,4.54,0
-5.02,0.36,6
7.45,4.28,3
4.79,4.56,3
-0.53,-1.44,1
1.75,3.79,0
-5.44,-4.82,5
1.61,2.31,0
-0.61,-1.7,1
-1.02,-2.57,1
7.44,4.49,3
-0.99,-2.86,1
2.89,2.8,0
-5.82,-4.68,5
5.91,4.01,3
1.5,4.28,0
-1.46,-2.26,1
5.1,4.67,3
-5.85,-3.8,5
0.6,-1.46,1
1.42,3.91,0
1.68,2.51,0
5.26,4.43,3
6.51,-4.52,4
6.3,-3.63,4
0.01,-2.38,1
0.59,-0.48,0
-1.04,-2.63,1
-4.9,0.18,6
6.8,4.5,3
-1.72,-2.67,1
-1.13,-3.01,1
7.32,4.66,3
7.47,3.88,3
6.87,4.75,3
6.84,-4.44,4
6.55,-4.03,4
4.92,4.8,3
7.32,4.61,3
-1.23,-2.53,1
5.97,4.48,3
-1.11,-3.09,1
-1.34,-1.77,1
7.03,4.13,3
6.36,3.58,0
-1.34,-2.58,1
1.57,4.87,0
-1.05,-2.72,1
-0.93,-2.84,1
-1.23,-2.98,1
-6.25,-0.67,6
-0.42,-1.35,0
4.54,4.49,3
-0.36,-2.1,1
6.12,4.33,3
6.83,4.94,3
-1.07,-2.7,1
5.43,3.94,3
6.83,4.38,3
7.14,4.47,3
6.04,5.13,3
3.58,3.79,0
5.72,4.93,3
6.0,4.94,3
-2.6,8.02,2
7.21,4.56,3
1.99,3.58,0
1.92,4.82,0
-5.14,-0.04,6
7.31,4.43,3
-0.32,-2.12,1
6.96,4.74,3
-3.36,-3.22,1
0.12,-1.01,1
6.23,-4.34,4
5.87,4.86,3
-0.8,-2.53,1
7.26,4.56,3
-0.95,-2.54,1
3.84,4.14,0
5.66,3.86,3
7.32,4.63,3
7.48,4.56,3
1.32,3.89,0
7.2,4.67,3
5.97,4.91,0
-6.4,-4.19,5
6.69,4.94,3
6.22,4.92,3
6.52,4.48,3
6.73,-3.94,4
-1.06,-2.11,1
6.43,3.5,3
-6.81,-2.86,5
6.35,-5.02,4
6.15,-3.84,4
-6.65,-4.21,5
0.53,0.41,0
0.53,-0.68,1
5.98,-3.98,4
-6.65,-3.11,5
0.47,0.12,0
-6.78,-3.36,5
4.66,3.26,3
-0.64,-1.06,1
-5.45,0.12,6
0.13,-2.5,1
5.47,4.33,3
7.26,4.12,3
4.05,3.46,0
5.85,4.29,3
6.08,-3.74,4
-6.36,-3.5,5
6.35,-4.72,4
0.03,-2.21,1
-6.76,-3.66,5
-7.18,-3.96,5
-5.2,-4.17,5
0.16,-1.63,1
-6.32,-5.0,5
1.7,3.85,0
5.94,-4.62,4
1.81,0.86,0
-1.62,-1.24,1
4.92,4.03,3
-5.88,-5.06,5
0.74,1.32,0
-6.59,-4.62,5
-2.08,7.38,2
6.83,4.74,3
-6.98,-2.88,5
-6.21,-1.43,6
6.74,3.5,3
-6.33,-3.49,5
6.37,-3.85,4
5.16,4.36,3
-6.55,-1.46,6
6.85,4.43,3
6.62,-4.32,4
6.7,3.86,3
6.64,-3.86,4
6.51,-4.26,4
-1.91,-2.02,1
6.44,-4.33,4
-6.38,-3.95,5
6.39,-4.59,4
5.4,4.14,3
-5.9,-4.47,5
2.63,2.88,0
6.72,-4.48,4
-6.05,-1.47,6
-6.82,-4.94,5
6.07,-3.92,4
-5.04,-4.67,5
-6.65,-3.92,5
-1.79,-2.21,1
6.59,-4.05,4
-1.01,-2.89,1
-2.33,-2.71,1
-6.61,-3.56,5
4.6,4.44,3
-0.52,-1.45,1
-2.03,7.61,2
-6.26,-3.81,5
-3.4,-3.43,5
-0.95,-2.69,1
-6.17,-1.23,6
-5.65,-4.55,5
-6.02,-3.85,5
3.32,2.28,0
6.87,4.45,3
6.52,4.62,3
-6.46,-3.71,5
-6.81,-3.45,5
6.36,-4.26,4
-6.93,-2.34,5
-0.75,-3.04,1
5.14,4.28,3
6.48,-4.65,4
0.48,-0.55,0
7.04,4.84,3
6.13,4.98,3
-6.34,-3.94,5
-1.22,-2.03,1
6.78,-4.06,4
-1.05,-2.13,1
2.06,3.82,0
5.07,4.55,3
6.41,3.73,0
-2.08,7.52,2
-6.0,-1.19,6
7.5,4.18,3
-0.67,-2.72,1
6.31,-4.05,4
1.16,2.92,0
-0.58,-2.24,1
-5.66,-4.8,5
5.34,4.42,3
7.26,4.54,3
-6.91,-4.22,5
-0.44,-1.81,1
6.09,3.8,3
5.62,4.12,3
7.56,4.46,3
-5.88,-4.14,5
6.77,4.73,3
7.42,4.72,3
6.51,-4.52,4
-1.54,-2.16,1
5.98,-3.96,4
4.83,4.45,3
-1.56,-1.4,1
2.49,3.22,0
-0.22,-1.49,0
5.25,4.47,3
-2.01,7.78,2
1.13,4.25,0
6.82,4.78,3
4.4,4.3,3
-6.81,-4.43,5
-3.95,-4.32,5
7.22,4.5,3
1.37,3.74,0
5.86,-4.67,4
-6.38,-1.35,6
-5.73,-3.58,5
6.49,-4.17,4
-6.38,-3.76,5
-5.72,-3.51,5
1.84,3.93,0
6.18,5.04,3
6.74,4.99,3
-0.36,-2.04,1
6.65,-3.96,4
-6.97,-3.04,5
1.6,3.58,0
5.72,4.38,3
-5.46,-3.07,5
6.21,-4.01,4
1.16,3.72,0
6.12,4.24,3
5.18,4.17,3
6.63,4.96,3
-6.49,-1.39,6
6.18,4.62,3
6.18,-3.65,4
-6.55,-0.95,6
6.66,-4.23,4
-6.16,-4.29,5
-7.15,-3.42,5
6.46,4.08,3
1.44,4.17,0
5.91,4.81,3
-4.84,-3.15,5
6.06,-4.54,4
5.8,3.98,3
5.48,3.35,3
1.68,3.87,0
6.95,4.19,3
-5.63,-5.21,5
-6.31,-4.88,5
-6.93,-2.64,5
-0.64,-2.52,1
-5.97,-4.65,5
-6.09,-4.33,5
7.02,3.39,3
6.7,-3.96,4
1.65,3.23,0
4.99,3.47,3
5.99,4.84,3
0.07,-1.93,1
6.45,-3.76,4
2.01,3.85,0
5.5,-3.67,4
5.92,4.72,3
3.8,3.44,3
-0.57,-1.82,1
1.62,4.52,0
-6.9,-3.35,5
6.11,-3.72,4
-6.07,-4.29,5
6.32,-3.71,4
7.1,3.81,3
7.51,3.96,3
1.4,3.78,0
5.99,4.3,3
6.38,-4.5,4
6.96,-4.24,4
4.69,4.27,3
-6.46,-3.86,5
5.79,4.7,3
6.51,-4.04,4
0.32,-1.56,1
5.22,4.76,0
6.46,-3.89,4
0.25,-1.16,0
-6.43,-2.91,5
6.54,-4.8,4
-1.98,7.34,2
-4.96,-3.92,5
-5.65,-3.86,5
2.53,2.86,0
4.94,4.08,3
5.75,4.23,3
-6.87,-3.4,5
5.65,4.55,3
-7.12,-4.38,5
-1.44,-2.98,1
5.86,-4.35,4
-1.07,-2.03,1
-2.16,7.55,2
6.61,-4.54,4
-1.49,-3.03,1
-1.46,-2.59,1
5.19,4.64,3
-5.14,-4.38,5
6.71,-4.4,4
6.81,-4.6,4
2.04,3.91,0
-6.5,-3.3,5
5.11,3.97,3
5.46,-3.54,4
7.32,4.32,3
-6.92,-4.12,5
3.14,3.57,0
-5.48,-3.89,5
7.6,4.19,3
-1.34,-2.33,1
-0.05,-0.68,1
4.1,3.94,3
6.99,4.57,3
6.45,3.71,3
6.82,-4.55,4
1.66,3.91,0
-5.18,-4.31,5
6.72,-4.2,4
-1.0,-1.67,1
-0.64,-1.5,1
5.58,-3.5,0
1.58,4.09,0
-5.09,-3.72,5
-5.53,-4.9,5
5.27,4.55,0
-7.0,-4.35,5
-5.92,-4.5,5
-6.23,-3.96,5
7.33,3.57,3
3.99,3.77,0
1.43,0.88,0
-2.09,-2.49,1
2.32,3.29,0
-2.25,7.79,2
-2.84,7.88,2
6.97,-4.03,4
5.81,5.19,3
-6.17,-4.26,5
6.42,-4.64,4
5.73,4.26,3
0.06,0.01,0
-3.8,-3.93,5
-5.04,-4.34,5
-5.13,-4.24,5
-0.84,-2.94,1
4.94,4.55,3
-5.06,-4.93,5
2.19,3.93,0
-6.26,-4.98,5
5.78,3.31,3
-0.84,-1.67,1
-6.55,-4.17,5
-3.24,8.06,2
0.64,-0.86,1
-0.97,-3.08,1
-7.06,-4.14,5
6.33,-3.8,4
6.92,3.94,3
-5.37,-4.87,5
6.7,-4.78,4
1.23,4.0,0
2.75,2.28,0
7.34,3.92,3
-5.13,-4.58,5
-0.18,-1.98,1
-6.37,-5.07,5
5.7,-3.85,4
6.32,-4.4,4
-2.04,7.39,2
0.55,-1.97,1
-0.17,-2.6,1
-0.58,-2.95,1
6.17,-4.06,4
7.29,4.34,3
6.46,-4.26,4
-0.82,-2.02,1
-4.64,-4.1,5
1.86,4.33,0
3.28,2.56,0
6.49,-4.5,4
-2.4,7.72,2
3.72,3.58,0
6.41,4.63,3
-1.93,-1.74,1
6.47,-4.64,4
-1.57,7.56,2
-0.34,-1.41,1
6.68,-4.47,4
-1.0,-2.09,1
6.8,-4.89,4
4.15,4.21,3
6.45,-4.11,4
-1.45,-2.54,1
6.76,-4.45,4
5.43,4.13,3
-6.36,-4.21,5
-5.47,-3.31,5
7.01,4.65,3
-6.19,-4.26,5
-6.7,-3.21,5
-7.36,-3.38,5
6.86,-4.44,4
0.38,-0.87,1
7.08,4.43,3
5.79,3.88,3
-1.37,-2.19,1
6.57,-4.14,4
0.28,-1.2,1
6.15,-4.11,4
5.63,4.94,3
6.53,-4.23,4
5.17,-3.14,0
2.36,3.29,0
1.9,4.07,0
5.51,3.79,3
5.59,4.58,3
7.04,3.92,3
-6.53,-3.08,5
-6.03,-4.45,5
6.47,-4.78,4
-4.86,0.21,6
7.7,4.13,3
-6.35,-3.43,5
6.79,-4.34,4
0.7,-1.84,1
-0.97,-2.17,1
-7.0,-3.07,5
1.97,3.48,0
2.13,4.05,0
0.19,-1.44,1
-2.22,7.2,2
4.61,4.31,3
5.01,4.84,3
-6.59,-3.51,5
7.36,3.84,3
-6.23,-4.39,5
-6.66,-4.52,5
-6.43,-4.21,5
6.75,-4.19,4
-0.63,-1.8,1
6.72,-4.08,4
-6.89,-2.89,5
-0.91,-3.17,1
-1.68,7.54,2
5.46,4.9,3
-5.42,-4.34,5
-2.32,7.79,2
6.48,4.82,3
-0.03,-2.64,0
-0.44,-1.65,1
7.42,4.45,3
6.06,4.26,3
-6.08,-4.11,5
-0.49,-1.05,1
-6.42,-5.04,5
-1.26,-2.81,1
6.34,-4.74,4
-5.82,0.03,6
7.37,4.39,3
-0.57,-0.82,1
-1.99,7.62,2
5.59,-4.28,4
-6.85,-3.27,5
4.46,4.34,3
-0.88,-2.68,1
-6.7,-4.62,5
-3.4,-3.83,5
-6.29,-4.66,5
-5.52,-4.39,5
-0.96,-1.6,1
2.3,3.45,0
-6.59,0.01,6
-1.45,-2.26,1
-4.6,-3.76,5
2.09,3.8,0
1.42,3.73,0
2.08,3.61,0
1.62,4.58,0
-1.48,-2.25,1
-1.06,-1.91,1
5.79,-5.23,4
1.77,4.0,0
4.89,4.51,3
-0.24,-1.07,1
-0.35,-1.91,1
5.47,3.38,0
-6.75,-4.3,5
-1.16,-1.81,1
-0.06,-2.43,1
6.57,3.67,3
-0.2,-1.91,1
-6.5,-4.58,5
-5.89,-2.94,5
-6.62,-3.67,5
-7.03,-3.51,5
-0.84,-1.63,1
0.36,-1.72,1
-0.88,-1.72,1
1.73,3.89,0
-6.72,-4.41,5
1.14,1.45,0
1.38,3.98,0
-6.18,-4.04,5
0.21,-0.87,1
0.3,-1.84,1
-7.25,-3.16,5
-4.77,-4.26,5
5.48,4.87,3
1.87,4.2,0
-0.71,-2.08,1
-3.89,-4.36,5
-5.31,-4.92,5
5.01,5.08,3
6.66,3.74,3
5.08,4.52,3
0.86,-1.01,0
-6.7,-2.56,5
-6.6,-4.12,5
-5.36,-3.27,5
6.43,4.46,3
6.15,4.87,3
-6.02,-3.29,5
1.67,3.61,0
-5.36,-0.18,6
-5.2,-4.04,5
-1.34,-2.01,1
0.52,-1.97,1
-0.47,-0.88,1
7.06,3.83,3
-0.32,-0.66,1
5.75,4.67,3
-5.21,-3.36,5
1.72,3.11,0
-0.71,-2.3,1
1.94,4.03,0
-2.51,7.99,2
1.62,4.5,0
-3.46,-3.8,5
1.67,4.75,0
-6.1,-4.51,5
-1.47,-2.52,1
1.71,4.64,0
5.26,4.63,3
2.17,3.54,0
-6.47,-3.9,5
-1.73,-1.07,1
-5.37,-4.32,5
1.32,4.31,0
-6.89,-3.28,5
4.05,3.79,0
7.19,3.61,3
-6.67,-2.89,5
5.84,3.92,3
-6.06,-4.38,5
-6.01,-4.37,5
0.02,-2.27,1
-6.48,-3.93,5
-0.26,-1.67,1
-5.73,-4.14,5
1.7,4.41,0
4.94,-3.93,1
1.22,3.87,0
-0.23,-1.1,1
1.76,3.64,0
-5.17,-3.43,5
1.88,3.66,0
5.12,4.7,3
-6.49,-4.23,5
3.15,4.28,0
1.48,3.89,0
1.82,4.19,0
6.64,3.79,3
1.54,4.62,0
1.18,3.87,0
0.09,-1.73,1
-6.63,-4.67,5
-0.67,-2.36,1
-6.58,-2.4,5
-1.2,-2.52,1
2.27,3.82,0
-5.21,-3.73,5
-5.3,-4.14,5
7.4,4.21,3
-0.64,-2.93,1
-0.81,-1.58,1
-0.7,-2.19,1
-6.1,-3.7,5
-0.08,-1.92,1
-6.39,0.01,6
1.96,3.97,0
-5.71,-4.25,5
-6.52,-3.58,5
5.67,-3.98,4
-5.05,-4.84,5
-6.53,-5.03,5
7.37,3.95,3
-0.37,-2.88,1
-2.06,7.47,2
-3.96,-4.37,5
2.06,4.02,0
-1.16,-2.67,1
-0.44,-1.21,1
-5.38,-3.95,5
5.14,3.68,3
-5.9,-3.8,5
6.86,4.54,3
-2.76,8.04,2
-6.09,-3.63,5
7.58,3.91,3
-6.77,-2.64,5
7.25,3.58,3
0.12,-1.98,1
6.95,3.93,3
-0.47,-2.28,1
-5.65,-3.21,5
-1.83,7.54,2
-6.59,-1.2,6
-1.25,-2.17,1
-1.06,-2.91,1
-5.27,-4.81,5
-6.63,-4.86,5
-1.72,-2.48,1
-5.96,-0.16,6
-2.73,7.81,2
1.41,3.57,0
-6.12,-3.78,5
-3.92,-3.72,5
6.72,4.64,3
-5.32,-4.04,5
-6.58,-4.12,5
-6.4,-3.81,5
-6.62,-3.88,5
-0.34,-2.34,1
-0.02,-2.15,1
-6.48,-0.06,6
-6.75,-2.58,5
-6.1,-4.6,5
-5.03,-4.42,5
6.94,3.61,3
-4.95,0.16,6
-1.41,-1.75,1
-1.46,-1.61,1
-1.74,7.62,2
-1.07,-2.26,1
-7.16,-3.34,5
7.47,4.49,3
-0.75,-1.85,1
1.7,3.99,0
-0.09,-1.74,1
0.94,3.58,0
-2.12,7.79,2
-0.79,-2.71,1
-5.57,-3.74,5
-5.38,-4.37,5
-1.19,-2.27,1
-0.21,-2.62,1
4.78,4.39,3
-4.82,-4.99,5
-0.42,-0.83,1
-1.49,-2.38,1
-0.17,-1.79,1
-0.19,-2.58,1
-2.42,7.71,2
-0.27,-1.52,1
-5.23,-3.85,5
-5.98,-1.34,6
-1.4,-3.0,1
-5.16,-3.9,5
6.35,-3.79,4
-0.02,-1.24,1
-7.04,-3.06,5
-0.68,-3.08,1
-0.64,-0.84,1
-2.19,7.62,2
0.31,-1.04,1
-4.6,-4.35,5
1.32,4.59,0
-5.28,-4.19,5
-1.02,-0.78,1
1.17,4.31,0
-7.11,-4.18,5
1.83,4.15,0
1.5,3.96,0
-2.55,-1.76,6
0.65,-1.86,1
-3.71,-4.36,5
6.3,-4.75,4
-0.95,-1.45,1
4.1,2.36,1
5.33,-4.79,4
4.46,3.9,3
-1.98,-3.12,1
6.07,-4.59,4
-3.78,-2.5,1
-6.88,-4.57,5
5.34,3.61,3
4.77,4.83,3
7.05,3.38,3
0.18,-2.0,1
6.11,-5.35,4
6.06,-4.06,4
0.36,3.65,0
4.56,3.28,3
4.8,3.43,3
2.26,2.57,0
1.8,4.86,0
4.76,3.38,3
4.7,4.62,3
-0.53,-0.38,1
-0.2,-0.11,1
-0.87,-2.14,1
6.6,5.03,3
-0.64,-0.41,1
1.0,0.68,0
4.14,3.83,3
0.68,-1.8,1
7.23,3.36,3
-1.75,-3.27,1
-6.15,-4.95,5
1.42,3.6,0
0.89,3.44,0
-2.86,-2.38,1
5.32,3.03,3
-1.16,-2.4,1
0.15,-1.69,1
-0.86,-2.42,1
4.03,3.63,3
-0.38,-1.82,1
0.02,-2.42,1
-0.83,-2.72,0
5.34,3.96,3
6.03,-5.22,4
-0.92,-3.09,1
-0.98,-0.62,1
5.74,-4.66,4
4.66,4.11,3
4.52,4.2,3
7.53,3.9,3
-1.5,-2.22,1
0.37,-0.13,1
-0.57,-1.53,1
4.78,3.31,3
5.9,4.14,3
1.23,2.21,0
0.4,-1.72,1
0.26,-1.91,1
5.15,2.9,3
5.99,-5.04,4
-0.91,-2.95,1
5.38,3.85,3
0.85,1.5,0
4.18,4.07,3
7.18,3.29,3
4.28,3.37,3
4.78,4.03,3
-0.93,-2.85,1
6.16,-5.17,4
5.01,3.97,3
-0.46,-1.02,1
-6.08,-3.61,5
6.59,-3.55,4
4.83,3.8,3
-1.24,-2.51,1
-5.96,-4.72,5
4.5,4.01,3
-1.45,8.04,2
4.0,3.63,3
-2.04,-2.48,1
5.53,-4.66,4
-0.46,-2.02,1
-1.65,-2.19,1
-2.37,-3.32,1
4.57,4.05,3
2.11,2.99,0
0.94,-0.16,0
-0.44,-0.79,1
-5.99,-4.59,5
4.92,4.81,3
0.55,-0.97,1
1.98,2.78,0
4.13,3.91,3
1.2,4.02,0
5.5,4.07,3
1.68,4.76,0
-0.36,-0.36,1
-4.42,-3.24,5
6.61,-4.46,4
5.42,-4.23,4
1.64,3.18,0
5.77,3.96,0
6.37,-3.48,4
-5.91,-4.87,5
0.59,-1.15,1
-0.6,-0.27,1
-5.93,-5.4,5
-5.71,-4.88,5
4.91,3.8,3
-1.05,-2.56,1
4.42,4.42,3
2.68,3.35,0
0.97,4.22,0
6.11,3.7,3
0.6,-0.97,1
6.05,-5.04,4
-6.53,-3.1,5
-1.36,-3.3,1
5.64,-3.37,4
-0.02,-1.66,1
0.23,-1.14,1
6.47,-4.57,4
-1.53,-1.71,1
4.42,3.61,3
-1.43,-1.37,1
-6.19,-3.87,5
-0.8,-2.93,1
-6.29,-5.3,5
6.5,-3.58,4
4.34,3.93,3
-2.72,-3.4,5
5.04,3.89,3
5.53,-4.97,4
5.34,3.8,3
7.03,3.79,3
2.9,2.94,0
5.94,3.7,3
4.5,4.64,3
-7.02,-3.51,5
0.22,-0.19,1
7.09,3.23,3
1.32,3.71,0
-1.21,-2.67,1
-0.09,-2.72,1
5.94,-5.25,4
-7.19,-3.32,5
-3.79,-4.4,1
-0.61,-2.19,1
1.0,2.48,0
-4.46,-1.84,6
0.74,2.28,0
5.42,-4.63,4
5.83,-5.19,4
5.53,-4.9,4
-0.26,-2.71,1
-0.55,-2.41,1
4.64,3.67,3
-5.98,-4.5,5
-4.47,-0.13,1
4.47,3.34,3
2.14,3.17,0
2.0,1.88,0
-6.76,-4.59,5
-6.76,-4.82,5
7.23,3.52,3
5.82,5.11,3
4.24,3.61,3
5.96,4.6,0
0.46,-1.76,1
-1.58,-0.98,1
6.78,4.66,3
-6.13,-4.32,5
5.88,-4.71,4
-1.04,-2.36,4
-0.62,-1.61,1
-1.56,-1.98,1
7.12,3.48,3
-6.16,-0.07,6
4.21,2.66,0
4.0,3.57,3
5.65,-5.04,4
0.22,-1.09,1
-0.1,-0.23,1
-1.12,-1.77,1
-6.08,-0.2,6
-1.34,-1.31,1
1.32,3.77,0
4.27,4.13,3
6.08,-4.49,4
-4.12,-3.62,5
6.62,-3.58,4
4.61,4.63,3
1.68,2.27,0
-1.75,8.3,2
5.43,-4.08,4
-5.8,-4.33,5
-0.84,-3.02,1
-5.49,-4.55,5
-0.99,-2.3,1
-1.94,-2.22,1
-0.04,-2.35,1
-5.84,-1.27,6
-2.23,-1.44,1
3.13,2.91,0
-1.96,-1.73,1
6.84,3.23,3
4.52,3.44,3
-1.45,7.47,0
3.6,2.95,0
-1.84,-1.7,1
-0.66,-0.94,1
4.84,3.85,3
-1.04,-2.15,1
-1.48,-0.66,1
-1.14,-3.31,0
-0.11,-0.8,1
4.85,2.61,0
3.98,2.67,0
1.05,4.0,0
6.94,3.25,3
4.11,3.57,3
6.97,-3.88,4
6.05,-4.47,4
4.35,2.68,3
6.66,-4.9,4
6.08,-5.31,4
-7.15,-2.72,5
5.1,4.88,0
6.07,-3.69,4
