UMAP_1,UMAP_2,state
5.079,3.429,CD8.NaiveLike
-6.508,0.015,CD8.TPEX
-6.295,-0.114,CD8.TPEX
-5.623,-4.093,CD8.TEX
-0.741,-0.908,CD8.EM
-6.319,-4.203,CD8.TEX
1.813,4.479,CD8.CM
1.181,2.981,CD8.CM
-4.864,-0.984,CD8.TPEX
-6.472,-1.8,CD8.TPEX
-5.99,-3.6,CD8.TEX
-4.569,-3.22,CD8.TEX
-6.507,-4.505,CD8.TEX
-6.098,-3.816,CD8.TEX
-5.088,-1.574,CD8.TPEX
3.596,2.874,CD8.CM
-6.557,-0.451,CD8.TPEX
-6.891,-0.492,CD8.TPEX
-7.219,-3.296,CD8.TEX
-4.754,0.26,CD8.TPEX
-6.526,-3.839,CD8.TEX
-4.474,-2.467,CD8.CM
-0.21,-1.674,CD8.CM
-1.586,-1.08,CD8.EM
-7.059,-4.11,CD8.TEX
-4.541,0.071,CD8.TPEX
-1.731,-1.101,CD8.TPEX
1.526,1.993,CD8.CM
-6.405,-1.991,CD8.TPEX
1.494,2.371,CD8.CM
1.76,1.345,CD8.CM
-1.103,-2.128,CD8.EM
3.937,3.148,CD8.CM
-6.548,-3.546,CD8.TEX
5.738,3.357,CD8.NaiveLike
-6.409,-3.378,CD8.TEX
-1.811,-2.001,CD8.EM
-7.013,-3.384,CD8.TEX
-6.646,-0.405,CD8.TPEX
-5.396,-3.394,CD8.TEX
-6.464,-3.612,CD8.TEX
-4.871,-3.472,CD8.TEX
-5.742,-0.534,CD8.TPEX
-0.144,0.558,CD8.EM
6.335,4.284,CD8.NaiveLike
-6.435,-0.204,CD8.TPEX
1.52,2.596,CD8.CM
-6.242,-0.081,CD8.TPEX
2.141,2.346,CD8.CM
2.283,1.446,CD8.CM
-5.299,-3.355,CD8.TEX
-1.132,-1.138,CD8.EM
2.715,1.74,CD8.CM
-3.373,-3.97,CD8.TEX
-6.507,-0.995,CD8.TPEX
-6.599,-3.291,CD8.TEX
-1.89,-1.759,CD8.EM
-5.883,-0.807,CD8.TPEX
-6.606,-3.357,CD8.TEX
-6.833,-4.553,CD8.TEX
1.84,1.844,CD8.CM
-6.921,-3.928,CD8.TEX
1.436,1.368,CD8.CM
1.762,3.536,CD8.CM
-0.057,-1.058,CD8.EM
0.25,-0.232,CD8.CM
-6.473,-4.721,CD8.TEX
-6.581,-3.117,CD8.TEX
2.324,2.16,CD8.CM
-6.561,-3.15,CD8.TEX
1.776,1.634,CD8.CM
5.573,3.495,CD8.NaiveLike
-6.664,-1.056,CD8.TPEX
-5.8,-3.263,CD8.TEX
-6.917,-3.361,CD8.TEX
-1.353,-2.022,CD8.EM
3.526,2.577,CD8.CM
-6.736,-3.803,CD8.TEX
4.914,4.262,CD8.NaiveLike
-5.892,-3.787,CD8.TEX
3.486,2.54,CD8.CM
4.004,3.322,CD8.CM
-5.731,-0.58,CD8.TPEX
4.83,3.263,CD8.CM
-6.962,-3.164,CD8.TEX
-6.868,-3.827,CD8.TEX
-6.2,-0.299,CD8.TPEX
2.617,2.448,CD8.CM
-6.24,0.023,CD8.TPEX
-6.632,-1.471,CD8.TPEX
-6.24,-0.069,CD8.TPEX
-5.822,-3.457,CD8.TEX
-7.045,-4.36,CD8.TEX
-5.773,-0.422,CD8.TPEX
-5.798,-0.49,CD8.CM
-5.276,-0.445,CD8.TPEX
-5.694,-4.268,CD8.TEX
2.031,1.799,CD8.CM
-4.664,-3.191,CD8.TEX
-6.97,-3.621,CD8.TEX
-7.023,-3.672,CD8.TEX
-6.739,-3.906,CD8.CM
6.389,3.674,CD8.CM
-6.313,-0.385,CD8.TPEX
-1.516,-2.687,CD8.EM
-5.958,-0.376,CD8.TPEX
-5.661,-4.51,CD8.TEX
-5.086,-3.16,CD8.TEX
-4.089,-1.253,CD8.EM
1.82,2.435,CD8.CM
-1.265,-2.716,CD8.EM
3.715,2.903,CD8.CM
1.26,3.281,CD8.CM
2.944,2.099,CD8.CM
-5.632,-3.332,CD8.TEX
-0.868,-1.802,CD8.EM
5.022,4.907,CD8.NaiveLike
-7.135,-3.618,CD8.TEX
-6.052,-0.203,CD8.TPEX
-0.494,-2.082,CD8.EM
-5.54,-4.331,CD8.TEX
1.358,3.005,CD8.CM
-1.397,-0.95,CD8.EM
1.594,1.385,CD8.CM
-4.581,-3.626,CD8.TEX
-0.603,-0.878,CD8.CM
2.493,2.285,CD8.CM
-6.765,-1.842,CD8.TPEX
-6.683,-0.354,CD8.TPEX
4.695,4.166,CD8.NaiveLike
1.571,2.436,CD8.CM
-6.389,-3.41,CD8.TEX
2.245,1.543,CD8.CM
-6.835,-3.547,CD8.TEX
-3.832,-4.116,CD8.TEX
-5.674,-0.482,CD8.TPEX
4.327,3.327,CD8.NaiveLike
-4.969,0.317,CD8.TPEX
1.666,2.323,CD8.CM
-5.369,-0.669,CD8.TPEX
1.571,2.881,CD8.CM
2.521,2.843,CD8.CM
-6.697,-0.291,CD8.TPEX
5.658,3.627,CD8.CM
-0.714,-1.677,CD8.EM
0.943,0.658,CD8.CM
-0.416,-1.143,CD8.EM
1.811,1.72,CD8.CM
-0.379,-0.442,CD8.EM
-6.062,-3.523,CD8.TEX
-0.463,-1.959,CD8.EM
-5.71,-3.104,CD8.TEX
1.858,1.696,CD8.CM
-1.061,-1.972,CD8.EM
-5.409,-3.368,CD8.TEX
1.884,0.931,CD8.CM
-6.821,-3.474,CD8.TEX
-6.419,-0.061,CD8.TPEX
-6.934,-3.678,CD8.TEX
-0.115,-0.762,CD8.EM
-5.85,-3.198,CD8.TEX
-6.455,-3.858,CD8.TEX
1.496,1.338,CD8.CM
-6.307,-1.111,CD8.TPEX
-3.466,8.028,CD8.MAIT
0.064,-0.067,CD8.EM
-0.656,-1.249,CD8.EM
-6.116,-1.387,CD8.TPEX
1.183,0.222,CD8.CM
-7.146,-2.547,CD8.TPEX
-5.401,-0.921,CD8.CM
1.963,1.217,CD8.CM
5.192,3.533,CD8.NaiveLike
-6.293,-3.075,CD8.TEX
-7.048,-2.804,CD8.TEX
-6.241,-0.988,CD8.TPEX
-7.157,-2.868,CD8.TEX
-6.613,-3.716,CD8.TEX
-6.697,-2.881,CD8.TEX
-6.94,-3.484,CD8.TEX
-5.957,-0.544,CD8.TPEX
1.154,2.962,CD8.CM
-0.431,-0.381,CD8.EM
-6.465,-0.148,CD8.TPEX
2.068,2.387,CD8.CM
1.548,1.756,CD8.CM
-6.792,-0.327,CD8.TPEX
-5.92,-3.719,CD8.TEX
4.493,2.715,CD8.CM
-6.548,-3.314,CD8.TEX
4.764,3.756,CD8.NaiveLike
1.726,2.01,CD8.CM
-4.866,0.191,CD8.TPEX
2.641,2.008,CD8.CM
-5.181,-4.211,CD8.TEX
3.707,2.643,CD8.CM
0.815,-0.029,CD8.CM
0.717,0.096,CD8.CM
-5.172,-3.296,CD8.TEX
-5.65,-0.471,CD8.TPEX
5.483,3.193,CD8.NaiveLike
-6.292,0.062,CD8.TPEX
-1.244,-2.33,CD8.EM
-6.305,-1.385,CD8.TPEX
2.008,2.286,CD8.CM
-6.545,-1.224,CD8.TPEX
-6.494,-0.477,CD8.TPEX
1.821,2.181,CD8.CM
-4.42,-0.954,CD8.EM
-6.665,-3.372,CD8.TEX
-6.359,-0.856,CD8.TPEX
1.487,2.772,CD8.CM
-6.561,-0.274,CD8.TPEX
2.199,2.324,CD8.CM
2.019,2.176,CD8.CM
2.019,2.491,CD8.CM
6.704,4.567,CD8.NaiveLike
-5.632,-4.263,CD8.TEX
-6.997,-2.99,CD8.TEX
-1.308,-0.653,CD8.EM
1.701,2.599,CD8.CM
1.91,2.213,CD8.CM
-4.218,-2.906,CD8.TEX
-1.246,-0.8,CD8.EM
-6.295,-0.436,CD8.TPEX
3.99,2.567,CD8.CM
-5.249,-1.063,CD8.TPEX
-5.794,-3.227,CD8.TEX
-5.671,-3.47,CD8.TEX
1.89,1.372,CD8.CM
3.538,2.558,CD8.CM
-6.382,-0.584,CD8.TPEX
0.08,-0.91,CD8.EM
6.093,3.489,CD8.NaiveLike
-6.347,-0.484,CD8.TPEX
2.326,2.159,CD8.CM
-6.197,-0.079,CD8.TPEX
-5.683,0.015,CD8.TPEX
4.485,2.561,CD8.CM
-5.545,-2.897,CD8.TEX
-5.065,0.263,CD8.TPEX
-6.77,-0.596,CD8.TPEX
-0.598,-0.335,CD8.EM
-2.753,-1.658,CD8.TPEX
-1.956,-2.373,CD8.TPEX
-0.127,-1.542,CD8.EM
-6.521,-1.037,CD8.TPEX
-5.766,-2.969,CD8.TEX
-5.641,-4.218,CD8.TEX
-7.256,-2.863,CD8.TEX
1.236,2.342,CD8.CM
-6.727,-0.349,CD8.TPEX
-6.257,-3.972,CD8.TEX
6.046,3.514,CD8.NaiveLike
1.72,1.861,CD8.CM
-6.769,-0.405,CD8.TPEX
1.457,1.196,CD8.CM
-6.071,-1.072,CD8.TPEX
-4.465,-3.649,CD8.TEX
1.996,1.2,CD8.EM
-0.957,-0.808,CD8.EM
-6.289,-0.612,CD8.TPEX
-6.656,-3.917,CD8.TEX
-4.976,0.157,CD8.TPEX
-6.765,-3.428,CD8.TEX
5.531,3.457,CD8.NaiveLike
-5.404,-3.483,CD8.TEX
2.035,2.044,CD8.CM
3.018,2.378,CD8.CM
-6.666,-3.258,CD8.TEX
-7.06,-3.132,CD8.TEX
2.276,1.511,CD8.CM
-6.18,-0.893,CD8.TPEX
2.087,2.24,CD8.CM
-1.517,-1.167,CD8.EM
-0.572,-1.254,CD8.EM
-4.246,-3.459,CD8.TEX
-4.5,-4.569,CD8.TEX
2.942,1.619,CD8.EM
-6.891,-2.864,CD8.TEX
-2.875,-2.791,CD8.EM
4.512,3.598,CD8.NaiveLike
-0.836,-1.412,CD8.EM
0.967,3.809,CD8.CM
1.803,1.873,CD8.CM
-5.954,-0.287,CD8.TPEX
1.283,1.043,CD8.CM
-6.663,-1.031,CD8.TPEX
-4.164,-4.123,CD8.TEX
-2.159,-2.173,CD8.EM
-0.232,-2.729,CD8.EM
1.478,1.758,CD8.CM
4.768,3.059,CD8.CM
-5.897,-4.252,CD8.TEX
-6.633,-0.364,CD8.TPEX
-6.557,-1.74,CD8.TPEX
1.952,2.238,CD8.CM
-1.058,-1.589,CD8.EM
-5.644,-4.032,CD8.TEX
-5.544,-3.37,CD8.TEX
-6.863,-2.826,CD8.TEX
-7.318,-3.195,CD8.TEX
1.909,1.952,CD8.CM
-6.077,-3.805,CD8.TEX
-6.525,-0.911,CD8.TPEX
-6.049,-0.284,CD8.TPEX
-5.452,-0.386,CD8.TPEX
-6.631,-3.33,CD8.TEX
-6.48,-0.629,CD8.TPEX
1.325,1.525,CD8.CM
3.421,2.521,CD8.CM
-5.785,-0.985,CD8.TPEX
-4.699,-4.006,CD8.TEX
-6.122,-0.214,CD8.TPEX
-5.5,-3.339,CD8.TEX
-5.299,-1.128,CD8.TPEX
-6.181,-3.847,CD8.TEX
-6.106,-1.025,CD8.TPEX
-1.59,-1.804,CD8.EM
-1.564,-2.592,CD8.EM
2.137,2.493,CD8.CM
4.917,3.61,CD8.NaiveLike
-6.418,-2.645,CD8.TEX
-0.511,-0.972,CD8.EM
-6.242,-0.47,CD8.TPEX
-4.597,-2.801,CD8.TEX
-0.409,-0.37,CD8.EM
-0.326,-0.713,CD8.CM
-5.968,-0.632,CD8.TPEX
6.728,4.927,CD8.NaiveLike
1.848,1.407,CD8.CM
2.772,2.524,CD8.CM
1.642,3.035,CD8.CM
-1.161,-0.726,CD8.EM
-4.324,-3.922,CD8.TEX
-3.68,-3.623,CD8.TEX
6.197,4.598,CD8.NaiveLike
-1.248,-0.697,CD8.EM
-5.313,-3.438,CD8.TEX
5.102,3.656,CD8.NaiveLike
1.84,2.719,CD8.CM
-5.042,-1.053,CD8.TPEX
-0.682,-0.399,CD8.EM
-5.915,-0.152,CD8.TPEX
-6.978,-3.244,CD8.TEX
-1.252,-2.687,CD8.EM
-6.375,-0.769,CD8.TPEX
-7.259,-3.496,CD8.TEX
-5.29,-3.356,CD8.TEX
1.789,1.776,CD8.CM
0.932,3.551,CD8.CM
-6.596,-0.279,CD8.TPEX
-6.325,-3.807,CD8.TEX
7.116,3.479,CD8.NaiveLike
-6.638,-3.474,CD8.TEX
-6.706,-3.232,CD8.TEX
-5.035,-3.49,CD8.TEX
-6.839,-2.845,CD8.TEX
-7.052,-2.078,CD8.TEX
2.136,2.238,CD8.CM
1.865,2.252,CD8.CM
-7.087,-3.765,CD8.TEX
1.192,4.006,CD8.CM
-6.313,-3.972,CD8.TEX
-4.894,-1.096,CD8.TPEX
-5.942,-0.591,CD8.TPEX
-6.678,-3.149,CD8.TEX
-5.976,-0.885,CD8.TPEX
-5.972,-0.398,CD8.TPEX
-5.815,-0.388,CD8.TPEX
2.256,2.447,CD8.CM
-6.523,-0.483,CD8.TPEX
-6.001,-0.111,CD8.TPEX
4.094,3.495,CD8.CM
-6.525,-0.154,CD8.TPEX
-1.169,-1.271,CD8.EM
1.632,3.991,CD8.CM
-0.966,-0.718,CD8.TPEX
-6.3,-0.841,CD8.TPEX
-6.712,-3.443,CD8.TEX
1.514,2.165,CD8.CM
-6.075,-0.429,CD8.TPEX
-7.123,-3.394,CD8.TEX
5.45,3.519,CD8.NaiveLike
1.393,3.353,CD8.CM
5.611,4.023,CD8.NaiveLike
5.4,4.153,CD8.NaiveLike
1.545,2.49,CD8.CM
3.921,3.016,CD8.NaiveLike
-4.737,-2.471,CD8.TPEX
1.698,2.844,CD8.CM
1.564,2.859,CD8.CM
-5.357,-3.683,CD8.TEX
0.759,3.425,CD8.CM
2.196,1.575,CD8.CM
-1.16,-1.264,CD8.EM
1.953,2.079,CD8.CM
-6.531,-4.126,CD8.TEX
-6.333,-3.788,CD8.TEX
-1.492,-2.512,CD8.EM
-0.194,-1.468,CD8.CM
-5.847,-3.703,CD8.TEX
4.959,3.587,CD8.CM
2.86,1.797,CD8.CM
3.584,2.73,CD8.CM
-6.823,-1.804,CD8.TPEX
-5.142,-3.92,CD8.TEX
-1.657,-1.072,CD8.EM
-4.473,-4.646,CD8.TEX
-6.162,-3.187,CD8.TEX
2.327,1.919,CD8.CM
-6.78,-3.75,CD8.TEX
-6.912,-3.402,CD8.TEX
-6.797,-2.263,CD8.TEX
-6.031,-0.642,CD8.TPEX
1.327,3.617,CD8.CM
-6.937,-2.153,CD8.TPEX
-5.902,-3.546,CD8.TEX
-6.571,-0.051,CD8.TPEX
1.596,1.651,CD8.CM
-3.25,-1.597,CD8.EM
-6.816,-3.528,CD8.TEX
-1.446,-1.112,CD8.EM
0.466,0.291,CD8.CM
-4.876,-0.023,CD8.TPEX
1.596,1.685,CD8.CM
-5.936,-0.537,CD8.TPEX
-3.875,-2.717,CD8.TEX
-6.878,-2.626,CD8.TEX
1.692,3.69,CD8.CM
2.579,2.0,CD8.CM
-5.694,-4.251,CD8.TEX
-5.169,-4.545,CD8.TEX
-7.086,-3.572,CD8.TEX
2.17,1.916,CD8.CM
-6.237,-4.43,CD8.TEX
-0.352,-2.897,CD8.EM
2.23,2.527,CD8.CM
-6.179,-3.376,CD8.TEX
-6.397,-0.217,CD8.TPEX
-6.096,-0.954,CD8.TPEX
1.847,2.554,CD8.CM
0.797,1.055,CD8.CM
5.896,3.513,CD8.NaiveLike
-6.57,-0.401,CD8.TPEX
4.515,3.945,CD8.NaiveLike
-6.504,-0.896,CD8.TPEX
1.548,1.737,CD8.CM
-3.996,-3.826,CD8.TEX
-5.997,-0.279,CD8.TPEX
1.648,2.269,CD8.CM
-6.344,-4.414,CD8.TEX
-6.978,-2.068,CD8.TPEX
-4.458,-0.026,CD8.TPEX
-6.01,0.112,CD8.TPEX
-6.597,-3.678,CD8.TEX
-5.537,-4.637,CD8.TEX
-6.35,-1.089,CD8.TPEX
-6.582,-4.238,CD8.TEX
-5.81,-3.574,CD8.TEX
-6.428,-0.06,CD8.TPEX
-5.823,-0.735,CD8.TPEX
-3.743,-3.765,CD8.TEX
-5.298,-3.498,CD8.TEX
-4.869,-4.111,CD8.TEX
6.6,4.796,CD8.NaiveLike
-5.717,-3.308,CD8.TEX
-6.583,-4.896,CD8.TEX
1.697,1.82,CD8.CM
-6.183,-0.463,CD8.TPEX
1.265,3.174,CD8.CM
-5.052,-4.76,CD8.TEX
-4.735,-3.442,CD8.TEX
-0.583,-2.775,CD8.EM
-0.672,-0.267,CD8.EM
-6.579,-3.58,CD8.TEX
-4.031,-3.669,CD8.TEX
-6.385,-3.74,CD8.TEX
1.379,3.085,CD8.CM
-6.22,-0.131,CD8.TPEX
-7.151,-2.467,CD8.TEX
1.655,2.141,CD8.CM
-6.576,-0.141,CD8.TPEX
-5.27,-2.99,CD8.TEX
5.338,3.201,CD8.NaiveLike
4.869,2.757,CD8.CM
-0.603,-0.521,CD8.EM
2.568,1.736,CD8.CM
2.078,3.018,CD8.CM
-5.777,-1.53,CD8.TPEX
-6.613,-2.088,CD8.TPEX
1.659,2.557,CD8.CM
2.377,2.945,CD8.CM
-6.615,-4.745,CD8.TEX
-5.823,-0.736,CD8.TPEX
4.549,4.435,CD8.CM
-5.602,-0.028,CD8.TPEX
1.624,2.133,CD8.CM
-6.248,-3.158,CD8.TEX
5.016,4.122,CD8.NaiveLike
-7.166,-3.596,CD8.TEX
7.226,4.504,CD8.NaiveLike
-0.324,-0.452,CD8.EM
-6.005,-3.103,CD8.TEX
-6.463,-1.444,CD8.TPEX
-7.14,-4.18,CD8.TEX
-6.569,-3.825,CD8.TEX
-6.856,-0.964,CD8.TPEX
-6.154,-3.079,CD8.TEX
-6.291,-3.82,CD8.TEX
-1.043,-1.607,CD8.EM
4.856,2.828,CD8.NaiveLike
-6.495,-0.344,CD8.TPEX
-0.192,-0.331,CD8.EM
-6.462,-0.681,CD8.TPEX
-6.172,-0.505,CD8.TPEX
-4.73,-3.458,CD8.TEX
-3.824,-1.142,CD8.CM
6.053,-4.616,CD8.EM
0.699,0.51,CD8.CM
1.392,1.376,CD8.CM
0.297,0.064,CD8.TPEX
-6.86,-0.358,CD8.TPEX
-6.284,-0.23,CD8.TPEX
-6.479,-1.247,CD8.TPEX
-6.791,-3.065,CD8.TEX
-6.069,-0.551,CD8.TPEX
-6.445,-3.259,CD8.TEX
7.19,4.454,CD8.NaiveLike
-7.154,-2.352,CD8.TPEX
-6.872,-3.583,CD8.TEX
-6.366,-0.714,CD8.TPEX
-5.406,-3.105,CD8.TEX
-1.062,-1.14,CD8.EM
3.21,2.581,CD8.CM
-1.069,-0.835,CD8.EM
-6.641,-0.627,CD8.TPEX
-6.326,-0.518,CD8.TPEX
1.342,1.917,CD8.CM
1.429,2.936,CD8.CM
-3.839,-3.92,CD8.TEX
-0.575,-2.426,CD8.EM
-2.682,-1.239,CD8.EM
-5.381,-3.874,CD8.TEX
0.93,3.265,CD8.CM
1.409,1.674,CD8.CM
-6.601,-3.89,CD8.TEX
-6.0,-1.857,CD8.TPEX
1.477,2.699,CD8.CM
5.986,3.264,CD8.NaiveLike
-1.336,-0.771,CD8.EM
2.005,2.913,CD8.CM
-5.9,-0.348,CD8.TPEX
-4.628,-1.132,CD8.CM
-6.277,-0.413,CD8.TPEX
4.781,3.544,CD8.CM
-6.721,-3.274,CD8.TEX
4.749,3.115,CD8.NaiveLike
1.856,2.426,CD8.CM
3.324,2.366,CD8.CM
-1.11,-2.514,CD8.EM
-7.17,-3.523,CD8.TEX
1.939,2.072,CD8.CM
-3.922,-3.258,CD8.TEX
1.651,2.434,CD8.CM
1.47,1.998,CD8.CM
-6.14,-1.25,CD8.TPEX
-6.705,-0.362,CD8.TPEX
-1.038,-2.211,CD8.EM
-5.966,-0.452,CD8.TPEX
1.098,1.299,CD8.CM
1.075,1.284,CD8.CM
-0.972,-1.322,CD8.TPEX
-1.707,-2.61,CD8.EM
-6.598,-2.19,CD8.TPEX
-6.296,-3.284,CD8.TEX
-4.929,-1.686,CD8.TPEX
1.249,1.729,CD8.CM
-5.856,-0.486,CD8.TPEX
1.958,2.984,CD8.CM
-4.794,-3.156,CD8.TEX
2.198,1.945,CD8.CM
-2.457,-2.538,CD8.EM
2.341,1.543,CD8.CM
-5.637,-0.423,CD8.TPEX
-4.05,-4.004,CD8.TEX
-4.951,-4.205,CD8.TEX
-1.134,-0.871,CD8.EM
-6.609,-1.7,CD8.TPEX
-6.664,-1.373,CD8.TPEX
-5.687,-2.83,CD8.TEX
2.276,1.835,CD8.CM
4.766,2.472,CD8.CM
-7.158,-3.177,CD8.TEX
-5.552,-3.339,CD8.TEX
-6.656,-0.239,CD8.TPEX
-6.373,-0.612,CD8.TPEX
-0.33,-0.722,CD8.EM
-6.951,-3.837,CD8.TEX
-6.705,-0.466,CD8.TPEX
1.702,2.592,CD8.CM
1.281,1.464,CD8.CM
1.05,0.918,CD8.CM
-1.987,-1.828,CD8.EM
-1.26,-2.182,CD8.EM
-6.237,-0.443,CD8.TPEX
-6.085,-0.016,CD8.TPEX
-6.744,-3.084,CD8.TEX
-6.494,-0.291,CD8.TPEX
1.495,1.703,CD8.CM
1.467,0.859,CD8.CM
-5.298,-4.013,CD8.TEX
1.866,1.707,CD8.CM
-6.576,-1.599,CD8.TPEX
0.728,-1.623,CD8.EM
-4.738,0.416,CD8.TPEX
-6.555,-0.1,CD8.TPEX
-0.562,-0.887,CD8.CM
-5.553,-0.513,CD8.TPEX
-6.139,-1.003,CD8.TPEX
-6.602,-0.412,CD8.TPEX
-6.994,-3.482,CD8.TEX
-6.768,-0.668,CD8.TPEX
2.271,1.595,CD8.CM
0.195,-1.891,CD8.CM
-1.436,-1.87,CD8.EM
-7.298,-3.155,CD8.TEX
1.452,2.994,CD8.CM
1.183,3.368,CD8.CM
1.213,1.243,CD8.EM
0.92,3.187,CD8.CM
4.352,4.02,CD8.NaiveLike
-6.405,-2.817,CD8.TEX
-0.843,-1.351,CD8.EM
-5.96,-3.459,CD8.TEX
-4.132,-2.902,CD8.TEX
3.052,3.021,CD8.CM
-6.234,-0.164,CD8.TPEX
-7.155,-3.633,CD8.TEX
-7.166,-3.435,CD8.TEX
-6.992,-4.104,CD8.TEX
-5.837,-0.282,CD8.TPEX
1.658,1.739,CD8.CM
-6.701,-3.7,CD8.TEX
-6.588,-0.477,CD8.TPEX
1.599,1.673,CD8.CM
-0.823,-1.416,CD8.EM
-4.966,-3.117,CD8.TEX
-6.318,-3.228,CD8.TEX
-5.637,-3.011,CD8.TEX
1.947,2.228,CD8.CM
-1.024,-0.573,CD8.EM
-1.032,-2.065,CD8.EM
-6.273,-0.41,CD8.TPEX
-5.975,-3.169,CD8.TEX
-5.131,-3.548,CD8.TEX
1.45,1.79,CD8.CM
-4.845,-4.207,CD8.TEX
0.477,-1.223,CD8.EM
-2.609,7.807,CD8.MAIT
-1.492,-2.06,CD8.EM
6.096,3.636,CD8.NaiveLike
2.194,1.528,CD8.CM
-7.003,-3.114,CD8.TEX
-6.313,-3.33,CD8.TEX
-6.675,-3.58,CD8.TEX
-6.271,-0.421,CD8.TPEX
1.845,1.904,CD8.CM
2.148,2.513,CD8.CM
1.872,3.133,CD8.CM
1.568,1.795,CD8.CM
4.722,3.299,CD8.CM
-5.183,-2.73,CD8.TEX
-5.66,-0.069,CD8.TPEX
-5.082,-0.414,CD8.EM
-6.449,-1.036,CD8.TPEX
-7.055,-2.292,CD8.TEX
-5.006,-3.392,CD8.TEX
2.066,1.393,CD8.CM
-0.303,-2.689,CD8.EM
-6.578,-1.054,CD8.TPEX
-6.237,-0.893,CD8.TPEX
-7.165,-2.855,CD8.TEX
0.633,-0.084,CD8.EM
-0.909,-0.963,CD8.EM
1.66,1.924,CD8.CM
-7.169,-2.139,CD8.TPEX
2.505,2.157,CD8.CM
-6.295,-0.261,CD8.TPEX
2.919,2.661,CD8.CM
-5.991,0.201,CD8.EM
-5.814,-0.067,CD8.TPEX
1.633,1.911,CD8.CM
-6.329,-0.464,CD8.TPEX
-4.421,-4.381,CD8.TEX
0.262,0.322,CD8.CM
-6.39,-3.255,CD8.TEX
5.052,3.475,CD8.NaiveLike
0.985,3.372,CD8.CM
1.472,3.188,CD8.CM
-6.152,-3.37,CD8.TEX
-1.91,-0.679,CD8.EM
-7.014,-2.585,CD8.TPEX
-4.594,-3.946,CD8.TEX
-6.476,-0.082,CD8.TPEX
-0.995,-1.152,CD8.EM
2.42,1.609,CD8.CM
-6.397,-3.58,CD8.TEX
-6.475,-0.217,CD8.TPEX
-6.64,-1.233,CD8.TPEX
-0.682,0.231,CD8.CM
-2.085,-2.248,CD8.TEX
-2.225,-2.427,CD8.EM
-5.953,-2.881,CD8.TEX
-1.381,-1.032,CD8.EM
-6.751,-3.743,CD8.TEX
-7.111,-3.031,CD8.TEX
2.353,2.343,CD8.CM
2.041,1.618,CD8.CM
5.713,3.624,CD8.CM
-6.312,-3.443,CD8.TEX
-2.133,-2.525,CD8.EM
-0.86,-2.533,CD8.EM
2.334,1.682,CD8.CM
-0.311,0.453,CD8.CM
2.03,1.805,CD8.CM
1.448,3.19,CD8.CM
-5.58,-3.744,CD8.TEX
-6.152,-3.873,CD8.TEX
-6.835,-0.534,CD8.TPEX
1.789,1.013,CD8.CM
3.98,2.616,CD8.CM
-1.697,-2.207,CD8.EM
-1.497,-0.706,CD8.EM
-6.303,-0.203,CD8.TPEX
2.354,1.637,CD8.CM
-6.56,-4.015,CD8.TEX
-5.934,-0.859,CD8.TPEX
-6.366,-0.472,CD8.TPEX
1.004,0.814,CD8.CM
-1.59,-0.918,CD8.EM
1.864,1.735,CD8.CM
1.678,1.98,CD8.CM
3.987,2.281,CD8.CM
-1.743,-1.982,CD8.EM
-6.475,-0.491,CD8.TPEX
-6.464,-0.493,CD8.TPEX
-1.078,-0.502,CD8.EM
-2.086,-2.365,CD8.EM
-7.121,-2.844,CD8.TEX
1.841,1.972,CD8.CM
1.87,2.632,CD8.CM
1.694,1.942,CD8.CM
-7.039,-3.027,CD8.TEX
-5.465,-0.786,CD8.TPEX
-5.054,-1.373,CD8.TPEX
-6.359,-3.896,CD8.TEX
-0.627,-1.069,CD8.EM
0.544,-0.168,CD8.EM
-6.492,-0.26,CD8.TPEX
1.87,2.347,CD8.CM
-4.856,-0.733,CD8.EM
6.642,3.782,CD8.NaiveLike
-5.043,-2.922,CD8.TPEX
-6.064,-3.245,CD8.TEX
-1.79,-1.169,CD8.EM
-6.841,-3.897,CD8.TEX
2.199,2.145,CD8.CM
-6.47,-0.162,CD8.TPEX
4.584,2.997,CD8.CM
-6.444,0.071,CD8.TPEX
5.17,4.122,CD8.NaiveLike
-6.504,-1.485,CD8.TPEX
3.039,2.569,CD8.CM
-5.983,-4.129,CD8.TEX
-6.76,-3.824,CD8.TEX
-6.177,-5.099,CD8.TEX
-6.554,-1.71,CD8.TPEX
1.393,1.446,CD8.CM
-3.944,-4.132,CD8.TEX
1.172,2.108,CD8.CM
-6.041,-1.744,CD8.TPEX
-6.297,-0.64,CD8.TPEX
-5.983,0.001,CD8.TPEX
0.656,0.772,CD8.CM
-5.842,-0.552,CD8.TPEX
-7.163,-3.779,CD8.TEX
-6.299,-4.981,CD8.TEX
-6.91,-2.665,CD8.TEX
1.612,1.645,CD8.CM
-7.076,-3.951,CD8.TEX
-5.676,-0.667,CD8.TPEX
-1.376,-0.944,CD8.EM
-5.59,-4.902,CD8.TEX
1.392,1.707,CD8.CM
-1.694,-0.79,CD8.CM
-6.672,-0.599,CD8.TPEX
3.345,2.45,CD8.CM
1.629,2.427,CD8.CM
-1.256,-2.283,CD8.EM
-5.967,-0.493,CD8.TPEX
-0.424,0.012,CD8.EM
-1.257,-1.118,CD8.EM
-5.865,-0.487,CD8.TPEX
-1.821,-1.8,CD8.EM
-5.912,-2.553,CD8.TPEX
-4.506,-3.473,CD8.TEX
-1.439,-1.005,CD8.EM
-6.341,-0.379,CD8.TPEX
-3.672,-2.315,CD8.TEX
-6.925,-3.368,CD8.TEX
-6.457,-1.335,CD8.TPEX
-4.112,-3.276,CD8.TEX
-4.927,-3.717,CD8.TEX
-6.446,-0.319,CD8.TPEX
1.567,1.985,CD8.CM
2.624,1.86,CD8.CM
-0.424,-1.121,CD8.EM
-6.939,-3.042,CD8.TEX
-5.347,-3.303,CD8.TEX
-0.921,-1.589,CD8.EM
4.584,2.938,CD8.CM
2.049,2.013,CD8.CM
-5.352,0.132,CD8.TPEX
-6.662,-0.56,CD8.TPEX
-4.856,0.169,CD8.TPEX
-0.724,-0.219,CD8.EM
0.744,0.266,CD8.CM
-1.35,-0.898,CD8.EM
-6.925,-2.462,CD8.TPEX
-4.922,-1.222,CD8.TPEX
2.505,2.662,CD8.CM
-2.124,-2.58,CD8.EM
4.968,4.04,CD8.NaiveLike
-1.495,-1.68,CD8.EM
-6.091,-0.573,CD8.TPEX
2.857,1.627,CD8.CM
1.848,1.927,CD8.CM
-6.641,-0.365,CD8.TPEX
-6.632,-0.168,CD8.TPEX
4.916,2.878,CD8.CM
0.468,0.133,CD8.EM
1.689,1.318,CD8.CM
-1.432,-1.317,CD8.EM
1.336,1.139,CD8.CM
3.332,1.803,CD8.CM
5.197,3.282,CD8.NaiveLike
-6.953,-2.125,CD8.TPEX
4.771,2.876,CD8.CM
1.415,2.99,CD8.CM
-6.48,-3.316,CD8.TEX
-5.707,-0.508,CD8.TPEX
-6.503,-0.426,CD8.TPEX
5.304,3.057,CD8.CM
-6.972,-2.313,CD8.TEX
-6.586,-0.287,CD8.TPEX
-6.314,-0.776,CD8.CM
0.407,-0.188,CD8.EM
4.359,3.157,CD8.NaiveLike
-5.846,-0.714,CD8.TPEX
-6.202,-0.137,CD8.TPEX
-4.226,-4.463,CD8.TEX
1.662,2.627,CD8.CM
-6.5,-4.35,CD8.TEX
6.479,3.597,CD8.CM
1.244,0.856,CD8.EM
1.764,1.662,CD8.CM
-6.319,-3.341,CD8.TEX
0.865,1.16,CD8.CM
-1.939,-2.453,CD8.EM
-5.363,-4.16,CD8.TEX
3.134,2.093,CD8.CM
-6.351,-0.807,CD8.TPEX
-6.829,-1.009,CD8.TPEX
-6.738,-1.32,CD8.TPEX
1.653,2.534,CD8.CM
5.826,3.996,CD8.CM
-1.198,-2.524,CD8.EM
-1.397,-1.131,CD8.EM
0.125,0.124,CD8.EM
-5.85,-0.382,CD8.TPEX
-6.861,-4.305,CD8.TEX
-2.182,-1.686,CD8.EM
-6.39,-3.415,CD8.TEX
-4.851,0.01,CD8.TPEX
-4.927,-4.571,CD8.TEX
1.398,2.585,CD8.CM
3.59,2.41,CD8.CM
-6.579,-1.533,CD8.TPEX
1.381,2.455,CD8.CM
1.674,1.288,CD8.CM
1.313,2.773,CD8.CM
-5.178,-4.028,CD8.TEX
-6.66,0.013,CD8.TPEX
-0.272,-1.573,CD8.EM
2.374,3.009,CD8.CM
-7.001,-3.324,CD8.TEX
-1.273,-1.361,CD8.EM
6.071,3.255,CD8.CM
1.303,2.807,CD8.CM
1.501,1.502,CD8.CM
2.413,2.034,CD8.CM
-4.604,-4.015,CD8.TEX
1.728,2.143,CD8.CM
-6.247,-0.637,CD8.TPEX
4.114,3.093,CD8.NaiveLike
1.003,0.323,CD8.CM
-1.497,-2.063,CD8.EM
4.399,3.623,CD8.NaiveLike
2.783,2.356,CD8.CM
1.03,3.394,CD8.CM
-5.719,-1.135,CD8.TPEX
-6.076,-0.351,CD8.TPEX
-5.526,-0.613,CD8.TPEX
5.494,4.235,CD8.NaiveLike
3.086,2.789,CD8.CM
2.747,2.346,CD8.CM
-6.607,-0.45,CD8.TPEX
1.533,2.005,CD8.CM
-5.701,0.054,CD8.TPEX
-0.893,-1.622,CD8.EM
-5.712,-2.797,CD8.TPEX
-5.993,-3.077,CD8.TEX
5.618,4.273,CD8.NaiveLike
0.122,-1.936,CD8.EM
6.805,4.003,CD8.NaiveLike
4.678,3.894,CD8.NaiveLike
-1.479,-2.618,CD8.EM
-0.978,-2.348,CD8.EM
-2.341,-3.054,CD8.EM
-5.232,-3.998,CD8.TEX
-6.831,-3.259,CD8.TEX
0.106,-2.314,CD8.EM
2.444,2.77,CD8.CM
-5.677,-2.355,CD8.TPEX
1.441,4.04,CD8.CM
-6.201,-2.871,CD8.TPEX
-6.673,-3.058,CD8.TEX
-5.877,-2.982,CD8.TEX
-5.852,-3.829,CD8.TEX
6.93,4.711,CD8.NaiveLike
-5.265,-3.752,CD8.TEX
2.892,4.148,CD8.CM
1.029,3.752,CD8.CM
6.51,4.819,CD8.NaiveLike
-5.578,-4.42,CD8.TEX
6.19,4.316,CD8.NaiveLike
1.175,3.958,CD8.CM
-6.411,-1.404,CD8.TPEX
0.884,3.23,CD8.CM
1.033,2.709,CD8.CM
-5.849,-1.615,CD8.TPEX
-4.085,-3.539,CD8.TEX
0.362,-0.111,CD8.CM
4.811,3.238,CD8.CM
6.627,4.631,CD8.NaiveLike
7.024,4.0,CD8.NaiveLike
5.857,4.918,CD8.NaiveLike
6.002,4.211,CD8.NaiveLike
-5.825,-3.755,CD8.TEX
-5.594,-4.179,CD8.TEX
-6.209,-3.952,CD8.TEX
-6.408,-3.371,CD8.TEX
2.786,3.033,CD8.CM
-5.271,-3.291,CD8.TEX
4.025,3.684,CD8.CM
-6.571,-3.879,CD8.TEX
-1.856,-1.761,CD8.EM
0.819,-0.386,CD8.CM
5.416,4.23,CD8.NaiveLike
7.25,4.277,CD8.NaiveLike
-1.634,-1.304,CD8.EM
5.809,4.734,CD8.NaiveLike
-6.109,-3.574,CD8.TEX
-4.676,-3.104,CD8.TEX
0.075,-0.768,CD8.EM
7.199,4.277,CD8.NaiveLike
-6.876,-1.649,CD8.TPEX
-5.47,-3.619,CD8.TEX
-2.594,7.668,CD8.MAIT
-6.213,-0.377,CD8.TPEX
5.662,4.435,CD8.NaiveLike
-6.801,-4.195,CD8.TEX
6.492,4.749,CD8.NaiveLike
6.009,4.556,CD8.NaiveLike
-6.533,-0.531,CD8.TPEX
6.804,4.599,CD8.NaiveLike
-2.208,7.791,CD8.MAIT
5.439,4.221,CD8.NaiveLike
7.459,4.509,CD8.NaiveLike
-4.511,-3.095,CD8.TEX
1.968,3.33,CD8.CM
1.085,2.967,CD8.CM
1.348,2.577,CD8.CM
-5.97,-0.819,CD8.TPEX
-0.61,-2.208,CD8.EM
1.26,3.798,CD8.CM
0.888,3.701,CD8.CM
-6.033,-4.265,CD8.TEX
0.993,3.586,CD8.CM
-0.985,-1.179,CD8.EM
0.187,-1.045,CD8.CM
5.556,4.606,CD8.NaiveLike
5.074,-4.571,CD8.TEMRA
5.709,3.928,CD8.NaiveLike
1.16,4.034,CD8.CM
-1.385,-2.33,CD8.EM
4.544,4.135,CD8.NaiveLike
-2.124,7.709,CD8.MAIT
6.367,4.771,CD8.NaiveLike
-5.314,-3.394,CD8.TEX
7.1,4.587,CD8.NaiveLike
-5.641,-3.933,CD8.TEX
1.532,3.673,CD8.CM
4.249,3.877,CD8.CM
-2.213,7.656,CD8.MAIT
5.425,4.741,CD8.NaiveLike
5.397,4.221,CD8.NaiveLike
-5.334,-3.821,CD8.TEX
-4.278,-4.074,CD8.TEX
7.255,4.3,CD8.NaiveLike
-6.459,-4.292,CD8.TEX
-4.196,-3.674,CD8.TEX
-0.39,-2.836,CD8.EM
-1.077,-2.886,CD8.EM
-5.421,-3.265,CD8.TEX
6.522,4.303,CD8.NaiveLike
-6.112,-1.173,CD8.TPEX
-7.103,-3.324,CD8.TEX
6.224,4.579,CD8.NaiveLike
-6.795,-3.516,CD8.TEX
-6.461,-3.709,CD8.TEX
6.389,4.384,CD8.CM
0.794,-2.008,CD8.TEMRA
-6.573,-3.027,CD8.TEX
5.452,4.148,CD8.NaiveLike
6.467,4.359,CD8.NaiveLike
-5.151,-3.831,CD8.TEX
-5.735,-3.626,CD8.TEX
-5.068,-3.492,CD8.TEX
-0.271,-2.21,CD8.EM
-6.638,-0.44,CD8.TPEX
-4.19,-2.411,CD8.EM
5.178,4.216,CD8.NaiveLike
-2.538,-3.486,CD8.TEX
7.281,4.026,CD8.NaiveLike
-5.56,-1.146,CD8.TPEX
6.518,4.921,CD8.NaiveLike
-5.588,-3.614,CD8.TEX
5.092,4.409,CD8.NaiveLike
-6.866,-3.556,CD8.TEX
-4.728,-3.835,CD8.TEX
-1.376,-2.93,CD8.EM
-4.322,-4.317,CD8.TEX
5.865,4.392,CD8.NaiveLike
6.894,4.093,CD8.NaiveLike
4.79,4.559,CD8.NaiveLike
-6.462,-0.075,CD8.TPEX
3.219,2.395,CD8.CM
1.042,3.334,CD8.CM
6.061,4.353,CD8.NaiveLike
7.207,4.503,CD8.NaiveLike
-6.608,-2.846,CD8.TEX
7.108,4.136,CD8.NaiveLike
1.112,3.698,CD8.CM
1.154,3.972,CD8.CM
1.426,3.464,CD8.CM
6.521,4.458,CD8.NaiveLike
1.83,4.198,CD8.CM
6.038,4.161,CD8.NaiveLike
1.284,3.443,CD8.CM
-6.767,-2.598,CD8.TEX
-6.475,-1.544,CD8.TPEX
-0.361,-0.584,CD8.EM
-1.453,-1.887,CD8.EM
5.372,4.618,CD8.NaiveLike
-5.193,0.171,CD8.TPEX
7.044,3.991,CD8.NaiveLike
5.895,-4.308,CD8.TEMRA
7.157,3.649,CD8.NaiveLike
-6.283,-3.812,CD8.TEX
-1.447,-2.323,CD8.EM
-5.985,-4.135,CD8.TEX
5.495,4.4,CD8.NaiveLike
-5.444,-3.665,CD8.TEX
1.433,3.234,CD8.CM
1.092,4.305,CD8.CM
1.626,3.681,CD8.CM
7.164,4.13,CD8.NaiveLike
-6.338,-3.967,CD8.TEX
-5.227,-3.314,CD8.TEX
7.118,4.412,CD8.NaiveLike
1.132,3.94,CD8.CM
7.057,4.646,CD8.NaiveLike
6.839,4.674,CD8.NaiveLike
1.02,3.793,CD8.CM
-5.532,-3.789,CD8.TEX
-0.595,-0.294,CD8.EM
-6.412,-3.814,CD8.TEX
-0.358,-0.77,CD8.EM
5.116,3.935,CD8.CM
1.099,3.538,CD8.CM
-6.328,-2.61,CD8.TEX
7.198,4.435,CD8.NaiveLike
6.979,4.478,CD8.CM
-6.421,-3.657,CD8.TEX
5.783,4.317,CD8.NaiveLike
-1.24,-2.713,CD8.EM
-5.307,-3.318,CD8.TEX
-4.78,-4.241,CD8.TEX
-6.47,-4.589,CD8.TEX
-6.785,-4.078,CD8.TEX
5.906,4.168,CD8.CM
0.909,3.354,CD8.CM
-5.375,-3.532,CD8.TEX
4.133,4.199,CD8.CM
-0.723,-3.072,CD8.CM
-6.911,-3.792,CD8.TEX
6.765,4.717,CD8.NaiveLike
5.323,4.183,CD8.NaiveLike
6.041,-4.121,CD8.TEMRA
-5.269,-4.337,CD8.TEX
-5.972,-3.901,CD8.TEX
-1.411,-2.472,CD8.EM
4.649,4.014,CD8.NaiveLike
1.552,4.054,CD8.CM
-5.895,-1.442,CD8.TPEX
5.782,4.508,CD8.CM
-5.162,-3.712,CD8.TEX
6.909,4.284,CD8.NaiveLike
5.595,3.887,CD8.NaiveLike
-5.634,-3.65,CD8.TEX
6.795,4.151,CD8.NaiveLike
-5.775,-4.201,CD8.TEX
-6.526,-1.237,CD8.TPEX
6.066,-4.176,CD8.TEMRA
1.615,4.477,CD8.CM
6.834,4.558,CD8.NaiveLike
-5.209,-3.229,CD8.TEX
1.087,3.079,CD8.CM
6.166,-4.804,CD8.TEMRA
5.093,-4.464,CD8.TEMRA
6.591,4.884,CD8.NaiveLike
-5.871,-0.153,CD8.TPEX
-0.106,-0.844,CD8.EM
-6.663,-0.774,CD8.TPEX
4.194,4.399,CD8.CM
-7.125,-3.403,CD8.TEX
-0.665,-0.905,CD8.EM
1.026,2.859,CD8.CM
7.24,4.323,CD8.NaiveLike
0.963,4.008,CD8.CM
5.853,4.732,CD8.NaiveLike
-4.965,-4.001,CD8.TEX
-6.154,-3.558,CD8.TEX
6.55,-4.145,CD8.TEMRA
5.102,3.998,CD8.NaiveLike
-6.254,-1.327,CD8.TPEX
-2.463,7.744,CD8.MAIT
6.306,-4.666,CD8.TEMRA
-6.3,-3.025,CD8.TEX
-5.481,-3.552,CD8.TEX
5.786,3.749,CD8.NaiveLike
6.211,4.421,CD8.NaiveLike
6.021,4.134,CD8.NaiveLike
5.428,3.79,CD8.CM
-6.803,-2.634,CD8.TPEX
5.851,4.433,CD8.NaiveLike
-4.761,-3.395,CD8.TEX
6.934,4.828,CD8.NaiveLike
-1.116,-1.902,CD8.EM
5.978,4.669,CD8.NaiveLike
-1.247,-2.592,CD8.EM
7.291,4.528,CD8.NaiveLike
-6.838,-2.775,CD8.TEX
-5.812,-1.825,CD8.TPEX
7.114,4.422,CD8.NaiveLike
-1.621,-2.137,CD8.EM
-5.895,-1.416,CD8.TPEX
1.128,3.427,CD8.CM
1.381,3.799,CD8.CM
-0.315,-0.188,CD8.EM
6.552,-4.077,CD8.TEMRA
-6.126,-2.391,CD8.TPEX
5.108,4.493,CD8.NaiveLike
-0.33,-1.552,CD8.EM
4.899,3.923,CD8.CM
-6.075,-1.161,CD8.TPEX
-5.777,-4.513,CD8.TEX
-6.498,-2.409,CD8.TEX
-0.785,-2.473,CD8.EM
6.825,3.818,CD8.NaiveLike
6.778,4.565,CD8.NaiveLike
1.114,3.982,CD8.CM
6.996,4.327,CD8.NaiveLike
4.926,4.338,CD8.NaiveLike
4.968,3.681,CD8.NaiveLike
6.213,4.682,CD8.NaiveLike
5.986,-4.68,CD8.TEMRA
7.401,4.596,CD8.NaiveLike
1.123,3.427,CD8.CM
5.68,4.174,CD8.NaiveLike
-5.802,-4.096,CD8.TEX
5.131,4.103,CD8.NaiveLike
5.851,4.353,CD8.NaiveLike
-2.333,-2.374,CD8.EM
7.409,4.233,CD8.NaiveLike
-5.645,-3.058,CD8.TEX
-4.976,-4.529,CD8.TEX
-0.747,-2.154,CD8.EM
-2.136,7.651,CD8.MAIT
-3.726,-2.796,CD8.TEX
6.601,3.75,CD8.NaiveLike
1.55,3.463,CD8.CM
-6.788,-1.828,CD8.TPEX
-5.633,-3.637,CD8.TEX
6.932,4.643,CD8.NaiveLike
-6.251,-3.791,CD8.TEX
6.647,4.897,CD8.NaiveLike
-0.584,-2.136,CD8.EM
0.977,4.184,CD8.CM
-5.392,-2.015,CD8.TPEX
-2.539,-1.551,CD8.TEX
4.662,4.349,CD8.NaiveLike
-6.472,-4.372,CD8.TEX
5.517,4.637,CD8.NaiveLike
-0.695,-2.403,CD8.EM
7.493,3.977,CD8.NaiveLike
-5.144,-3.616,CD8.TEX
6.136,4.142,CD8.NaiveLike
-4.991,-3.393,CD8.TEX
6.407,-4.283,CD8.TEMRA
1.325,2.956,CD8.CM
5.143,4.176,CD8.NaiveLike
-5.456,-3.872,CD8.TEX
-1.486,-1.057,CD8.EM
0.773,0.038,CD8.CM
6.71,3.241,CD8.NaiveLike
5.828,3.631,CD8.CM
-0.197,0.126,CD8.CM
0.633,3.812,CD8.CM
-1.003,-1.965,CD8.EM
-1.487,-2.317,CD8.EM
7.292,4.741,CD8.NaiveLike
-1.195,-2.083,CD8.EM
5.896,4.968,CD8.NaiveLike
6.376,4.733,CD8.NaiveLike
6.749,4.249,CD8.NaiveLike
-0.421,-1.236,CD8.EM
5.608,4.725,CD8.NaiveLike
0.276,-0.06,CD8.CM
-6.569,-0.438,CD8.TPEX
-5.307,-3.887,CD8.TEX
5.192,4.63,CD8.NaiveLike
0.245,-1.937,CD8.EM
6.094,4.765,CD8.NaiveLike
-0.268,-1.174,CD8.EM
-6.145,-3.461,CD8.TEX
1.266,4.236,CD8.CM
-6.806,-3.716,CD8.TEX
2.104,2.806,CD8.CM
1.286,4.51,CD8.CM
2.844,4.033,CD8.CM
-5.726,-2.401,CD8.TPEX
6.776,4.896,CD8.NaiveLike
6.158,-3.935,CD8.TEMRA
-6.787,-2.809,CD8.TEX
-6.38,-1.707,CD8.TPEX
5.446,4.481,CD8.NaiveLike
-0.34,-1.168,CD8.CM
-5.219,-2.746,CD8.TEX
-0.806,-1.393,CD8.EM
5.095,4.296,CD8.NaiveLike
6.13,4.652,CD8.NaiveLike
5.57,4.277,CD8.NaiveLike
-5.762,-3.319,CD8.TEX
-4.753,-1.473,CD8.TPEX
5.318,4.029,CD8.NaiveLike
-5.652,-3.752,CD8.TEX
-6.189,-3.478,CD8.TEX
7.12,3.385,CD8.NaiveLike
6.931,-4.032,CD8.TEMRA
-4.911,-3.574,CD8.TEX
-5.797,-1.144,CD8.TPEX
-5.928,-3.313,CD8.TEX
2.14,1.744,CD8.CM
-6.312,-0.123,CD8.TPEX
-5.828,-3.652,CD8.TEX
7.057,4.326,CD8.NaiveLike
-5.261,-3.424,CD8.TEX
1.695,4.489,CD8.CM
-4.597,-4.112,CD8.TEX
-6.175,-3.341,CD8.TEX
6.255,4.371,CD8.CM
5.545,4.285,CD8.NaiveLike
5.591,4.11,CD8.NaiveLike
-6.075,-3.252,CD8.TEX
-5.678,-3.576,CD8.TEX
-0.742,-2.83,CD8.EM
-0.353,-1.02,CD8.EM
6.286,4.037,CD8.NaiveLike
5.155,4.259,CD8.NaiveLike
-6.143,-2.952,CD8.TEX
-5.487,-3.434,CD8.TEX
-5.686,-2.607,CD8.TEX
-5.944,-3.667,CD8.TEX
-5.684,-3.463,CD8.TEX
1.076,3.635,CD8.CM
7.003,4.53,CD8.NaiveLike
6.543,4.923,CD8.NaiveLike
6.174,-4.082,CD8.TEMRA
5.366,3.753,CD8.NaiveLike
1.473,4.682,CD8.CM
6.674,-4.152,CD8.TEMRA
-5.728,-3.379,CD8.TEX
6.069,-4.522,CD8.TEMRA
-5.351,-4.107,CD8.TEX
-5.296,-3.564,CD8.TEX
1.757,2.704,CD8.CM
-5.783,-1.415,CD8.TPEX
4.606,4.549,CD8.NaiveLike
-4.56,-3.368,CD8.TEX
-5.9,-3.521,CD8.TEX
-6.576,-0.649,CD8.TPEX
-6.371,-3.052,CD8.TEX
7.484,4.159,CD8.NaiveLike
5.477,4.61,CD8.CM
-6.909,-3.049,CD8.TEX
-6.229,-3.587,CD8.TEX
5.429,4.432,CD8.NaiveLike
1.226,2.822,CD8.CM
5.28,4.436,CD8.NaiveLike
5.163,3.829,CD8.NaiveLike
5.664,4.174,CD8.NaiveLike
-6.098,-4.05,CD8.TEX
-6.128,-0.637,CD8.TPEX
4.854,3.802,CD8.NaiveLike
6.426,4.732,CD8.NaiveLike
-0.321,-0.071,CD8.CM
6.27,4.822,CD8.NaiveLike
0.81,3.735,CD8.CM
-5.431,-3.327,CD8.TEX
-0.281,-0.497,CD8.CM
6.515,4.297,CD8.NaiveLike
-7.153,-2.878,CD8.TEX
-5.135,-3.402,CD8.TEX
-0.487,-1.558,CD8.EM
0.043,-0.556,CD8.EM
-5.716,-3.931,CD8.TEX
6.544,4.247,CD8.NaiveLike
6.326,4.291,CD8.NaiveLike
0.313,0.328,CD8.CM
-5.805,-4.196,CD8.TEX
-0.996,-1.208,CD8.EM
6.469,4.492,CD8.NaiveLike
-5.875,-3.848,CD8.TEX
-5.419,-3.93,CD8.TEX
6.687,4.458,CD8.NaiveLike
-0.935,-1.234,CD8.EM
6.541,3.598,CD8.NaiveLike
6.09,4.822,CD8.NaiveLike
2.14,3.913,CD8.CM
-5.079,-3.407,CD8.TEX
5.379,4.674,CD8.NaiveLike
6.256,4.868,CD8.NaiveLike
-2.089,7.359,CD8.CM
-6.303,-3.174,CD8.TEX
1.839,2.369,CD8.CM
4.764,4.476,CD8.NaiveLike
-2.104,7.457,CD8.MAIT
-6.226,-3.769,CD8.TEX
5.388,3.967,CD8.NaiveLike
-7.04,-3.108,CD8.TEX
-2.176,8.103,CD8.MAIT
-4.987,-3.917,CD8.TEX
0.45,-0.076,CD8.CM
-6.322,-3.408,CD8.TEX
1.698,3.944,CD8.CM
-5.138,-3.819,CD8.TEX
-0.491,-1.524,CD8.EM
-1.214,-2.787,CD8.EM
-5.652,-1.294,CD8.TPEX
5.076,4.452,CD8.NaiveLike
-5.762,-3.64,CD8.TEX
5.865,4.456,CD8.NaiveLike
-5.248,-3.612,CD8.TEX
1.622,3.641,CD8.CM
6.35,4.755,CD8.NaiveLike
5.243,4.028,CD8.NaiveLike
-5.423,-3.694,CD8.TEX
-6.656,-2.815,CD8.TEX
1.102,4.072,CD8.CM
6.367,4.283,CD8.NaiveLike
0.259,0.062,CD8.CM
6.965,3.601,CD8.NaiveLike
-4.4,-2.194,CD8.TPEX
4.9,3.26,CD8.NaiveLike
-0.379,-1.75,CD8.EM
5.273,4.177,CD8.NaiveLike
4.341,3.627,CD8.NaiveLike
-1.093,-1.59,CD8.EM
6.393,3.793,CD8.NaiveLike
6.378,3.664,CD8.NaiveLike
6.38,4.842,CD8.NaiveLike
-6.287,-0.853,CD8.TPEX
-6.832,-2.438,CD8.TEX
6.477,4.562,CD8.NaiveLike
7.298,3.867,CD8.NaiveLike
1.251,4.145,CD8.CM
4.876,4.389,CD8.NaiveLike
2.351,4.314,CD8.CM
-5.832,-3.845,CD8.TEX
4.654,4.339,CD8.NaiveLike
7.217,4.045,CD8.NaiveLike
-3.996,-2.296,CD8.TEX
5.129,3.854,CD8.NaiveLike
-0.224,-1.973,CD8.EM
5.986,4.131,CD8.CM
0.396,0.446,CD8.CM
6.807,4.596,CD8.NaiveLike
-1.403,-1.624,CD8.EM
6.479,-3.646,CD8.CM
-1.805,-2.249,CD8.EM
5.273,3.895,CD8.NaiveLike
7.175,4.573,CD8.NaiveLike
6.232,4.782,CD8.NaiveLike
-4.987,-4.323,CD8.TEX
1.416,3.81,CD8.CM
-7.162,-3.312,CD8.TEX
-5.591,-3.469,CD8.TEX
-6.079,-1.266,CD8.TPEX
6.87,3.728,CD8.NaiveLike
0.904,4.044,CD8.CM
-6.032,-1.171,CD8.TPEX
-6.521,-0.598,CD8.TPEX
0.791,3.358,CD8.CM
-1.278,-2.121,CD8.EM
-5.021,-3.47,CD8.TEX
-6.717,-2.302,CD8.TPEX
1.182,3.876,CD8.CM
-5.183,-3.512,CD8.TEX
6.656,4.495,CD8.NaiveLike
7.16,3.683,CD8.NaiveLike
2.156,4.095,CD8.CM
5.38,4.276,CD8.NaiveLike
6.788,4.498,CD8.NaiveLike
5.216,4.384,CD8.NaiveLike
-6.44,-2.437,CD8.TEX
1.512,3.925,CD8.CM
-5.257,-3.306,CD8.TEX
6.72,-4.216,CD8.TEMRA
-6.332,-3.826,CD8.TEX
-5.593,-2.245,CD8.TPEX
6.694,4.57,CD8.NaiveLike
7.079,4.059,CD8.NaiveLike
-4.774,-3.528,CD8.TEX
4.995,4.043,CD8.NaiveLike
5.262,4.469,CD8.NaiveLike
4.86,3.14,CD8.CM
5.926,-4.744,CD8.TEMRA
-5.985,-4.295,CD8.TEX
1.946,3.332,CD8.CM
-5.839,-3.797,CD8.TEX
-6.455,-3.303,CD8.TEX
-6.604,-3.26,CD8.TEX
6.485,3.868,CD8.NaiveLike
1.109,3.841,CD8.CM
-0.352,-2.246,CD8.EM
-4.964,-3.732,CD8.TEX
5.91,4.446,CD8.NaiveLike
-5.91,-3.254,CD8.TEX
-4.548,-1.645,CD8.TPEX
6.893,4.601,CD8.NaiveLike
7.169,3.819,CD8.NaiveLike
-5.017,-1.16,CD8.TPEX
4.874,3.987,CD8.NaiveLike
-0.409,-2.012,CD8.EM
-6.516,-0.609,CD8.TPEX
6.711,3.834,CD8.NaiveLike
5.237,4.664,CD8.NaiveLike
1.542,3.808,CD8.CM
-5.436,-3.435,CD8.TEX
-5.459,-3.911,CD8.TEX
5.55,3.39,CD8.CM
-6.811,-1.848,CD8.TPEX
-0.545,-2.155,CD8.EM
6.567,4.947,CD8.NaiveLike
1.024,3.532,CD8.CM
-5.543,-3.992,CD8.TEX
6.667,3.846,CD8.NaiveLike
-5.456,-3.543,CD8.TEX
6.842,4.535,CD8.NaiveLike
-5.712,-3.007,CD8.TEX
6.234,4.66,CD8.NaiveLike
2.449,3.016,CD8.CM
0.828,3.469,CD8.CM
-1.013,-2.344,CD8.EM
1.256,3.506,CD8.CM
-4.363,-3.393,CD8.TEX
7.235,4.513,CD8.NaiveLike
-5.93,-3.835,CD8.TEX
0.858,0.261,CD8.CM
-1.057,-1.957,CD8.EM
0.069,-0.885,CD8.EM
5.814,4.585,CD8.NaiveLike
4.897,4.45,CD8.NaiveLike
-1.332,-2.592,CD8.EM
2.472,2.086,CD8.CM
6.091,4.029,CD8.NaiveLike
7.313,3.706,CD8.NaiveLike
3.965,2.891,CD8.CM
-6.614,-1.395,CD8.TEX
-2.338,-2.757,CD8.EM
-5.686,-3.442,CD8.TEX
-6.244,-1.261,CD8.TPEX
-4.846,-3.806,CD8.TEX
-4.968,-3.441,CD8.TEX
6.534,5.012,CD8.NaiveLike
-1.973,7.438,CD8.MAIT
-0.55,-0.037,CD8.EM
-6.274,-0.64,CD8.TPEX
-5.411,-3.228,CD8.TEX
4.686,4.575,CD8.CM
5.516,4.35,CD8.NaiveLike
-1.02,-1.597,CD8.EM
-0.287,-0.206,CD8.EM
-6.95,-3.268,CD8.TEX
-5.49,-1.504,CD8.TPEX
-2.29,7.56,CD8.MAIT
6.733,3.726,CD8.NaiveLike
-5.093,-3.853,CD8.TEX
-0.81,-1.439,CD8.EM
0.869,3.493,CD8.CM
0.349,0.21,CD8.CM
-5.443,-3.601,CD8.TEX
0.718,0.383,CD8.CM
-6.237,-2.041,CD8.TEX
-5.889,-1.159,CD8.TPEX
-6.052,-0.818,CD8.TPEX
5.77,4.415,CD8.NaiveLike
6.136,4.646,CD8.NaiveLike
-4.795,-4.059,CD8.TEX
5.807,4.72,CD8.NaiveLike
-2.19,-2.96,CD8.EM
-0.984,-2.868,CD8.EM
-6.5,-1.34,CD8.TPEX
6.131,-4.298,CD8.TEMRA
6.957,4.42,CD8.NaiveLike
6.239,4.558,CD8.NaiveLike
5.868,4.595,CD8.NaiveLike
-5.099,-3.998,CD8.TEX
-5.022,-1.015,CD8.TPEX
5.073,4.461,CD8.CM
-4.039,-2.822,CD8.TEX
-4.932,-2.171,CD8.TPEX
6.491,4.771,CD8.NaiveLike
6.449,4.575,CD8.NaiveLike
-0.539,-0.704,CD8.EM
-5.338,-3.348,CD8.TEX
-6.382,-3.696,CD8.TEX
-0.958,-1.956,CD8.EM
-5.569,-3.42,CD8.TEX
5.254,5.072,CD8.CM
6.882,3.582,CD8.NaiveLike
-3.746,-3.611,CD8.TEX
-6.732,-0.958,CD8.TPEX
-4.918,-4.025,CD8.TEX
-6.42,-1.906,CD8.TPEX
-1.232,-1.105,CD8.EM
5.371,3.929,CD8.NaiveLike
-5.128,-4.464,CD8.TEX
5.93,4.833,CD8.NaiveLike
6.414,4.169,CD8.NaiveLike
-5.279,-4.883,CD8.TEX
-5.248,-3.891,CD8.TEX
7.279,4.213,CD8.NaiveLike
-0.398,-2.002,CD8.EM
-6.082,-3.212,CD8.TEX
7.227,4.43,CD8.NaiveLike
5.753,4.937,CD8.NaiveLike
-4.989,-3.799,CD8.TEX
6.955,4.825,CD8.NaiveLike
7.284,4.596,CD8.NaiveLike
-5.72,-1.475,CD8.TPEX
6.787,4.749,CD8.NaiveLike
1.037,4.021,CD8.CM
4.677,4.141,CD8.NaiveLike
7.068,4.65,CD8.NaiveLike
6.934,3.622,CD8.NaiveLike
-0.086,-0.404,CD8.EM
4.709,4.245,CD8.CM
5.528,3.982,CD8.NaiveLike
1.093,3.847,CD8.CM
-1.487,-1.347,CD8.EM
6.878,4.574,CD8.NaiveLike
5.148,4.426,CD8.NaiveLike
2.835,4.101,CD8.CM
5.999,4.928,CD8.NaiveLike
-6.2,-3.94,CD8.TEX
1.408,2.35,CD8.CM
4.644,3.827,CD8.NaiveLike
-6.393,-3.529,CD8.TEX
1.106,2.769,CD8.CM
-6.412,-1.332,CD8.TPEX
5.208,4.518,CD8.NaiveLike
-5.199,-3.776,CD8.TEX
6.805,4.559,CD8.NaiveLike
6.588,4.563,CD8.NaiveLike
6.493,4.517,CD8.NaiveLike
7.395,3.773,CD8.NaiveLike
-0.44,-1.131,CD8.EM
5.146,4.513,CD8.NaiveLike
2.237,3.124,CD8.CM
-5.165,-4.242,CD8.TEX
6.368,4.912,CD8.NaiveLike
7.059,3.933,CD8.NaiveLike
5.556,4.768,CD8.CM
-6.179,-3.912,CD8.TEX
-4.284,-4.484,CD8.TEX
7.151,4.749,CD8.NaiveLike
-4.984,-3.291,CD8.TEX
-1.252,-2.703,CD8.EM
-0.816,-1.89,CD8.EM
6.643,4.892,CD8.NaiveLike
5.751,-3.896,CD8.TEMRA
-5.842,-3.64,CD8.TEX
6.277,3.776,CD8.NaiveLike
-6.392,-3.374,CD8.TEX
7.001,4.645,CD8.NaiveLike
-6.364,-3.631,CD8.TEX
-6.123,-3.091,CD8.TEX
6.697,4.539,CD8.NaiveLike
-5.374,-3.888,CD8.TEX
-6.463,-3.72,CD8.TEX
-5.597,-3.652,CD8.TEX
4.943,3.361,CD8.NaiveLike
-5.232,-3.545,CD8.TEX
-6.903,-2.75,CD8.TEX
-6.559,-0.376,CD8.TPEX
-6.286,-3.046,CD8.TEX
-3.535,-3.885,CD8.TEX
1.592,2.854,CD8.CM
6.045,4.445,CD8.CM
7.305,4.684,CD8.NaiveLike
6.566,4.475,CD8.NaiveLike
5.254,4.241,CD8.NaiveLike
1.841,3.089,CD8.CM
-0.758,-0.795,CD8.EM
6.593,4.071,CD8.NaiveLike
6.553,4.842,CD8.NaiveLike
6.27,4.634,CD8.NaiveLike
4.989,4.787,CD8.NaiveLike
-6.26,-0.585,CD8.TPEX
5.569,4.952,CD8.NaiveLike
1.375,3.0,CD8.CM
2.2,3.345,CD8.CM
5.057,4.799,CD8.NaiveLike
1.77,2.748,CD8.CM
-2.121,8.014,CD8.MAIT
7.09,4.044,CD8.NaiveLike
-4.78,-3.614,CD8.TEX
6.133,-3.916,CD8.TEMRA
5.173,4.149,CD8.NaiveLike
5.565,3.953,CD8.NaiveLike
6.272,3.972,CD8.NaiveLike
-5.405,-3.467,CD8.TEX
-6.238,-0.585,CD8.TPEX
0.764,3.289,CD8.CM
-5.304,-4.365,CD8.TEX
-0.875,-2.865,CD8.EM
7.093,4.343,CD8.NaiveLike
-6.583,-3.868,CD8.TEX
-1.299,-1.713,CD8.EM
-5.459,0.122,CD8.TPEX
-6.3,-0.84,CD8.TPEX
-5.952,-2.723,CD8.TEX
-1.089,-0.884,CD8.EM
-5.163,-4.113,CD8.TEX
-6.87,-2.754,CD8.TEX
5.296,3.924,CD8.NaiveLike
-1.47,-2.433,CD8.EM
5.571,3.5,CD8.CM
-5.175,-3.414,CD8.TEX
-6.618,-1.189,CD8.TPEX
4.892,3.878,CD8.CM
-0.45,-1.438,CD8.EM
-5.557,-3.37,CD8.TEX
6.55,4.716,CD8.NaiveLike
-6.277,-0.543,CD8.TPEX
6.766,3.916,CD8.NaiveLike
-6.22,-2.829,CD8.TEX
6.013,4.912,CD8.NaiveLike
-1.141,-2.382,CD8.EM
6.306,3.693,CD8.NaiveLike
-5.322,-3.538,CD8.TEX
-4.958,-3.934,CD8.TEX
-5.85,-1.242,CD8.TPEX
6.481,4.842,CD8.NaiveLike
0.869,1.883,CD8.CM
7.367,4.503,CD8.NaiveLike
-4.895,-3.713,CD8.TEX
5.122,4.583,CD8.NaiveLike
6.174,4.325,CD8.NaiveLike
-5.679,-4.064,CD8.TEX
5.533,4.879,CD8.NaiveLike
-5.474,-3.99,CD8.TEX
5.401,4.772,CD8.NaiveLike
-6.317,-4.14,CD8.TEX
6.402,4.726,CD8.NaiveLike
-6.281,-0.358,CD8.TPEX
-6.707,-4.152,CD8.TEX
5.962,4.349,CD8.NaiveLike
-6.244,-0.846,CD8.TPEX
-0.521,-0.572,CD8.CM
-6.527,-3.532,CD8.TEX
5.607,4.451,CD8.NaiveLike
7.359,4.597,CD8.NaiveLike
5.542,4.39,CD8.NaiveLike
-1.003,-1.281,CD8.EM
-5.118,-3.067,CD8.TEX
6.996,4.74,CD8.NaiveLike
-6.098,-1.436,CD8.TPEX
5.236,4.702,CD8.NaiveLike
5.608,4.711,CD8.NaiveLike
5.818,4.727,CD8.NaiveLike
0.813,3.489,CD8.CM
-0.924,-1.104,CD8.EM
5.348,4.819,CD8.NaiveLike
-2.157,7.933,CD8.MAIT
-5.588,-4.048,CD8.TEX
-5.731,-1.597,CD8.TPEX
-1.128,-2.872,CD8.EM
6.562,4.476,CD8.NaiveLike
-0.705,-2.015,CD8.EM
-4.922,-3.462,CD8.TEX
4.327,3.756,CD8.CM
-0.654,-1.235,CD8.EM
-5.745,-3.653,CD8.TEX
-4.316,-4.322,CD8.TEX
7.292,4.354,CD8.NaiveLike
-5.351,-3.614,CD8.TEX
-0.355,-1.952,CD8.EM
6.362,4.537,CD8.NaiveLike
7.364,4.591,CD8.NaiveLike
-1.12,-2.82,CD8.EM
4.95,2.933,CD8.NaiveLike
-5.032,-3.245,CD8.TEX
6.305,4.786,CD8.NaiveLike
-5.695,-3.587,CD8.TEX
0.692,3.24,CD8.CM
6.091,3.927,CD8.NaiveLike
6.032,5.017,CD8.NaiveLike
6.344,4.809,CD8.NaiveLike
-4.306,-2.186,CD8.TEX
-4.752,-3.817,CD8.TEX
5.736,4.87,CD8.NaiveLike
1.311,4.232,CD8.CM
7.5,4.037,CD8.NaiveLike
-1.505,-0.945,CD8.EM
-5.446,-3.777,CD8.TEX
-6.27,-4.61,CD8.TEX
4.787,3.725,CD8.NaiveLike
6.449,4.069,CD8.NaiveLike
7.089,3.721,CD8.NaiveLike
-6.151,-3.206,CD8.TEX
-5.345,-1.521,CD8.TPEX
6.293,5.016,CD8.NaiveLike
-5.275,-3.937,CD8.TEX
1.235,3.083,CD8.CM
-6.022,-3.317,CD8.TEX
-6.406,-3.146,CD8.TEX
-5.324,-3.703,CD8.TEX
1.172,4.048,CD8.CM
-6.64,-2.94,CD8.TEX
6.887,4.31,CD8.NaiveLike
7.021,4.588,CD8.NaiveLike
-4.155,-3.639,CD8.TEX
6.932,4.585,CD8.NaiveLike
5.131,4.499,CD8.NaiveLike
-6.04,-3.619,CD8.TEX
5.919,5.082,CD8.NaiveLike
-0.706,-2.439,CD8.EM
-5.878,-3.736,CD8.TEX
5.371,4.516,CD8.NaiveLike
-5.902,-3.48,CD8.TEX
5.328,4.611,CD8.NaiveLike
7.286,3.607,CD8.NaiveLike
6.482,4.684,CD8.NaiveLike
0.547,-0.046,CD8.CM
0.884,2.336,CD8.CM
-0.856,-2.175,CD8.EM
-5.373,-3.248,CD8.TEX
-6.139,-3.913,CD8.TEX
-6.06,-1.264,CD8.TPEX
-0.022,-0.638,CD8.CM
4.68,4.257,CD8.NaiveLike
5.071,4.016,CD8.CM
6.554,4.887,CD8.NaiveLike
6.583,3.865,CD8.NaiveLike
-5.179,-3.958,CD8.TEX
6.602,4.939,CD8.NaiveLike
-1.665,-2.009,CD8.EM
5.072,3.763,CD8.NaiveLike
5.786,4.944,CD8.NaiveLike
-6.909,-2.692,CD8.TEX
-5.61,-3.374,CD8.TEX
7.299,4.331,CD8.NaiveLike
1.079,3.401,CD8.CM
-4.422,-4.497,CD8.TEX
-5.293,-3.496,CD8.TEX
1.061,3.558,CD8.CM
-5.742,-1.775,CD8.TPEX
-4.925,-3.813,CD8.TEX
6.177,4.888,CD8.NaiveLike
7.32,4.184,CD8.NaiveLike
-3.468,-3.156,CD8.EM
6.274,4.462,CD8.NaiveLike
-4.953,-3.869,CD8.TEX
-0.384,-0.14,CD8.CM
-6.282,-3.187,CD8.TEX
7.043,4.781,CD8.NaiveLike
5.166,3.476,CD8.NaiveLike
0.402,-0.958,CD8.CM
0.393,-1.781,CD8.CM
-5.893,-1.12,CD8.TPEX
5.711,3.812,CD8.NaiveLike
-0.81,-2.29,CD8.EM
-6.801,-3.351,CD8.TEX
4.665,4.359,CD8.NaiveLike
7.168,4.501,CD8.NaiveLike
5.839,4.641,CD8.NaiveLike
-5.212,-4.456,CD8.TEX
-6.377,-2.437,CD8.TPEX
7.326,4.621,CD8.NaiveLike
6.465,4.575,CD8.NaiveLike
-6.461,-1.349,CD8.TPEX
-0.645,-2.294,CD8.EM
-5.394,-1.335,CD8.TPEX
-0.589,-1.715,CD8.EM
-0.927,-0.841,CD8.EM
4.641,3.867,CD8.NaiveLike
6.978,3.642,CD8.NaiveLike
-6.369,-0.285,CD8.TPEX
5.152,3.903,CD8.NaiveLike
6.887,4.712,CD8.NaiveLike
-6.434,-0.924,CD8.TPEX
1.108,2.397,CD8.CM
4.297,4.035,CD8.NaiveLike
-5.907,-3.68,CD8.TEX
-5.867,-3.8,CD8.TEX
-5.486,-3.682,CD8.TEX
-5.258,-3.976,CD8.TEX
-5.717,-4.127,CD8.TEX
-0.832,-1.574,CD8.EM
2.391,3.106,CD8.CM
5.659,4.806,CD8.NaiveLike
6.979,4.16,CD8.NaiveLike
4.566,4.675,CD8.CM
6.106,5.101,CD8.NaiveLike
-6.722,-0.42,CD8.TPEX
7.047,4.498,CD8.NaiveLike
-1.186,-2.656,CD8.EM
2.206,3.704,CD8.CM
7.483,4.637,CD8.NaiveLike
-1.267,-1.882,CD8.EM
-1.357,-2.372,CD8.EM
7.274,4.317,CD8.NaiveLike
-6.778,-4.479,CD8.TEX
-5.58,-3.301,CD8.TEX
7.087,4.227,CD8.NaiveLike
-1.425,-1.643,CD8.EM
6.54,4.476,CD8.NaiveLike
-1.316,-2.212,CD8.EM
5.87,4.578,CD8.NaiveLike
-7.186,-2.356,CD8.TEX
6.414,3.95,CD8.NaiveLike
-5.508,-3.921,CD8.TEX
6.848,4.738,CD8.NaiveLike
-3.873,-2.695,CD8.TPEX
-5.378,-4.083,CD8.TEX
1.829,3.318,CD8.CM
5.876,4.705,CD8.NaiveLike
7.254,4.322,CD8.NaiveLike
-0.937,-1.124,CD8.EM
-0.937,-2.918,CD8.EM
7.226,3.985,CD8.NaiveLike
1.817,3.629,CD8.CM
5.729,3.927,CD8.NaiveLike
-0.606,-2.145,CD8.EM
-0.116,-0.925,CD8.EM
-6.975,-3.165,CD8.TEX
-5.507,-3.826,CD8.TEX
6.502,4.511,CD8.NaiveLike
-6.307,-3.692,CD8.TEX
7.145,4.583,CD8.NaiveLike
-7.099,-3.152,CD8.TEX
3.367,3.878,CD8.CM
5.419,3.98,CD8.NaiveLike
6.87,4.69,CD8.NaiveLike
5.975,4.888,CD8.CM
-6.478,-3.026,CD8.TEX
-6.874,-3.48,CD8.TEX
-2.123,7.797,CD8.MAIT
-6.834,-2.649,CD8.TPEX
1.265,2.848,CD8.CM
-6.18,-3.895,CD8.TEX
5.743,4.093,CD8.NaiveLike
6.214,4.391,CD8.NaiveLike
6.399,4.143,CD8.NaiveLike
6.5,4.69,CD8.NaiveLike
3.84,3.038,CD8.CM
5.029,4.169,CD8.NaiveLike
-1.366,-0.819,CD8.EM
-6.227,-3.586,CD8.TEX
-1.695,-2.165,CD8.EM
1.076,3.337,CD8.CM
-6.042,-3.881,CD8.TEX
1.617,3.655,CD8.CM
7.005,4.145,CD8.NaiveLike
1.292,4.028,CD8.CM
-5.468,-3.573,CD8.TEX
-0.244,-1.447,CD8.EM
-4.912,-3.824,CD8.TEX
5.896,4.326,CD8.NaiveLike
5.399,4.256,CD8.NaiveLike
-5.475,-3.671,CD8.TEX
-5.427,-4.34,CD8.TEX
-2.342,7.629,CD8.MAIT
-0.196,-0.193,CD8.CM
-5.325,-3.43,CD8.TEX
-6.08,-3.658,CD8.TEX
5.186,3.873,CD8.NaiveLike
-6.161,-0.886,CD8.TPEX
7.141,4.689,CD8.NaiveLike
-1.211,-1.703,CD8.EM
-4.694,-3.71,CD8.TEX
6.018,-4.841,CD8.TEMRA
-1.147,-2.686,CD8.EM
-2.101,-2.201,CD8.EM
-5.23,-3.712,CD8.TEX
6.771,4.425,CD8.NaiveLike
-6.394,-4.224,CD8.TEX
-1.04,-1.237,CD8.EM
5.878,4.584,CD8.NaiveLike
5.961,4.912,CD8.NaiveLike
-5.041,-3.76,CD8.TEX
-6.751,-0.195,CD8.TPEX
5.751,4.189,CD8.NaiveLike
1.432,3.661,CD8.CM
7.127,4.171,CD8.NaiveLike
-3.892,-1.353,CD8.TPEX
6.942,4.693,CD8.NaiveLike
0.924,4.012,CD8.CM
7.345,4.573,CD8.NaiveLike
-6.178,-2.446,CD8.TPEX
-0.398,-1.899,CD8.EM
5.668,4.732,CD8.NaiveLike
5.694,4.675,CD8.NaiveLike
1.176,3.273,CD8.CM
-5.494,-4.143,CD8.TEX
5.78,4.628,CD8.NaiveLike
-1.878,-1.06,CD8.TEX
-6.451,-0.736,CD8.TPEX
-6.507,-1.91,CD8.TPEX
2.405,3.616,CD8.CM
-0.926,-1.204,CD8.EM
6.144,4.769,CD8.NaiveLike
-1.248,-2.302,CD8.EM
0.136,0.137,CD8.CM
-6.012,-4.016,CD8.TEX
1.416,2.984,CD8.CM
6.423,4.691,CD8.NaiveLike
-6.555,-3.359,CD8.TEX
-2.459,-2.828,CD8.TPEX
1.823,3.212,CD8.CM
6.243,4.438,CD8.NaiveLike
1.389,4.41,CD8.CM
-0.556,-2.731,CD8.EM
-5.639,-3.978,CD8.TEX
7.278,4.653,CD8.NaiveLike
5.315,4.676,CD8.CM
7.164,4.394,CD8.NaiveLike
5.609,3.943,CD8.NaiveLike
1.229,1.885,CD8.CM
6.098,4.634,CD8.NaiveLike
6.789,4.038,CD8.NaiveLike
6.091,4.889,CD8.NaiveLike
-6.498,-0.351,CD8.TPEX
4.334,4.303,CD8.NaiveLike
-6.179,-3.1,CD8.TEX
7.371,4.347,CD8.NaiveLike
5.666,4.917,CD8.NaiveLike
3.536,3.112,CD8.CM
1.997,2.107,CD8.CM
-4.672,-3.733,CD8.TEX
-1.429,-2.461,CD8.EM
1.666,2.785,CD8.CM
-6.686,-2.928,CD8.TEX
-5.501,-4.194,CD8.TEX
-5.503,-4.608,CD8.TEX
-0.712,-2.214,CD8.EM
-4.98,-3.918,CD8.TEX
-0.645,-2.024,CD8.EM
1.553,2.183,CD8.CM
-5.867,-4.425,CD8.TEX
-6.721,-3.427,CD8.TEX
-6.536,-0.204,CD8.TPEX
0.909,0.282,CD8.EM
1.405,3.223,CD8.CM
-5.04,-3.712,CD8.TEX
-3.964,-3.851,CD8.TEX
3.689,2.658,CD8.CM
-6.077,-1.426,CD8.TPEX
-5.171,-3.297,CD8.TEX
-4.547,-3.873,CD8.TEX
5.961,3.934,CD8.NaiveLike
-2.12,-2.969,CD8.EM
5.562,3.113,CD8.NaiveLike
1.415,1.627,CD8.CM
1.433,1.46,CD8.CM
1.322,1.549,CD8.CM
-1.807,-2.224,CD8.EM
-6.304,-0.853,CD8.TPEX
1.627,2.928,CD8.CM
4.75,3.452,CD8.NaiveLike
-6.672,-1.169,CD8.TPEX
3.148,2.876,CD8.CM
-6.435,-4.109,CD8.TEX
-5.46,-3.589,CD8.TEX
4.58,3.019,CD8.CM
-4.598,-4.066,CD8.TEX
5.599,2.905,CD8.NaiveLike
3.841,2.877,CD8.CM
4.872,3.485,CD8.NaiveLike
5.351,2.936,CD8.NaiveLike
-0.473,-1.977,CD8.EM
-1.011,-2.428,CD8.EM
5.993,3.199,CD8.CM
-5.573,-4.12,CD8.TEX
1.001,3.118,CD8.CM
-0.739,-2.623,CD8.EM
-4.368,-4.2,CD8.TEX
6.286,3.542,CD8.NaiveLike
2.074,1.651,CD8.CM
-6.024,-4.136,CD8.TEX
-6.335,-1.462,CD8.TPEX
0.318,-1.021,CD8.CM
1.731,2.016,CD8.CM
-4.794,-3.594,CD8.TEX
5.208,3.284,CD8.NaiveLike
-6.944,-2.568,CD8.TEX
6.624,4.275,CD8.NaiveLike
6.37,4.138,CD8.NaiveLike
6.186,3.774,CD8.NaiveLike
-6.735,-3.123,CD8.TEX
5.153,4.098,CD8.NaiveLike
-1.665,-1.588,CD8.EM
6.413,4.399,CD8.NaiveLike
-6.087,-4.354,CD8.TEX
-4.456,-4.094,CD8.TEX
-7.265,-3.2,CD8.TEX
-6.02,-4.498,CD8.TEX
-6.751,-2.452,CD8.TPEX
-4.971,-4.161,CD8.TEX
-3.795,-3.157,CD8.TEX
1.167,3.88,CD8.CM
-6.521,-0.966,CD8.TPEX
4.739,4.052,CD8.NaiveLike
-6.949,-3.833,CD8.TEX
5.182,2.72,CD8.NaiveLike
-0.198,0.088,CD8.EM
-5.936,-3.553,CD8.TEX
5.865,3.611,CD8.NaiveLike
4.313,5.07,CD8.CM
5.667,3.258,CD8.NaiveLike
-6.749,-0.608,CD8.TPEX
-5.629,-3.46,CD8.TEX
1.55,1.531,CD8.CM
5.674,3.22,CD8.CM
4.231,3.809,CD8.NaiveLike
5.094,2.891,CD8.NaiveLike
1.61,2.839,CD8.CM
-5.193,-1.164,CD8.TPEX
1.419,1.249,CD8.CM
-5.62,-4.092,CD8.TEX
2.088,1.969,CD8.CM
3.038,0.182,CD8.CM
4.692,4.483,CD8.NaiveLike
2.434,1.746,CD8.CM
-6.981,-2.163,CD8.TPEX
-5.809,-0.511,CD8.TPEX
-6.782,-0.323,CD8.TPEX
-6.804,-4.277,CD8.TEX
1.026,1.689,CD8.CM
-5.455,-3.838,CD8.TEX
-4.506,-3.396,CD8.TEX
5.429,2.855,CD8.NaiveLike
-6.264,-4.367,CD8.TEX
-4.878,0.057,CD8.TPEX
5.082,3.188,CD8.NaiveLike
1.707,2.564,CD8.CM
-0.69,-2.681,CD8.EM
4.933,3.606,CD8.CM
-6.737,-4.222,CD8.TEX
1.169,2.921,CD8.CM
-1.845,-2.547,CD8.EM
5.562,2.925,CD8.NaiveLike
-6.691,-2.825,CD8.TEX
-6.289,-3.358,CD8.TEX
-7.081,-4.119,CD8.TEX
4.48,3.952,CD8.NaiveLike
1.023,3.3,CD8.CM
-0.688,-1.62,CD8.EM
-6.116,-3.249,CD8.TEX
1.347,2.857,CD8.CM
-1.527,-2.277,CD8.EM
-6.374,-0.009,CD8.TPEX
-2.338,-2.145,CD8.EM
6.231,3.547,CD8.CM
6.634,3.593,CD8.NaiveLike
1.82,2.014,CD8.CM
-4.13,-4.158,CD8.TEX
4.923,2.922,CD8.CM
-7.004,-3.777,CD8.TEX
4.623,2.994,CD8.NaiveLike
-3.33,8.045,CD8.MAIT
-2.498,8.205,CD8.MAIT
1.402,1.195,CD8.CM
5.773,3.838,CD8.NaiveLike
-6.471,-2.76,CD8.TEX
-7.057,-3.69,CD8.TEX
-7.192,-3.637,CD8.TEX
-6.676,-3.393,CD8.TEX
-6.597,-0.341,CD8.TPEX
-0.696,-0.827,CD8.EM
-5.086,-4.824,CD8.TEX
1.791,1.928,CD8.CM
5.549,2.908,CD8.NaiveLike
-5.996,-4.243,CD8.TEX
2.612,2.567,CD8.CM
-5.168,-4.073,CD8.TEX
-5.833,-4.92,CD8.TEX
-7.033,-3.384,CD8.TEX
4.401,4.184,CD8.NaiveLike
4.796,4.442,CD8.CM
-5.19,-3.946,CD8.TEX
5.406,4.551,CD8.NaiveLike
-6.496,-0.678,CD8.TPEX
-5.806,-3.708,CD8.TEX
-7.249,-3.059,CD8.TEX
5.883,5.153,CD8.NaiveLike
1.437,1.693,CD8.CM
-3.685,-3.99,CD8.TEX
5.01,3.094,CD8.NaiveLike
3.736,2.33,CD8.CM
-1.913,-2.199,CD8.EM
-6.539,-3.695,CD8.TEX
5.561,3.729,CD8.NaiveLike
0.904,-0.417,CD8.CM
6.795,4.415,CD8.NaiveLike
1.979,3.239,CD8.CM
-0.198,-2.806,CD8.EM
1.665,1.581,CD8.EM
2.199,2.49,CD8.CM
-3.907,-3.556,CD8.TEX
-6.623,-0.278,CD8.TPEX
-5.971,-4.269,CD8.TEX
3.566,2.772,CD8.NaiveLike
-5.715,-4.134,CD8.TEX
-0.339,-1.052,CD8.EM
3.51,3.027,CD8.CM
1.882,1.732,CD8.CM
-6.726,-3.135,CD8.TEX
1.044,0.29,CD8.EM
4.031,3.427,CD8.NaiveLike
-6.31,-0.091,CD8.TPEX
0.238,0.2,CD8.EM
-4.695,-3.828,CD8.TEX
5.769,3.059,CD8.NaiveLike
-1.381,-2.646,CD8.EM
-7.106,-3.262,CD8.TEX
-4.304,-3.523,CD8.EM
5.227,2.88,CD8.NaiveLike
0.834,3.67,CD8.CM
0.913,3.61,CD8.CM
1.263,4.369,CD8.CM
-1.666,-2.398,CD8.EM
-7.114,-3.011,CD8.TEX
-4.423,-3.108,CD8.TEX
5.312,3.429,CD8.CM
-1.307,-1.471,CD8.EM
-7.172,-3.091,CD8.TEX
1.848,3.349,CD8.CM
5.441,3.531,CD8.NaiveLike
-4.799,-3.505,CD8.TEX
1.455,0.622,CD8.CM
-1.982,7.927,CD8.MAIT
-1.919,-3.26,CD8.EM
6.664,3.693,CD8.NaiveLike
2.837,2.527,CD8.CM
-1.123,-2.022,CD8.EM
-1.766,-0.904,CD8.EM
-6.709,-2.327,CD8.TPEX
-7.032,-3.057,CD8.TEX
-1.548,-1.289,CD8.EM
2.903,2.112,CD8.CM
-5.927,-4.594,CD8.TEX
-4.316,-2.993,CD8.TEX
-6.122,-1.621,CD8.TPEX
5.778,3.114,CD8.NaiveLike
2.554,3.105,CD8.CM
6.412,3.68,CD8.NaiveLike
5.729,3.075,CD8.CM
-6.705,-0.926,CD8.TPEX
-6.726,-2.169,CD8.TEX
-3.046,8.049,CD8.MAIT
-6.281,-3.936,CD8.TEX
-5.997,-1.89,CD8.TPEX
3.989,3.36,CD8.NaiveLike
-0.014,-2.254,CD8.EM
-1.459,-1.883,CD8.EM
-6.382,-3.084,CD8.TEX
-5.778,-2.912,CD8.TEX
-6.434,-0.418,CD8.TPEX
-1.561,-2.785,CD8.EM
1.676,1.999,CD8.CM
-7.191,-3.218,CD8.TEX
1.444,2.363,CD8.CM
5.107,2.971,CD8.NaiveLike
-1.353,-2.721,CD8.EM
1.286,2.288,CD8.CM
-1.019,-2.568,CD8.EM
-0.477,-2.662,CD8.EM
-0.685,-1.469,CD8.EM
5.635,2.946,CD8.NaiveLike
-2.281,-2.377,CD8.EM
-6.124,-0.051,CD8.TPEX
-4.399,-4.303,CD8.TEX
1.187,3.113,CD8.CM
0.073,-0.257,CD8.EM
-1.52,-0.88,CD8.EM
-1.783,-2.378,CD8.EM
-6.354,-0.157,CD8.TPEX
-6.514,-3.774,CD8.TEX
-4.728,-3.965,CD8.TEX
-5.104,0.096,CD8.TPEX
3.577,2.636,CD8.CM
1.048,3.119,CD8.CM
4.543,3.672,CD8.NaiveLike
-6.63,-3.157,CD8.TEX
1.832,2.085,CD8.CM
-6.795,-2.238,CD8.TPEX
-5.033,-3.074,CD8.TEX
-7.141,-4.288,CD8.TEX
4.436,2.562,CD8.CM
-5.064,-3.955,CD8.TEX
5.572,3.676,CD8.NaiveLike
-5.176,-3.427,CD8.TEX
5.631,3.656,CD8.NaiveLike
-3.841,-4.113,CD8.TEX
1.484,2.774,CD8.CM
2.413,2.495,CD8.CM
1.222,1.381,CD8.CM
-6.996,-3.226,CD8.TEX
-3.589,-1.436,CD8.TPEX
2.211,2.102,CD8.CM
-1.569,-3.171,CD8.EM
6.095,4.509,CD8.NaiveLike
4.084,3.892,CD8.CM
-1.336,-2.653,CD8.EM
0.763,3.594,CD8.CM
2.707,2.796,CD8.CM
-1.352,-1.453,CD8.EM
-5.554,-0.775,CD8.TPEX
2.215,2.646,CD8.CM
-5.279,-3.586,CD8.TEX
-6.008,-1.485,CD8.TPEX
-1.489,-3.225,CD8.EM
1.402,0.275,CD8.CM
1.109,2.889,CD8.CM
4.711,4.565,CD8.NaiveLike
-5.021,-4.824,CD8.TEX
-1.568,-1.589,CD8.EM
1.62,2.489,CD8.CM
5.399,2.939,CD8.NaiveLike
1.166,0.914,CD8.CM
5.737,3.249,CD8.NaiveLike
3.704,2.821,CD8.NaiveLike
5.087,3.188,CD8.NaiveLike
-6.474,-1.223,CD8.TPEX
-6.149,-1.316,CD8.TPEX
-4.174,-3.943,CD8.TEX
0.957,3.166,CD8.CM
2.447,1.677,CD8.CM
-0.078,-0.735,CD8.CM
-4.684,-3.244,CD8.TEX
-4.466,-3.461,CD8.TEX
-4.567,-4.26,CD8.TEX
-6.572,-0.126,CD8.CM
4.985,4.899,CD8.NaiveLike
-0.894,-3.086,CD8.EM
-6.306,-0.966,CD8.TPEX
6.892,4.645,CD8.NaiveLike
-5.078,0.148,CD8.TPEX
2.251,2.37,CD8.CM
1.842,2.648,CD8.CM
-0.393,-1.808,CD8.EM
-0.85,-2.772,CD8.EM
6.006,3.607,CD8.NaiveLike
0.163,-0.008,CD8.CM
-6.597,-2.932,CD8.TEX
-5.75,-0.404,CD8.TPEX
5.268,-4.795,CD8.TEMRA
-5.409,-3.605,CD8.TEX
-6.345,-0.904,CD8.TPEX
5.19,3.666,CD8.NaiveLike
-6.651,-0.508,CD8.TPEX
-1.672,-3.093,CD8.EM
5.482,2.929,CD8.NaiveLike
-6.459,-1.276,CD8.TPEX
0.6,0.446,CD8.CM
4.867,3.64,CD8.NaiveLike
-6.749,-2.894,CD8.TEX
2.954,2.446,CD8.CM
-6.202,-0.006,CD8.TPEX
-4.686,-3.899,CD8.TEX
1.722,2.062,CD8.CM
1.183,4.088,CD8.CM
5.661,3.455,CD8.NaiveLike
2.243,2.405,CD8.CM
-2.606,-1.691,CD8.EM
6.268,3.739,CD8.NaiveLike
-1.36,-2.639,CD8.EM
5.238,2.82,CD8.NaiveLike
2.095,1.999,CD8.CM
-6.275,-2.817,CD8.TEX
-4.278,-3.916,CD8.TEX
-6.884,-4.211,CD8.TEX
4.371,3.04,CD8.CM
1.639,3.405,CD8.CM
1.387,2.47,CD8.CM
1.23,3.292,CD8.CM
-5.885,-2.337,CD8.TPEX
-3.719,-3.834,CD8.TEX
-0.947,-2.345,CD8.EM
-6.092,-0.168,CD8.TPEX
5.037,2.83,CD8.NaiveLike
3.798,2.999,CD8.CM
4.266,2.832,CD8.CM
1.801,1.114,CD8.CM
-1.116,-1.397,CD8.EM
-5.743,-4.257,CD8.TEX
-5.565,-3.193,CD8.TEX
2.116,3.213,CD8.CM
6.949,4.668,CD8.NaiveLike
-6.52,-3.747,CD8.TEX
2.27,2.23,CD8.CM
5.77,4.029,CD8.NaiveLike
6.459,3.691,CD8.NaiveLike
-5.772,-3.459,CD8.TEX
2.181,3.882,CD8.CM
4.905,4.305,CD8.NaiveLike
5.579,3.009,CD8.NaiveLike
0.013,-0.401,CD8.EM
-0.314,-2.403,CD8.EM
-0.234,-0.413,CD8.EM
-1.363,-0.89,CD8.EM
-6.315,-1.151,CD8.TPEX
-3.862,-4.174,CD8.TEX
-3.758,-4.037,CD8.TEX
0.875,3.335,CD8.CM
1.213,1.047,CD8.EM
0.851,0.025,CD8.CM
-6.664,-3.181,CD8.TEX
5.113,2.753,CD8.NaiveLike
5.538,3.204,CD8.NaiveLike
5.452,3.528,CD8.CM
5.868,3.504,CD8.NaiveLike
2.364,2.616,CD8.CM
6.5,3.685,CD8.NaiveLike
5.252,3.274,CD8.NaiveLike
-5.2,-4.566,CD8.TEX
1.766,1.434,CD8.CM
2.847,3.218,CD8.CM
1.834,1.218,CD8.CM
-1.328,-0.406,CD8.EM
-5.972,-3.255,CD8.TEX
1.92,3.129,CD8.CM
-5.913,-2.861,CD8.TEX
-4.243,-3.551,CD8.TEX
5.468,3.527,CD8.NaiveLike
0.845,0.815,CD8.EM
6.348,3.516,CD8.NaiveLike
1.861,2.292,CD8.CM
1.413,1.212,CD8.CM
-3.893,-3.958,CD8.TEX
2.061,2.582,CD8.CM
5.506,2.871,CD8.NaiveLike
1.534,3.395,CD8.CM
2.426,2.349,CD8.CM
-6.597,-0.126,CD8.TPEX
2.203,2.122,CD8.CM
-6.662,-2.371,CD8.TEX
-1.393,-2.041,CD8.EM
0.692,-0.084,CD8.CM
6.622,3.841,CD8.NaiveLike
-3.652,-3.828,CD8.TEX
-3.892,-3.141,CD8.TEX
4.986,2.715,CD8.NaiveLike
-4.887,0.095,CD8.TPEX
5.412,2.86,CD8.NaiveLike
4.645,3.488,CD8.NaiveLike
0.268,-0.788,CD8.EM
1.519,1.0,CD8.CM
1.154,0.907,CD8.CM
-6.34,-3.017,CD8.TEX
6.277,3.492,CD8.NaiveLike
-6.004,-2.589,CD8.TEX
-0.222,-2.655,CD8.CM
-3.853,-4.057,CD8.TEX
-5.645,-1.034,CD8.TPEX
-6.953,-4.108,CD8.TEX
2.871,2.552,CD8.CM
-5.977,-4.217,CD8.TEX
1.698,1.186,CD8.CM
4.958,3.367,CD8.NaiveLike
5.891,5.172,CD8.NaiveLike
-6.592,-3.153,CD8.TEX
5.998,4.155,CD8.NaiveLike
2.289,2.504,CD8.CM
-4.623,-3.773,CD8.TEX
6.036,3.193,CD8.CM
-4.705,-3.155,CD8.TEX
-6.302,-0.518,CD8.TPEX
-7.18,-3.313,CD8.TEX
-5.261,-3.512,CD8.TEX
-1.329,-3.091,CD8.EM
-5.898,-3.156,CD8.TEX
-5.645,-4.217,CD8.TEX
-7.094,-3.147,CD8.TEX
-6.596,-3.702,CD8.TEX
4.57,2.944,CD8.CM
5.91,4.705,CD8.NaiveLike
1.172,3.809,CD8.CM
-6.663,-0.902,CD8.TPEX
-0.27,-2.78,CD8.EM
1.814,3.752,CD8.CM
4.914,3.488,CD8.NaiveLike
1.895,3.121,CD8.CM
0.338,-0.06,CD8.CM
-6.64,-3.856,CD8.TEX
-0.189,0.372,CD8.CM
1.937,2.123,CD8.CM
-6.179,-4.433,CD8.TEX
-6.815,-2.85,CD8.TEX
1.276,0.183,CD8.CM
2.811,3.022,CD8.CM
-4.726,-3.818,CD8.TEX
-5.856,-3.208,CD8.TEX
-6.871,-0.39,CD8.TPEX
-7.169,-3.55,CD8.TEX
-1.402,-2.617,CD8.EM
3.175,3.11,CD8.CM
1.739,1.827,CD8.CM
-7.031,-2.805,CD8.TPEX
1.964,1.645,CD8.CM
-7.016,-3.843,CD8.TEX
-0.615,-2.044,CD8.EM
2.338,2.622,CD8.CM
-6.216,-1.561,CD8.TPEX
-6.398,-3.743,CD8.TEX
-4.791,-3.39,CD8.TEX
4.535,4.634,CD8.NaiveLike
5.245,2.897,CD8.NaiveLike
4.391,3.048,CD8.NaiveLike
4.51,4.27,CD8.CM
3.65,3.068,CD8.NaiveLike
2.191,3.395,CD8.CM
5.108,3.167,CD8.NaiveLike
-6.626,-0.298,CD8.TPEX
-5.487,-1.4,CD8.TPEX
-7.143,-4.058,CD8.TEX
-1.801,-0.951,CD8.EM
3.92,2.876,CD8.CM
-6.386,-4.496,CD8.TEX
-6.671,-0.117,CD8.TPEX
-4.614,-3.502,CD8.TEX
-6.091,-3.376,CD8.TEX
-5.631,-3.123,CD8.TEX
1.703,2.012,CD8.CM
5.111,2.807,CD8.CM
5.655,4.891,CD8.NaiveLike
-4.633,0.632,CD8.CM
0.95,1.263,CD8.CM
-5.984,-4.46,CD8.TEX
-1.936,8.178,CD8.MAIT
-6.605,-0.581,CD8.TPEX
2.282,1.6,CD8.CM
-6.686,-0.407,CD8.TPEX
-0.089,-2.401,CD8.EM
-4.858,-3.263,CD8.TEX
3.464,2.257,CD8.CM
1.745,2.493,CD8.CM
3.472,2.385,CD8.CM
2.951,3.187,CD8.CM
2.355,2.93,CD8.CM
0.032,-1.469,CD8.EM
0.159,-0.554,CD8.EM
-6.93,-3.288,CD8.TEX
4.728,2.73,CD8.NaiveLike
1.796,4.455,CD8.CM
-5.544,-2.411,CD8.TPEX
5.233,4.423,CD8.NaiveLike
-4.103,-3.806,CD8.TEX
-1.552,-2.359,CD8.EM
2.141,2.894,CD8.CM
2.527,3.721,CD8.CM
-3.703,-1.781,CD8.TPEX
2.023,3.051,CD8.CM
6.196,3.577,CD8.NaiveLike
2.204,2.323,CD8.CM
-4.626,-0.241,CD8.TPEX
1.691,2.51,CD8.CM
0.687,-0.409,CD8.CM
3.855,3.439,CD8.CM
-6.487,-0.358,CD8.CM
-0.975,-2.436,CD8.EM
1.777,3.803,CD8.CM
-0.77,-0.227,CD8.EM
6.764,3.534,CD8.NaiveLike
1.658,2.671,CD8.CM
-6.041,-1.127,CD8.TPEX
-6.247,-1.23,CD8.TPEX
1.517,3.359,CD8.CM
1.592,1.353,CD8.CM
5.333,3.261,CD8.NaiveLike
5.075,3.002,CD8.CM
6.012,5.039,CD8.NaiveLike
-5.776,-4.456,CD8.TEX
2.393,2.053,CD8.CM
-7.296,-3.531,CD8.TEX
-0.848,-1.102,CD8.EM
-4.823,-4.099,CD8.TEX
-0.509,-1.631,CD8.EM
7.209,4.511,CD8.NaiveLike
-7.301,-3.31,CD8.TEX
-3.153,-3.649,CD8.EM
-5.802,-3.366,CD8.TEX
5.299,3.088,CD8.NaiveLike
1.207,0.87,CD8.CM
4.993,3.287,CD8.NaiveLike
5.128,2.681,CD8.NaiveLike
-2.532,-2.217,CD8.TEX
-6.112,-4.253,CD8.TEX
-6.62,-2.664,CD8.TEX
-3.906,-3.166,CD8.TEX
-6.877,-3.411,CD8.TEX
-2.19,8.144,CD8.MAIT
1.783,2.825,CD8.CM
-6.444,-0.078,CD8.TPEX
-6.458,-3.008,CD8.TEX
-3.7,-4.15,CD8.TEX
-3.985,-3.646,CD8.TEX
3.294,3.674,CD8.CM
-6.383,-0.129,CD8.TPEX
2.224,1.9,CD8.CM
5.382,2.803,CD8.NaiveLike
-4.491,-3.685,CD8.TEX
-1.545,-2.187,CD8.EM
1.761,1.841,CD8.CM
5.311,2.953,CD8.NaiveLike
6.37,3.689,CD8.NaiveLike
1.663,2.961,CD8.CM
-4.649,-3.977,CD8.TEX
-0.739,-2.419,CD8.EM
1.946,2.133,CD8.CM
-6.915,-3.398,CD8.TEX
-6.662,-1.224,CD8.TPEX
6.746,3.699,CD8.NaiveLike
-1.796,-2.787,CD8.EM
-6.266,-1.126,CD8.TPEX
2.713,2.391,CD8.CM
5.762,3.102,CD8.NaiveLike
-4.694,-3.718,CD8.TEX
-6.674,-0.226,CD8.TPEX
-3.924,-4.122,CD8.TEX
-7.026,-1.712,CD8.TPEX
2.075,1.903,CD8.CM
-6.532,-0.239,CD8.TPEX
-1.288,-1.205,CD8.EM
4.601,3.76,CD8.CM
-6.52,-0.771,CD8.TPEX
5.512,2.852,CD8.NaiveLike
-5.206,-3.74,CD8.TEX
-1.59,-1.106,CD8.EM
-1.765,-1.869,CD8.EM
-1.928,-2.191,CD8.EM
5.85,4.882,CD8.NaiveLike
6.035,3.622,CD8.NaiveLike
1.866,1.763,CD8.CM
1.162,0.096,CD8.CM
3.641,4.338,CD8.CM
-3.65,-3.976,CD8.TEX
-4.614,-4.073,CD8.TEX
-2.315,-1.019,CD8.EM
5.019,3.404,CD8.NaiveLike
-5.175,-3.741,CD8.TEX
2.221,1.867,CD8.CM
6.665,4.254,CD8.NaiveLike
-5.808,-0.456,CD8.TPEX
1.873,1.772,CD8.CM
1.565,3.535,CD8.CM
-6.436,-0.494,CD8.TPEX
5.051,3.52,CD8.NaiveLike
3.785,3.171,CD8.CM
1.5,1.705,CD8.CM
-0.803,-1.016,CD8.EM
1.279,2.735,CD8.CM
2.44,1.976,CD8.CM
6.523,4.87,CD8.NaiveLike
-6.851,-3.669,CD8.TEX
-6.684,-0.18,CD8.TPEX
-1.489,-2.398,CD8.EM
2.453,2.335,CD8.CM
2.467,2.0,CD8.CM
1.497,2.044,CD8.CM
4.98,3.781,CD8.NaiveLike
-6.458,-0.527,CD8.TPEX
-4.526,-3.799,CD8.TEX
-1.417,-3.271,CD8.EM
1.323,1.219,CD8.CM
-0.76,-2.844,CD8.EM
-6.306,-3.833,CD8.TEX
-1.939,8.037,CD8.MAIT
-3.181,-3.737,CD8.TEX
1.119,1.08,CD8.CM
5.478,3.028,CD8.NaiveLike
4.095,4.598,CD8.CM
-6.83,-0.473,CD8.TPEX
-1.694,-2.075,CD8.EM
-5.739,-4.042,CD8.TEX
-6.16,-2.845,CD8.TEX
1.424,2.724,CD8.CM
4.8,4.265,CD8.NaiveLike
-6.809,0.077,CD8.TPEX
2.376,1.933,CD8.CM
-6.276,-1.133,CD8.TPEX
1.136,0.875,CD8.CM
3.278,3.223,CD8.CM
1.342,4.098,CD8.CM
-4.157,-4.448,CD8.TEX
-5.928,-3.966,CD8.TEX
-6.69,-3.268,CD8.TEX
1.791,1.532,CD8.CM
-1.604,-1.747,CD8.EM
6.352,3.643,CD8.NaiveLike
6.179,3.356,CD8.NaiveLike
-6.135,-2.745,CD8.TEX
-6.25,-0.265,CD8.TPEX
4.458,3.769,CD8.NaiveLike
1.319,2.752,CD8.CM
5.128,3.338,CD8.NaiveLike
-4.037,-4.282,CD8.TEX
-2.247,-2.455,CD8.EM
6.689,4.777,CD8.NaiveLike
-0.555,-0.351,CD8.EM
1.395,2.326,CD8.CM
1.405,2.369,CD8.CM
1.818,2.421,CD8.CM
-4.719,-4.056,CD8.TEX
-1.307,-2.774,CD8.EM
1.692,2.448,CD8.CM
5.1,2.779,CD8.CM
-6.543,-0.233,CD8.TPEX
-5.413,-4.463,CD8.TEX
-7.0,-4.043,CD8.TEX
1.751,1.839,CD8.CM
-4.926,-4.81,CD8.TEX
2.153,2.034,CD8.CM
0.599,3.487,CD8.CM
-6.378,-0.853,CD8.TPEX
2.833,2.63,CD8.CM
3.246,2.383,CD8.CM
1.219,3.795,CD8.CM
-6.393,-0.092,CD8.TPEX
-1.294,-1.635,CD8.EM
4.753,3.258,CD8.NaiveLike
-6.903,-2.003,CD8.TEX
4.917,3.318,CD8.NaiveLike
-0.218,-1.869,CD8.CM
-5.395,-4.242,CD8.TEX
-5.903,-4.236,CD8.TEX
-6.31,-0.69,CD8.TPEX
3.031,2.452,CD8.CM
0.46,0.266,CD8.CM
4.143,2.834,CD8.CM
-6.729,-2.426,CD8.TPEX
-6.654,-3.141,CD8.TEX
0.884,0.921,CD8.EM
0.117,-0.344,CD8.EM
2.644,2.198,CD8.CM
-6.968,-1.244,CD8.TPEX
-4.359,-1.419,CD8.TPEX
5.545,4.836,CD8.NaiveLike
-5.189,-4.364,CD8.TEX
6.689,3.506,CD8.NaiveLike
-5.611,-3.324,CD8.TEX
-5.36,-1.447,CD8.TPEX
4.928,4.897,CD8.NaiveLike
-0.852,-1.005,CD8.EM
-4.761,-4.452,CD8.TEX
1.49,2.563,CD8.CM
-0.73,-2.094,CD8.EM
-0.461,-1.279,CD8.EM
5.027,3.856,CD8.NaiveLike
-5.86,-1.321,CD8.TPEX
-5.839,-1.493,CD8.TPEX
-4.337,-4.455,CD8.TEX
6.757,4.658,CD8.NaiveLike
7.012,4.678,CD8.NaiveLike
-0.292,-0.703,CD8.EM
-0.938,-0.947,CD8.EM
1.627,1.569,CD8.CM
-4.539,-4.157,CD8.TEX
-1.239,-1.629,CD8.EM
6.417,3.729,CD8.NaiveLike
6.052,4.535,CD8.NaiveLike
-7.358,-3.119,CD8.TEX
-5.364,-1.227,CD8.TPEX
6.145,3.694,CD8.NaiveLike
-5.527,-5.134,CD8.TEX
-6.838,-2.243,CD8.TEX
1.082,0.935,CD8.CM
7.085,3.348,CD8.NaiveLike
-0.936,-2.045,CD8.EM
4.801,3.346,CD8.NaiveLike
5.661,-4.606,CD8.TEMRA
-5.782,-1.285,CD8.TPEX
-5.201,-2.417,CD8.TEX
5.384,3.289,CD8.NaiveLike
-0.519,0.002,CD8.CM
6.824,4.127,CD8.NaiveLike
-0.913,-0.557,CD8.EM
1.086,3.58,CD8.CM
0.837,1.851,CD8.CM
-6.67,-0.057,CD8.TPEX
-0.895,-2.899,CD8.EM
0.661,-0.339,CD8.CM
6.021,4.242,CD8.NaiveLike
2.246,1.48,CD8.CM
-0.156,-1.313,CD8.EM
-1.246,-0.483,CD8.EM
6.3,2.965,CD8.CM
6.798,4.369,CD8.NaiveLike
7.203,3.849,CD8.NaiveLike
0.26,-0.877,CD8.EM
-4.21,-4.529,CD8.TEX
1.277,2.967,CD8.CM
-2.216,-1.98,CD8.EM
1.33,2.267,CD8.CM
-0.621,-0.533,CD8.CM
-6.333,-0.027,CD8.TPEX
-2.056,8.078,CD8.MAIT
1.811,0.424,CD8.CM
-6.281,-4.861,CD8.TEX
6.091,4.063,CD8.NaiveLike
6.14,-5.082,CD8.TEMRA
-6.26,0.162,CD8.TPEX
-1.296,-1.502,CD8.EM
-5.082,-4.64,CD8.TEX
-5.752,-1.682,CD8.TPEX
0.536,0.196,CD8.CM
-5.269,-4.686,CD8.TEX
-0.589,-2.31,CD8.EM
-6.508,-2.604,CD8.TEX
-1.395,-1.479,CD8.EM
6.617,3.574,CD8.NaiveLike
-5.513,-1.852,CD8.TPEX
6.077,3.501,CD8.NaiveLike
-1.662,-2.098,CD8.EM
-1.762,-1.346,CD8.EM
-4.086,-4.018,CD8.TEX
-5.326,-1.488,CD8.TPEX
-4.367,-4.464,CD8.TEX
5.128,-4.673,CD8.TEMRA
6.386,4.194,CD8.NaiveLike
5.708,4.861,CD8.CM
-5.338,-4.112,CD8.TEX
5.739,4.644,CD8.NaiveLike
-1.858,7.933,CD8.MAIT
5.779,3.057,CD8.CM
-0.121,-0.973,CD8.EM
6.38,3.457,CD8.NaiveLike
-0.812,-1.534,CD8.EM
-1.76,-2.114,CD8.EM
-5.053,-3.741,CD8.TEX
-6.405,0.036,CD8.TPEX
-1.09,-1.289,CD8.EM
-0.788,-0.917,CD8.EM
-1.714,-2.547,CD8.EM
6.619,4.482,CD8.NaiveLike
-0.306,-0.189,CD8.EM
6.543,3.774,CD8.NaiveLike
-1.531,-2.091,CD8.EM
-0.803,-2.171,CD8.EM
5.553,-5.0,CD8.CM
4.183,4.627,CD8.CM
-0.019,-0.402,CD8.CM
0.687,3.33,CD8.CM
-5.599,-1.522,CD8.TPEX
6.2,4.891,CD8.NaiveLike
-0.989,-1.501,CD8.EM
-5.655,-5.16,CD8.TEX
-6.17,0.272,CD8.TPEX
-0.16,-0.692,CD8.EM
-1.519,-3.543,CD8.CM
-5.262,-1.47,CD8.TPEX
0.648,-0.526,CD8.CM
-0.582,-0.71,CD8.EM
6.127,3.546,CD8.NaiveLike
7.078,4.464,CD8.NaiveLike
-0.828,-1.862,CD8.EM
6.08,4.751,CD8.NaiveLike
5.532,4.513,CD8.NaiveLike
-5.95,0.172,CD8.TPEX
6.911,3.686,CD8.NaiveLike
-5.352,-1.181,CD8.TPEX
0.238,-0.453,CD8.EM
1.734,2.633,CD8.CM
-0.701,-1.716,CD8.EM
-4.942,-1.619,CD8.TPEX
-4.836,-4.027,CD8.TEX
1.382,3.755,CD8.CM
5.623,-4.688,CD8.TEMRA
6.552,3.892,CD8.NaiveLike
-1.581,-2.63,CD8.EM
-4.724,-4.779,CD8.TEX
-0.647,-1.996,CD8.EM
1.113,2.604,CD8.CM
-0.394,-0.157,CD8.EM
-1.459,-0.875,CD8.EM
-0.02,-0.679,CD8.EM
0.573,-0.186,CD8.CM
5.485,-4.848,CD8.TEMRA
4.827,4.967,CD8.NaiveLike
5.135,4.337,CD8.NaiveLike
-3.827,-4.035,CD8.TEX
-5.486,-4.81,CD8.TEX
0.821,0.442,CD8.CM
6.527,4.476,CD8.NaiveLike
-0.737,-0.395,CD8.EM
-6.004,-2.864,CD8.TEX
-0.291,-1.577,CD8.EM
-1.869,-1.786,CD8.EM
5.859,3.151,CD8.NaiveLike
-4.961,-4.52,CD8.TEX
-0.481,-2.681,CD8.EM
6.469,3.936,CD8.NaiveLike
-5.582,-3.325,CD8.TEX
-4.591,-1.224,CD8.TPEX
-0.968,-1.315,CD8.EM
-1.549,-1.304,CD8.EM
-0.091,-0.062,CD8.EM
1.116,4.034,CD8.CM
-6.19,-4.512,CD8.TEX
2.007,4.04,CD8.CM
6.304,3.696,CD8.NaiveLike
-6.478,-5.216,CD8.TEX
-1.98,-1.967,CD8.EM
4.866,4.102,CD8.NaiveLike
7.313,3.494,CD8.NaiveLike
7.132,4.154,CD8.NaiveLike
5.78,4.316,CD8.NaiveLike
5.95,3.849,CD8.NaiveLike
5.272,-4.473,CD8.TEMRA
2.732,2.251,CD8.CM
5.257,4.962,CD8.NaiveLike
5.103,-4.296,CD8.TEMRA
-6.269,-2.433,CD8.TEX
-2.67,8.102,CD8.MAIT
6.658,3.939,CD8.NaiveLike
6.893,4.346,CD8.NaiveLike
-5.807,-4.278,CD8.TEX
-2.518,-3.093,CD8.EM
-6.367,0.006,CD8.TPEX
-0.766,-0.343,CD8.EM
-0.791,-2.033,CD8.EM
-5.919,-3.217,CD8.TEX
6.182,4.233,CD8.CM
-4.614,-2.837,CD8.TPEX
6.513,4.023,CD8.NaiveLike
5.899,4.341,CD8.NaiveLike
-1.202,-1.509,CD8.EM
-1.523,-0.79,CD8.EM
-1.227,-1.311,CD8.EM
-1.49,-1.677,CD8.EM
-5.229,-3.705,CD8.TEX
1.46,2.398,CD8.CM
-4.486,-1.803,CD8.TPEX
5.153,3.823,CD8.NaiveLike
-0.25,-1.228,CD8.EM
6.408,4.884,CD8.NaiveLike
5.4,3.648,CD8.NaiveLike
-4.071,-4.101,CD8.TEX
6.438,4.115,CD8.NaiveLike
6.154,3.423,CD8.NaiveLike
1.283,3.546,CD8.CM
-1.364,-1.839,CD8.CM
6.56,3.764,CD8.NaiveLike
6.154,3.849,CD8.NaiveLike
0.337,-1.242,CD8.EM
-7.197,-3.735,CD8.TEX
0.025,0.072,CD8.CM
5.775,3.942,CD8.NaiveLike
-6.246,-5.111,CD8.TEX
-2.439,-2.3,CD8.EM
6.545,3.806,CD8.NaiveLike
0.737,-1.27,CD8.CM
6.34,-4.258,CD8.TEMRA
-1.005,-1.271,CD8.EM
-0.669,-0.593,CD8.EM
-4.126,-3.869,CD8.TEX
-6.128,-4.403,CD8.TEX
4.885,-3.784,CD8.EM
1.318,2.398,CD8.CM
4.751,3.746,CD8.NaiveLike
-6.372,-3.856,CD8.TEX
4.278,3.436,CD8.NaiveLike
-4.865,-2.499,CD8.TEX
2.758,1.829,CD8.CM
-6.779,-3.729,CD8.TEX
-4.605,-1.524,CD8.TPEX
6.168,-4.112,CD8.TEMRA
-7.181,-2.701,CD8.TEX
-6.297,-3.38,CD8.TEX
-6.037,-1.399,CD8.TPEX
6.277,4.048,CD8.NaiveLike
4.943,4.751,CD8.NaiveLike
0.853,-0.138,CD8.CM
-4.941,-3.955,CD8.TEX
-3.763,-1.488,CD8.EM
-4.141,-4.238,CD8.TEX
-4.77,-4.829,CD8.TEX
1.601,3.514,CD8.CM
7.11,3.685,CD8.NaiveLike
-5.8,-4.248,CD8.TEX
-0.533,-1.619,CD8.CM
1.082,4.098,CD8.CM
-4.344,-2.355,CD8.TEX
6.463,4.214,CD8.NaiveLike
-5.557,-1.742,CD8.TPEX
5.15,4.831,CD8.NaiveLike
-1.861,-3.532,CD8.EM
5.923,3.814,CD8.CM
-0.323,-0.505,CD8.EM
-4.113,-4.284,CD8.TEX
-3.705,-4.098,CD8.TEX
-5.176,-4.011,CD8.TEX
5.948,3.828,CD8.NaiveLike
7.414,4.457,CD8.NaiveLike
-0.714,-1.305,CD8.EM
-5.14,-1.631,CD8.TPEX
-3.699,-3.925,CD8.TEX
6.763,4.973,CD8.NaiveLike
-4.071,-3.848,CD8.TEX
-0.721,-0.622,CD8.EM
-1.863,-1.058,CD8.EM
-1.661,-1.698,CD8.EM
-5.74,-3.268,CD8.TEX
-4.995,0.213,CD8.TPEX
-4.02,-4.398,CD8.TEX
2.918,2.986,CD8.CM
-2.161,8.094,CD8.MAIT
0.517,-0.049,CD8.CM
2.007,2.112,CD8.CM
-4.8,-2.053,CD8.TPEX
-0.681,-0.653,CD8.EM
-1.64,-0.931,CD8.EM
-6.21,-4.25,CD8.TEX
-5.778,-3.86,CD8.TEX
-6.044,0.215,CD8.TPEX
5.181,3.766,CD8.NaiveLike
-0.882,-1.927,CD8.EM
5.619,4.078,CD8.NaiveLike
-6.782,-4.055,CD8.TEX
5.752,4.259,CD8.NaiveLike
5.884,-4.144,CD8.TEMRA
-6.262,-5.222,CD8.TEX
-2.344,-0.917,CD8.EM
2.103,2.587,CD8.CM
-6.576,-2.007,CD8.TPEX
-4.966,-1.37,CD8.TPEX
-5.288,-0.81,CD8.TPEX
-0.77,-1.826,CD8.EM
-0.59,-2.702,CD8.EM
-1.311,-1.077,CD8.EM
1.526,2.047,CD8.CM
5.798,4.407,CD8.NaiveLike
5.732,-4.657,CD8.TEMRA
-1.716,-1.431,CD8.EM
6.122,3.889,CD8.NaiveLike
3.506,3.645,CD8.CM
6.222,4.192,CD8.NaiveLike
5.413,3.184,CD8.NaiveLike
-6.063,-0.049,CD8.TPEX
-6.633,-3.326,CD8.TEX
0.75,-1.587,CD8.EM
-4.41,-4.527,CD8.TEX
-1.4,-1.45,CD8.EM
-5.202,-3.781,CD8.TEX
-5.352,-4.111,CD8.TEX
5.142,3.536,CD8.NaiveLike
0.277,-0.839,CD8.EM
0.738,0.893,CD8.CM
-0.801,-1.009,CD8.EM
6.212,-4.686,CD8.TEMRA
-3.568,-1.294,CD8.EM
-4.449,-1.611,CD8.TPEX
5.6,4.293,CD8.NaiveLike
-0.601,-2.461,CD8.EM
-1.528,-1.678,CD8.EM
5.904,4.954,CD8.NaiveLike
-0.093,-0.494,CD8.EM
-5.522,-4.068,CD8.TEX
-4.611,-4.626,CD8.TEX
5.551,-4.939,CD8.TEMRA
-6.763,-0.683,CD8.TPEX
-0.293,-1.16,CD8.EM
5.13,3.821,CD8.NaiveLike
-4.291,-1.802,CD8.TPEX
-4.962,-3.997,CD8.TEX
5.664,-4.575,CD8.TEMRA
-4.104,-3.932,CD8.TEX
-1.126,-0.224,CD8.EM
-5.653,-4.66,CD8.TEX
1.162,2.415,CD8.CM
-6.217,-1.989,CD8.TPEX
-1.523,-2.32,CD8.EM
-2.537,-1.905,CD8.TPEX
-6.664,-3.538,CD8.TEX
-0.544,-0.988,CD8.EM
6.437,4.607,CD8.NaiveLike
-0.653,-0.706,CD8.EM
5.976,3.63,CD8.NaiveLike
-7.353,-2.935,CD8.TEX
-4.186,-3.925,CD8.TEX
5.95,4.475,CD8.NaiveLike
-3.389,-4.064,CD8.TEX
5.688,3.727,CD8.NaiveLike
-0.901,-0.685,CD8.EM
-1.918,-0.929,CD8.EM
5.717,3.541,CD8.NaiveLike
-6.74,-3.494,CD8.TEX
5.904,4.82,CD8.NaiveLike
-5.834,-3.91,CD8.TEX
-4.101,-3.892,CD8.TEX
-4.877,-1.86,CD8.TPEX
5.937,3.931,CD8.NaiveLike
5.319,3.679,CD8.NaiveLike
-0.931,-2.15,CD8.EM
5.584,4.571,CD8.NaiveLike
-5.871,-2.855,CD8.TEX
5.409,3.964,CD8.NaiveLike
-4.867,-1.401,CD8.TPEX
-7.374,-3.552,CD8.TEX
-6.684,-4.714,CD8.TEX
5.674,-4.45,CD8.TEMRA
7.131,4.895,CD8.CM
-4.61,-1.958,CD8.TPEX
-6.408,-0.076,CD8.TPEX
-5.677,-3.572,CD8.TEX
-5.864,-3.692,CD8.TEX
-1.894,-1.868,CD8.EM
5.688,4.086,CD8.NaiveLike
-0.985,-2.797,CD8.EM
-1.076,-1.445,CD8.EM
-5.804,-4.39,CD8.TEX
-6.258,-5.07,CD8.TEX
-4.548,-2.443,CD8.TPEX
-6.585,-4.472,CD8.TEX
-1.344,-3.086,CD8.EM
7.23,4.34,CD8.NaiveLike
-0.295,-0.503,CD8.EM
-1.288,-1.106,CD8.EM
-1.624,-2.953,CD8.EM
-0.727,-0.494,CD8.EM
6.225,4.24,CD8.NaiveLike
1.164,3.452,CD8.CM
5.689,3.54,CD8.NaiveLike
-6.458,-4.637,CD8.TEX
-0.52,-1.356,CD8.EM
-0.099,0.178,CD8.EM
-5.813,-3.736,CD8.TEX
5.492,3.707,CD8.NaiveLike
-5.117,-1.808,CD8.TPEX
-6.633,-3.818,CD8.TEX
-5.468,-4.802,CD8.TEX
7.085,4.586,CD8.NaiveLike
5.667,4.035,CD8.NaiveLike
-5.643,-1.723,CD8.TPEX
1.396,3.356,CD8.CM
-1.113,-0.59,CD8.EM
-5.808,-1.334,CD8.TPEX
5.011,-4.196,CD8.TEMRA
-5.202,-3.044,CD8.TEX
6.045,3.421,CD8.CM
6.261,3.864,CD8.NaiveLike
-6.414,-0.737,CD8.TPEX
6.022,4.83,CD8.NaiveLike
5.638,-4.354,CD8.TEMRA
-0.98,-1.085,CD8.EM
-6.896,-4.181,CD8.TEX
-0.568,-1.639,CD8.EM
-1.863,-3.021,CD8.EM
-1.889,-2.533,CD8.EM
-1.706,-0.892,CD8.EM
5.996,4.609,CD8.CM
-0.773,-2.257,CD8.EM
-6.907,-3.516,CD8.TEX
-0.985,-1.126,CD8.EM
-3.523,-3.883,CD8.TEX
0.449,-1.025,CD8.EM
1.013,2.662,CD8.CM
-6.931,-3.102,CD8.TEX
-0.681,-0.701,CD8.EM
-1.252,-1.151,CD8.EM
6.053,3.524,CD8.NaiveLike
0.892,2.613,CD8.CM
-5.931,-1.986,CD8.TPEX
-4.575,-1.567,CD8.TPEX
-6.621,-4.524,CD8.TEX
-0.424,-0.727,CD8.EM
5.727,4.152,CD8.NaiveLike
-4.869,-4.711,CD8.TEX
-5.388,-4.721,CD8.TEX
-4.595,-4.029,CD8.TEX
-1.609,-1.604,CD8.EM
-1.463,-2.53,CD8.EM
-4.386,-3.43,CD8.TEX
-3.859,-1.342,CD8.EM
1.72,4.277,CD8.CM
-1.493,-2.448,CD8.EM
6.604,-4.944,CD8.TEMRA
2.223,3.741,CD8.CM
-1.383,-2.201,CD8.EM
6.621,-4.682,CD8.TEMRA
-0.323,-1.555,CD8.EM
5.745,5.16,CD8.NaiveLike
-5.718,-3.79,CD8.TEX
6.787,3.892,CD8.NaiveLike
-4.294,-3.342,CD8.TEX
-1.024,-1.364,CD8.EM
-6.099,-4.86,CD8.TEX
-4.797,-1.289,CD8.TPEX
1.255,2.721,CD8.CM
-5.681,-1.866,CD8.TPEX
6.104,3.124,CD8.CM
-6.172,-2.438,CD8.TPEX
-0.714,-2.702,CD8.EM
-0.108,-2.155,CD8.EM
5.915,4.518,CD8.NaiveLike
-1.464,-1.809,CD8.EM
-0.719,-1.386,CD8.EM
0.599,3.23,CD8.CM
-1.06,-2.085,CD8.EM
6.671,4.832,CD8.NaiveLike
0.122,-0.89,CD8.EM
5.481,3.408,CD8.CM
-4.562,-1.72,CD8.TPEX
-4.894,-1.641,CD8.TPEX
0.148,-1.391,CD8.EM
-4.95,-4.463,CD8.TEX
6.273,-4.695,CD8.TEMRA
6.651,4.287,CD8.NaiveLike
-4.603,-0.29,CD8.TPEX
4.464,3.895,CD8.NaiveLike
-1.534,8.553,CD8.MAIT
5.294,3.736,CD8.NaiveLike
5.892,4.218,CD8.NaiveLike
-6.567,-3.05,CD8.TEX
1.585,3.159,CD8.CM
0.226,-0.268,CD8.CM
-0.421,-0.721,CD8.EM
-1.582,-2.371,CD8.EM
5.515,4.257,CD8.NaiveLike
5.294,-4.596,CD8.CM
2.241,3.067,CD8.CM
6.096,3.937,CD8.NaiveLike
-5.521,-5.236,CD8.CM
-5.763,-3.841,CD8.TEX
6.047,-4.704,CD8.TEMRA
-1.159,-0.624,CD8.EM
6.171,3.442,CD8.NaiveLike
-6.34,-2.736,CD8.TEX
-6.126,-3.776,CD8.TEX
-0.709,-0.404,CD8.EM
1.2,3.7,CD8.CM
6.055,-4.788,CD8.TEMRA
6.334,4.035,CD8.NaiveLike
4.728,3.795,CD8.NaiveLike
-6.525,-4.72,CD8.TEX
-6.222,0.052,CD8.TPEX
5.372,3.374,CD8.NaiveLike
6.045,4.501,CD8.NaiveLike
6.025,-4.662,CD8.TEMRA
6.703,3.729,CD8.NaiveLike
5.407,4.064,CD8.NaiveLike
6.265,3.756,CD8.NaiveLike
5.411,4.692,CD8.NaiveLike
-4.716,-1.582,CD8.TPEX
-2.082,-1.582,CD8.EM
7.291,4.227,CD8.NaiveLike
-6.754,-4.597,CD8.TEX
-6.731,-3.24,CD8.TEX
-1.553,-1.978,CD8.EM
6.75,3.94,CD8.NaiveLike
-4.764,-1.438,CD8.TPEX
-1.101,-0.545,CD8.EM
-4.07,-1.319,CD8.TPEX
-0.001,-0.472,CD8.EM
-4.211,-1.215,CD8.TPEX
-1.573,-2.054,CD8.EM
6.139,4.139,CD8.CM
1.086,3.133,CD8.CM
-2.42,-1.523,CD8.EM
4.74,4.593,CD8.NaiveLike
-5.149,-4.518,CD8.TEX
6.208,4.534,CD8.NaiveLike
5.992,3.456,CD8.NaiveLike
0.673,-1.06,CD8.EM
6.205,4.299,CD8.NaiveLike
5.684,5.217,CD8.NaiveLike
-4.078,-4.526,CD8.TEX
6.579,3.923,CD8.NaiveLike
0.412,-0.203,CD8.CM
-6.563,-4.591,CD8.TEX
-5.555,0.127,CD8.TPEX
7.383,4.285,CD8.NaiveLike
-5.223,-0.958,CD8.TPEX
-7.192,-4.036,CD8.TEX
-4.361,-1.68,CD8.TPEX
-1.033,-1.345,CD8.EM
6.686,4.106,CD8.NaiveLike
-1.248,-0.684,CD8.EM
5.93,4.315,CD8.NaiveLike
-4.776,-3.785,CD8.TEX
-4.489,-3.527,CD8.TEX
6.349,3.775,CD8.NaiveLike
6.635,3.928,CD8.NaiveLike
-0.765,-1.407,CD8.EM
5.855,5.313,CD8.NaiveLike
4.324,3.733,CD8.CM
-4.279,-1.432,CD8.TPEX
5.655,-5.144,CD8.TEMRA
-5.125,-1.473,CD8.TPEX
1.759,3.462,CD8.CM
6.055,3.98,CD8.NaiveLike
-6.999,-4.019,CD8.TEX
6.646,-4.331,CD8.TEMRA
6.046,-4.99,CD8.TEMRA
-5.32,-1.865,CD8.TPEX
-6.022,-2.483,CD8.TPEX
6.528,-3.976,CD8.TEMRA
-5.225,-1.815,CD8.TPEX
-5.826,-1.928,CD8.TPEX
-4.15,-3.549,CD8.TEX
0.647,3.584,CD8.CM
-5.785,-1.946,CD8.TPEX
6.072,4.679,CD8.NaiveLike
5.754,-4.906,CD8.TEMRA
7.023,3.971,CD8.NaiveLike
5.891,4.466,CD8.NaiveLike
3.95,3.48,CD8.CM
-5.405,-4.721,CD8.TEX
4.908,4.026,CD8.NaiveLike
-4.101,-1.273,CD8.TPEX
6.804,3.779,CD8.NaiveLike
6.952,4.136,CD8.NaiveLike
-4.394,-3.984,CD8.TEX
-7.274,-3.347,CD8.TEX
5.466,3.979,CD8.NaiveLike
4.938,3.453,CD8.NaiveLike
-3.403,-3.05,CD8.TEX
4.988,-4.143,CD8.EM
5.389,-4.488,CD8.TEMRA
-6.111,-1.464,CD8.TPEX
0.988,0.54,CD8.CM
4.928,3.747,CD8.NaiveLike
5.361,4.826,CD8.NaiveLike
-4.049,-4.481,CD8.TEX
5.837,5.032,CD8.NaiveLike
6.451,4.275,CD8.NaiveLike
7.084,4.13,CD8.NaiveLike
-5.597,-1.909,CD8.TPEX
6.535,4.067,CD8.NaiveLike
-4.599,-1.269,CD8.TPEX
-5.713,-3.043,CD8.TPEX
-4.8,-4.497,CD8.TEX
-1.096,-0.828,CD8.EM
-6.966,-4.028,CD8.TEX
-1.951,-1.135,CD8.EM
0.546,-0.93,CD8.EM
-3.764,-3.99,CD8.TEX
-1.929,-1.567,CD8.EM
6.039,3.782,CD8.CM
-1.642,-0.881,CD8.EM
-3.774,-3.69,CD8.CM
4.566,3.844,CD8.NaiveLike
-7.073,-4.143,CD8.TEX
-4.833,-2.147,CD8.TPEX
-4.971,-1.789,CD8.TPEX
-0.855,-2.839,CD8.EM
6.933,4.588,CD8.NaiveLike
6.166,3.368,CD8.NaiveLike
-6.908,-3.742,CD8.TEX
6.069,4.063,CD8.NaiveLike
-1.543,-1.698,CD8.EM
-1.704,-2.197,CD8.EM
5.237,-4.876,CD8.EM
5.768,4.257,CD8.NaiveLike
0.628,0.089,CD8.CM
-4.772,-4.591,CD8.TEX
6.06,3.805,CD8.NaiveLike
-6.51,-5.044,CD8.TEX
-7.204,-2.968,CD8.TEX
6.414,4.076,CD8.CM
6.998,3.779,CD8.NaiveLike
5.161,-3.927,CD8.TEMRA
-6.11,-3.329,CD8.TEX
-0.268,-1.222,CD8.EM
-4.092,-4.301,CD8.TEX
7.017,3.567,CD8.NaiveLike
-1.384,-0.906,CD8.EM
-6.609,-1.063,CD8.TPEX
-5.967,-3.757,CD8.TEX
0.912,4.409,CD8.CM
5.771,3.358,CD8.NaiveLike
6.136,3.898,CD8.NaiveLike
5.562,2.625,CD8.EM
-1.513,-1.301,CD8.EM
-5.042,-1.267,CD8.TPEX
5.804,4.359,CD8.NaiveLike
5.201,-4.862,CD8.TEMRA
-3.674,-4.276,CD8.TEX
-6.188,-3.483,CD8.TEX
-0.938,-2.256,CD8.EM
5.98,3.279,CD8.NaiveLike
1.269,1.001,CD8.CM
5.712,3.896,CD8.NaiveLike
6.071,3.436,CD8.NaiveLike
6.03,4.367,CD8.CM
-0.628,-1.123,CD8.EM
-6.524,-3.819,CD8.TEX
-1.744,-1.447,CD8.EM
1.792,1.755,CD8.CM
-4.015,-4.326,CD8.TEX
5.625,4.445,CD8.NaiveLike
-6.938,-2.905,CD8.TEX
-5.048,-3.739,CD8.TEX
-4.346,-2.294,CD8.TPEX
-4.836,-3.047,CD8.TEX
6.013,4.021,CD8.NaiveLike
-6.39,-0.706,CD8.TPEX
7.313,3.974,CD8.CM
-5.898,-1.438,CD8.TPEX
6.504,3.593,CD8.NaiveLike
-1.238,-0.803,CD8.EM
-5.914,-1.623,CD8.TPEX
-1.433,-1.69,CD8.EM
6.255,3.791,CD8.NaiveLike
-4.787,-1.382,CD8.TPEX
1.296,-0.132,CD8.CM
6.489,3.861,CD8.NaiveLike
-0.386,-2.768,CD8.EM
6.448,4.384,CD8.NaiveLike
4.844,4.864,CD8.CM
-4.489,-3.206,CD8.TEX
-5.306,-4.578,CD8.TEX
-1.412,-2.992,CD8.EM
6.38,4.365,CD8.NaiveLike
-5.674,-1.908,CD8.TPEX
6.276,-4.952,CD8.TEMRA
5.933,5.339,CD8.NaiveLike
-4.47,-1.596,CD8.TPEX
5.991,4.562,CD8.NaiveLike
5.952,3.757,CD8.NaiveLike
-1.633,-2.228,CD8.EM
-4.426,-4.361,CD8.TEX
5.18,4.838,CD8.NaiveLike
-0.802,-2.475,CD8.EM
-0.75,-0.403,CD8.EM
1.408,0.179,CD8.CM
6.51,-4.322,CD8.TEMRA
-1.264,-1.586,CD8.EM
-1.663,7.871,CD8.MAIT
-1.705,7.901,CD8.MAIT
-3.296,8.002,CD8.MAIT
6.801,-4.287,CD8.TEMRA
-2.011,7.506,CD8.MAIT
2.286,3.097,CD8.CM
-1.944,7.952,CD8.MAIT
-5.153,-3.796,CD8.TEX
-0.851,-0.23,CD8.EM
-2.189,-1.602,CD8.EM
0.684,-1.154,CD8.CM
-4.448,-3.18,CD8.TEX
-1.905,-1.273,CD8.EM
5.617,-3.761,CD8.TEMRA
2.075,4.519,CD8.CM
1.602,0.548,CD8.CM
-3.248,8.037,CD8.MAIT
-3.373,8.245,CD8.MAIT
6.469,-4.487,CD8.TEMRA
-6.945,-4.606,CD8.TEX
-1.291,-1.829,CD8.EM
-6.842,-2.574,CD8.TEX
-1.281,-2.814,CD8.EM
0.679,1.784,CD8.CM
-5.742,-4.576,CD8.TEX
-2.061,7.444,CD8.MAIT
-6.943,-2.261,CD8.TEX
5.4,-4.652,CD8.TEMRA
1.4,4.228,CD8.CM
1.014,-0.025,CD8.EM
0.549,-1.43,CD8.EM
-1.697,7.563,CD8.MAIT
-6.766,-0.299,CD8.TPEX
-1.392,-1.749,CD8.EM
-1.606,7.734,CD8.MAIT
-0.325,-0.93,CD8.EM
-6.917,-3.019,CD8.TEX
5.594,-4.146,CD8.TEMRA
-1.589,7.679,CD8.MAIT
0.17,-1.737,CD8.EM
-0.834,-0.86,CD8.EM
7.202,4.123,CD8.NaiveLike
-6.517,-4.794,CD8.TEX
-0.211,-2.119,CD8.EM
-1.544,7.624,CD8.MAIT
-4.83,-0.08,CD8.TPEX
0.173,-0.597,CD8.EM
-0.983,-1.47,CD8.EM
-7.253,-3.168,CD8.TEX
5.6,-4.067,CD8.TEMRA
-3.316,7.955,CD8.MAIT
-3.344,8.098,CD8.MAIT
-3.257,8.174,CD8.MAIT
-1.863,7.61,CD8.MAIT
2.324,2.893,CD8.CM
-2.297,7.821,CD8.MAIT
-1.355,-2.613,CD8.EM
-1.93,7.306,CD8.MAIT
7.243,3.889,CD8.NaiveLike
6.427,-3.87,CD8.TEMRA
5.365,-4.151,CD8.TEMRA
-1.815,7.595,CD8.MAIT
0.858,0.265,CD8.CM
-1.64,7.553,CD8.MAIT
1.072,3.647,CD8.CM
-1.966,-1.947,CD8.EM
-6.384,-4.882,CD8.TEX
-2.087,7.448,CD8.MAIT
-3.599,7.959,CD8.MAIT
-0.496,-1.131,CD8.EM
-0.399,-0.703,CD8.EM
-2.185,7.453,CD8.MAIT
0.208,-2.322,CD8.EM
-1.966,-2.773,CD8.EM
-0.927,-0.512,CD8.EM
-0.166,-0.666,CD8.EM
5.761,-3.899,CD8.TEMRA
5.387,-4.034,CD8.TEMRA
-0.876,-0.818,CD8.EM
-1.709,7.585,CD8.CM
-3.353,8.182,CD8.MAIT
-2.108,-1.849,CD8.EM
-4.92,0.012,CD8.TPEX
5.577,-3.508,CD8.TEMRA
1.353,3.871,CD8.CM
6.598,3.786,CD8.CM
4.501,3.337,CD8.NaiveLike
-0.338,-1.281,CD8.EM
-3.421,7.989,CD8.MAIT
5.561,3.7,CD8.CM
3.161,3.438,CD8.CM
-6.311,-5.046,CD8.TEX
6.209,-3.855,CD8.TEMRA
5.471,-4.477,CD8.TEMRA
-3.408,-2.437,CD8.EM
-1.35,-0.65,CD8.EM
-1.645,7.633,CD8.CM
-7.384,-3.821,CD8.TEX
4.764,4.249,CD8.NaiveLike
-1.558,7.614,CD8.MAIT
0.251,-0.825,CD8.EM
-5.375,0.014,CD8.TPEX
0.387,-1.556,CD8.CM
-3.565,8.075,CD8.MAIT
-6.446,-5.252,CD8.TEX
-1.797,7.795,CD8.CM
2.24,1.058,CD8.CM
5.183,4.369,CD8.NaiveLike
-1.922,7.21,CD8.CM
0.671,-0.447,CD8.EM
-2.891,7.824,CD8.MAIT
-2.028,-2.409,CD8.EM
-1.587,-2.14,CD8.EM
1.333,3.134,CD8.CM
-1.672,7.668,CD8.MAIT
-5.394,-4.934,CD8.TEX
-6.836,-2.849,CD8.TEX
0.904,3.836,CD8.CM
2.299,3.586,CD8.CM
-1.617,8.274,CD8.MAIT
-2.385,-1.582,CD8.EM
5.373,-4.233,CD8.TEMRA
6.665,-4.193,CD8.TEMRA
-0.283,-1.662,CD8.EM
6.372,-4.517,CD8.TEMRA
-3.362,8.014,CD8.MAIT
1.522,3.927,CD8.CM
-1.393,-1.497,CD8.EM
-5.351,-0.072,CD8.TPEX
-0.091,-0.752,CD8.EM
1.952,3.243,CD8.CM
-1.716,7.303,CD8.MAIT
4.085,3.813,CD8.NaiveLike
3.179,4.143,CD8.NaiveLike
5.895,-3.915,CD8.TEMRA
-1.923,7.355,CD8.MAIT
-3.517,8.115,CD8.MAIT
-1.938,-1.924,CD8.EM
3.826,3.743,CD8.CM
0.583,-0.86,CD8.CM
6.061,-3.715,CD8.TEMRA
0.577,-2.071,CD8.EM
6.761,-4.3,CD8.TEMRA
-1.11,-1.843,CD8.EM
4.738,3.735,CD8.NaiveLike
-2.326,7.822,CD8.MAIT
-5.024,-3.525,CD8.TEX
6.58,-4.727,CD8.TEMRA
-3.677,8.222,CD8.MAIT
-3.077,-3.687,CD8.EM
0.354,-1.433,CD8.CM
-5.105,-3.382,CD8.TEX
4.784,3.014,CD8.CM
0.328,-0.158,CD8.EM
5.241,2.917,CD8.NaiveLike
1.589,3.497,CD8.CM
-0.341,-1.778,CD8.EM
6.892,3.373,CD8.NaiveLike
-3.35,7.92,CD8.MAIT
0.064,-2.524,CD8.EM
6.595,-4.667,CD8.TEMRA
1.861,4.024,CD8.CM
4.7,3.449,CD8.NaiveLike
0.36,-0.678,CD8.EM
-3.766,-3.663,CD8.TEX
-1.841,-1.93,CD8.EM
2.467,4.169,CD8.MAIT
6.046,-5.221,CD8.TEMRA
7.337,3.826,CD8.NaiveLike
5.939,-4.753,CD8.TEMRA
-6.872,-4.548,CD8.TEX
-3.54,8.031,CD8.MAIT
1.843,3.167,CD8.CM
-0.12,-0.552,CD8.EM
-3.501,7.575,CD8.CM
-2.854,8.152,CD8.MAIT
4.476,4.392,CD8.CM
-1.62,7.226,CD8.MAIT
-1.911,-1.521,CD8.EM
5.345,-3.837,CD8.TEMRA
-3.065,8.124,CD8.MAIT
6.092,-3.558,CD8.TEMRA
-2.112,7.892,CD8.MAIT
5.031,4.12,CD8.CM
-1.284,7.834,CD8.CM
5.318,-3.691,CD8.TEMRA
-4.846,-4.478,CD8.TEX
6.523,-4.059,CD8.TEMRA
0.339,-0.465,CD8.EM
5.546,4.617,CD8.NaiveLike
0.454,-2.492,CD8.EM
7.458,3.604,CD8.NaiveLike
4.786,4.567,CD8.NaiveLike
-1.938,-1.461,CD8.EM
5.794,-4.737,CD8.TEMRA
-3.377,7.985,CD8.MAIT
-1.165,-0.6,CD8.EM
1.651,3.901,CD8.CM
-2.168,7.708,CD8.MAIT
-3.304,8.094,CD8.MAIT
-1.863,7.607,CD8.MAIT
-2.524,-1.924,CD8.EM
6.908,4.071,CD8.NaiveLike
-4.267,-3.477,CD8.TEX
5.782,-4.102,CD8.TEMRA
4.358,3.356,CD8.NaiveLike
-6.711,-4.593,CD8.TEX
-3.647,8.144,CD8.MAIT
0.039,-0.732,CD8.EM
0.547,-2.033,CD8.EM
-1.985,7.553,CD8.MAIT
-1.932,7.504,CD8.MAIT
-5.171,0.363,CD8.TPEX
-5.928,0.175,CD8.TPEX
-0.808,-2.18,CD8.EM
1.791,1.743,CD8.CM
-1.932,-2.296,CD8.EM
-3.275,8.161,CD8.MAIT
4.555,3.368,CD8.NaiveLike
6.132,-4.241,CD8.TEMRA
-1.497,7.723,CD8.MAIT
-6.664,-5.307,CD8.TEX
1.227,3.372,CD8.CM
-1.582,7.852,CD8.MAIT
-6.57,-5.215,CD8.TEX
0.143,-0.006,CD8.EM
1.075,3.808,CD8.CM
5.963,-4.387,CD8.TEMRA
7.406,4.789,CD8.NaiveLike
-6.502,-5.2,CD8.TEX
-1.655,-1.637,CD8.EM
-1.59,-2.821,CD8.EM
-0.93,-1.559,CD8.EM
6.31,-4.071,CD8.TEMRA
4.922,2.826,CD8.NaiveLike
4.241,2.671,CD8.CM
-1.232,-0.521,CD8.EM
-1.456,-1.169,CD8.EM
-5.739,-4.577,CD8.TEX
5.671,-3.846,CD8.TEMRA
1.894,3.099,CD8.CM
4.946,3.849,CD8.NaiveLike
5.776,-4.765,CD8.TEMRA
6.601,-4.273,CD8.TEMRA
-3.029,8.15,CD8.MAIT
5.386,-4.069,CD8.TEMRA
-1.772,-1.926,CD8.EM
-5.438,-4.946,CD8.TEX
-0.598,-1.277,CD8.EM
1.134,2.591,CD8.CM
-4.398,-4.823,CD8.TEX
-2.842,7.914,CD8.MAIT
6.241,-4.191,CD8.TEMRA
3.12,3.071,CD8.CM
0.034,0.347,CD8.CM
2.674,2.405,CD8.CM
-1.117,-2.631,CD8.EM
-1.35,-1.103,CD8.EM
-1.623,7.336,CD8.MAIT
-7.164,-3.088,CD8.TEX
5.708,-3.493,CD8.TEMRA
-0.31,-0.873,CD8.EM
-1.757,8.033,CD8.MAIT
0.502,-1.555,CD8.EM
-6.703,-3.108,CD8.TEX
7.226,3.705,CD8.NaiveLike
-1.674,7.452,CD8.MAIT
2.339,2.875,CD8.CM
-6.221,-0.371,CD8.TPEX
1.451,3.467,CD8.CM
-3.142,8.106,CD8.MAIT
0.039,-0.528,CD8.EM
-3.485,8.138,CD8.MAIT
0.858,1.877,CD8.CM
-1.69,-2.49,CD8.EM
-1.773,-2.707,CD8.EM
0.637,-0.683,CD8.CM
0.77,3.595,CD8.CM
-1.925,7.721,CD8.MAIT
-2.523,7.702,CD8.MAIT
6.175,-4.5,CD8.TEMRA
3.062,2.861,CD8.CM
-2.31,7.844,CD8.MAIT
-0.138,-0.984,CD8.EM
0.083,-0.27,CD8.EM
-6.598,-0.03,CD8.TPEX
1.341,2.821,CD8.CM
-1.543,-2.293,CD8.EM
-4.015,-3.588,CD8.TEX
-1.76,7.41,CD8.MAIT
0.01,-0.945,CD8.EM
5.936,-4.131,CD8.TEMRA
-1.13,-1.896,CD8.EM
0.913,0.875,CD8.CM
-7.299,-2.706,CD8.TEX
-2.882,7.941,CD8.MAIT
0.991,0.274,CD8.CM
1.493,4.018,CD8.CM
4.603,4.664,CD8.NaiveLike
6.575,3.247,CD8.CM
-1.729,7.405,CD8.MAIT
1.344,3.149,CD8.CM
0.757,3.52,CD8.CM
4.525,4.259,CD8.NaiveLike
3.411,3.56,CD8.CM
2.402,4.28,CD8.CM
-1.906,-0.571,CD8.EM
6.974,-4.344,CD8.TEMRA
0.707,0.178,CD8.CM
-1.425,8.2,CD8.MAIT
-7.048,-2.3,CD8.TEX
-6.302,-3.737,CD8.TEX
-0.467,-0.975,CD8.EM
2.085,0.886,CD8.CM
6.013,-3.395,CD8.TEMRA
6.094,-4.792,CD8.TEMRA
-1.8,7.687,CD8.MAIT
-6.146,-5.294,CD8.TEX
-5.792,-3.082,CD8.TEX
-1.99,7.776,CD8.MAIT
1.257,3.632,CD8.CM
-3.644,8.005,CD8.MAIT
5.424,-4.411,CD8.TEMRA
4.925,3.787,CD8.NaiveLike
-1.527,7.973,CD8.MAIT
-3.392,-3.731,CD8.TEX
-3.331,8.289,CD8.MAIT
0.639,3.405,CD8.CM
0.575,3.595,CD8.CM
-1.763,7.31,CD8.MAIT
-0.027,-0.355,CD8.EM
-2.34,7.489,CD8.MAIT
-3.438,8.19,CD8.MAIT
0.588,3.116,CD8.CM
-3.338,-3.66,CD8.TEX
-2.271,-2.589,CD8.EM
-6.809,-3.626,CD8.TEX
-0.025,-0.726,CD8.EM
1.492,3.619,CD8.CM
-3.217,8.136,CD8.MAIT
-5.036,-4.659,CD8.TEX
-7.108,-3.237,CD8.TEX
4.583,4.737,CD8.NaiveLike
-1.588,7.485,CD8.MAIT
-1.774,-2.632,CD8.EM
0.363,-0.396,CD8.EM
-3.366,8.025,CD8.MAIT
6.889,4.97,CD8.NaiveLike
5.801,-3.712,CD8.TEMRA
-2.076,-1.927,CD8.EM
-5.98,-5.117,CD8.TEX
-6.926,-2.5,CD8.TEX
-4.666,-2.93,CD8.TEX
-6.018,0.261,CD8.TPEX
-0.678,-1.451,CD8.EM
5.867,-3.766,CD8.TEMRA
5.596,4.082,CD8.NaiveLike
-1.452,7.819,CD8.MAIT
-1.417,-1.719,CD8.EM
-1.684,7.725,CD8.MAIT
-2.017,7.272,CD8.MAIT
6.098,-4.224,CD8.TEMRA
-4.56,-0.113,CD8.TPEX
0.073,-1.583,CD8.EM
-6.747,-4.893,CD8.TEX
5.841,-3.863,CD8.TEMRA
-1.647,-1.354,CD8.EM
1.434,4.04,CD8.CM
-0.994,-2.323,CD8.EM
-2.991,7.819,CD8.MAIT
5.884,-4.614,CD8.TEMRA
-3.274,8.136,CD8.MAIT
-1.697,7.439,CD8.MAIT
6.329,-4.338,CD8.TEMRA
-3.657,-4.188,CD8.TEX
6.079,-3.449,CD8.TEMRA
-1.013,-1.377,CD8.EM
-1.959,7.286,CD8.MAIT
0.341,-1.237,CD8.EM
-6.345,-5.176,CD8.TEX
-1.064,-1.458,CD8.EM
1.645,3.891,CD8.CM
7.105,3.233,CD8.NaiveLike
-6.165,-1.301,CD8.TPEX
2.738,3.631,CD8.CM
-5.012,-4.303,CD8.TEX
1.8,3.488,CD8.CM
6.95,3.408,CD8.NaiveLike
-0.007,-1.766,CD8.EM
1.828,3.894,CD8.CM
-0.807,-2.51,CD8.EM
6.369,3.431,CD8.NaiveLike
-1.465,-0.675,CD8.EM
-0.752,-0.481,CD8.EM
-5.815,-0.416,CD8.TPEX
0.205,-0.818,CD8.EM
-1.575,7.901,CD8.MAIT
6.3,-4.763,CD8.TEMRA
-5.474,-4.232,CD8.TEX
6.408,-5.05,CD8.TEMRA
6.06,-4.885,CD8.TEMRA
-1.429,-1.646,CD8.EM
-1.846,7.017,CD8.CM
5.535,-4.403,CD8.TEMRA
-6.621,-4.995,CD8.TEX
1.498,4.017,CD8.CM
0.317,-1.291,CD8.EM
7.316,4.266,CD8.NaiveLike
4.018,3.38,CD8.NaiveLike
-1.654,8.432,CD8.MAIT
6.473,3.158,CD8.NaiveLike
5.404,5.06,CD8.NaiveLike
5.62,-4.165,CD8.TEMRA
6.852,4.341,CD8.NaiveLike
5.776,-3.548,CD8.TEMRA
-7.042,-2.338,CD8.TEX
-1.296,-0.89,CD8.EM
0.432,-0.244,CD8.EM
5.747,-3.934,CD8.TEMRA
-2.029,-1.883,CD8.EM
3.759,2.989,CD8.CM
0.33,2.103,CD8.CM
5.417,-4.71,CD8.TEMRA
-2.55,7.676,CD8.MAIT
-1.851,7.469,CD8.MAIT
-0.013,-0.524,CD8.EM
2.146,3.06,CD8.CM
-2.275,-2.109,CD8.EM
-1.521,8.284,CD8.MAIT
-6.836,-2.403,CD8.TEX
-1.678,-1.861,CD8.EM
-4.916,0.13,CD8.TPEX
-5.532,-5.11,CD8.TEX
-3.472,8.034,CD8.MAIT
5.545,-3.545,CD8.TEMRA
5.645,-3.767,CD8.TEMRA
-0.698,-0.994,CD8.EM
-2.991,8.226,CD8.MAIT
-5.425,-3.473,CD8.TEX
5.204,-3.858,CD8.TEMRA
-0.162,-1.197,CD8.CM
-3.237,-3.493,CD8.TEX
-2.113,7.904,CD8.MAIT
-1.727,7.33,CD8.MAIT
6.276,-4.203,CD8.TEMRA
0.643,2.561,CD8.CM
2.495,1.366,CD8.CM
5.313,-3.965,CD8.TEMRA
-4.16,-3.621,CD8.TEX
-1.311,-1.039,CD8.EM
-1.891,7.459,CD8.MAIT
0.462,-1.379,CD8.EM
-5.494,-4.826,CD8.TEX
-3.37,-2.492,CD8.TEX
4.891,3.301,CD8.CM
5.843,-3.815,CD8.TEMRA
1.132,3.533,CD8.CM
0.772,3.794,CD8.CM
-2.808,-2.234,CD8.TEX
-1.594,-0.938,CD8.EM
-0.203,-1.705,CD8.EM
4.307,4.41,CD8.NaiveLike
0.234,-1.512,CD8.EM
-4.599,-3.062,CD8.TEX
-1.592,7.589,CD8.MAIT
7.285,3.647,CD8.NaiveLike
-6.652,-3.79,CD8.TEX
0.609,-0.64,CD8.EM
2.514,3.441,CD8.CM
0.296,-0.634,CD8.EM
1.743,3.494,CD8.CM
-5.429,-5.076,CD8.TEX
-6.888,-1.405,CD8.TPEX
7.305,3.951,CD8.NaiveLike
-1.769,-1.239,CD8.EM
0.447,-1.189,CD8.EM
1.974,3.95,CD8.CM
2.756,2.533,CD8.CM
0.113,-1.204,CD8.EM
-0.312,-2.519,CD8.EM
-0.744,-0.962,CD8.EM
5.991,-4.218,CD8.TEMRA
5.627,3.237,CD8.CM
7.251,3.477,CD8.NaiveLike
6.119,3.058,CD8.CM
-1.205,-1.566,CD8.TPEX
1.298,0.379,CD8.CM
4.226,3.695,CD8.NaiveLike
0.898,3.8,CD8.CM
6.838,3.781,CD8.NaiveLike
-0.551,-2.596,CD8.EM
-1.965,7.449,CD8.MAIT
-0.427,-0.298,CD8.EM
-2.213,7.503,CD8.MAIT
-1.798,7.312,CD8.MAIT
1.254,0.346,CD8.CM
6.762,4.463,CD8.CM
7.196,3.329,CD8.NaiveLike
-1.354,7.604,CD8.MAIT
-1.945,-2.588,CD8.EM
-0.718,-0.928,CD8.EM
3.991,2.405,CD8.NaiveLike
-1.496,7.837,CD8.MAIT
0.906,2.552,CD8.CM
-6.868,-2.545,CD8.TEX
-6.832,-2.26,CD8.TEX
-0.135,-2.769,CD8.EM
-7.031,-3.982,CD8.TEX
-0.244,-1.571,CD8.EM
-4.007,-4.248,CD8.TEX
-1.775,-2.566,CD8.EM
0.052,-0.272,CD8.EM
-1.498,-1.393,CD8.EM
0.644,0.041,CD8.CM
-6.308,-1.287,CD8.TPEX
6.363,3.94,CD8.CM
4.516,3.974,CD8.NaiveLike
1.499,3.648,CD8.CM
2.815,4.043,CD8.CM
-1.724,-2.908,CD8.EM
-3.673,-4.185,CD8.TEX
0.622,-2.05,CD8.EM
-0.929,-1.48,CD8.EM
-5.861,-5.099,CD8.TEX
2.418,4.435,CD8.CM
-3.962,-2.987,CD8.TEX
0.056,-0.355,CD8.EM
1.494,3.785,CD8.CM
3.009,1.908,CD8.CM
-0.263,-0.312,CD8.EM
-4.693,-4.788,CD8.TEX
-3.089,8.184,CD8.MAIT
-3.449,7.899,CD8.MAIT
-1.175,-0.742,CD8.EM
-3.692,7.842,CD8.MAIT
-1.654,7.235,CD8.MAIT
-0.813,-1.62,CD8.EM
6.524,3.362,CD8.CM
-1.639,-0.937,CD8.EM
4.132,3.811,CD8.NaiveLike
-1.966,7.309,CD8.MAIT
6.195,3.263,CD8.NaiveLike
4.908,3.189,CD8.NaiveLike
-2.035,7.246,CD8.MAIT
4.836,4.45,CD8.NaiveLike
-7.023,-2.702,CD8.TEX
-1.967,8.117,CD8.MAIT
5.913,-3.674,CD8.TEMRA
-3.559,7.974,CD8.MAIT
5.606,-4.612,CD8.TEMRA
-1.358,-0.83,CD8.EM
-6.057,-5.039,CD8.TEX
-1.662,7.4,CD8.MAIT
0.383,-0.706,CD8.EM
3.06,4.209,CD8.CM
7.476,3.8,CD8.NaiveLike
7.531,4.058,CD8.NaiveLike
0.384,-0.494,CD8.EM
1.393,1.642,CD8.CM
-3.415,8.08,CD8.MAIT
-4.077,-2.891,CD8.TEX
-3.487,8.039,CD8.MAIT
-1.189,-0.886,CD8.EM
-1.485,-2.067,CD8.EM
-3.329,7.938,CD8.MAIT
0.733,-1.441,CD8.EM
5.881,-4.239,CD8.TEMRA
6.578,-4.178,CD8.TEMRA
-0.606,-1.957,CD8.EM
0.007,-0.73,CD8.EM
-1.676,7.432,CD8.MAIT
6.525,-3.861,CD8.TEMRA
0.343,0.089,CD8.EM
5.695,-4.795,CD8.TEMRA
7.321,3.774,CD8.NaiveLike
-1.519,7.594,CD8.MAIT
4.056,3.408,CD8.NaiveLike
7.069,3.766,CD8.NaiveLike
-1.614,-2.022,CD8.EM
-1.526,7.599,CD8.MAIT
-1.828,-2.025,CD8.EM
1.864,0.749,CD8.CM
-3.569,7.997,CD8.MAIT
-0.02,-1.05,CD8.EM
-1.91,7.34,CD8.MAIT
0.17,-2.555,CD8.EM
0.31,-0.275,CD8.EM
5.912,-3.448,CD8.TEMRA
6.011,-3.589,CD8.TEMRA
0.104,-0.432,CD8.EM
6.279,-3.733,CD8.TEMRA
-1.336,-2.113,CD8.EM
-1.778,-2.02,CD8.EM
5.354,-4.632,CD8.TEMRA
7.321,3.84,CD8.NaiveLike
3.224,2.749,CD8.CM
6.137,3.009,CD8.NaiveLike
-1.68,-2.236,CD8.EM
1.022,2.835,CD8.CM
3.923,3.091,CD8.CM
-0.694,-2.84,CD8.EM
-6.895,-2.579,CD8.TEX
-5.558,0.098,CD8.TPEX
1.044,3.704,CD8.CM
1.193,4.249,CD8.CM
6.209,-4.901,CD8.TEMRA
-0.674,-2.328,CD8.EM
-1.81,8.156,CD8.MAIT
-3.159,7.94,CD8.MAIT
-0.386,-2.552,CD8.EM
4.204,4.346,CD8.NaiveLike
-3.272,7.841,CD8.MAIT
6.895,-4.034,CD8.EM
0.465,-0.422,CD8.EM
-1.736,-3.015,CD8.EM
1.06,0.135,CD8.CM
-3.651,8.079,CD8.MAIT
-6.523,-2.83,CD8.TEX
-2.493,-3.013,CD8.EM
1.142,0.304,CD8.CM
-0.341,-0.981,CD8.EM
5.98,-3.825,CD8.TEMRA
-3.399,7.934,CD8.MAIT
3.625,3.469,CD8.CM
-6.153,-3.291,CD8.TEX
5.793,-4.928,CD8.TEMRA
-1.738,7.283,CD8.MAIT
0.933,0.333,CD8.CM
-0.722,-1.974,CD8.EM
5.38,3.329,CD8.CM
1.737,3.809,CD8.CM
1.445,2.37,CD8.CM
7.36,3.789,CD8.NaiveLike
-3.5,7.997,CD8.MAIT
4.835,3.124,CD8.NaiveLike
4.019,4.021,CD8.NaiveLike
-0.886,-0.802,CD8.EM
5.46,3.297,CD8.NaiveLike
4.322,3.762,CD8.NaiveLike
1.88,0.988,CD8.CM
5.683,-4.112,CD8.TEMRA
-3.611,8.129,CD8.MAIT
-3.588,8.04,CD8.MAIT
5.82,-4.035,CD8.TEMRA
5.249,5.153,CD8.NaiveLike
-1.844,7.428,CD8.MAIT
5.486,-4.845,CD8.TEMRA
-0.072,0.137,CD8.EM
5.504,-3.685,CD8.TEMRA
-3.605,7.934,CD8.MAIT
2.308,3.036,CD8.CM
-6.307,-2.74,CD8.TEX
4.01,4.075,CD8.NaiveLike
-3.518,8.123,CD8.MAIT
-6.734,-3.661,CD8.TEX
6.841,3.779,CD8.NaiveLike
-4.06,-4.32,CD8.TEX
-2.075,-1.88,CD8.EM
-0.133,-0.471,CD8.EM
-2.081,-1.276,CD8.EM
1.937,0.695,CD8.CM
6.455,-4.241,CD8.TEMRA
-4.611,-3.003,CD8.TEX
-7.254,-2.849,CD8.TEX
4.318,3.975,CD8.NaiveLike
3.495,2.742,CD8.CM
0.854,-0.454,CD8.CM
-4.857,-4.339,CD8.TEX
0.221,-2.67,CD8.EM
-6.753,-1.766,CD8.TPEX
-1.898,-2.22,CD8.EM
-3.532,-2.278,CD8.EM
-2.204,7.739,CD8.MAIT
0.19,-0.252,CD8.EM
-1.616,-1.12,CD8.EM
-1.674,7.291,CD8.MAIT
-1.384,-2.168,CD8.EM
6.217,-5.017,CD8.TEMRA
-2.007,8.209,CD8.MAIT
6.077,-3.533,CD8.TEMRA
6.328,3.472,CD8.NaiveLike
6.121,-4.581,CD8.TEMRA
0.175,-1.971,CD8.TEMRA
-3.676,7.98,CD8.MAIT
7.286,4.413,CD8.NaiveLike
-2.791,7.686,CD8.MAIT
4.468,4.092,CD8.NaiveLike
-1.791,7.405,CD8.MAIT
1.368,0.351,CD8.CM
0.547,-1.82,CD8.EM
-5.26,-4.113,CD8.TEX
6.63,3.091,CD8.NaiveLike
0.109,-0.267,CD8.EM
6.577,3.735,CD8.NaiveLike
-1.561,8.409,CD8.MAIT
0.521,2.795,CD8.CM
-0.293,-2.261,CD8.EM
-4.714,-4.216,CD8.TEX
-1.438,-3.09,CD8.EM
-6.652,-3.768,CD8.TEX
-0.96,-0.385,CD8.EM
0.125,-0.266,CD8.CM
-4.58,-0.598,CD8.TPEX
-2.448,7.736,CD8.MAIT
-1.702,-2.847,CD8.EM
3.961,3.45,CD8.CM
5.286,-3.792,CD8.TEMRA
6.838,-4.203,CD8.TEMRA
6.127,-3.62,CD8.TEMRA
-1.666,8.173,CD8.MAIT
-7.007,-2.294,CD8.TEX
0.712,-1.268,CD8.EM
-3.144,8.193,CD8.MAIT
0.573,-1.19,CD8.EM
-0.906,-2.773,CD8.EM
-3.223,8.281,CD8.MAIT
6.166,-3.693,CD8.TEMRA
-7.299,-3.641,CD8.TEX
-1.116,-0.98,CD8.EM
0.25,-0.998,CD8.EM
0.925,-0.448,CD8.CM
-1.741,8.365,CD8.MAIT
-2.189,7.701,CD8.MAIT
-4.784,-0.059,CD8.TPEX
-6.81,-4.646,CD8.TEX
3.982,3.644,CD8.NaiveLike
5.932,-4.541,CD8.TEMRA
-3.539,8.062,CD8.MAIT
-3.237,7.989,CD8.MAIT
-2.662,-2.309,CD8.EM
0.633,-0.274,CD8.EM
-1.864,7.488,CD8.MAIT
5.438,-4.997,CD8.CM
3.405,2.35,CD8.CM
-3.386,8.013,CD8.MAIT
-0.372,-0.371,CD8.EM
7.106,3.434,CD8.NaiveLike
7.325,3.625,CD8.NaiveLike
6.639,-3.745,CD8.TEMRA
-5.288,-0.176,CD8.TPEX
3.095,3.788,CD8.NaiveLike
-1.52,8.208,CD8.MAIT
5.129,2.976,CD8.CM
4.841,-4.465,CD8.TEMRA
1.497,4.673,CD8.CM
5.382,-4.515,CD8.TEMRA
3.75,2.481,CD8.NaiveLike
-0.101,-2.686,CD8.EM
0.513,-0.504,CD8.CM
-1.899,-1.631,CD8.EM
1.23,3.803,CD8.CM
2.368,4.202,CD8.CM
-0.045,-1.414,CD8.EM
5.848,-3.467,CD8.TEMRA
3.01,4.065,CD8.CM
5.502,-3.551,CD8.TEMRA
-4.897,0.298,CD8.TPEX
-4.964,-0.177,CD8.TPEX
6.827,-4.764,CD8.TEMRA
5.968,-3.581,CD8.TEMRA
-3.079,8.173,CD8.MAIT
4.807,2.962,CD8.NaiveLike
-3.706,8.096,CD8.MAIT
1.351,4.01,CD8.CM
-3.76,-3.251,CD8.TEX
-0.328,-0.164,CD8.EM
0.157,-2.351,CD8.EM
-5.491,-4.582,CD8.TEX
1.712,0.531,CD8.CM
5.185,4.383,CD8.CM
-1.985,7.378,CD8.MAIT
3.992,2.839,CD8.CM
1.873,3.042,CD8.CM
1.268,4.22,CD8.CM
-4.967,0.404,CD8.TPEX
5.701,3.026,CD8.NaiveLike
2.535,3.341,CD8.CM
-1.813,7.466,CD8.MAIT
-4.738,-3.628,CD8.TEX
-4.645,-0.658,CD8.TPEX
-0.974,-3.227,CD8.CM
5.785,-3.684,CD8.TEMRA
6.114,-4.601,CD8.TEMRA
1.912,3.946,CD8.CM
4.547,2.803,CD8.NaiveLike
4.663,2.899,CD8.NaiveLike
5.687,-4.283,CD8.TEMRA
-1.651,7.396,CD8.MAIT
4.972,4.753,CD8.NaiveLike
5.778,-3.825,CD8.TEMRA
-1.936,-2.103,CD8.EM
-3.602,7.941,CD8.MAIT
-3.529,8.174,CD8.MAIT
-2.987,-3.558,CD8.TEX
1.925,3.63,CD8.CM
-2.006,-1.691,CD8.EM
3.885,3.242,CD8.NaiveLike
4.472,4.742,CD8.NaiveLike
-4.84,-4.972,CD8.TEX
-1.903,-0.871,CD8.EM
7.595,4.253,CD8.NaiveLike
-3.641,7.796,CD8.CM
5.953,-5.161,CD8.TEMRA
-1.566,6.984,CD8.CM
-1.335,-1.186,CD8.EM
-3.566,-3.602,CD8.TEX
0.85,3.874,CD8.CM
-0.374,-1.035,CD8.EM
-4.507,-4.541,CD8.TEX
4.181,4.108,CD8.NaiveLike
6.11,3.244,CD8.NaiveLike
0.509,-0.323,CD8.EM
3.78,2.952,CD8.CM
-3.495,8.278,CD8.MAIT
4.354,4.383,CD8.NaiveLike
5.514,-4.389,CD8.TEMRA
-1.891,7.302,CD8.MAIT
-1.022,-1.87,CD8.EM
-1.755,7.746,CD8.MAIT
-4.751,-4.322,CD8.TEX
-1.887,-3.095,CD8.EM
0.885,-0.906,CD8.CM
0.363,-1.684,CD8.EM
-7.038,-3.606,CD8.TEX
-3.406,8.052,CD8.MAIT
-0.772,-1.831,CD8.EM
-1.243,-0.555,CD8.EM
-6.438,-4.405,CD8.TEX
-1.593,8.5,CD8.MAIT
7.22,4.551,CD8.NaiveLike
0.487,-1.332,CD8.CM
3.477,2.207,CD8.CM
0.925,0.11,CD8.CM
7.232,4.953,CD8.NaiveLike
4.032,3.716,CD8.CM
-1.829,7.227,CD8.MAIT
4.454,3.744,CD8.NaiveLike
7.565,3.951,CD8.NaiveLike
6.791,-4.313,CD8.TEMRA
1.717,0.64,CD8.CM
1.734,3.566,CD8.CM
6.26,-4.615,CD8.TEMRA
6.286,4.935,CD8.CM
-5.934,0.072,CD8.TPEX
-3.14,8.08,CD8.MAIT
3.349,3.275,CD8.CM
7.338,3.78,CD8.NaiveLike
2.187,2.576,CD8.CM
-2.095,-1.73,CD8.EM
-5.961,0.234,CD8.TPEX
5.643,-4.433,CD8.TEMRA
-0.371,-1.73,CD8.EM
-0.817,-1.487,CD8.EM
-1.888,-2.26,CD8.EM
-1.431,-1.11,CD8.EM
-2.464,7.532,CD8.MAIT
-1.882,7.63,CD8.MAIT
-3.534,8.166,CD8.MAIT
-0.337,-1.243,CD8.EM
1.37,4.362,CD8.CM
0.145,-0.98,CD8.CM
0.313,-0.226,CD8.EM
0.047,-0.512,CD8.EM
5.801,-5.151,CD8.TEMRA
-0.946,-0.896,CD8.EM
7.028,4.325,CD8.CM
5.064,4.026,CD8.NaiveLike
-3.292,8.078,CD8.MAIT
0.53,-1.323,CD8.EM
-2.053,7.75,CD8.MAIT
-6.651,-5.001,CD8.TEX
5.741,3.415,CD8.CM
-1.365,-0.515,CD8.EM
6.393,3.488,CD8.NaiveLike
-6.109,-5.071,CD8.TEX
4.733,3.686,CD8.NaiveLike
0.217,-0.401,CD8.EM
-3.34,7.963,CD8.MAIT
-1.607,7.72,CD8.MAIT
-1.622,-1.541,CD8.EM
-6.414,-5.274,CD8.TEX
-0.695,-0.904,CD8.EM
-4.441,-4.846,CD8.TEX
-3.611,8.176,CD8.MAIT
7.409,3.916,CD8.NaiveLike
-3.428,7.952,CD8.MAIT
0.72,3.609,CD8.CM
4.969,2.954,CD8.NaiveLike
-7.211,-3.593,CD8.TEX
6.458,-5.091,CD8.TEMRA
0.65,3.614,CD8.CM
3.342,3.179,CD8.CM
-3.3,8.214,CD8.MAIT
-3.481,8.079,CD8.MAIT
-1.125,-0.728,CD8.EM
-0.39,-0.546,CD8.EM
-1.876,-1.395,CD8.EM
-3.398,7.976,CD8.MAIT
5.885,-3.38,CD8.TEMRA
2.712,3.284,CD8.CM
-2.135,7.434,CD8.MAIT
2.605,2.859,CD8.CM
6.145,-4.267,CD8.TEMRA
6.017,-4.307,CD8.TEMRA
0.02,-2.466,CD8.EM
-1.154,-1.252,CD8.EM
0.411,-0.748,CD8.EM
-1.319,-3.583,CD8.CM
-1.043,-2.86,CD8.EM
-1.82,8.08,CD8.MAIT
0.437,-2.043,CD8.EM
3.851,2.987,CD8.CM
-3.168,7.961,CD8.MAIT
1.574,4.724,CD8.CM
-6.649,-4.846,CD8.TEX
7.583,3.882,CD8.NaiveLike
0.513,-0.38,CD8.EM
-2.041,-1.752,CD8.EM
4.381,3.423,CD8.NaiveLike
-1.701,8.117,CD8.MAIT
-2.797,7.815,CD8.MAIT
-1.225,-0.816,CD8.EM
5.399,-4.521,CD8.TEMRA
5.412,-4.668,CD8.TEMRA
-1.173,-2.543,CD8.EM
-1.982,-1.639,CD8.EM
5.478,-4.221,CD8.TEMRA
-5.232,-1.394,CD8.TPEX
0.631,-1.815,CD8.EM
-1.577,8.379,CD8.MAIT
-7.005,-2.855,CD8.TEX
-7.074,-2.164,CD8.TEX
4.22,3.908,CD8.NaiveLike
7.589,3.968,CD8.CM
-1.775,7.317,CD8.MAIT
1.141,3.954,CD8.CM
6.092,-3.614,CD8.TEMRA
7.048,3.395,CD8.NaiveLike
1.941,4.124,CD8.CM
-1.919,7.309,CD8.MAIT
6.59,3.385,CD8.NaiveLike
-3.961,-3.374,CD8.TEX
6.074,-4.571,CD8.TEMRA
5.48,-3.658,CD8.TEMRA
2.417,3.637,CD8.CM
-0.782,-1.228,CD8.TEMRA
0.158,-0.365,CD8.EM
7.213,4.652,CD8.NaiveLike
1.191,4.065,CD8.CM
-1.808,7.355,CD8.MAIT
-1.823,-1.784,CD8.EM
4.931,5.13,CD8.NaiveLike
3.716,3.043,CD8.CM
-1.976,-2.271,CD8.EM
5.337,-3.816,CD8.TEMRA
-6.463,-5.201,CD8.TEX
4.079,3.837,CD8.NaiveLike
-2.456,-2.837,CD8.EM
4.547,5.01,CD8.NaiveLike
3.166,3.256,CD8.CM
4.643,4.069,CD8.NaiveLike
-3.224,-3.622,CD8.TEX
0.613,0.166,CD8.EM
2.188,3.572,CD8.CM
-7.022,-2.378,CD8.TEX
2.254,4.065,CD8.CM
-3.41,7.707,CD8.MAIT
4.443,4.275,CD8.NaiveLike
-6.923,-2.045,CD8.TPEX
-3.294,7.902,CD8.MAIT
0.999,0.003,CD8.CM
-5.27,-3.705,CD8.TEX
-1.964,7.184,CD8.MAIT
6.176,-4.321,CD8.TEMRA
-4.696,-4.771,CD8.TEX
-4.883,0.372,CD8.TPEX
-3.759,7.984,CD8.MAIT
-2.573,7.77,CD8.MAIT
-0.508,-0.363,CD8.EM
5.934,-3.464,CD8.TEMRA
1.63,4.851,CD8.CM
-2.235,7.514,CD8.MAIT
2.317,4.366,CD8.CM
-1.523,8.352,CD8.MAIT
6.676,-4.441,CD8.TEMRA
5.691,3.9,CD8.NaiveLike
-2.514,7.571,CD8.MAIT
1.259,3.209,CD8.CM
-0.14,-1.56,CD8.EM
1.836,3.156,CD8.CM
-3.087,7.887,CD8.MAIT
-3.428,8.168,CD8.MAIT
-2.335,-1.241,CD8.EM
0.598,-1.885,CD8.EM
4.797,3.39,CD8.CM
-2.27,7.948,CD8.MAIT
-6.487,-5.173,CD8.CM
-5.923,-4.785,CD8.TEX
5.685,-4.813,CD8.TEMRA
0.68,-0.697,CD8.EM
0.505,-0.068,CD8.EM
-1.556,7.783,CD8.MAIT
-7.103,-2.179,CD8.TEX
6.796,-4.471,CD8.TEMRA
1.905,4.76,CD8.CM
2.063,3.754,CD8.CM
5.562,-4.193,CD8.TEMRA
-3.396,-3.788,CD8.TEX
-7.042,-2.965,CD8.TPEX
-3.598,-3.817,CD8.TEX
-2.217,7.731,CD8.MAIT
4.128,2.638,CD8.CM
-1.893,8.02,CD8.MAIT
1.838,3.848,CD8.CM
-1.575,-2.772,CD8.EM
1.356,0.733,CD8.CM
4.375,3.033,CD8.CM
7.066,3.539,CD8.NaiveLike
6.883,4.011,CD8.NaiveLike
0.087,-0.774,CD8.EM
4.101,3.755,CD8.NaiveLike
-1.873,7.46,CD8.MAIT
5.896,3.984,CD8.NaiveLike
-6.661,-4.465,CD8.TEX
-1.504,-1.279,CD8.EM
1.957,2.312,CD8.CM
0.331,-0.777,CD8.EM
-6.408,-0.14,CD8.TPEX
-4.556,-0.04,CD8.TPEX
2.028,3.264,CD8.CM
-6.234,-2.857,CD8.TEX
-6.648,-4.897,CD8.TEX
3.217,2.024,CD8.CM
1.807,0.725,CD8.CM
4.34,3.461,CD8.CM
-1.814,-3.195,CD8.EM
-2.25,-2.089,CD8.EM
-1.822,7.446,CD8.MAIT
-1.94,7.586,CD8.MAIT
-3.207,8.072,CD8.MAIT
5.638,-3.521,CD8.TEMRA
-1.901,7.768,CD8.MAIT
7.019,3.546,CD8.NaiveLike
-1.688,-2.02,CD8.EM
5.222,3.146,CD8.CM
6.659,-4.418,CD8.CM
7.396,4.828,CD8.NaiveLike
7.159,4.17,CD8.NaiveLike
-1.971,-1.757,CD8.EM
6.844,3.568,CD8.NaiveLike
5.008,4.172,CD8.NaiveLike
-1.852,7.636,CD8.MAIT
-6.376,-4.472,CD8.TEX
1.587,4.36,CD8.CM
-0.958,-2.783,CD8.EM
-6.412,-4.724,CD8.TEX
-0.991,-0.823,CD8.EM
0.057,-1.253,CD8.EM
1.539,3.17,CD8.CM
7.127,4.06,CD8.NaiveLike
1.904,3.524,CD8.CM
-1.8,7.806,CD8.MAIT
-1.691,-1.775,CD8.EM
1.585,4.009,CD8.CM
-0.744,-0.834,CD8.EM
4.144,3.699,CD8.NaiveLike
-1.871,7.996,CD8.MAIT
4.437,4.455,CD8.NaiveLike
-6.136,-4.936,CD8.TEX
5.355,3.528,CD8.NaiveLike
-0.397,-2.582,CD8.EM
0.816,0.286,CD8.CM
-0.549,-1.736,CD8.EM
-7.346,-3.02,CD8.TEX
-1.327,-2.078,CD8.EM
5.872,-4.015,CD8.TEMRA
0.18,-0.653,CD8.EM
-1.134,-1.571,CD8.EM
-1.757,7.309,CD8.MAIT
0.47,-0.39,CD8.EM
0.556,2.863,CD8.CM
4.216,3.966,CD8.NaiveLike
5.163,4.085,CD8.CM
0.747,-0.4,CD8.CM
5.589,-3.988,CD8.TEMRA
-3.245,8.015,CD8.MAIT
1.691,3.962,CD8.CM
-0.153,-2.011,CD8.EM
-3.069,8.178,CD8.MAIT
0.75,-0.51,CD8.EM
-3.707,8.046,CD8.MAIT
2.848,3.609,CD8.CM
2.1,3.877,CD8.CM
-1.282,-0.994,CD8.EM
-1.353,-2.451,CD8.EM
0.605,-0.359,CD8.EM
-0.378,-0.842,CD8.EM
-1.725,-1.457,CD8.EM
0.902,3.77,CD8.CM
0.05,-0.64,CD8.EM
-6.04,0.205,CD8.TPEX
-1.548,-2.409,CD8.EM
-3.321,8.064,CD8.MAIT
-0.565,-1.863,CD8.EM
-6.808,-0.537,CD8.TPEX
-6.701,-2.901,CD8.TEX
5.907,-4.175,CD8.TEMRA
0.183,-1.187,CD8.EM
-3.486,7.869,CD8.MAIT
2.519,3.485,CD8.CM
-7.066,-2.775,CD8.TEX
-3.522,7.934,CD8.MAIT
-5.134,0.371,CD8.TPEX
-3.609,8.03,CD8.MAIT
7.161,3.654,CD8.NaiveLike
-6.751,-4.884,CD8.TEX
-6.306,-5.055,CD8.TEX
-2.094,7.88,CD8.MAIT
1.058,3.125,CD8.CM
1.976,3.66,CD8.CM
-3.34,-2.357,CD8.EM
-4.803,-0.383,CD8.TEX
-1.071,-0.551,CD8.EM
4.237,2.998,CD8.NaiveLike
6.439,4.079,CD8.NaiveLike
-2.551,8.072,CD8.MAIT
-0.743,-2.252,CD8.EM
0.313,-0.468,CD8.EM
4.128,4.359,CD8.NaiveLike
6.381,3.524,CD8.NaiveLike
-1.498,7.812,CD8.MAIT
0.425,3.463,CD8.CM
-0.348,-0.705,CD8.EM
5.604,-4.326,CD8.TEMRA
-2.002,7.715,CD8.MAIT
-3.173,7.9,CD8.MAIT
-4.972,-4.726,CD8.TEX
7.135,3.718,CD8.NaiveLike
6.232,-4.325,CD8.TEMRA
-6.704,-4.671,CD8.TEX
6.914,3.503,CD8.NaiveLike
-5.823,-4.432,CD8.TEX
4.68,4.863,CD8.NaiveLike
5.533,-4.577,CD8.TEMRA
0.086,0.019,CD8.EM
-1.36,-0.95,CD8.EM
-2.484,-2.673,CD8.EM
-6.735,-5.224,CD8.TEX
6.62,-3.871,CD8.TEMRA
5.606,-4.124,CD8.TEMRA
-1.43,7.918,CD8.CM
-2.031,7.447,CD8.MAIT
0.529,3.233,CD8.CM
-5.851,-4.642,CD8.TEX
2.096,2.401,CD8.CM
-1.531,-0.611,CD8.EM
-6.953,-3.967,CD8.TEX
6.401,-3.743,CD8.TEMRA
-3.221,7.92,CD8.MAIT
2.334,3.752,CD8.CM
-1.677,-1.759,CD8.EM
6.122,3.273,CD8.NaiveLike
-6.209,-5.155,CD8.TEX
-2.2,7.772,CD8.MAIT
-0.995,-0.521,CD8.EM
0.437,-2.712,CD8.CM
6.749,3.247,CD8.NaiveLike
0.793,3.434,CD8.CM
-3.319,8.207,CD8.MAIT
6.149,-4.428,CD8.TEMRA
-6.85,-2.863,CD8.TEX
-6.555,-0.863,CD8.TPEX
-1.852,7.951,CD8.MAIT
7.2,3.338,CD8.NaiveLike
5.759,-3.322,CD8.TEMRA
3.349,2.077,CD8.CM
0.28,-1.275,CD8.EM
-1.293,-1.599,CD8.EM
-3.361,8.074,CD8.MAIT
-1.397,7.305,CD8.MAIT
-3.491,7.926,CD8.MAIT
0.775,3.417,CD8.CM
4.35,4.114,CD8.NaiveLike
4.257,3.732,CD8.NaiveLike
7.268,3.47,CD8.NaiveLike
7.382,3.915,CD8.NaiveLike
-7.235,-3.446,CD8.TEX
6.987,3.684,CD8.NaiveLike
-2.058,7.406,CD8.MAIT
-4.588,-3.349,CD8.TEX
6.38,-4.753,CD8.TEMRA
-1.977,7.617,CD8.MAIT
-2.418,7.699,CD8.MAIT
-6.935,-2.718,CD8.TEX
6.93,-4.699,CD8.TEMRA
-1.594,7.633,CD8.MAIT
-3.326,8.093,CD8.MAIT
7.111,3.557,CD8.NaiveLike
-1.463,8.305,CD8.MAIT
4.243,3.55,CD8.NaiveLike
-3.24,8.186,CD8.MAIT
0.093,-0.314,CD8.EM
-5.715,-3.471,CD8.TEX
1.831,3.432,CD8.CM
5.942,-3.736,CD8.TEMRA
-3.25,8.059,CD8.MAIT
-2.0,-1.708,CD8.EM
5.317,4.2,CD8.NaiveLike
-1.991,-3.07,CD8.EM
-1.6,7.798,CD8.MAIT
5.777,-4.189,CD8.TEMRA
-4.783,-4.905,CD8.TEX
5.837,-4.655,CD8.TEMRA
-6.256,-5.215,CD8.TEX
5.922,-4.499,CD8.TEMRA
-0.96,-0.398,CD8.EM
-1.217,-0.957,CD8.EM
-1.811,7.495,CD8.MAIT
-3.514,8.171,CD8.MAIT
-2.001,7.439,CD8.MAIT
-0.503,-3.031,CD8.EM
1.146,0.405,CD8.CM
-2.038,-0.471,CD8.TPEX
6.065,-4.84,CD8.TEMRA
0.237,-1.627,CD8.EM
6.161,2.985,CD8.NaiveLike
5.692,-3.624,CD8.TEMRA
5.58,-3.516,CD8.TEMRA
-6.073,0.043,CD8.TPEX
1.352,3.391,CD8.CM
0.963,0.504,CD8.CM
-0.696,-1.94,CD8.EM
-1.313,-0.98,CD8.EM
0.222,-0.846,CD8.EM
4.515,4.794,CD8.NaiveLike
5.416,-4.119,CD8.TEMRA
4.135,3.558,CD8.NaiveLike
2.114,3.053,CD8.CM
7.275,3.55,CD8.NaiveLike
-3.185,8.098,CD8.MAIT
-3.046,-3.612,CD8.TEX
-0.331,-1.221,CD8.EM
5.404,-3.699,CD8.TEMRA
6.368,-3.883,CD8.TEMRA
6.216,4.33,CD8.NaiveLike
6.585,3.416,CD8.NaiveLike
4.402,4.374,CD8.NaiveLike
-1.193,-2.346,CD8.EM
5.719,3.1,CD8.CM
0.887,3.712,CD8.CM
5.367,-3.837,CD8.TEMRA
-0.334,-1.456,CD8.EM
-0.239,-0.059,CD8.EM
-1.816,-2.365,CD8.EM
-3.459,8.063,CD8.MAIT
-1.771,-2.174,CD8.EM
4.005,3.965,CD8.NaiveLike
-1.653,8.076,CD8.MAIT
-4.462,-4.84,CD8.TEX
-2.814,-1.597,CD8.EM
-0.227,-0.574,CD8.EM
-1.728,7.483,CD8.MAIT
5.73,-4.07,CD8.TEMRA
2.596,2.926,CD8.CM
1.635,3.748,CD8.CM
-0.743,-0.862,CD8.EM
-1.537,7.505,CD8.MAIT
-6.486,-4.994,CD8.TEX
7.191,4.037,CD8.NaiveLike
2.624,4.075,CD8.CM
-5.938,-2.106,CD8.TPEX
-1.746,7.705,CD8.MAIT
3.36,3.233,CD8.CM
6.35,-4.594,CD8.TEMRA
-0.511,0.298,CD8.CM
-0.538,-1.252,CD8.EM
6.751,3.231,CD8.NaiveLike
2.48,2.867,CD8.CM
-0.977,-0.516,CD8.EM
-1.619,-0.871,CD8.EM
-2.847,-1.783,CD8.EM
-0.67,-1.807,CD8.EM
-2.122,-2.965,CD8.EM
-3.361,8.188,CD8.MAIT
-3.455,7.948,CD8.MAIT
2.156,3.673,CD8.CM
6.639,3.722,CD8.NaiveLike
-1.743,8.257,CD8.MAIT
4.007,3.715,CD8.NaiveLike
-6.555,-0.718,CD8.TPEX
6.306,-3.958,CD8.TEMRA
-1.494,8.43,CD8.MAIT
6.925,4.705,CD8.NaiveLike
5.671,-4.315,CD8.TEMRA
-1.282,-1.554,CD8.EM
-2.619,7.575,CD8.MAIT
-7.366,-4.043,CD8.TEX
6.013,-3.657,CD8.TEMRA
-0.406,-2.767,CD8.EM
0.488,0.024,CD8.CM
-2.791,-3.783,CD8.TEX
-2.19,-1.419,CD8.EM
4.061,3.728,CD8.NaiveLike
-1.817,7.946,CD8.MAIT
-6.426,-4.558,CD8.TEX
2.151,3.757,CD8.CM
-2.006,-1.478,CD8.EM
1.759,2.688,CD8.CM
0.252,-1.114,CD8.CM
-3.646,8.079,CD8.MAIT
6.307,-4.708,CD8.TEMRA
1.806,4.212,CD8.CM
0.528,-0.885,CD8.EM
-1.635,8.435,CD8.MAIT
5.66,2.976,CD8.NaiveLike
-5.588,-0.508,CD8.TPEX
0.155,-1.664,CD8.EM
-6.518,-5.16,CD8.TEX
4.168,3.597,CD8.NaiveLike
-1.696,-2.978,CD8.EM
5.533,-4.695,CD8.TEMRA
-0.505,-1.302,CD8.CM
0.278,0.275,CD8.EM
-0.92,-0.652,CD8.EM
4.481,3.514,CD8.NaiveLike
1.929,2.805,CD8.CM
-3.303,8.265,CD8.MAIT
5.329,-4.067,CD8.TEMRA
2.91,3.879,CD8.CM
1.32,4.331,CD8.CM
5.816,-5.316,CD8.TEMRA
-5.831,0.011,CD8.TPEX
0.911,3.719,CD8.CM
-6.663,-0.906,CD8.TPEX
0.737,3.976,CD8.CM
-0.964,-2.158,CD8.EM
1.802,3.387,CD8.CM
-6.927,-2.829,CD8.TEX
-3.589,7.999,CD8.MAIT
7.297,4.024,CD8.NaiveLike
4.072,3.785,CD8.CM
1.213,2.928,CD8.CM
-7.092,-2.796,CD8.TEX
-6.185,-3.549,CD8.TEX
-1.114,-0.593,CD8.EM
-1.259,-2.181,CD8.EM
-3.699,8.143,CD8.MAIT
3.295,3.303,CD8.CM
6.824,-4.325,CD8.TEMRA
5.758,-3.434,CD8.TEMRA
-1.042,-2.128,CD8.EM
5.691,3.465,CD8.NaiveLike
-0.248,-0.502,CD8.EM
1.644,3.822,CD8.CM
-5.945,-5.255,CD8.TEX
-3.085,8.112,CD8.MAIT
3.682,4.35,CD8.CM
-3.152,8.198,CD8.MAIT
5.528,-4.656,CD8.TEMRA
-1.829,-2.337,CD8.EM
-3.127,7.87,CD8.MAIT
6.647,-4.602,CD8.TEMRA
-1.849,-1.544,CD8.EM
-0.426,-0.553,CD8.EM
-6.291,-4.916,CD8.TEX
2.625,3.957,CD8.CM
6.514,3.558,CD8.NaiveLike
-2.232,7.55,CD8.MAIT
5.519,-3.507,CD8.TEMRA
-0.094,-1.521,CD8.EM
-0.765,-2.255,CD8.EM
-0.494,-0.93,CD8.EM
0.028,-0.957,CD8.EM
-1.943,7.552,CD8.MAIT
-1.408,-2.514,CD8.EM
-1.162,-1.409,CD8.EM
5.607,-3.531,CD8.TEMRA
-1.887,-1.735,CD8.EM
7.108,3.664,CD8.NaiveLike
-3.512,7.915,CD8.MAIT
-6.513,-3.957,CD8.TEX
5.568,-3.665,CD8.TEMRA
6.566,3.369,CD8.NaiveLike
-2.229,8.228,CD8.MAIT
-5.533,0.237,CD8.TPEX
6.188,4.72,CD8.NaiveLike
0.295,-2.246,CD8.CM
-1.628,7.874,CD8.MAIT
-1.429,7.314,CD8.MAIT
6.147,-4.233,CD8.TEMRA
5.261,-3.676,CD8.EM
-0.104,-0.982,CD8.EM
0.009,0.062,CD8.CM
0.204,-0.165,CD8.EM
1.18,3.291,CD8.CM
-2.15,-1.695,CD8.EM
-1.923,-2.882,CD8.EM
-7.259,-2.632,CD8.TEX
1.749,4.232,CD8.CM
-3.308,7.958,CD8.MAIT
6.432,3.69,CD8.NaiveLike
-1.017,-2.045,CD8.EM
-1.989,7.449,CD8.MAIT
6.016,4.009,CD8.NaiveLike
6.756,4.484,CD8.NaiveLike
3.919,4.17,CD8.CM
-5.24,-3.828,CD8.TEX
-0.505,-2.242,CD8.EM
-2.307,7.93,CD8.MAIT
3.147,3.171,CD8.CM
-4.892,0.191,CD8.TPEX
6.099,-4.779,CD8.TEMRA
-1.773,-0.729,CD8.EM
-1.387,-2.308,CD8.EM
0.41,-0.331,CD8.EM
-3.224,8.201,CD8.MAIT
6.59,3.718,CD8.NaiveLike
-2.408,7.871,CD8.MAIT
0.388,-0.092,CD8.EM
1.139,3.048,CD8.CM
6.229,-4.141,CD8.TEMRA
-1.047,-1.707,CD8.EM
-1.86,7.368,CD8.MAIT
0.014,-0.708,CD8.EM
2.143,3.918,CD8.CM
-0.207,-0.39,CD8.EM
0.786,-1.838,CD8.CM
-1.738,-1.507,CD8.EM
1.866,4.356,CD8.CM
-1.984,7.582,CD8.MAIT
1.58,2.664,CD8.CM
-0.35,-1.066,CD8.EM
-7.225,-4.109,CD8.TEX
-6.474,-0.069,CD8.TPEX
-1.485,-1.236,CD8.EM
1.765,3.599,CD8.CM
6.754,-4.769,CD8.TEMRA
-7.259,-4.032,CD8.TEX
-5.587,-3.326,CD8.TEX
6.704,3.528,CD8.NaiveLike
4.376,4.394,CD8.NaiveLike
5.587,-4.781,CD8.TEMRA
0.384,3.522,CD8.MAIT
-3.411,-3.776,CD8.EM
6.257,-3.877,CD8.TEMRA
1.354,3.096,CD8.CM
-1.003,-3.006,CD8.EM
-1.594,7.441,CD8.MAIT
4.586,3.423,CD8.CM
-0.657,-0.88,CD8.EM
4.491,4.349,CD8.NaiveLike
-0.595,-1.101,CD8.EM
-3.227,8.177,CD8.MAIT
0.681,3.519,CD8.CM
5.915,-3.954,CD8.TEMRA
0.157,-0.531,CD8.EM
1.618,0.61,CD8.CM
-1.569,-1.743,CD8.EM
-2.39,-1.709,CD8.EM
-3.295,8.048,CD8.MAIT
-0.818,-0.765,CD8.EM
1.835,3.21,CD8.CM
5.922,-4.319,CD8.TEMRA
5.616,-4.128,CD8.TEMRA
6.399,4.145,CD8.NaiveLike
6.81,-4.302,CD8.TEMRA
-3.822,-3.038,CD8.TEX
-0.967,-2.515,CD8.EM
-1.418,-1.099,CD8.EM
-1.989,7.306,CD8.MAIT
6.046,-3.96,CD8.TEMRA
1.97,4.246,CD8.CM
1.085,3.283,CD8.CM
-6.722,-0.968,CD8.TPEX
1.578,2.998,CD8.CM
1.15,4.019,CD8.CM
7.003,3.607,CD8.NaiveLike
0.552,2.759,CD8.CM
-1.635,-2.863,CD8.EM
6.006,-3.926,CD8.TEMRA
0.145,0.135,CD8.CM
0.493,-0.402,CD8.EM
5.216,4.99,CD8.NaiveLike
-1.659,8.017,CD8.MAIT
6.353,-4.179,CD8.TEMRA
6.24,-3.579,CD8.TEMRA
-1.148,-1.624,CD8.EM
3.159,2.207,CD8.CM
6.598,3.408,CD8.NaiveLike
7.272,4.723,CD8.NaiveLike
1.372,4.119,CD8.CM
-3.331,8.095,CD8.MAIT
-5.925,-4.317,CD8.TEX
5.624,-3.847,CD8.TEMRA
2.431,3.332,CD8.CM
1.363,0.869,CD8.CM
6.03,-4.454,CD8.TEMRA
-0.513,-2.25,CD8.EM
-1.634,7.449,CD8.MAIT
-3.53,8.142,CD8.MAIT
5.616,4.239,CD8.NaiveLike
5.43,4.526,CD8.NaiveLike
-1.504,-1.764,CD8.EM
-0.591,-2.218,CD8.EM
4.179,3.426,CD8.NaiveLike
-2.095,-2.495,CD8.EM
-6.418,-3.522,CD8.TEX
0.209,-1.997,CD8.EM
-6.989,-2.695,CD8.TEX
-6.23,-4.173,CD8.TEX
-6.553,-3.875,CD8.TEX
0.973,3.995,CD8.CM
-4.698,-4.247,CD8.TEX
-0.494,-2.189,CD8.EM
6.486,-4.157,CD8.TEMRA
-5.908,0.046,CD8.TPEX
5.72,3.446,CD8.NaiveLike
-0.481,-1.5,CD8.EM
-0.078,-2.493,CD8.EM
-4.789,0.129,CD8.TPEX
1.688,3.542,CD8.CM
-5.148,-4.361,CD8.TEX
0.15,-1.938,CD8.EM
-4.966,-2.828,CD8.TEX
-0.728,-1.58,CD8.EM
-0.314,-0.436,CD8.EM
1.586,3.379,CD8.CM
-5.781,-3.416,CD8.TEX
-6.757,-3.723,CD8.TEX
-1.025,-1.851,CD8.EM
-5.38,-4.147,CD8.TEX
-6.45,-0.159,CD8.TPEX
5.819,-4.694,CD8.TEMRA
0.184,-2.265,CD8.EM
-5.527,-3.78,CD8.TEX
-3.068,-2.747,CD8.EM
-0.726,-2.698,CD8.EM
1.547,3.882,CD8.CM
1.223,2.695,CD8.CM
-7.014,-3.469,CD8.TEX
0.238,-1.688,CD8.EM
-0.719,-3.076,CD8.EM
-5.949,-3.838,CD8.TEX
-7.093,-4.003,CD8.TEX
-0.355,-1.465,CD8.EM
-0.135,-1.934,CD8.EM
-6.408,-3.523,CD8.TEX
-1.003,-2.324,CD8.EM
-6.402,-0.835,CD8.TPEX
1.516,4.596,CD8.CM
-6.548,-2.423,CD8.TPEX
-6.147,-4.381,CD8.TEX
-5.504,-4.291,CD8.TEX
-6.697,-3.651,CD8.TEX
-5.749,-0.237,CD8.TPEX
5.783,-4.916,CD8.TEMRA
4.875,4.91,CD8.CM
-1.24,-2.798,CD8.EM
2.296,2.878,CD8.CM
-1.545,-1.692,CD8.EM
-4.745,-4.54,CD8.TEX
5.512,4.842,CD8.NaiveLike
-0.268,-1.834,CD8.EM
-4.767,-3.559,CD8.TEX
-5.411,-3.394,CD8.TEX
-0.32,-2.175,CD8.EM
-6.19,-3.743,CD8.TEX
-4.922,-3.592,CD8.TEX
1.769,3.436,CD8.CM
-5.991,-2.532,CD8.TPEX
-5.412,-4.296,CD8.TEX
-6.933,-2.828,CD8.TPEX
6.922,4.31,CD8.NaiveLike
-0.17,-1.755,CD8.CM
-0.495,-3.136,CD8.EM
-6.78,-2.72,CD8.TPEX
0.56,-1.837,CD8.EM
-6.384,-4.022,CD8.TEX
-1.201,-1.401,CD8.EM
5.134,5.154,CD8.CM
-0.063,-0.878,CD8.EM
5.66,-3.823,CD8.TEMRA
6.492,-3.766,CD8.TEMRA
-5.034,-4.797,CD8.TEX
-0.283,-1.53,CD8.CM
-6.111,-2.081,CD8.TPEX
-5.169,-0.049,CD8.TPEX
-2.192,-1.763,CD8.EM
-0.999,-0.735,CD8.EM
-4.432,-4.111,CD8.TEX
-4.794,-2.565,CD8.TEX
-2.506,-1.559,CD8.EM
0.248,-1.051,CD8.EM
1.869,3.457,CD8.CM
-6.539,-4.443,CD8.TEX
1.481,4.328,CD8.CM
-1.914,-2.15,CD8.EM
-5.649,-3.396,CD8.TEX
1.433,3.55,CD8.CM
-5.821,-0.283,CD8.TPEX
-5.547,-1.437,CD8.TPEX
-6.617,-3.524,CD8.TEX
-6.337,-3.123,CD8.TEX
1.887,3.428,CD8.CM
-5.561,-3.765,CD8.TEX
0.124,-1.307,CD8.EM
-5.02,0.01,CD8.TPEX
-0.282,-0.552,CD8.EM
-0.705,-2.925,CD8.EM
-5.907,-3.628,CD8.TEX
1.69,2.96,CD8.CM
-5.586,-4.248,CD8.TEX
-6.622,-4.093,CD8.TEX
-1.216,-2.721,CD8.EM
-7.32,-3.894,CD8.TEX
-0.517,-1.312,CD8.EM
-2.311,-2.378,CD8.EM
-1.144,-1.207,CD8.EM
-5.614,0.018,CD8.TPEX
-1.319,-1.157,CD8.EM
-6.438,-1.36,CD8.TPEX
-5.681,-3.796,CD8.TEX
-6.436,-0.538,CD8.TPEX
-5.561,-3.668,CD8.TEX
-6.253,-4.544,CD8.TEX
4.645,3.497,CD8.NaiveLike
0.081,-1.987,CD8.EM
-6.568,-3.205,CD8.TEX
-0.341,-3.086,CD8.CM
-1.718,-2.2,CD8.EM
-5.752,-3.371,CD8.TEX
-5.845,-4.073,CD8.TEX
-6.298,-4.002,CD8.TEX
-5.467,-3.89,CD8.TEX
-2.308,-1.62,CD8.TPEX
-5.758,-4.283,CD8.TEX
-5.036,-3.752,CD8.TEX
-6.119,-4.603,CD8.TEX
-6.439,-3.139,CD8.TEX
-1.631,-1.594,CD8.EM
6.774,-3.404,CD8.CM
-4.856,0.165,CD8.TPEX
7.076,4.609,CD8.CM
-6.094,-4.158,CD8.TEX
-0.198,-2.468,CD8.EM
-0.739,-0.764,CD8.EM
1.83,2.736,CD8.CM
-5.161,-4.376,CD8.TEX
-6.376,-3.286,CD8.TEX
-3.636,-2.074,CD8.EM
-5.445,-3.044,CD8.TEX
-5.303,0.171,CD8.TPEX
-5.458,-3.196,CD8.TEX
-1.095,-0.891,CD8.EM
-0.856,-2.14,CD8.EM
-6.635,-3.044,CD8.TEX
-1.172,-2.892,CD8.EM
-0.692,-2.608,CD8.EM
5.371,4.415,CD8.NaiveLike
-5.259,-4.049,CD8.TEX
2.278,4.11,CD8.CM
0.288,-0.547,CD8.CM
-5.291,-0.093,CD8.TPEX
-0.941,-1.212,CD8.EM
-1.882,-1.304,CD8.EM
-5.041,0.012,CD8.TPEX
-1.709,-2.624,CD8.EM
-1.389,-1.967,CD8.EM
0.253,-1.201,CD8.EM
5.88,-4.096,CD8.TEMRA
-6.634,-1.404,CD8.TPEX
-0.018,-1.879,CD8.EM
-7.037,-2.692,CD8.TEX
-5.263,-4.343,CD8.TEX
0.236,-1.557,CD8.EM
1.039,4.096,CD8.CM
-5.885,-0.424,CD8.TPEX
-1.568,-1.347,CD8.EM
-6.079,-4.632,CD8.TEX
-1.641,-1.748,CD8.EM
-2.362,-0.914,CD8.TEX
-5.114,0.086,CD8.TPEX
-1.079,-2.224,CD8.EM
-0.537,-0.705,CD8.EM
-5.271,-4.328,CD8.TEX
-0.154,-2.291,CD8.EM
-3.03,-2.266,CD8.EM
-1.411,-0.657,CD8.EM
-5.623,-4.506,CD8.TEX
-0.859,-0.866,CD8.EM
-5.326,-0.774,CD8.TPEX
-5.134,0.067,CD8.TPEX
-0.549,-3.129,CD8.EM
1.673,3.786,CD8.CM
-0.861,-0.781,CD8.EM
-2.211,-2.417,CD8.EM
-1.463,-1.63,CD8.EM
-6.543,-4.436,CD8.TEX
-4.878,0.269,CD8.TPEX
-0.416,-0.723,CD8.EM
-6.536,-4.553,CD8.TEX
-5.985,-0.061,CD8.TPEX
-6.013,-4.979,CD8.TEX
-5.978,-0.488,CD8.TPEX
-6.566,-3.626,CD8.TEX
-4.979,-3.188,CD8.TEX
-0.347,-1.166,CD8.EM
-5.408,-3.82,CD8.TEX
-5.302,-3.206,CD8.TEX
-2.038,-2.321,CD8.EM
7.468,4.31,CD8.NaiveLike
2.384,3.371,CD8.CM
-5.353,0.057,CD8.TPEX
6.366,-4.271,CD8.TEMRA
6.286,-4.431,CD8.TEMRA
-6.262,-1.367,CD8.TPEX
-5.732,-3.889,CD8.TEX
-5.212,-3.605,CD8.TEX
-5.855,-0.196,CD8.TPEX
-0.739,-1.63,CD8.EM
-0.677,-1.2,CD8.EM
-6.052,-0.791,CD8.TPEX
-5.807,-3.453,CD8.TEX
-6.71,-1.779,CD8.TPEX
-5.008,-4.059,CD8.TEX
-0.525,0.002,CD8.CM
-6.123,-4.646,CD8.TEX
-4.868,0.157,CD8.TPEX
-5.956,-3.81,CD8.TEX
-0.792,-2.616,CD8.EM
-4.757,-3.9,CD8.TEX
1.609,3.709,CD8.CM
-5.986,-1.84,CD8.TPEX
-5.993,-4.088,CD8.TEX
-5.653,-0.544,CD8.TPEX
-4.697,-1.168,CD8.TPEX
-5.348,-0.433,CD8.TPEX
0.428,-1.403,CD8.EM
-5.015,0.259,CD8.TPEX
-4.871,0.132,CD8.TPEX
-5.757,-4.264,CD8.TEX
-1.034,-1.419,CD8.EM
-0.919,-2.833,CD8.EM
-1.393,-0.476,CD8.EM
-6.48,-3.916,CD8.TEX
-5.03,-3.141,CD8.TEX
0.01,-1.062,CD8.EM
-6.32,-2.964,CD8.TEX
1.876,2.873,CD8.CM
-6.346,-3.326,CD8.TPEX
0.145,-1.018,CD8.CM
1.18,4.244,CD8.CM
3.877,3.795,CD8.CM
-0.577,-2.566,CD8.EM
-5.741,-4.25,CD8.TEX
-4.959,0.229,CD8.TPEX
-5.509,-2.73,CD8.TEX
-1.179,-1.805,CD8.EM
-6.218,-3.724,CD8.TEX
-5.519,-0.169,CD8.TPEX
-4.649,-3.605,CD8.TEX
-5.382,0.015,CD8.TPEX
-6.225,-3.865,CD8.TEX
-5.488,-3.96,CD8.TEX
-1.893,-0.739,CD8.CM
-5.893,-3.513,CD8.TEX
-5.192,-3.88,CD8.TEX
-2.143,-1.648,CD8.TPEX
-5.163,-3.938,CD8.TEX
-6.27,-2.056,CD8.TPEX
0.059,-0.139,CD8.CM
-6.762,-3.02,CD8.TEX
6.285,-4.527,CD8.TEMRA
-5.852,-3.923,CD8.TEX
-1.247,-2.49,CD8.EM
-6.292,-2.568,CD8.TEX
-1.233,-2.988,CD8.EM
1.427,4.242,CD8.CM
-6.082,-3.413,CD8.TEX
0.042,-2.111,CD8.EM
-1.275,-2.332,CD8.EM
-5.83,-3.924,CD8.TEX
-6.057,-0.281,CD8.TPEX
-7.033,-3.741,CD8.TEX
-0.01,-1.41,CD8.CM
-0.233,-1.24,CD8.EM
-6.607,-0.073,CD8.TPEX
-5.929,-4.112,CD8.TEX
1.35,4.223,CD8.CM
-6.16,-3.517,CD8.TPEX
-1.527,-2.904,CD8.EM
2.05,3.637,CD8.CM
-0.591,-3.023,CD8.EM
-7.015,-3.683,CD8.TEX
-0.651,-2.197,CD8.EM
-1.147,-0.911,CD8.EM
0.448,-1.95,CD8.EM
-6.774,-2.959,CD8.TEX
-0.543,-2.974,CD8.EM
-6.789,-3.621,CD8.TEX
-0.667,-0.304,CD8.EM
-6.181,-3.461,CD8.TEX
-1.852,-1.091,CD8.CM
-0.764,-1.739,CD8.EM
-5.499,0.188,CD8.TPEX
1.608,4.341,CD8.CM
6.52,-4.46,CD8.TEMRA
5.406,-4.522,CD8.CM
-5.915,-3.69,CD8.TEX
2.12,2.947,CD8.CM
-6.174,-2.036,CD8.TPEX
-6.563,-2.897,CD8.TEX
6.206,4.739,CD8.NaiveLike
2.508,2.085,CD8.CM
-5.862,-4.218,CD8.TEX
-4.68,-3.424,CD8.TEX
-5.399,-1.012,CD8.TPEX
-4.644,-2.635,CD8.TPEX
-1.606,-1.668,CD8.EM
-1.412,-2.747,CD8.EM
-0.781,-2.689,CD8.EM
-6.602,-4.333,CD8.TEX
-0.304,-1.213,CD8.EM
-6.731,-3.462,CD8.TEX
-5.775,-3.384,CD8.TEX
-2.098,-2.434,CD8.EM
1.621,4.059,CD8.CM
5.467,3.447,CD8.CM
-5.354,-1.794,CD8.TPEX
-0.23,-2.156,CD8.EM
-4.801,-3.434,CD8.TEX
-6.268,-4.051,CD8.TEX
-1.755,-1.642,CD8.EM
-0.327,-1.867,CD8.EM
-5.112,-3.703,CD8.TEX
-0.346,-1.107,CD8.EM
-5.849,-3.633,CD8.TEX
4.839,4.483,CD8.NaiveLike
-0.236,-2.853,CD8.EM
1.732,3.195,CD8.CM
-4.285,-2.192,CD8.TPEX
-6.246,-3.928,CD8.TEX
-0.617,-1.153,CD8.EM
-1.009,-2.264,CD8.EM
-6.004,-0.744,CD8.TPEX
1.083,3.889,CD8.CM
-5.524,-3.926,CD8.TEX
-1.003,-0.706,CD8.EM
-6.565,-3.933,CD8.TEX
-5.796,-4.289,CD8.TEX
-5.599,-4.104,CD8.TEX
3.278,2.899,CD8.CM
-6.112,-4.097,CD8.TEX
-1.164,-1.408,CD8.EM
-6.558,-4.285,CD8.TEX
-5.959,-2.969,CD8.TEX
-1.484,-1.65,CD8.EM
0.867,-1.782,CD8.EM
6.137,5.109,CD8.NaiveLike
-6.534,-0.04,CD8.TPEX
-5.093,-0.412,CD8.TPEX
-5.519,-3.553,CD8.TEX
-7.21,-3.453,CD8.TEX
-6.895,-3.671,CD8.TEX
-0.937,-0.94,CD8.EM
-6.896,-4.212,CD8.TEX
-0.852,-1.006,CD8.EM
-0.584,-1.253,CD8.EM
-3.512,-2.908,CD8.EM
-6.925,-2.497,CD8.TPEX
-2.554,-2.303,CD8.EM
2.075,3.684,CD8.CM
-5.942,-3.61,CD8.TEX
-0.68,-1.357,CD8.EM
-0.313,-1.901,CD8.EM
-4.43,-4.236,CD8.TEX
1.521,4.809,CD8.CM
-5.643,-0.078,CD8.TPEX
-0.475,-0.776,CD8.EM
0.077,-2.402,CD8.EM
1.928,4.079,CD8.CM
-4.798,0.201,CD8.TPEX
-5.469,-0.103,CD8.TPEX
1.06,3.824,CD8.CM
1.604,2.953,CD8.CM
-0.74,-2.109,CD8.EM
-5.822,-3.819,CD8.TEX
0.367,-2.015,CD8.EM
-0.003,-1.589,CD8.EM
-5.834,-3.306,CD8.TEX
-5.963,-3.653,CD8.TEX
-1.207,-1.543,CD8.EM
-7.098,-3.163,CD8.TEX
-5.899,-4.744,CD8.TEX
-0.274,-1.897,CD8.EM
-1.608,-2.086,CD8.EM
-5.733,-3.798,CD8.TEX
-6.846,-2.939,CD8.TEX
-0.555,-0.876,CD8.EM
-5.366,-3.669,CD8.TEX
0.171,-1.782,CD8.EM
-5.874,-3.503,CD8.TEX
-6.94,-2.333,CD8.TEX
-5.756,-2.969,CD8.TEX
-0.672,-2.08,CD8.EM
-6.435,-3.822,CD8.TEX
-0.934,-3.195,CD8.EM
-1.47,-2.413,CD8.EM
-5.258,-2.675,CD8.TEX
-6.048,-4.01,CD8.TEX
-4.88,-0.015,CD8.TPEX
-5.882,-4.176,CD8.TEX
-5.213,-0.891,CD8.TPEX
-5.673,-4.036,CD8.TEX
0.095,0.588,CD8.TEX
-6.605,-2.616,CD8.TEX
-6.449,-0.078,CD8.TPEX
-1.028,-2.098,CD8.EM
-5.689,-2.112,CD8.TPEX
1.503,2.988,CD8.CM
-0.883,-1.678,CD8.EM
-1.756,-0.988,CD8.TPEX
5.665,4.337,CD8.NaiveLike
-1.016,-0.894,CD8.EM
1.742,4.245,CD8.CM
-0.968,-1.835,CD8.EM
0.161,-1.248,CD8.EM
-5.693,-3.01,CD8.TEX
-6.16,-1.027,CD8.TPEX
-0.413,-2.45,CD8.EM
6.333,-3.864,CD8.TEMRA
-0.735,-2.369,CD8.EM
-7.037,-3.07,CD8.TEX
-1.299,-1.35,CD8.EM
2.159,2.553,CD8.CM
0.304,-0.431,CD8.EM
-5.048,0.243,CD8.TPEX
-0.112,-2.542,CD8.EM
-6.294,-3.32,CD8.TEX
1.711,3.302,CD8.CM
1.656,4.676,CD8.CM
-5.838,0.048,CD8.TPEX
-3.08,-2.086,CD8.TEX
-0.815,-2.285,CD8.EM
-0.519,-1.785,CD8.EM
1.818,2.98,CD8.CM
-4.544,-3.529,CD8.TEX
1.709,4.189,CD8.CM
-5.964,-3.763,CD8.TEX
-6.113,-3.736,CD8.TEX
2.461,3.128,CD8.CM
-0.184,-2.653,CD8.EM
-6.116,-1.352,CD8.TPEX
-7.031,-3.597,CD8.TEX
-1.398,-1.429,CD8.EM
-0.462,-2.793,CD8.EM
6.481,-4.991,CD8.TEMRA
-5.939,-3.731,CD8.TEX
7.32,3.657,CD8.NaiveLike
-6.165,-3.586,CD8.TEX
-3.596,-4.095,CD8.TEX
-5.407,-3.22,CD8.TEX
-4.908,0.101,CD8.TPEX
-5.612,-4.114,CD8.TEX
-6.64,-3.819,CD8.TEX
0.014,-1.786,CD8.EM
-5.59,-3.266,CD8.TEX
6.058,-4.418,CD8.TEMRA
-0.26,-0.19,CD8.EM
-3.504,-2.544,CD8.TPEX
-5.48,-4.027,CD8.TEX
0.607,-1.465,CD8.EM
1.653,4.798,CD8.CM
-5.971,-0.532,CD8.TPEX
-5.548,-3.415,CD8.TEX
1.395,4.633,CD8.CM
-6.975,-2.959,CD8.TEX
-3.701,-2.646,CD8.TPEX
-6.128,-4.616,CD8.TEX
-6.354,-4.222,CD8.TEX
-1.012,-1.484,CD8.EM
-6.413,-3.481,CD8.TEX
-0.485,-0.634,CD8.EM
-0.463,-1.477,CD8.EM
-6.807,-3.908,CD8.TEX
-5.152,0.11,CD8.TPEX
0.126,0.052,CD8.CM
-1.284,-2.511,CD8.EM
-6.483,-2.992,CD8.TEX
6.712,-3.998,CD8.TEMRA
-6.608,-2.749,CD8.TEX
-2.228,-2.354,CD8.EM
-6.432,-4.631,CD8.TEX
0.13,-1.728,CD8.EM
-5.19,0.028,CD8.TPEX
-4.956,-3.689,CD8.TEX
5.316,-4.109,CD8.TEMRA
-6.19,-3.803,CD8.TEX
-2.925,-1.93,CD8.EM
3.187,3.945,CD8.CM
1.273,4.267,CD8.CM
-5.983,-0.016,CD8.TPEX
-4.944,-4.158,CD8.TEX
-6.38,-2.671,CD8.TEX
-6.183,-0.34,CD8.TPEX
-0.384,-1.644,CD8.EM
-4.684,-2.537,CD8.TEX
2.154,2.702,CD8.CM
-0.972,-0.86,CD8.EM
-5.326,-0.206,CD8.TPEX
-1.094,-2.724,CD8.EM
-0.745,-1.668,CD8.EM
1.149,2.733,CD8.CM
1.146,3.255,CD8.CM
-1.6,-2.632,CD8.EM
-1.684,-1.763,CD8.EM
-0.628,-2.328,CD8.EM
-0.616,-2.469,CD8.EM
-4.725,0.128,CD8.TPEX
1.857,3.844,CD8.CM
6.982,3.752,CD8.NaiveLike
-1.028,-2.671,CD8.EM
1.934,3.503,CD8.CM
-1.556,6.984,CD8.MAIT
1.641,4.036,CD8.CM
-1.016,-2.966,CD8.EM
5.731,-4.133,CD8.TEMRA
0.293,-2.566,CD8.EM
-1.859,7.551,CD8.MAIT
-0.928,-1.915,CD8.EM
-1.917,-1.912,CD8.EM
-1.743,-1.503,CD8.EM
-1.871,7.757,CD8.MAIT
7.056,3.693,CD8.CM
-1.055,-2.516,CD8.EM
-5.08,-3.231,CD8.TPEX
-1.437,-2.842,CD8.EM
-1.111,-2.314,CD8.EM
6.383,-4.251,CD8.TEMRA
-0.009,-2.175,CD8.EM
-0.878,-2.503,CD8.EM
3.95,3.55,CD8.NaiveLike
1.448,3.691,CD8.CM
0.667,-1.54,CD8.EM
-1.348,-1.625,CD8.EM
-5.078,-4.504,CD8.TEX
-0.264,-1.659,CD8.EM
0.995,3.205,CD8.CM
-0.788,-1.91,CD8.EM
-5.342,-3.364,CD8.TEX
-0.489,-2.661,CD8.EM
-1.371,-1.845,CD8.EM
1.514,4.442,CD8.CM
4.768,4.538,CD8.CM
-0.467,-2.432,CD8.EM
1.158,0.068,CD8.CM
-2.032,7.784,CD8.MAIT
-1.839,7.787,CD8.MAIT
5.232,-4.578,CD8.TEMRA
-2.25,7.626,CD8.MAIT
-0.715,-2.829,CD8.EM
-1.745,-1.753,CD8.EM
-0.576,-1.672,CD8.EM
-5.248,-3.417,CD8.TEX
-0.355,-2.234,CD8.EM
6.034,-4.439,CD8.TEMRA
-0.097,-1.702,CD8.EM
1.744,3.554,CD8.CM
-6.604,-0.174,CD8.TPEX
6.556,-3.815,CD8.TEMRA
1.018,3.241,CD8.CM
2.086,2.727,CD8.CM
1.855,3.914,CD8.CM
-0.492,-1.501,CD8.EM
-0.367,-2.664,CD8.EM
-5.583,-4.162,CD8.TEX
2.12,3.599,CD8.CM
-5.139,-4.46,CD8.TEX
6.155,-4.036,CD8.TEMRA
4.898,4.015,CD8.NaiveLike
6.935,4.053,CD8.CM
5.926,5.0,CD8.NaiveLike
0.023,-1.883,CD8.EM
-1.244,-2.716,CD8.EM
-4.646,-4.011,CD8.TEX
-5.034,-3.078,CD8.TEX
5.727,-4.495,CD8.TEMRA
-6.331,-4.19,CD8.TEX
-0.941,-1.093,CD8.EM
6.086,-4.616,CD8.TEMRA
-4.187,-3.065,CD8.TEX
-0.092,-1.818,CD8.EM
-1.165,-1.849,CD8.EM
6.903,-4.355,CD8.TEMRA
-2.904,7.863,CD8.MAIT
2.058,3.328,CD8.CM
-4.765,-3.612,CD8.TEX
-1.38,-2.3,CD8.EM
-6.304,-4.027,CD8.TEX
-4.566,-3.277,CD8.TEX
-5.122,-3.814,CD8.TEX
-1.955,-2.353,CD8.EM
6.178,5.157,CD8.NaiveLike
-0.614,-1.915,CD8.EM
-0.709,-1.03,CD8.EM
-6.055,-4.261,CD8.TEX
-4.217,-3.758,CD8.TEX
-0.928,-0.722,CD8.EM
-5.369,-3.146,CD8.TEX
-1.05,-2.262,CD8.EM
-0.429,-0.596,CD8.EM
4.589,3.516,CD8.CM
6.402,4.584,CD8.NaiveLike
-6.907,-4.434,CD8.TEX
-1.546,7.488,CD8.MAIT
0.455,0.24,CD8.CM
-0.809,-1.05,CD8.EM
-5.044,-4.097,CD8.TEX
-0.595,-2.285,CD8.EM
-0.821,-2.005,CD8.EM
-0.887,-2.626,CD8.EM
-0.783,-1.568,CD8.EM
-1.015,-2.499,CD8.EM
-0.396,-2.184,CD8.EM
-0.243,-1.393,CD8.EM
-1.759,7.151,CD8.MAIT
1.93,3.213,CD8.CM
-3.163,7.933,CD8.MAIT
-6.695,-4.211,CD8.TEX
6.733,-4.2,CD8.TEMRA
-2.217,7.585,CD8.MAIT
1.412,1.551,CD8.CM
6.608,-4.249,CD8.TEMRA
-1.136,-2.463,CD8.EM
-5.176,-3.596,CD8.TEX
-4.618,-4.862,CD8.TEX
2.354,3.92,CD8.CM
2.299,3.458,CD8.CM
6.19,-4.362,CD8.TEMRA
-1.998,7.307,CD8.MAIT
-0.352,-2.827,CD8.EM
-1.459,-2.969,CD8.EM
-0.9,-1.65,CD8.EM
-0.343,-0.939,CD8.EM
-2.244,7.927,CD8.MAIT
6.137,-4.522,CD8.TEMRA
5.981,-4.271,CD8.TEMRA
4.547,4.943,CD8.NaiveLike
-6.205,-2.992,CD8.TEX
1.375,4.45,CD8.CM
6.326,-4.371,CD8.TEMRA
5.9,-4.059,CD8.TEMRA
-0.955,-2.307,CD8.EM
-5.626,-4.07,CD8.TEX
-6.835,-3.42,CD8.TEX
6.163,-4.362,CD8.TEMRA
-4.36,-3.711,CD8.TEX
-0.632,-1.874,CD8.EM
-5.119,-3.316,CD8.TEX
-4.087,-3.409,CD8.TEX
-1.905,7.366,CD8.MAIT
-0.376,-2.943,CD8.EM
6.223,-4.573,CD8.TEMRA
5.794,4.488,CD8.NaiveLike
-0.185,-1.737,CD8.EM
6.351,-4.667,CD8.TEMRA
-4.057,-2.925,CD8.TEX
-0.21,-1.605,CD8.EM
0.593,-1.957,CD8.CM
0.983,3.94,CD8.CM
-2.735,-2.027,CD8.EM
-0.465,-1.945,CD8.EM
-4.662,-3.282,CD8.TEX
-0.518,-2.235,CD8.EM
-1.3,-2.7,CD8.EM
-1.673,-2.357,CD8.EM
-1.534,7.96,CD8.MAIT
-0.466,-1.14,CD8.EM
-3.929,-3.51,CD8.TEX
0.785,-1.783,CD8.CM
-0.375,-1.543,CD8.EM
-1.958,7.709,CD8.MAIT
6.049,-4.267,CD8.TEMRA
1.835,3.13,CD8.CM
-2.017,7.549,CD8.CM
-0.757,-2.856,CD8.EM
6.355,-4.227,CD8.TEMRA
-4.422,-3.524,CD8.TEX
-0.437,-2.712,CD8.EM
4.212,2.611,CD8.CM
5.748,3.901,CD8.NaiveLike
-4.999,-3.835,CD8.TEX
-0.263,-0.692,CD8.EM
1.83,3.099,CD8.CM
-1.108,-1.682,CD8.EM
-1.097,-2.844,CD8.EM
-1.068,-2.639,CD8.EM
6.65,4.375,CD8.NaiveLike
-0.747,-2.337,CD8.EM
-1.853,7.229,CD8.MAIT
0.068,-2.042,CD8.EM
-1.237,-2.651,CD8.EM
-4.559,-3.34,CD8.TEX
6.196,4.155,CD8.CM
-1.695,-2.27,CD8.EM
-0.58,-2.118,CD8.EM
2.223,2.913,CD8.CM
-2.42,7.926,CD8.MAIT
-4.289,-3.028,CD8.TEX
6.3,-4.365,CD8.TEMRA
0.159,-2.247,CD8.EM
2.026,3.336,CD8.CM
0.97,2.376,CD8.CM
6.099,-3.799,CD8.TEMRA
-1.062,-1.063,CD8.EM
-5.504,-4.066,CD8.TEX
-0.278,-1.717,CD8.EM
-6.742,-1.225,CD8.TPEX
1.941,4.666,CD8.CM
0.235,-1.923,CD8.EM
-1.291,-2.416,CD8.EM
-6.212,-3.315,CD8.TEX
-4.226,-3.309,CD8.TEX
-1.208,-2.588,CD8.EM
5.476,4.861,CD8.NaiveLike
6.457,-4.278,CD8.TEMRA
-5.254,-3.26,CD8.TEX
-1.746,7.01,CD8.CM
-2.312,7.754,CD8.MAIT
6.505,-4.481,CD8.TEMRA
-0.802,-2.643,CD8.EM
-5.046,-3.468,CD8.TEX
-2.002,7.649,CD8.MAIT
-2.158,7.755,CD8.MAIT
-0.679,-2.373,CD8.EM
6.631,-3.867,CD8.TEMRA
-2.066,7.558,CD8.MAIT
-1.05,-2.317,CD8.EM
-1.497,-2.228,CD8.EM
-4.74,-3.232,CD8.TEX
-6.248,-4.464,CD8.TEX
-0.658,-2.514,CD8.EM
-0.936,-1.889,CD8.EM
-0.006,-1.594,CD8.EM
-7.224,-3.416,CD8.TEX
5.739,-4.537,CD8.TEMRA
-1.62,-2.035,CD8.EM
-0.584,-2.115,CD8.EM
1.449,2.555,CD8.CM
-4.102,-4.072,CD8.TEX
-1.908,7.607,CD8.MAIT
-1.082,-2.735,CD8.EM
1.323,3.687,CD8.CM
-6.897,-4.06,CD8.TEX
-0.017,-1.362,CD8.EM
-1.55,-1.617,CD8.EM
-0.084,-1.119,CD8.EM
2.99,0.21,CD8.EM
1.883,3.532,CD8.CM
-2.179,7.596,CD8.MAIT
-0.897,-2.231,CD8.EM
-0.543,-2.127,CD8.EM
-5.339,-4.119,CD8.TEX
-6.861,-2.718,CD8.TEX
6.19,-4.44,CD8.TEMRA
6.51,-4.197,CD8.TEMRA
-3.313,8.176,CD8.MAIT
-1.254,-2.808,CD8.EM
-0.367,-2.46,CD8.EM
1.807,3.548,CD8.CM
-5.367,-3.314,CD8.TEX
-4.477,-3.464,CD8.TEX
-5.209,0.176,CD8.TPEX
-5.424,-3.747,CD8.TEX
-6.299,-3.335,CD8.TEX
-1.276,-2.089,CD8.EM
-0.842,-2.176,CD8.EM
-2.428,-2.377,CD8.EM
-6.294,-3.006,CD8.TEX
6.384,-4.804,CD8.TEMRA
1.174,3.762,CD8.CM
0.515,-2.079,CD8.EM
-0.496,-1.462,CD8.EM
6.79,-4.247,CD8.TEMRA
-1.232,-3.128,CD8.EM
-1.001,-1.773,CD8.EM
2.611,4.824,CD8.CM
-3.153,7.932,CD8.MAIT
-3.218,8.001,CD8.MAIT
6.415,-4.258,CD8.TEMRA
-6.407,-0.225,CD8.TPEX
-0.876,-2.825,CD8.EM
-0.306,-2.572,CD8.EM
-0.755,-1.243,CD8.EM
0.065,-1.707,CD8.EM
-6.706,-1.688,CD8.TPEX
-0.105,-1.47,CD8.EM
-1.127,-2.169,CD8.EM
-1.326,-2.869,CD8.EM
-4.36,-3.167,CD8.TEX
-0.377,-2.313,CD8.EM
-6.237,-4.096,CD8.TEX
-6.044,-3.843,CD8.TEX
-0.433,-1.417,CD8.EM
6.202,-4.951,CD8.TEMRA
4.767,4.403,CD8.NaiveLike
6.59,-4.48,CD8.TEMRA
-4.456,-2.945,CD8.TEX
-0.826,-2.449,CD8.EM
-5.311,-3.713,CD8.TEX
1.607,3.993,CD8.CM
-0.294,-2.374,CD8.EM
-2.17,7.571,CD8.MAIT
6.565,4.69,CD8.NaiveLike
-0.045,-0.991,CD8.EM
6.153,-4.324,CD8.TEMRA
-5.757,-3.66,CD8.TEX
6.501,-4.425,CD8.TEMRA
-1.863,-1.388,CD8.EM
1.128,3.372,CD8.CM
-0.855,-1.287,CD8.EM
-2.115,-1.856,CD8.EM
-6.804,-2.787,CD8.TEX
-4.901,-3.302,CD8.TEX
-5.118,-3.253,CD8.TEX
-0.943,-1.831,CD8.EM
-2.026,7.845,CD8.MAIT
1.224,3.365,CD8.CM
6.766,-4.515,CD8.TEMRA
-2.217,7.738,CD8.MAIT
-0.152,-2.525,CD8.EM
-6.059,-3.327,CD8.TEX
6.773,3.998,CD8.NaiveLike
-0.92,-2.548,CD8.EM
-0.742,-1.078,CD8.EM
-0.973,-2.987,CD8.EM
1.609,3.311,CD8.CM
5.3,4.609,CD8.NaiveLike
-3.043,8.057,CD8.MAIT
-6.463,-3.078,CD8.TEX
-0.523,-2.926,CD8.EM
-6.475,0.052,CD8.TPEX
-0.588,-2.83,CD8.EM
-1.507,-1.09,CD8.EM
-0.187,-0.965,CD8.CM
2.298,2.983,CD8.CM
-0.248,-0.008,CD8.EM
7.044,4.649,CD8.NaiveLike
0.658,3.525,CD8.CM
2.913,0.135,CD8.EM
4.553,3.17,CD8.NaiveLike
2.035,4.746,CD8.CM
5.933,-3.683,CD8.TEMRA
4.478,3.446,CD8.NaiveLike
1.749,2.631,CD8.CM
3.101,0.376,CD8.NaiveLike
1.178,1.578,CD8.CM
6.117,-4.388,CD8.TEMRA
3.88,3.503,CD8.NaiveLike
5.919,-5.111,CD8.TEMRA
6.661,-4.723,CD8.TEMRA
-4.564,-0.401,CD8.TPEX
2.044,2.871,CD8.CM
7.26,4.072,CD8.NaiveLike
6.53,-5.041,CD8.TEMRA
6.585,-4.437,CD8.TEMRA
4.47,3.737,CD8.NaiveLike
1.709,2.942,CD8.CM
6.079,3.395,CD8.CM
-1.639,7.892,CD8.MAIT
6.088,-5.157,CD8.TEMRA
3.719,3.708,CD8.CM
3.927,3.082,CD8.NaiveLike
-0.249,-0.511,CD8.EM
-1.856,-2.828,CD8.EM
7.042,4.723,CD8.NaiveLike
1.919,2.653,CD8.CM
-1.701,-2.703,CD8.CM
1.739,3.13,CD8.CM
6.459,-4.423,CD8.TEMRA
1.44,3.159,CD8.CM
2.158,4.693,CD8.CM
5.313,-4.437,CD8.TEMRA
-1.516,-1.013,CD8.EM
-1.134,-0.384,CD8.EM
3.763,2.849,CD8.CM
1.711,3.614,CD8.CM
-6.304,-4.776,CD8.TEX
6.617,-4.403,CD8.TEMRA
-0.842,-1.303,CD8.EM
-5.081,-3.979,CD8.TEX
1.557,3.143,CD8.CM
3.884,2.97,CD8.NaiveLike
1.523,3.658,CD8.CM
-0.03,-1.987,CD8.EM
1.155,3.511,CD8.CM
1.601,3.562,CD8.CM
6.504,-4.849,CD8.TEMRA
2.841,0.079,CD8.EM
-0.356,-0.808,CD8.EM
1.953,3.352,CD8.CM
5.451,-4.021,CD8.TEMRA
-0.459,-0.81,CD8.EM
-3.247,-3.452,CD8.TEX
0.02,-2.481,CD8.EM
-1.794,-0.674,CD8.EM
4.02,3.542,CD8.NaiveLike
2.939,0.377,CD8.CM
1.783,3.796,CD8.CM
1.268,2.844,CD8.CM
3.218,2.586,CD8.CM
-1.06,-2.294,CD8.EM
-0.597,-1.356,CD8.EM
-0.78,-0.908,CD8.EM
2.256,2.699,CD8.CM
0.68,3.528,CD8.CM
7.45,4.197,CD8.NaiveLike
1.485,3.315,CD8.CM
1.018,4.087,CD8.CM
4.22,4.172,CD8.NaiveLike
0.9,3.872,CD8.CM
2.002,4.063,CD8.CM
6.154,-4.905,CD8.TEMRA
-5.95,-4.284,CD8.TEX
2.106,3.404,CD8.CM
0.025,-2.134,CD8.EM
0.089,-2.471,CD8.EM
4.367,3.53,CD8.NaiveLike
1.425,3.001,CD8.CM
6.611,4.981,CD8.NaiveLike
1.828,3.726,CD8.CM
6.335,-4.809,CD8.TEMRA
2.419,3.378,CD8.CM
0.071,-0.686,CD8.EM
4.615,4.444,CD8.NaiveLike
4.396,3.816,CD8.NaiveLike
-1.283,-3.204,CD8.CM
5.979,-4.962,CD8.TEMRA
-5.299,-4.863,CD8.TEX
1.157,3.201,CD8.CM
5.096,4.706,CD8.CM
5.895,4.379,CD8.NaiveLike
6.195,-5.119,CD8.TEMRA
1.083,3.112,CD8.CM
2.954,0.283,CD8.CM
1.911,3.345,CD8.CM
3.053,0.226,CD8.NaiveLike
1.783,3.949,CD8.CM
-1.784,-2.007,CD8.EM
2.876,0.453,CD8.CM
5.723,-4.835,CD8.CM
2.04,4.051,CD8.CM
4.473,3.281,CD8.NaiveLike
4.291,3.418,CD8.NaiveLike
5.568,-4.744,CD8.TEMRA
6.83,-4.449,CD8.TEMRA
2.399,3.181,CD8.CM
-6.187,-4.955,CD8.TEX
1.88,2.579,CD8.CM
-1.151,-1.631,CD8.EM
1.767,4.686,CD8.CM
5.182,4.884,CD8.NaiveLike
-0.458,-1.745,CD8.EM
6.437,-4.785,CD8.TEMRA
1.982,3.392,CD8.CM
-3.899,-4.438,CD8.TEX
4.543,3.552,CD8.NaiveLike
-1.188,-1.654,CD8.EM
6.077,-4.747,CD8.TEMRA
7.198,3.595,CD8.NaiveLike
4.176,3.748,CD8.NaiveLike
1.61,4.761,CD8.CM
6.435,3.895,CD8.NaiveLike
6.237,-5.198,CD8.TEMRA
5.846,5.164,CD8.NaiveLike
-5.708,-4.953,CD8.TEX
2.704,2.826,CD8.CM
5.614,4.049,CD8.NaiveLike
-2.511,7.759,CD8.CM
-0.589,-1.606,CD8.EM
6.281,-4.474,CD8.TEMRA
2.887,0.44,CD8.CM
-0.976,-1.825,CD8.EM
6.418,-4.938,CD8.TEMRA
0.14,-0.363,CD8.EM
1.678,3.379,CD8.CM
-0.675,-0.324,CD8.EM
1.495,3.105,CD8.CM
1.56,3.28,CD8.CM
1.039,-0.746,CD8.CM
2.843,0.721,CD8.CM
0.969,3.167,CD8.CM
1.506,2.95,CD8.CM
2.289,2.773,CD8.CM
2.093,2.519,CD8.CM
4.569,4.886,CD8.NaiveLike
0.178,-2.258,CD8.TEMRA
0.287,-2.107,CD8.EM
1.497,3.557,CD8.CM
4.696,3.841,CD8.NaiveLike
6.394,-4.267,CD8.TEMRA
0.601,-1.643,CD8.EM
-0.56,-1.514,CD8.EM
1.45,3.228,CD8.CM
-0.095,-2.0,CD8.EM
-0.503,-0.287,CD8.EM
1.017,3.067,CD8.CM
1.569,2.732,CD8.CM
0.503,-0.6,CD8.EM
1.223,3.332,CD8.CM
1.778,3.982,CD8.CM
5.428,4.361,CD8.NaiveLike
4.762,3.215,CD8.NaiveLike
5.936,-4.479,CD8.TEMRA
1.385,3.141,CD8.CM
5.648,4.052,CD8.NaiveLike
5.307,3.642,CD8.NaiveLike
4.375,3.188,CD8.NaiveLike
0.636,-0.522,CD8.CM
2.572,3.557,CD8.CM
-0.053,-2.525,CD8.EM
-0.806,-3.195,CD8.EM
4.707,4.846,CD8.NaiveLike
-3.541,-3.994,CD8.TEX
1.298,3.899,CD8.CM
0.82,3.123,CD8.CM
1.093,3.389,CD8.CM
1.365,3.982,CD8.CM
1.349,2.987,CD8.CM
5.885,4.795,CD8.NaiveLike
-1.992,8.1,CD8.MAIT
4.943,4.759,CD8.NaiveLike
4.446,3.927,CD8.NaiveLike
1.58,0.23,CD8.CM
4.102,3.887,CD8.NaiveLike
-0.61,-0.613,CD8.EM
2.019,3.025,CD8.CM
-5.716,-3.737,CD8.TEX
-2.495,-2.496,CD8.TPEX
5.116,3.204,CD8.NaiveLike
4.116,3.763,CD8.NaiveLike
-7.05,-3.937,CD8.TEX
1.395,2.476,CD8.CM
5.586,4.214,CD8.NaiveLike
0.69,-1.713,CD8.EM
0.41,-1.672,CD8.EM
-6.43,-4.226,CD8.TEX
5.236,4.249,CD8.NaiveLike
1.823,3.211,CD8.CM
5.767,3.794,CD8.NaiveLike
2.115,1.452,CD8.CM
2.15,3.132,CD8.CM
1.879,1.964,CD8.CM
-5.933,-4.619,CD8.TEX
1.536,4.635,CD8.CM
6.516,-3.891,CD8.TEMRA
4.991,3.601,CD8.CM
3.287,2.016,CD8.CM
1.158,3.745,CD8.CM
-1.24,-1.071,CD8.EM
4.572,3.292,CD8.NaiveLike
5.887,-3.763,CD8.TEMRA
1.601,3.603,CD8.CM
7.522,4.081,CD8.NaiveLike
1.714,4.838,CD8.CM
5.972,5.053,CD8.NaiveLike
6.935,3.777,CD8.NaiveLike
-6.537,-2.743,CD8.TEX
6.044,-4.658,CD8.TEMRA
-0.724,-1.491,CD8.EM
-1.064,-1.503,CD8.EM
6.214,-4.846,CD8.TEMRA
1.798,2.85,CD8.CM
-0.26,-1.518,CD8.EM
6.443,4.039,CD8.NaiveLike
-0.492,-2.942,CD8.EM
4.8,2.516,CD8.CM
2.702,2.859,CD8.CM
5.096,4.569,CD8.NaiveLike
1.393,3.09,CD8.CM
-6.177,-4.711,CD8.TEX
1.742,2.817,CD8.CM
2.191,2.354,CD8.CM
-5.6,-4.07,CD8.TEX
5.534,5.136,CD8.NaiveLike
1.715,3.437,CD8.CM
6.812,3.524,CD8.NaiveLike
-1.232,-1.304,CD8.EM
-6.682,-4.939,CD8.TEX
6.139,-4.651,CD8.TEMRA
6.353,-4.767,CD8.TEMRA
1.773,3.316,CD8.CM
0.635,3.788,CD8.CM
-6.689,-4.723,CD8.TEX
5.759,-4.342,CD8.TEMRA
0.568,-1.385,CD8.EM
1.863,4.536,CD8.CM
3.901,3.185,CD8.NaiveLike
-0.563,-1.176,CD8.EM
6.756,-4.1,CD8.TEMRA
5.626,4.614,CD8.NaiveLike
2.985,0.229,CD8.CM
0.023,-0.29,CD8.CM
5.004,3.199,CD8.NaiveLike
-0.729,-2.109,CD8.EM
-0.775,-0.57,CD8.EM
-0.905,-1.733,CD8.EM
0.852,3.85,CD8.CM
2.297,2.663,CD8.CM
2.005,4.869,CD8.CM
1.889,2.467,CD8.CM
0.856,4.042,CD8.CM
4.552,3.507,CD8.NaiveLike
1.838,2.902,CD8.CM
4.571,3.393,CD8.NaiveLike
6.694,4.78,CD8.NaiveLike
-5.993,-3.903,CD8.TEX
2.096,3.248,CD8.CM
-0.575,-0.99,CD8.EM
-3.852,-4.091,CD8.TEX
4.868,3.658,CD8.NaiveLike
4.273,3.239,CD8.NaiveLike
-0.571,-1.5,CD8.EM
4.144,3.512,CD8.NaiveLike
0.591,-0.681,CD8.EM
-0.11,-2.874,CD8.EM
1.814,2.452,CD8.CM
2.122,2.33,CD8.CM
4.05,4.036,CD8.NaiveLike
6.59,-4.886,CD8.TEMRA
4.693,4.492,CD8.NaiveLike
2.08,3.48,CD8.CM
1.775,4.859,CD8.CM
5.861,-4.819,CD8.TEMRA
0.804,3.956,CD8.CM
0.782,3.74,CD8.CM
1.24,3.039,CD8.CM
5.053,3.379,CD8.NaiveLike
1.298,3.026,CD8.CM
6.691,3.603,CD8.NaiveLike
2.187,2.232,CD8.CM
2.096,3.427,CD8.CM
4.562,4.145,CD8.NaiveLike
5.138,3.992,CD8.NaiveLike
-1.422,-1.248,CD8.EM
1.328,3.13,CD8.CM
1.314,3.315,CD8.CM
6.41,3.623,CD8.NaiveLike
5.656,-4.396,CD8.TEMRA
1.669,3.076,CD8.CM
-2.191,7.934,CD8.MAIT
6.406,-4.754,CD8.TEMRA
-2.744,8.082,CD8.MAIT
1.84,4.189,CD8.CM
5.279,4.26,CD8.NaiveLike
4.783,4.131,CD8.CM
-6.972,-3.184,CD8.TEX
1.212,3.695,CD8.CM
1.905,2.715,CD8.CM
6.166,3.915,CD8.NaiveLike
1.361,3.254,CD8.CM
6.723,4.216,CD8.NaiveLike
1.73,3.349,CD8.CM
4.384,3.463,CD8.NaiveLike
6.293,5.055,CD8.NaiveLike
2.159,3.486,CD8.CM
-0.713,-1.201,CD8.EM
6.252,3.936,CD8.NaiveLike
0.493,-1.331,CD8.EM
2.957,-0.0,CD8.TEX
5.653,-4.718,CD8.TEMRA
1.893,4.465,CD8.CM
1.979,-0.518,CD8.CM
2.872,3.026,CD8.CM
6.755,3.972,CD8.NaiveLike
2.077,2.785,CD8.CM
3.202,0.707,CD8.NaiveLike
2.973,-0.005,CD8.TEX
6.414,-4.692,CD8.TEMRA
-5.962,-4.031,CD8.TEX
2.011,2.784,CD8.CM
1.2,2.516,CD8.CM
1.624,2.928,CD8.CM
-1.505,-0.927,CD8.EM
1.636,0.421,CD8.CM
4.397,3.232,CD8.NaiveLike
1.6,3.181,CD8.CM
-0.225,-0.859,CD8.EM
-1.925,8.17,CD8.MAIT
4.508,3.587,CD8.NaiveLike
2.863,0.599,CD8.CM
-5.953,-4.062,CD8.TEX
1.748,3.645,CD8.CM
-0.093,-0.994,CD8.EM
-0.129,-1.121,CD8.EM
2.27,2.515,CD8.CM
2.298,2.835,CD8.CM
-6.611,-5.031,CD8.TEX
3.017,2.777,CD8.CM
1.387,4.02,CD8.CM
6.236,4.25,CD8.NaiveLike
2.874,0.752,CD8.CM
3.047,0.481,CD8.NaiveLike
1.975,3.451,CD8.CM
4.259,3.52,CD8.NaiveLike
4.62,4.783,CD8.CM
6.171,3.836,CD8.NaiveLike
1.939,2.502,CD8.CM
0.396,-0.309,CD8.CM
-0.493,-1.79,CD8.EM
1.483,3.023,CD8.CM
6.761,4.229,CD8.NaiveLike
4.896,4.064,CD8.NaiveLike
4.608,3.675,CD8.NaiveLike
4.048,4.203,CD8.NaiveLike
2.893,0.578,CD8.CM
-0.215,-0.246,CD8.EM
5.526,3.978,CD8.NaiveLike
6.94,-3.823,CD8.TEMRA
4.29,4.09,CD8.NaiveLike
7.274,4.169,CD8.NaiveLike
-1.285,-1.443,CD8.EM
-6.911,-4.621,CD8.TEX
-0.353,-2.544,CD8.EM
6.198,-4.837,CD8.TEMRA
-2.002,-2.709,CD8.EM
5.38,4.326,CD8.NaiveLike
-1.861,7.559,CD8.MAIT
-5.629,-4.821,CD8.TEX
6.791,-4.107,CD8.TEMRA
0.927,3.204,CD8.CM
-1.586,-1.353,CD8.TPEX
5.669,-4.901,CD8.TEMRA
4.531,4.329,CD8.NaiveLike
5.003,3.31,CD8.NaiveLike
4.325,3.782,CD8.NaiveLike
1.913,4.452,CD8.CM
4.576,3.547,CD8.NaiveLike
-6.064,-4.617,CD8.TEX
1.678,3.583,CD8.CM
1.919,2.935,CD8.CM
1.785,3.473,CD8.CM
3.955,4.07,CD8.NaiveLike
1.142,3.251,CD8.CM
4.635,4.369,CD8.NaiveLike
0.927,3.544,CD8.CM
6.059,5.158,CD8.NaiveLike
6.14,-4.369,CD8.CM
1.183,3.688,CD8.CM
-4.849,-4.804,CD8.TEX
6.681,-4.805,CD8.TEMRA
1.707,3.282,CD8.CM
1.298,3.263,CD8.CM
4.495,4.669,CD8.NaiveLike
1.744,3.022,CD8.CM
0.061,-0.827,CD8.EM
-0.182,0.04,CD8.EM
-1.0,-2.553,CD8.EM
-0.859,-0.477,CD8.EM
4.801,3.117,CD8.NaiveLike
-0.941,-1.006,CD8.EM
4.191,4.08,CD8.NaiveLike
-1.38,-1.893,CD8.EM
2.482,3.734,CD8.CM
5.528,3.807,CD8.NaiveLike
6.569,-4.839,CD8.TEMRA
1.803,3.394,CD8.CM
-6.027,-4.814,CD8.TEX
6.905,-3.923,CD8.TEMRA
1.014,3.355,CD8.CM
0.978,4.012,CD8.CM
4.451,3.717,CD8.NaiveLike
4.635,4.453,CD8.NaiveLike
6.417,-4.93,CD8.TEMRA
1.852,2.988,CD8.CM
0.807,3.355,CD8.CM
6.63,-4.588,CD8.TEMRA
6.638,3.299,CD8.NaiveLike
-2.165,7.159,CD8.CM
6.774,4.834,CD8.NaiveLike
1.68,3.584,CD8.CM
2.905,0.269,CD8.CM
-0.311,-0.484,CD8.EM
4.681,4.894,CD8.NaiveLike
6.531,-4.513,CD8.TEMRA
6.391,-3.745,CD8.TEMRA
1.916,2.779,CD8.CM
4.862,3.749,CD8.NaiveLike
-1.558,-1.776,CD8.EM
-6.052,-4.44,CD8.TEX
-6.465,-5.149,CD8.TEX
1.336,3.718,CD8.CM
6.274,3.924,CD8.NaiveLike
3.226,3.296,CD8.CM
7.001,-4.223,CD8.TEMRA
0.96,3.744,CD8.CM
2.128,2.843,CD8.CM
1.43,2.934,CD8.CM
-0.658,-2.273,CD8.EM
4.535,3.255,CD8.NaiveLike
2.151,3.13,CD8.CM
1.39,3.632,CD8.CM
1.718,2.8,CD8.CM
1.571,3.195,CD8.CM
6.429,5.23,CD8.NaiveLike
1.042,4.058,CD8.CM
6.015,-4.218,CD8.TEMRA
-6.367,-4.916,CD8.TEX
-6.637,-5.087,CD8.TEX
0.962,3.602,CD8.CM
-2.955,7.771,CD8.MAIT
-1.441,-1.03,CD8.EM
1.665,3.543,CD8.CM
2.154,4.003,CD8.CM
0.194,-1.491,CD8.EM
1.522,3.265,CD8.CM
3.936,3.282,CD8.NaiveLike
4.84,4.661,CD8.NaiveLike
2.581,1.145,CD8.CM
-6.355,-4.143,CD8.TEX
-1.483,-1.2,CD8.EM
0.719,3.316,CD8.CM
5.743,-4.42,CD8.TEMRA
-0.787,-0.783,CD8.EM
1.216,4.105,CD8.CM
-1.105,-1.814,CD8.EM
-2.76,8.099,CD8.MAIT
0.183,-1.098,CD8.EM
1.05,3.776,CD8.CM
2.116,3.984,CD8.CM
6.803,4.938,CD8.NaiveLike
2.084,3.544,CD8.CM
-0.247,-0.852,CD8.EM
4.062,3.291,CD8.NaiveLike
-0.481,-1.782,CD8.EM
4.408,3.563,CD8.NaiveLike
-1.102,-0.985,CD8.EM
-0.527,-0.319,CD8.EM
5.167,5.092,CD8.NaiveLike
1.031,3.703,CD8.CM
4.496,4.367,CD8.NaiveLike
0.329,2.616,CD8.EM
4.157,3.631,CD8.NaiveLike
2.833,2.339,CD8.CM
1.958,3.706,CD8.CM
-5.366,-2.055,CD8.TPEX
-4.992,-4.143,CD8.TEX
-4.538,-1.556,CD8.TPEX
0.331,0.35,CD8.CM
6.918,3.552,CD8.NaiveLike
-5.768,-4.637,CD8.TEX
-4.606,-3.622,CD8.TEX
-5.065,-4.62,CD8.TEX
-6.143,-4.853,CD8.CM
-4.078,-3.813,CD8.TEX
-6.06,-1.429,CD8.TPEX
-5.129,-4.287,CD8.TEX
-6.898,-3.81,CD8.TEX
-5.193,-3.221,CD8.TEX
-4.925,-4.599,CD8.TEX
-6.864,-3.781,CD8.TEX
-5.346,-1.253,CD8.TPEX
-7.15,-3.385,CD8.TEX
-5.465,-4.647,CD8.TEX
-4.016,-1.269,CD8.TPEX
5.547,4.795,CD8.CM
-6.589,-4.365,CD8.TEX
-6.873,-0.533,CD8.TPEX
-5.809,-3.836,CD8.TEX
4.962,4.616,CD8.NaiveLike
1.863,1.797,CD8.CM
-0.352,-2.307,CD8.EM
-1.863,-1.604,CD8.EM
-3.8,-4.267,CD8.TEX
-4.727,-2.412,CD8.TPEX
0.959,2.359,CD8.CM
-4.887,-3.389,CD8.TEX
-6.133,-2.087,CD8.TPEX
-5.98,-1.596,CD8.TPEX
6.334,5.099,CD8.NaiveLike
-5.995,-3.35,CD8.TEX
-6.726,-4.074,CD8.TEX
5.288,4.037,CD8.NaiveLike
-5.537,-2.056,CD8.TPEX
-1.605,-2.468,CD8.EM
-5.029,-1.506,CD8.TPEX
-1.291,-0.731,CD8.EM
-2.228,7.65,CD8.MAIT
-5.724,-3.805,CD8.TEX
-5.296,-4.414,CD8.TEX
-5.51,-4.475,CD8.TEX
6.156,3.655,CD8.NaiveLike
-5.998,-0.177,CD8.TPEX
-7.045,-4.075,CD8.TEX
-5.351,-3.524,CD8.TEX
-5.03,-1.906,CD8.TPEX
-5.158,-4.38,CD8.TEX
-5.967,-2.631,CD8.TPEX
6.549,4.779,CD8.NaiveLike
-5.998,-2.832,CD8.TEX
-1.208,-1.19,CD8.EM
-1.452,-1.522,CD8.EM
-6.59,-4.295,CD8.TEX
-2.876,-2.242,CD8.TEX
-5.69,-3.68,CD8.TEX
-5.033,-1.751,CD8.TPEX
-5.811,-2.21,CD8.TPEX
-7.086,-3.85,CD8.TEX
-0.548,0.291,CD8.CM
-4.276,-1.661,CD8.TPEX
-6.411,-4.37,CD8.TEX
-5.064,-5.039,CD8.TEX
6.067,3.545,CD8.CM
-6.978,-2.877,CD8.TEX
-6.954,-4.004,CD8.TEX
-4.276,-4.396,CD8.TEX
-4.791,-1.496,CD8.TPEX
-6.772,-4.146,CD8.TEX
-4.555,-4.39,CD8.TEX
-6.771,-4.337,CD8.TEX
-6.271,-2.576,CD8.TEX
-5.775,-2.084,CD8.TPEX
-4.911,-1.832,CD8.TPEX
-6.533,-4.0,CD8.TEX
-5.133,-1.92,CD8.TPEX
-4.838,-1.338,CD8.TPEX
-5.04,-4.195,CD8.TEX
-1.446,-2.854,CD8.EM
6.03,3.602,CD8.NaiveLike
-5.506,-1.659,CD8.TPEX
-5.165,-3.724,CD8.TEX
-4.385,-1.337,CD8.TPEX
-5.813,-4.628,CD8.TEX
-4.224,-1.684,CD8.TPEX
-5.95,-1.543,CD8.TPEX
-7.128,-3.968,CD8.TEX
-4.91,-4.746,CD8.TEX
-4.901,-1.527,CD8.TPEX
-6.943,-4.215,CD8.TEX
-4.708,-1.555,CD8.TPEX
-5.087,-4.029,CD8.TEX
-4.653,-1.875,CD8.TPEX
3.133,3.042,CD8.CM
-6.621,-3.656,CD8.TEX
-6.929,-2.436,CD8.TEX
-5.792,-0.105,CD8.TPEX
-4.043,-1.362,CD8.TPEX
1.433,4.635,CD8.CM
2.003,3.285,CD8.CM
-0.769,-0.387,CD8.EM
-5.378,-4.496,CD8.TEX
-5.834,-3.063,CD8.TEX
-0.675,-1.791,CD8.EM
-3.737,-1.705,CD8.TPEX
-5.765,-1.676,CD8.TPEX
-4.371,-4.636,CD8.TEX
-4.619,-4.117,CD8.TEX
-4.633,-4.463,CD8.TEX
-0.905,-1.471,CD8.EM
-1.237,-2.12,CD8.EM
-4.735,-2.095,CD8.TPEX
0.959,1.935,CD8.CM
-5.074,-1.655,CD8.TPEX
-1.659,-0.977,CD8.EM
-5.906,-1.542,CD8.TPEX
1.199,2.339,CD8.CM
-4.123,-1.471,CD8.TPEX
-4.884,-1.597,CD8.TPEX
-6.112,-2.216,CD8.TEX
-6.137,-4.34,CD8.TEX
-1.172,-3.203,CD8.EM
-5.208,-3.229,CD8.TEX
-4.233,-1.681,CD8.TPEX
-5.462,-4.575,CD8.TEX
-4.726,-1.548,CD8.TPEX
7.297,4.121,CD8.NaiveLike
-5.354,-3.813,CD8.TEX
-4.953,-1.516,CD8.TPEX
-4.194,-4.601,CD8.TEX
-4.569,-4.54,CD8.TEX
-5.989,-3.183,CD8.TEX
-3.965,-4.539,CD8.TEX
-4.254,-1.858,CD8.TPEX
-5.726,-4.443,CD8.TEX
-6.989,-4.085,CD8.TEX
-5.541,-1.485,CD8.TPEX
-4.949,-1.404,CD8.TPEX
-4.389,-4.606,CD8.TEX
-7.042,-3.741,CD8.TEX
6.395,4.29,CD8.CM
-4.565,-1.4,CD8.TPEX
-5.553,-2.932,CD8.TEX
-5.607,-4.984,CD8.TEX
-6.835,-4.574,CD8.TEX
-4.695,-4.196,CD8.TEX
6.244,5.168,CD8.NaiveLike
-5.348,-1.579,CD8.TPEX
-4.731,-1.65,CD8.TPEX
6.412,4.819,CD8.NaiveLike
1.885,3.552,CD8.CM
-5.03,-1.604,CD8.TPEX
-6.866,-3.628,CD8.TEX
7.183,4.364,CD8.NaiveLike
-4.87,-1.985,CD8.TPEX
-5.558,-3.62,CD8.TEX
-4.935,-1.442,CD8.TPEX
-1.649,-2.551,CD8.EM
-5.799,-2.158,CD8.TEX
-0.684,-1.274,CD8.EM
-6.743,-0.178,CD8.TPEX
-4.786,-4.386,CD8.TEX
-5.856,-0.849,CD8.TPEX
-6.379,-2.703,CD8.TPEX
-0.767,-1.742,CD8.EM
-5.659,-3.655,CD8.TEX
-5.212,-3.657,CD8.TEX
-5.583,-4.58,CD8.TEX
-6.982,-3.876,CD8.TEX
5.452,5.09,CD8.NaiveLike
-3.978,-1.32,CD8.TPEX
-5.456,-1.566,CD8.TPEX
-1.187,-1.29,CD8.EM
-4.864,-3.343,CD8.TEX
-0.986,-2.902,CD8.EM
-6.609,-3.186,CD8.TEX
-6.329,-1.526,CD8.TPEX
-4.455,-1.873,CD8.TPEX
-6.855,-2.466,CD8.TEX
-0.814,-1.169,CD8.EM
-6.747,-3.172,CD8.TEX
-6.031,-4.838,CD8.TEX
-1.172,-2.948,CD8.EM
-6.159,-1.821,CD8.TPEX
-2.53,-2.208,CD8.TPEX
-6.795,-3.551,CD8.TEX
-4.394,-4.262,CD8.TEX
-4.864,-1.132,CD8.TPEX
1.835,0.89,CD8.CM
-5.511,-4.916,CD8.TEX
-5.105,-3.349,CD8.TEX
-5.517,-1.193,CD8.TPEX
-7.142,-4.205,CD8.TEX
-1.587,-1.343,CD8.EM
5.38,4.947,CD8.NaiveLike
-5.486,-3.708,CD8.TEX
-5.631,-1.553,CD8.TPEX
-5.558,-1.23,CD8.TPEX
-6.598,-4.078,CD8.TEX
-1.109,-3.13,CD8.EM
-4.66,-2.617,CD8.TPEX
1.244,3.318,CD8.CM
-7.049,-3.975,CD8.TEX
-5.515,-1.56,CD8.TPEX
6.081,4.156,CD8.NaiveLike
-6.09,-1.239,CD8.TPEX
-4.884,-2.137,CD8.TPEX
-4.467,-3.771,CD8.TEX
-4.29,-1.62,CD8.TPEX
-5.993,-4.012,CD8.TEX
-1.141,-3.273,CD8.EM
-4.932,0.259,CD8.TPEX
-6.969,-3.195,CD8.TEX
-4.173,-3.651,CD8.TEX
-6.168,-5.044,CD8.TEX
-5.814,-1.151,CD8.TPEX
-7.089,-3.566,CD8.TEX
5.121,3.581,CD8.NaiveLike
-5.092,-1.998,CD8.TPEX
-6.45,-5.092,CD8.TEX
-6.024,-3.872,CD8.TEX
-4.335,-1.912,CD8.TPEX
-6.135,-2.934,CD8.TPEX
-5.667,-4.441,CD8.TEX
2.175,4.284,CD8.CM
-4.576,-2.315,CD8.TPEX
-6.779,-2.841,CD8.TPEX
6.118,4.158,CD8.NaiveLike
-4.599,-2.173,CD8.TPEX
-5.434,-4.586,CD8.TEX
-3.767,-4.119,CD8.TEX
-5.722,-3.393,CD8.TEX
-5.896,-4.7,CD8.TEX
-6.816,-3.91,CD8.TEX
-6.147,-2.132,CD8.TPEX
-6.111,-4.624,CD8.TEX
-1.559,-3.208,CD8.EM
-6.805,-2.493,CD8.TEX
-1.074,0.067,CD8.EM
-5.994,-4.574,CD8.TEX
-6.161,-2.269,CD8.TEX
-6.679,-4.298,CD8.TEX
-3.134,-3.381,CD8.EM
-4.599,-1.251,CD8.TPEX
-2.602,-2.661,CD8.TPEX
-1.325,-2.14,CD8.EM
-5.138,-4.183,CD8.TEX
-4.788,-1.507,CD8.TPEX
-2.554,-3.249,CD8.CM
-4.327,-1.471,CD8.TPEX
-1.008,-2.125,CD8.EM
-7.061,-3.446,CD8.TEX
5.728,4.755,CD8.NaiveLike
7.15,3.865,CD8.NaiveLike
6.227,4.172,CD8.CM
-6.665,-0.074,CD8.TPEX
-5.199,-1.891,CD8.TPEX
-6.61,-4.179,CD8.TEX
-5.799,-4.777,CD8.TEX
-6.475,-4.411,CD8.TEX
-1.8,-1.531,CD8.EM
-6.695,-4.224,CD8.TEX
-5.825,-1.498,CD8.TPEX
-1.826,7.598,CD8.MAIT
-4.633,-4.365,CD8.TEX
-4.921,-3.456,CD8.TEX
-4.958,-4.722,CD8.TEX
-5.84,-2.049,CD8.TPEX
-6.845,-2.666,CD8.TEX
0.061,-0.445,CD8.EM
-5.857,-4.37,CD8.TEX
2.408,3.672,CD8.CM
-4.815,-1.414,CD8.TPEX
-6.062,-5.08,CD8.TEX
-4.187,-4.598,CD8.TEX
-4.375,-1.582,CD8.TPEX
-6.351,-3.815,CD8.TEX
6.299,3.71,CD8.NaiveLike
-3.631,-1.183,CD8.TPEX
5.393,-4.859,CD8.TEMRA
-6.117,-3.328,CD8.TEX
-4.422,-4.458,CD8.TEX
5.061,4.992,CD8.CM
-6.101,-5.23,CD8.TEX
5.794,3.778,CD8.CM
5.621,5.223,CD8.NaiveLike
-1.389,-2.504,CD8.EM
-4.574,-4.322,CD8.TEX
-1.035,-2.52,CD8.EM
-5.208,-3.507,CD8.TEX
4.858,4.143,CD8.NaiveLike
-1.449,-2.913,CD8.EM
-5.059,-4.053,CD8.TEX
-6.434,-2.486,CD8.TEX
5.053,4.915,CD8.NaiveLike
-6.981,-2.06,CD8.TPEX
-3.8,-4.236,CD8.TEX
6.158,3.916,CD8.NaiveLike
-4.599,-2.487,CD8.TPEX
-1.633,-3.398,CD8.EM
-4.51,-3.286,CD8.TEX
-5.093,-1.462,CD8.TPEX
-4.752,-1.595,CD8.TPEX
0.305,-1.525,CD8.EM
6.631,4.934,CD8.NaiveLike
6.446,3.579,CD8.NaiveLike
-6.695,-3.843,CD8.TEX
-6.007,-4.412,CD8.TEX
-4.911,-1.591,CD8.TPEX
-5.047,-4.345,CD8.TEX
-6.732,-4.034,CD8.TEX
-5.49,-1.502,CD8.TPEX
-4.88,-3.891,CD8.TEX
-5.161,-4.804,CD8.TEX
-4.672,-4.207,CD8.TEX
-5.867,-3.765,CD8.TEX
-6.634,-3.002,CD8.TEX
-4.601,-1.788,CD8.TPEX
-4.988,-2.373,CD8.TPEX
-0.709,-3.09,CD8.EM
-5.826,-1.412,CD8.TPEX
-4.369,-1.248,CD8.TPEX
-1.782,-3.447,CD8.EM
-4.746,-1.338,CD8.TPEX
-4.973,-2.76,CD8.TEX
-6.435,-4.706,CD8.TEX
-4.603,-1.37,CD8.TPEX
-4.517,-4.521,CD8.TEX
-5.244,-1.385,CD8.TPEX
-4.606,-1.617,CD8.TPEX
-4.501,-1.557,CD8.TPEX
-1.442,-2.187,CD8.EM
7.325,4.27,CD8.NaiveLike
-1.87,-1.559,CD8.EM
1.239,3.493,CD8.CM
5.653,4.345,CD8.CM
-5.839,-4.677,CD8.TEX
-1.706,-2.3,CD8.EM
1.495,3.168,CD8.CM
-5.492,-3.775,CD8.TEX
-5.504,-1.383,CD8.TPEX
-1.862,-1.44,CD8.EM
-6.006,-3.822,CD8.TEX
-6.219,-4.168,CD8.TEX
-4.448,-2.182,CD8.TPEX
-3.537,-3.988,CD8.TEX
5.143,4.582,CD8.CM
-4.493,-2.239,CD8.TPEX
-6.023,-4.619,CD8.TEX
-0.474,-0.651,CD8.EM
1.111,4.395,CD8.CM
-4.365,-2.947,CD8.TPEX
-2.094,7.947,CD8.MAIT
-6.672,-4.489,CD8.TEX
-3.899,-1.428,CD8.TPEX
-7.125,-3.924,CD8.TEX
-4.765,-2.062,CD8.TPEX
-1.658,-1.941,CD8.EM
-4.489,-2.765,CD8.TPEX
5.775,4.952,CD8.NaiveLike
5.723,5.087,CD8.NaiveLike
-5.506,-3.706,CD8.TEX
-6.799,-3.203,CD8.TEX
-6.862,-3.425,CD8.TEX
-4.987,-1.742,CD8.TPEX
-6.489,-4.417,CD8.TEX
-1.059,-1.325,CD8.EM
-4.497,-3.475,CD8.TEX
-6.064,-1.318,CD8.TPEX
-4.939,-2.249,CD8.TEX
7.137,4.571,CD8.NaiveLike
-6.859,-4.315,CD8.TEX
-6.657,-2.464,CD8.TEX
-4.414,-1.465,CD8.TPEX
-4.729,-1.414,CD8.TPEX
-1.343,-0.91,CD8.EM
-0.827,-2.664,CD8.EM
-4.757,-4.602,CD8.TEX
0.986,2.88,CD8.CM
-6.768,-2.66,CD8.TEX
-1.914,-2.296,CD8.EM
-4.439,-1.626,CD8.TPEX
5.268,4.558,CD8.NaiveLike
5.234,3.588,CD8.NaiveLike
-6.095,-4.401,CD8.TEX
-3.906,-1.29,CD8.TPEX
6.137,3.756,CD8.NaiveLike
4.477,3.77,CD8.NaiveLike
-5.029,-2.062,CD8.TPEX
5.949,4.533,CD8.NaiveLike
-5.094,-1.555,CD8.TPEX
-5.075,-1.548,CD8.TPEX
-6.46,-2.964,CD8.TEX
1.575,3.716,CD8.CM
-7.044,-2.362,CD8.TPEX
-7.097,-3.921,CD8.CM
-5.017,-1.427,CD8.TPEX
-6.171,-5.202,CD8.TEX
5.188,4.735,CD8.NaiveLike
-6.005,-1.614,CD8.TPEX
-5.203,-2.065,CD8.TPEX
-6.097,-1.364,CD8.TPEX
-5.286,-1.663,CD8.TPEX
-5.71,-4.038,CD8.TEX
-3.274,-3.942,CD8.TEX
-6.488,-4.952,CD8.TEX
1.887,4.776,CD8.CM
6.739,-4.169,CD8.TEMRA
-5.093,-4.585,CD8.TEX
-5.429,-1.25,CD8.TPEX
-4.409,-1.505,CD8.TPEX
-5.238,-1.138,CD8.TPEX
-5.07,-3.198,CD8.TEX
-4.538,-1.707,CD8.TPEX
-0.714,-2.813,CD8.EM
-4.884,-1.61,CD8.TPEX
-4.929,-2.658,CD8.TPEX
-4.202,-1.417,CD8.TPEX
-3.863,-1.225,CD8.TPEX
-6.108,-4.33,CD8.TEX
-1.182,-2.854,CD8.EM
-6.311,-2.507,CD8.TEX
-5.126,-1.364,CD8.TPEX
-4.342,-1.306,CD8.TPEX
-4.464,-4.612,CD8.TEX
-7.146,-3.081,CD8.TEX
-5.467,-1.665,CD8.TPEX
-5.998,-4.846,CD8.TEX
-4.192,-1.705,CD8.TPEX
-5.687,-2.009,CD8.TPEX
6.338,3.469,CD8.NaiveLike
-0.827,-2.634,CD8.EM
-4.701,-1.23,CD8.TPEX
-3.929,-4.29,CD8.TEX
-6.959,-4.139,CD8.TEX
-4.831,-1.295,CD8.TPEX
-5.391,-3.618,CD8.TEX
-5.324,-4.261,CD8.TEX
-6.628,-3.1,CD8.TEX
-4.561,-1.492,CD8.TPEX
-5.237,-1.524,CD8.TPEX
-4.265,-4.064,CD8.TEX
-5.656,-3.848,CD8.TEX
-1.66,-2.615,CD8.EM
-5.454,-1.583,CD8.TPEX
5.711,3.011,CD8.NaiveLike
-6.785,-3.849,CD8.TEX
-4.469,-1.893,CD8.TPEX
-1.706,-1.103,CD8.EM
-5.685,-1.84,CD8.TPEX
-5.079,-1.32,CD8.TPEX
4.605,4.072,CD8.NaiveLike
5.744,4.818,CD8.NaiveLike
-4.952,-1.664,CD8.TPEX
-7.019,-2.415,CD8.TEX
-1.8,-2.102,CD8.EM
-5.499,-1.428,CD8.TPEX
-5.335,-1.45,CD8.TPEX
-6.381,-4.21,CD8.TEX
-5.16,-1.78,CD8.TPEX
-4.851,-1.834,CD8.TPEX
-5.718,-1.742,CD8.TPEX
4.845,4.503,CD8.NaiveLike
6.195,3.878,CD8.NaiveLike
-4.289,-3.889,CD8.TEX
-4.872,-4.611,CD8.TEX
-5.926,-4.755,CD8.TEX
-3.484,-1.507,CD8.EM
-1.423,-1.311,CD8.EM
-5.417,-1.098,CD8.TPEX
-1.776,-1.894,CD8.EM
-4.825,-1.638,CD8.TPEX
-4.747,-4.218,CD8.TEX
-7.104,-3.911,CD8.TEX
-5.922,-2.021,CD8.TPEX
-3.004,-2.607,CD8.TEX
-2.074,-0.834,CD8.EM
-6.122,-2.22,CD8.TEX
-6.74,-4.319,CD8.TEX
-6.914,-3.246,CD8.TEX
-4.109,-4.107,CD8.TEX
-5.444,-2.024,CD8.TPEX
-6.784,-3.978,CD8.TEX
-0.319,-1.656,CD8.EM
-6.267,-3.407,CD8.TEX
-6.071,-2.983,CD8.TEX
0.553,0.092,CD8.CM
-5.298,-1.556,CD8.TPEX
-4.833,-1.766,CD8.TPEX
-6.265,-5.014,CD8.TEX
-4.646,-4.364,CD8.TEX
-0.958,-2.437,CD8.EM
7.277,4.389,CD8.NaiveLike
-5.57,-1.362,CD8.CM
-5.067,-4.907,CD8.TEX
-5.577,-5.05,CD8.TEX
5.77,5.167,CD8.NaiveLike
-5.44,-4.381,CD8.TEX
-6.645,-4.767,CD8.TEX
5.769,3.918,CD8.NaiveLike
-4.702,-1.425,CD8.TPEX
-4.31,-1.355,CD8.TPEX
-4.304,-2.611,CD8.TPEX
-5.864,-1.831,CD8.TPEX
-6.37,-3.584,CD8.TEX
-0.343,-0.978,CD8.EM
5.57,4.351,CD8.NaiveLike
-5.087,-1.52,CD8.TPEX
-4.656,-2.027,CD8.TPEX
-4.485,-4.483,CD8.TEX
2.534,3.828,CD8.CM
-6.017,-2.34,CD8.TPEX
-5.585,-1.409,CD8.TPEX
-5.949,-4.841,CD8.TEX
-4.215,-1.962,CD8.TPEX
4.727,4.76,CD8.NaiveLike
-4.549,-1.83,CD8.TPEX
-4.505,-1.87,CD8.TPEX
5.877,5.302,CD8.NaiveLike
-5.332,-3.794,CD8.TEX
-6.2,-3.419,CD8.TEX
-4.716,-2.991,CD8.TEX
-5.236,-1.534,CD8.TPEX
-5.457,-1.511,CD8.TPEX
-5.101,-1.485,CD8.TPEX
-6.329,-4.46,CD8.TEX
-4.717,-1.343,CD8.TPEX
-5.76,-1.515,CD8.TPEX
-4.995,-1.518,CD8.TPEX
-4.115,-4.24,CD8.TEX
-3.207,-3.543,CD8.EM
-4.119,-3.74,CD8.TEX
-6.244,-4.514,CD8.TEX
-6.63,-1.744,CD8.TPEX
-4.869,-1.447,CD8.TPEX
-4.61,-1.948,CD8.TPEX
-2.141,-0.806,CD8.EM
-4.666,-0.901,CD8.CM
-6.007,-1.334,CD8.TPEX
-5.788,-1.715,CD8.TPEX
1.094,4.344,CD8.CM
-5.753,-1.236,CD8.TPEX
-4.895,-1.592,CD8.TPEX
-6.021,-3.992,CD8.TEX
-6.534,-3.081,CD8.TEX
-7.0,-2.439,CD8.TEX
-5.094,-3.524,CD8.TEX
0.966,3.51,CD8.CM
-3.733,-3.601,CD8.CM
-4.065,-3.364,CD8.TEX
-4.055,-4.526,CD8.TEX
-6.891,-1.333,CD8.TPEX
-6.101,-4.026,CD8.TEX
1.534,1.361,CD8.CM
-5.338,-1.351,CD8.TPEX
-4.19,-4.383,CD8.TEX
1.544,4.098,CD8.CM
-0.15,-0.733,CD8.EM
-5.18,-4.438,CD8.TEX
-4.893,-2.269,CD8.TPEX
-4.965,-1.185,CD8.TPEX
-1.54,-0.614,CD8.EM
-6.684,-1.492,CD8.TPEX
-4.862,-1.841,CD8.TPEX
-4.251,-4.357,CD8.TEX
5.685,5.124,CD8.NaiveLike
-4.95,-2.059,CD8.TPEX
5.482,4.834,CD8.NaiveLike
-0.515,-0.622,CD8.EM
-5.359,-1.834,CD8.TPEX
-3.425,8.164,CD8.MAIT
-6.624,-4.213,CD8.TEX
6.464,4.271,CD8.NaiveLike
-4.886,-2.042,CD8.TEX
-4.049,-1.404,CD8.TPEX
-6.439,-1.154,CD8.TPEX
-5.302,-1.6,CD8.TPEX
-4.888,-3.892,CD8.TEX
-5.581,-4.442,CD8.TEX
-1.415,-1.222,CD8.EM
-6.532,-4.271,CD8.TEX
1.346,3.99,CD8.CM
-6.474,-3.671,CD8.TEX
-5.459,-1.778,CD8.TPEX
-6.113,0.014,CD8.TPEX
-3.985,-4.346,CD8.TEX
-7.151,-3.36,CD8.TEX
-4.329,-1.19,CD8.TPEX
-4.661,-1.151,CD8.TPEX
-1.814,-1.213,CD8.EM
-1.489,-1.354,CD8.EM
-1.897,-1.36,CD8.EM
-0.376,-2.581,CD8.CM
5.795,-4.594,CD8.TEMRA
-5.334,-4.966,CD8.TEX
-5.999,-4.577,CD8.TEX
-1.871,7.746,CD8.MAIT
-5.2,-1.9,CD8.TPEX
-6.83,-3.162,CD8.TEX
-5.991,-4.872,CD8.TEX
0.678,2.745,CD8.CM
5.89,-4.425,CD8.TEMRA
5.898,-4.939,CD8.TEMRA
6.479,3.728,CD8.NaiveLike
3.471,3.072,CD8.CM
-2.068,-1.055,CD8.TEX
-1.917,7.545,CD8.MAIT
1.903,-0.568,CD8.EM
-2.012,7.398,CD8.MAIT
-1.767,7.471,CD8.MAIT
-3.3,7.982,CD8.MAIT
-7.103,-3.525,CD8.TEX
2.101,2.746,CD8.CM
6.79,3.896,CD8.NaiveLike
1.003,3.613,CD8.CM
-2.271,7.731,CD8.MAIT
6.255,-3.995,CD8.TEMRA
5.115,3.243,CD8.NaiveLike
-1.581,8.298,CD8.MAIT
3.804,3.069,CD8.CM
-6.083,-4.478,CD8.TEX
6.195,-4.884,CD8.TEMRA
0.28,-0.213,CD8.EM
1.978,0.764,CD8.EM
6.626,-4.51,CD8.TEMRA
0.169,-2.035,CD8.EM
-6.805,-4.47,CD8.TEX
6.229,-4.402,CD8.TEMRA
-1.808,7.4,CD8.MAIT
0.644,3.721,CD8.CM
-3.201,-3.902,CD8.EM
-1.768,8.128,CD8.MAIT
-5.706,-3.024,CD8.CM
-2.167,8.146,CD8.MAIT
0.795,4.007,CD8.CM
-1.849,8.266,CD8.MAIT
-1.074,-2.387,CD8.EM
6.249,-4.675,CD8.TEMRA
1.164,2.599,CD8.CM
-2.019,7.965,CD8.MAIT
-6.889,-3.885,CD8.TEX
-1.795,8.179,CD8.MAIT
-6.776,-3.193,CD8.TEX
-6.256,-4.822,CD8.TEX
5.551,-4.12,CD8.TEMRA
-6.65,-4.571,CD8.TEX
5.788,4.246,CD8.NaiveLike
-4.065,-4.451,CD8.TEX
-1.998,7.81,CD8.MAIT
-6.174,-5.153,CD8.TEX
6.522,-3.74,CD8.TEMRA
-2.119,7.763,CD8.MAIT
5.857,-4.749,CD8.TEMRA
4.447,3.749,CD8.NaiveLike
5.92,-3.951,CD8.CM
-2.193,7.344,CD8.MAIT
5.269,3.77,CD8.NaiveLike
-1.158,-0.87,CD8.EM
6.289,-4.273,CD8.TEMRA
3.217,3.272,CD8.CM
-6.231,-4.919,CD8.TEX
-5.918,-5.286,CD8.TEX
-6.332,-4.584,CD8.TEX
-6.41,-4.802,CD8.TEX
-6.736,-4.341,CD8.TEX
-6.255,-3.52,CD8.TEX
-2.039,7.644,CD8.MAIT
-3.726,-4.268,CD8.TEX
0.627,-0.452,CD8.EM
-2.276,-3.098,CD8.EM
6.218,-4.825,CD8.TEMRA
-0.012,0.205,CD8.CM
-2.716,-1.892,CD8.EM
-6.33,-5.313,CD8.TEX
6.656,-4.093,CD8.TEMRA
-6.6,-4.438,CD8.TEX
-6.827,-2.956,CD8.TEX
-6.637,-4.818,CD8.TEX
2.599,2.184,CD8.CM
-1.492,7.849,CD8.MAIT
-0.881,-2.07,CD8.EM
-0.555,-0.663,CD8.EM
-3.91,-4.185,CD8.TEX
-1.642,7.654,CD8.MAIT
-5.633,-4.072,CD8.TEX
0.659,2.789,CD8.CM
-1.714,-3.375,CD8.CM
6.174,-5.152,CD8.TEMRA
-1.451,-2.552,CD8.EM
-5.454,-3.595,CD8.TEX
-6.808,-4.138,CD8.TEX
-1.813,-2.007,CD8.EM
1.467,0.254,CD8.CM
7.372,4.02,CD8.NaiveLike
-0.067,-0.665,CD8.EM
6.75,-5.049,CD8.TEMRA
-1.467,8.364,CD8.MAIT
-1.162,-1.99,CD8.EM
6.094,-3.956,CD8.TEMRA
-4.846,-2.546,CD8.TPEX
-4.609,0.065,CD8.TPEX
1.11,3.656,CD8.CM
5.124,3.978,CD8.NaiveLike
-0.221,-3.032,CD8.EM
5.729,-4.99,CD8.TEMRA
-4.68,-0.017,CD8.TPEX
-6.211,-4.235,CD8.TEX
-1.728,7.457,CD8.MAIT
-0.371,-1.997,CD8.EM
2.948,0.084,CD8.TEX
6.319,5.17,CD8.NaiveLike
-2.064,8.331,CD8.MAIT
-0.347,-0.86,CD8.EM
-6.454,-5.037,CD8.TEX
-6.821,-4.043,CD8.TEX
-1.864,8.028,CD8.MAIT
-2.052,-1.576,CD8.EM
-4.813,0.463,CD8.TPEX
-6.219,-3.636,CD8.TEX
-5.691,-4.568,CD8.TEX
0.207,-1.159,CD8.EM
1.493,2.632,CD8.CM
6.451,3.053,CD8.CM
-2.419,7.671,CD8.MAIT
2.929,0.1,CD8.EM
-0.221,-0.742,CD8.EM
-2.478,-1.971,CD8.EM
-6.427,-4.949,CD8.TEX
-6.73,-2.656,CD8.TEX
-5.129,-4.729,CD8.TEX
-1.896,-1.391,CD8.EM
-7.296,-3.125,CD8.TEX
5.916,-4.483,CD8.TEMRA
-1.808,8.221,CD8.MAIT
-6.803,-2.579,CD8.TPEX
-1.821,8.349,CD8.MAIT
-1.404,8.23,CD8.MAIT
-1.913,8.136,CD8.MAIT
-1.538,7.834,CD8.MAIT
-6.013,-4.854,CD8.TEX
5.931,-4.661,CD8.TEMRA
2.186,3.036,CD8.CM
7.402,4.367,CD8.NaiveLike
0.8,3.761,CD8.CM
-1.97,-1.575,CD8.EM
0.628,-0.356,CD8.EM
-0.625,-0.434,CD8.EM
-0.389,-1.7,CD8.EM
0.291,-1.875,CD8.EM
-2.993,8.297,CD8.MAIT
-6.525,-4.203,CD8.TEX
-1.067,-0.552,CD8.EM
-1.659,7.612,CD8.MAIT
-6.26,-4.55,CD8.TEX
4.25,3.317,CD8.NaiveLike
-6.849,-2.908,CD8.TEX
5.903,-4.201,CD8.TEMRA
-0.658,-3.006,CD8.EM
-1.096,-1.449,CD8.EM
5.363,-4.328,CD8.TEMRA
6.713,-3.878,CD8.TEMRA
-1.258,-0.809,CD8.EM
4.01,3.49,CD8.NaiveLike
-4.673,-0.587,CD8.TPEX
-2.208,7.861,CD8.MAIT
-0.721,-2.002,CD8.EM
-0.388,-0.015,CD8.EM
5.581,-4.668,CD8.TEMRA
-5.271,-4.81,CD8.TEX
-5.773,-4.941,CD8.TEX
5.229,-4.118,CD8.TEMRA
-6.794,-4.159,CD8.TEX
-0.125,-0.259,CD8.EM
0.457,-0.426,CD8.CM
0.376,2.324,CD8.CM
5.574,-4.31,CD8.TEMRA
-0.897,-0.42,CD8.EM
6.031,-4.76,CD8.TEMRA
-6.411,-4.901,CD8.TEX
2.613,3.172,CD8.CM
1.88,3.817,CD8.CM
-7.11,-3.942,CD8.TEX
-6.174,-2.898,CD8.TEX
6.218,-4.264,CD8.TEMRA
-4.883,-3.387,CD8.TEX
-3.641,-2.569,CD8.EM
-5.852,-4.384,CD8.TEX
-1.225,-0.589,CD8.EM
0.312,-0.045,CD8.EM
-1.88,8.378,CD8.MAIT
5.745,-4.072,CD8.TEMRA
-6.285,-4.492,CD8.TEX
0.123,-1.617,CD8.EM
-2.028,8.019,CD8.MAIT
-2.895,7.847,CD8.MAIT
-6.97,-4.784,CD8.TEX
-5.859,-4.759,CD8.TEX
-5.783,-4.836,CD8.TEX
3.025,0.054,CD8.TEX
6.005,3.032,CD8.NaiveLike
-5.794,-4.237,CD8.TEX
0.364,0.267,CD8.CM
5.63,-4.397,CD8.TEMRA
-4.952,-3.36,CD8.TEX
-1.72,7.737,CD8.MAIT
5.084,-4.772,CD8.TEMRA
-6.698,-4.282,CD8.TEX
-5.678,-4.463,CD8.TEX
6.35,-4.254,CD8.TEMRA
-1.613,8.137,CD8.MAIT
-6.582,-3.535,CD8.TEX
-1.964,7.883,CD8.MAIT
-1.516,8.196,CD8.MAIT
-0.588,-0.193,CD8.EM
-6.734,-5.131,CD8.TEX
1.089,3.587,CD8.CM
-1.428,-1.257,CD8.EM
-3.306,-2.217,CD8.TEX
-6.713,-2.12,CD8.TEX
2.916,0.083,CD8.TEMRA
6.41,-4.731,CD8.TEMRA
1.69,2.375,CD8.CM
0.311,-0.522,CD8.EM
-1.891,8.117,CD8.MAIT
-1.972,8.097,CD8.MAIT
-6.989,-2.277,CD8.TEX
-2.213,7.8,CD8.MAIT
-5.821,-4.388,CD8.TEX
2.83,2.673,CD8.CM
5.252,-4.639,CD8.TEMRA
7.256,3.623,CD8.NaiveLike
2.173,2.863,CD8.CM
5.539,-3.904,CD8.TEMRA
-6.194,-5.154,CD8.TEX
-7.106,-4.259,CD8.TEX
-1.705,8.277,CD8.MAIT
5.529,-4.64,CD8.TEMRA
-5.65,-4.83,CD8.TEX
-7.173,-3.427,CD8.TEX
-2.08,-2.008,CD8.EM
6.572,3.63,CD8.NaiveLike
0.288,-1.113,CD8.CM
-3.195,-3.953,CD8.TEX
-1.705,8.016,CD8.MAIT
-2.276,7.838,CD8.MAIT
-6.133,-4.646,CD8.TEX
-6.342,-4.362,CD8.TEX
0.726,3.431,CD8.CM
-5.582,-1.547,CD8.TPEX
7.33,4.242,CD8.NaiveLike
-1.964,-1.242,CD8.EM
4.497,3.792,CD8.NaiveLike
-0.614,-1.449,CD8.EM
6.697,-4.491,CD8.TEMRA
7.092,4.109,CD8.NaiveLike
-0.975,-1.114,CD8.EM
-2.315,7.967,CD8.MAIT
-0.721,-1.59,CD8.EM
6.032,-3.404,CD8.TEMRA
7.077,3.579,CD8.NaiveLike
5.302,-4.678,CD8.TEMRA
-0.634,-0.553,CD8.EM
6.94,-4.535,CD8.TEMRA
5.277,4.682,CD8.CM
5.552,-4.576,CD8.TEMRA
-4.859,-3.865,CD8.TEX
-4.664,0.208,CD8.TPEX
-0.998,-0.65,CD8.EM
-6.482,-4.699,CD8.TEX
2.222,2.469,CD8.CM
-1.733,8.313,CD8.MAIT
-2.388,7.884,CD8.MAIT
4.891,-4.464,CD8.TEMRA
6.17,-4.625,CD8.TEMRA
4.556,3.333,CD8.CM
-1.567,8.295,CD8.MAIT
-5.779,-4.934,CD8.TEX
-6.881,-3.827,CD8.TEX
3.675,3.415,CD8.CM
4.305,3.603,CD8.NaiveLike
-6.702,-4.34,CD8.TEX
-6.56,-2.845,CD8.TEX
-2.966,7.973,CD8.MAIT
-5.969,-4.011,CD8.TEX
-6.681,-4.586,CD8.TEX
0.708,2.276,CD8.CM
-4.597,-4.511,CD8.TEX
-3.535,-4.018,CD8.TEX
1.174,4.148,CD8.CM
4.209,3.342,CD8.NaiveLike
1.307,2.837,CD8.CM
-5.717,-4.562,CD8.TEX
-4.154,-3.355,CD8.TEX
5.958,4.048,CD8.NaiveLike
-6.857,-4.057,CD8.TEX
-2.199,8.086,CD8.MAIT
-7.27,-4.219,CD8.TEX
-2.102,8.096,CD8.MAIT
-5.791,-4.989,CD8.TEX
-0.43,-1.465,CD8.EM
-0.011,-0.624,CD8.EM
6.667,-3.626,CD8.TEMRA
5.584,3.475,CD8.NaiveLike
-1.763,8.022,CD8.MAIT
-1.477,-0.584,CD8.EM
-3.325,8.152,CD8.MAIT
-6.542,-2.911,CD8.TEX
-0.915,-1.755,CD8.EM
-1.729,7.425,CD8.MAIT
-2.159,-1.571,CD8.EM
-6.818,-4.921,CD8.TEX
6.003,-3.772,CD8.TEMRA
2.518,3.236,CD8.CM
1.581,4.902,CD8.CM
4.831,4.305,CD8.NaiveLike
5.373,-4.858,CD8.TEMRA
-3.112,8.12,CD8.MAIT
-5.788,-4.06,CD8.TEX
-6.864,-4.88,CD8.TEX
-2.176,7.933,CD8.MAIT
-2.592,7.682,CD8.MAIT
1.188,3.669,CD8.CM
-1.858,8.13,CD8.MAIT
-1.727,8.403,CD8.MAIT
-6.194,-4.983,CD8.TEX
3.94,3.364,CD8.NaiveLike
0.454,0.105,CD8.CM
-1.502,8.346,CD8.MAIT
-0.097,-0.591,CD8.EM
-2.127,-1.51,CD8.EM
-5.747,-4.88,CD8.TEX
-6.771,-4.113,CD8.TEX
0.348,-0.577,CD8.EM
-0.888,-1.234,CD8.EM
0.467,-1.871,CD8.EM
5.597,-4.56,CD8.TEMRA
-6.125,-5.013,CD8.TEX
-6.511,-0.086,CD8.TPEX
6.085,-3.629,CD8.TEMRA
-2.245,7.622,CD8.MAIT
-6.222,-4.257,CD8.TEX
2.076,2.162,CD8.CM
6.413,-4.611,CD8.TEMRA
-6.232,-4.799,CD8.TEX
0.664,-1.529,CD8.EM
0.68,-0.285,CD8.CM
6.393,-4.198,CD8.TEMRA
-6.49,-5.039,CD8.TEX
-6.204,-4.689,CD8.TEX
2.323,2.472,CD8.CM
-1.808,8.301,CD8.MAIT
5.986,4.479,CD8.NaiveLike
-5.491,-5.001,CD8.TEX
1.54,4.83,CD8.CM
6.612,5.031,CD8.NaiveLike
3.016,0.061,CD8.TEX
-1.418,7.985,CD8.MAIT
-7.159,-4.418,CD8.TEX
0.419,-0.374,CD8.CM
-4.148,-1.449,CD8.TPEX
6.43,-4.792,CD8.TEMRA
-3.176,-3.538,CD8.TEX
6.272,-3.478,CD8.TEMRA
4.224,3.385,CD8.NaiveLike
6.295,3.931,CD8.NaiveLike
-1.927,8.005,CD8.MAIT
-0.378,-0.894,CD8.EM
6.87,4.657,CD8.NaiveLike
-3.612,-2.367,CD8.TEX
1.795,3.571,CD8.CM
-1.935,7.319,CD8.MAIT
6.36,-4.518,CD8.TEMRA
6.298,-3.632,CD8.TEMRA
-6.994,-4.268,CD8.TEX
5.59,-4.904,CD8.TEMRA
6.0,3.419,CD8.NaiveLike
-6.611,-3.896,CD8.TEX
-6.539,-3.975,CD8.TEX
0.033,-0.518,CD8.EM
-2.837,-1.09,CD8.TPEX
6.372,4.497,CD8.NaiveLike
7.345,4.495,CD8.NaiveLike
-1.683,8.468,CD8.MAIT
-6.206,-5.037,CD8.TEX
-0.301,-2.687,CD8.EM
0.095,-0.185,CD8.EM
-7.288,-3.187,CD8.TEX
-1.726,8.292,CD8.MAIT
-5.579,-5.018,CD8.TEX
-5.21,-4.184,CD8.TEX
-0.392,-0.299,CD8.EM
-6.051,-4.897,CD8.TEX
-1.755,-1.085,CD8.EM
0.309,2.512,CD8.CM
4.601,4.111,CD8.NaiveLike
6.384,-4.96,CD8.TEMRA
6.293,3.292,CD8.NaiveLike
-2.162,7.955,CD8.MAIT
-2.033,-3.175,CD8.EM
-7.344,-3.22,CD8.TEX
0.225,-0.312,CD8.EM
-2.073,7.577,CD8.MAIT
-6.023,-4.046,CD8.TEX
-6.9,-4.487,CD8.TEX
-0.759,-2.902,CD8.EM
4.829,-4.154,CD8.TEMRA
-3.672,-4.19,CD8.TEX
-2.366,7.885,CD8.MAIT
-5.979,-4.243,CD8.TEX
-1.844,8.125,CD8.MAIT
-2.0,7.663,CD8.MAIT
7.337,4.263,CD8.NaiveLike
1.181,2.496,CD8.CM
4.848,3.937,CD8.CM
6.374,2.936,CD8.NaiveLike
-0.805,-2.811,CD8.EM
-5.857,-4.833,CD8.TEX
-6.933,-4.894,CD8.TEX
-1.775,8.231,CD8.MAIT
-6.008,-4.986,CD8.TEX
-6.518,-4.521,CD8.TEX
0.299,-1.741,CD8.EM
-1.926,-2.509,CD8.CM
-6.602,0.043,CD8.TPEX
5.396,-4.915,CD8.TEMRA
-1.006,-1.83,CD8.EM
0.161,-0.593,CD8.EM
-0.049,-3.073,CD8.EM
-7.108,-4.159,CD8.TEX
6.461,-4.499,CD8.TEMRA
5.842,-4.823,CD8.TEMRA
-7.387,-2.816,CD8.TEX
5.981,-4.726,CD8.TEMRA
4.364,3.64,CD8.CM
-1.392,-1.976,CD8.EM
-5.986,-5.03,CD8.TEX
-6.535,-4.267,CD8.TEX
-5.908,-4.389,CD8.TEX
-2.137,8.079,CD8.MAIT
-2.852,7.975,CD8.MAIT
-6.269,-5.19,CD8.TEX
-1.687,8.397,CD8.MAIT
-6.896,-4.243,CD8.TEX
-1.252,-1.636,CD8.EM
5.473,3.365,CD8.CM
-1.818,-1.577,CD8.EM
6.401,-3.879,CD8.TEMRA
5.773,-5.203,CD8.TEMRA
-3.039,7.857,CD8.MAIT
-3.314,-3.898,CD8.TEX
7.322,3.59,CD8.NaiveLike
-1.965,7.998,CD8.MAIT
6.799,-3.871,CD8.TEMRA
-1.232,-2.176,CD8.EM
6.917,-3.92,CD8.TEMRA
-0.09,-0.385,CD8.EM
-7.279,-2.999,CD8.TEX
-6.926,-4.558,CD8.TEX
-1.232,-0.694,CD8.EM
6.927,-4.152,CD8.TEMRA
-6.761,-2.826,CD8.TEX
-1.621,8.513,CD8.MAIT
6.15,-4.897,CD8.TEMRA
5.447,-4.854,CD8.TEMRA
-0.021,-2.97,CD8.EM
-0.53,-0.672,CD8.EM
-5.912,-4.511,CD8.TEX
1.006,3.432,CD8.CM
-6.737,-2.952,CD8.TEX
3.226,2.575,CD8.CM
0.483,0.831,CD8.EM
-6.276,-5.022,CD8.TEX
-5.987,-5.03,CD8.TEX
1.047,2.977,CD8.CM
-2.94,-3.908,CD8.EM
7.392,4.403,CD8.NaiveLike
-1.876,8.309,CD8.MAIT
6.695,-4.425,CD8.TEMRA
-7.181,-2.827,CD8.TEX
6.884,4.365,CD8.NaiveLike
6.665,4.156,CD8.NaiveLike
-0.525,-2.747,CD8.EM
6.417,4.547,CD8.NaiveLike
7.363,3.611,CD8.NaiveLike
5.613,4.666,CD8.NaiveLike
1.208,3.654,CD8.CM
-0.356,-0.718,CD8.EM
6.922,3.328,CD8.NaiveLike
1.983,3.222,CD8.CM
6.321,4.207,CD8.NaiveLike
7.403,3.881,CD8.NaiveLike
-1.33,-1.805,CD8.EM
0.978,2.993,CD8.CM
1.915,3.322,CD8.CM
-6.739,-4.196,CD8.TEX
-6.148,-4.582,CD8.TEX
5.897,3.819,CD8.NaiveLike
1.465,3.358,CD8.CM
1.676,3.112,CD8.CM
1.407,3.129,CD8.CM
7.188,4.322,CD8.NaiveLike
0.917,3.102,CD8.CM
-6.217,-4.606,CD8.TEX
-5.973,-4.507,CD8.TEX
6.736,4.95,CD8.NaiveLike
6.424,-4.211,CD8.TEMRA
5.323,4.567,CD8.NaiveLike
-0.106,-1.884,CD8.EM
6.533,-4.443,CD8.TEMRA
-1.76,8.079,CD8.MAIT
-1.262,-1.578,CD8.EM
5.33,4.163,CD8.NaiveLike
3.254,3.716,CD8.CM
-0.507,-1.658,CD8.EM
6.225,-3.621,CD8.TEMRA
7.438,3.788,CD8.NaiveLike
0.214,-1.957,CD8.EM
-2.036,7.681,CD8.MAIT
1.562,3.817,CD8.CM
6.91,4.246,CD8.NaiveLike
2.782,-0.027,CD8.EM
-1.946,7.585,CD8.MAIT
7.065,3.951,CD8.NaiveLike
7.147,3.59,CD8.NaiveLike
7.462,3.878,CD8.NaiveLike
7.209,3.533,CD8.NaiveLike
1.635,3.428,CD8.CM
6.44,-3.733,CD8.TEMRA
-5.662,-3.711,CD8.TEX
-1.693,-1.063,CD8.EM
7.193,4.034,CD8.NaiveLike
1.623,3.208,CD8.CM
5.868,-4.309,CD8.TEMRA
-0.975,-2.183,CD8.EM
7.024,3.347,CD8.NaiveLike
1.332,3.019,CD8.CM
-0.049,-0.715,CD8.EM
-1.463,-0.927,CD8.EM
-1.486,-1.904,CD8.EM
7.058,4.394,CD8.NaiveLike
5.653,4.697,CD8.NaiveLike
6.87,3.905,CD8.NaiveLike
-6.048,-4.493,CD8.TEX
5.302,3.838,CD8.NaiveLike
6.197,-3.408,CD8.TEMRA
-6.317,-4.54,CD8.TEX
7.428,3.805,CD8.NaiveLike
1.662,3.513,CD8.CM
6.563,-4.293,CD8.TEMRA
-5.028,-4.32,CD8.TEX
-1.852,-1.117,CD8.EM
2.865,0.352,CD8.CM
5.179,3.272,CD8.NaiveLike
6.456,-4.861,CD8.TEMRA
6.262,4.046,CD8.NaiveLike
-0.483,-0.687,CD8.EM
1.45,3.519,CD8.CM
-0.842,-1.905,CD8.EM
4.419,3.122,CD8.NaiveLike
0.019,-2.953,CD8.EM
-0.894,-2.855,CD8.EM
6.731,3.265,CD8.NaiveLike
6.918,4.222,CD8.NaiveLike
2.189,2.929,CD8.CM
0.731,2.452,CD8.CM
-5.824,-4.522,CD8.TEX
-5.898,-4.347,CD8.TEX
-2.26,-1.317,CD8.EM
1.316,3.756,CD8.CM
-4.06,-2.902,CD8.TEX
-6.354,-4.617,CD8.TEX
1.262,2.974,CD8.CM
2.592,-0.17,CD8.EM
4.941,-3.717,CD8.EM
7.039,3.64,CD8.NaiveLike
0.194,-2.102,CD8.EM
3.644,3.77,CD8.CM
1.2,2.891,CD8.CM
1.839,4.025,CD8.CM
-0.92,-1.294,CD8.EM
7.265,4.358,CD8.NaiveLike
-5.717,-4.63,CD8.TEX
1.166,3.8,CD8.CM
1.814,3.182,CD8.CM
6.668,4.05,CD8.NaiveLike
7.205,4.53,CD8.NaiveLike
1.383,2.98,CD8.CM
7.025,3.858,CD8.NaiveLike
7.288,4.314,CD8.NaiveLike
6.162,4.033,CD8.NaiveLike
2.09,2.874,CD8.CM
3.083,0.239,CD8.NaiveLike
-0.324,-1.853,CD8.EM
6.711,4.025,CD8.NaiveLike
-6.266,-4.053,CD8.TEX
0.023,-1.575,CD8.EM
1.959,3.301,CD8.CM
1.688,2.272,CD8.CM
-5.872,-4.025,CD8.TEX
0.5,-1.504,CD8.EM
1.156,4.277,CD8.CM
1.763,4.172,CD8.CM
2.105,3.244,CD8.CM
4.911,4.684,CD8.CM
4.624,3.254,CD8.NaiveLike
6.938,3.541,CD8.NaiveLike
-0.758,-0.948,CD8.EM
6.27,3.117,CD8.NaiveLike
1.867,3.145,CD8.CM
6.576,3.862,CD8.NaiveLike
0.186,-1.5,CD8.EM
-5.624,-4.22,CD8.TEX
5.154,4.735,CD8.NaiveLike
1.661,3.735,CD8.CM
-6.903,-3.995,CD8.TEX
6.411,-5.16,CD8.TEMRA
-4.99,-0.171,CD8.TPEX
5.619,-3.676,CD8.TEMRA
1.994,4.825,CD8.CM
1.715,4.799,CD8.CM
-1.378,-1.299,CD8.EM
6.855,4.466,CD8.NaiveLike
-1.375,-2.034,CD8.EM
6.721,4.248,CD8.NaiveLike
-2.342,7.662,CD8.MAIT
2.004,3.453,CD8.CM
-1.822,-1.649,CD8.EM
-0.837,-0.991,CD8.EM
-1.309,-1.319,CD8.EM
2.079,3.348,CD8.CM
-1.986,7.821,CD8.MAIT
1.647,2.556,CD8.CM
-1.825,8.247,CD8.MAIT
-6.053,-4.302,CD8.TEX
-5.736,-3.896,CD8.TEX
1.002,0.474,CD8.CM
4.683,3.421,CD8.NaiveLike
2.878,0.504,CD8.CM
-0.302,-2.72,CD8.EM
-6.467,-3.527,CD8.TEX
-1.147,-2.136,CD8.EM
-6.555,-4.292,CD8.TEX
-0.269,-3.117,CD8.EM
-1.435,-0.963,CD8.EM
5.768,4.328,CD8.NaiveLike
-2.264,7.565,CD8.MAIT
6.375,4.261,CD8.NaiveLike
-0.355,-0.147,CD8.EM
0.067,-2.465,CD8.EM
6.977,4.463,CD8.NaiveLike
6.739,4.439,CD8.NaiveLike
1.288,3.071,CD8.CM
-2.104,-1.33,CD8.EM
1.701,3.708,CD8.CM
-0.785,-0.485,CD8.EM
1.865,3.764,CD8.CM
-0.664,-2.726,CD8.EM
-0.059,-2.29,CD8.EM
1.439,3.279,CD8.CM
-1.276,-2.586,CD8.EM
2.331,-0.358,CD8.EM
7.003,4.069,CD8.NaiveLike
6.81,3.355,CD8.NaiveLike
-1.648,-1.491,CD8.EM
7.397,4.094,CD8.NaiveLike
2.234,2.805,CD8.CM
-1.325,-1.794,CD8.EM
2.435,1.723,CD8.CM
0.75,3.573,CD8.CM
-7.122,-3.569,CD8.TEX
-6.394,-4.943,CD8.TEX
3.153,0.317,CD8.NaiveLike
-1.659,8.425,CD8.MAIT
1.861,4.71,CD8.CM
1.147,3.905,CD8.CM
-0.668,-0.503,CD8.EM
7.274,4.698,CD8.NaiveLike
-1.65,-3.201,CD8.EM
1.375,3.011,CD8.CM
-6.892,-3.714,CD8.TEX
6.462,4.282,CD8.NaiveLike
1.786,3.242,CD8.CM
1.654,3.054,CD8.CM
-1.446,-0.891,CD8.EM
0.825,4.012,CD8.CM
5.99,3.64,CD8.NaiveLike
-5.674,-4.931,CD8.TEX
2.134,4.906,CD8.CM
1.009,3.819,CD8.CM
-3.516,-3.752,CD8.TEX
2.806,3.259,CD8.CM
2.051,4.742,CD8.CM
1.856,3.359,CD8.CM
-6.536,-4.423,CD8.TEX
-1.795,8.078,CD8.MAIT
-6.873,-4.739,CD8.TEX
-0.513,-3.074,CD8.EM
-2.136,8.124,CD8.MAIT
-6.139,-4.339,CD8.TEX
-0.079,-1.971,CD8.EM
1.506,0.815,CD8.EM
7.254,4.286,CD8.NaiveLike
-5.512,-4.613,CD8.TEX
-0.538,-1.432,CD8.EM
-0.213,-0.816,CD8.EM
1.654,3.344,CD8.CM
0.728,3.356,CD8.CM
7.067,4.019,CD8.NaiveLike
1.79,2.759,CD8.CM
-0.041,-1.648,CD8.EM
7.171,3.494,CD8.NaiveLike
-1.424,-1.276,CD8.EM
7.014,3.68,CD8.NaiveLike
-0.074,-1.571,CD8.EM
0.882,3.629,CD8.CM
-6.094,-4.504,CD8.TEX
1.564,3.285,CD8.CM
7.047,4.256,CD8.NaiveLike
0.297,-0.604,CD8.EM
2.996,0.102,CD8.TEX
6.13,4.505,CD8.NaiveLike
6.079,4.404,CD8.NaiveLike
0.316,-0.78,CD8.EM
-6.728,-4.77,CD8.TEX
1.393,3.963,CD8.CM
6.93,3.207,CD8.NaiveLike
1.966,1.941,CD8.CM
6.947,3.758,CD8.NaiveLike
2.974,0.061,CD8.TEMRA
6.512,3.942,CD8.NaiveLike
0.652,-1.388,CD8.EM
-6.366,-4.237,CD8.TEX
7.379,4.296,CD8.NaiveLike
-6.024,-3.894,CD8.TEX
1.534,3.27,CD8.CM
6.871,4.098,CD8.NaiveLike
-6.303,-4.841,CD8.TEX
-0.98,-1.116,CD8.EM
-1.526,-2.205,CD8.EM
0.087,-0.988,CD8.EM
0.762,3.68,CD8.CM
1.733,3.265,CD8.CM
5.988,3.876,CD8.NaiveLike
-5.593,-4.31,CD8.TEX
1.816,3.16,CD8.CM
1.507,2.745,CD8.CM
-1.243,-1.64,CD8.EM
2.025,2.397,CD8.CM
6.738,4.112,CD8.NaiveLike
-6.63,-4.767,CD8.TEX
-1.835,8.171,CD8.MAIT
-7.087,-4.334,CD8.TEX
-6.807,-4.424,CD8.TEX
0.721,3.517,CD8.CM
6.35,4.059,CD8.NaiveLike
-1.319,-1.918,CD8.EM
2.824,-0.043,CD8.EM
5.143,3.54,CD8.NaiveLike
-6.981,-2.948,CD8.TEX
1.135,3.829,CD8.CM
5.918,-4.528,CD8.TEMRA
4.354,5.256,CD8.CM
1.754,4.786,CD8.CM
7.012,3.593,CD8.NaiveLike
6.941,3.59,CD8.NaiveLike
-5.115,-4.788,CD8.TEX
6.692,4.33,CD8.NaiveLike
2.875,-0.096,CD8.TEX
1.264,3.245,CD8.CM
2.19,3.058,CD8.CM
0.471,0.956,CD8.CM
-1.107,-2.874,CD8.EM
6.074,3.755,CD8.NaiveLike
1.777,4.015,CD8.CM
6.8,4.364,CD8.NaiveLike
1.638,4.271,CD8.CM
6.6,3.817,CD8.NaiveLike
6.802,4.349,CD8.NaiveLike
7.024,3.76,CD8.NaiveLike
2.2,3.577,CD8.CM
-0.177,0.297,CD8.EM
6.495,4.468,CD8.NaiveLike
-0.949,-0.709,CD8.EM
-6.831,-3.098,CD8.TEX
7.039,4.316,CD8.NaiveLike
2.068,3.145,CD8.CM
5.936,-4.883,CD8.TEMRA
7.146,3.684,CD8.NaiveLike
1.891,3.098,CD8.CM
4.241,4.236,CD8.CM
6.611,3.486,CD8.NaiveLike
0.897,3.065,CD8.CM
1.38,3.116,CD8.CM
-0.21,-0.561,CD8.EM
-1.554,-2.166,CD8.EM
6.406,4.376,CD8.NaiveLike
-1.243,-2.109,CD8.EM
6.014,3.972,CD8.NaiveLike
-1.116,-1.837,CD8.EM
-5.82,-4.247,CD8.TEX
1.602,2.886,CD8.CM
1.902,3.783,CD8.CM
6.975,4.548,CD8.NaiveLike
-6.15,-4.099,CD8.TEX
5.91,2.995,CD8.NaiveLike
1.069,3.164,CD8.CM
1.345,3.82,CD8.CM
0.465,-1.552,CD8.EM
0.981,3.519,CD8.CM
5.566,-5.206,CD8.CM
6.685,4.393,CD8.NaiveLike
-0.89,-0.567,CD8.EM
5.893,3.496,CD8.NaiveLike
6.985,3.694,CD8.NaiveLike
-0.612,-1.375,CD8.EM
-6.704,-4.718,CD8.TEX
6.932,3.983,CD8.NaiveLike
0.86,3.625,CD8.CM
6.876,3.693,CD8.NaiveLike
-1.004,-2.319,CD8.EM
6.057,4.021,CD8.NaiveLike
1.498,4.234,CD8.CM
6.008,3.954,CD8.NaiveLike
6.547,4.652,CD8.NaiveLike
2.105,4.02,CD8.CM
7.47,3.958,CD8.NaiveLike
-5.967,-3.786,CD8.TEX
6.243,4.46,CD8.NaiveLike
2.018,3.068,CD8.CM
7.267,3.727,CD8.NaiveLike
5.423,3.404,CD8.NaiveLike
-0.836,-3.116,CD8.EM
-1.857,-1.918,CD8.EM
-1.238,-0.708,CD8.EM
1.649,3.322,CD8.CM
-0.751,-1.721,CD8.EM
6.121,3.322,CD8.NaiveLike
4.598,4.332,CD8.NaiveLike
0.7,3.882,CD8.CM
6.891,-4.128,CD8.TEMRA
-5.741,-3.763,CD8.TEX
2.036,3.17,CD8.CM
-5.647,-4.467,CD8.TEX
5.903,-3.976,CD8.TEMRA
1.227,3.329,CD8.CM
-1.188,-2.652,CD8.EM
-0.733,-1.408,CD8.EM
-5.931,-4.47,CD8.TEX
-2.475,-3.607,CD8.CM
-6.566,-5.256,CD8.TEX
-4.885,-4.613,CD8.TEX
1.541,3.869,CD8.CM
6.64,-4.346,CD8.TEMRA
2.921,3.41,CD8.CM
-1.435,-1.736,CD8.EM
0.98,3.176,CD8.CM
-0.538,-0.473,CD8.EM
-6.02,-4.338,CD8.TEX
-0.145,-0.81,CD8.EM
-0.792,-2.616,CD8.EM
6.635,4.266,CD8.NaiveLike
1.611,4.213,CD8.CM
-5.414,-4.842,CD8.TEX
6.197,3.768,CD8.NaiveLike
5.297,4.051,CD8.NaiveLike
-1.064,-1.545,CD8.EM
4.643,3.098,CD8.NaiveLike
-5.112,-4.951,CD8.TEX
5.829,4.31,CD8.NaiveLike
-1.774,7.876,CD8.MAIT
6.8,3.701,CD8.NaiveLike
1.317,3.398,CD8.CM
7.276,3.807,CD8.NaiveLike
6.987,3.49,CD8.NaiveLike
-6.286,-4.873,CD8.TEX
1.792,3.071,CD8.CM
7.005,3.736,CD8.NaiveLike
-5.529,-4.354,CD8.TEX
-6.926,-3.563,CD8.TEX
-1.587,-1.807,CD8.EM
-5.361,-4.461,CD8.TEX
4.562,3.723,CD8.NaiveLike
7.026,4.391,CD8.NaiveLike
-6.836,-4.039,CD8.TEX
1.431,2.494,CD8.CM
6.375,4.799,CD8.NaiveLike
6.849,4.322,CD8.NaiveLike
6.665,4.349,CD8.NaiveLike
6.336,3.518,CD8.NaiveLike
0.2,-0.726,CD8.EM
1.996,3.355,CD8.CM
1.6,3.782,CD8.CM
7.06,3.356,CD8.NaiveLike
-1.267,-2.582,CD8.EM
6.067,4.718,CD8.NaiveLike
-0.07,-1.327,CD8.EM
1.369,3.579,CD8.CM
1.526,4.856,CD8.CM
5.202,3.602,CD8.CM
2.608,0.433,CD8.CM
-1.24,-3.274,CD8.EM
2.049,3.638,CD8.CM
5.86,-5.106,CD8.TEMRA
-3.045,-3.861,CD8.EM
-1.574,-1.555,CD8.EM
7.31,3.81,CD8.NaiveLike
-6.407,-4.598,CD8.TEX
0.289,-2.06,CD8.TEMRA
-0.784,-1.63,CD8.EM
7.102,3.279,CD8.NaiveLike
6.943,3.454,CD8.NaiveLike
-1.435,-0.866,CD8.EM
1.513,3.744,CD8.CM
4.828,5.166,CD8.NaiveLike
-7.165,-3.547,CD8.TEX
-2.31,-1.881,CD8.EM
-1.936,-1.994,CD8.EM
-1.916,7.493,CD8.MAIT
-6.003,-3.381,CD8.TEX
-0.227,-1.337,CD8.EM
0.019,-0.815,CD8.EM
7.127,4.712,CD8.NaiveLike
6.485,-5.145,CD8.TEMRA
0.8,3.787,CD8.CM
0.664,-0.732,CD8.EM
-1.465,-2.167,CD8.EM
7.222,4.034,CD8.NaiveLike
-5.909,0.094,CD8.TPEX
-3.509,8.117,CD8.MAIT
0.535,-2.218,CD8.EM
1.652,2.719,CD8.CM
-1.566,8.041,CD8.MAIT
-1.733,-1.174,CD8.EM
-0.232,-0.0,CD8.CM
1.229,3.102,CD8.CM
-6.419,-5.066,CD8.TEX
5.896,-3.533,CD8.TEMRA
-7.015,-3.151,CD8.TEX
-1.677,8.494,CD8.MAIT
-1.385,7.855,CD8.MAIT
-1.798,7.324,CD8.MAIT
-4.921,0.498,CD8.TPEX
6.546,-4.21,CD8.TEMRA
-6.052,-5.275,CD8.TEX
-6.224,-3.837,CD8.TEX
0.803,3.478,CD8.CM
-0.32,-1.038,CD8.EM
-6.088,-5.031,CD8.TEX
-0.822,-2.338,CD8.EM
6.293,-5.013,CD8.TEMRA
-4.511,-4.126,CD8.TEX
-1.8,7.941,CD8.MAIT
-2.092,-1.374,CD8.EM
-1.19,-3.228,CD8.EM
1.888,2.835,CD8.CM
-5.872,-4.511,CD8.TEX
2.445,2.792,CD8.CM
5.54,-4.142,CD8.TEMRA
5.978,-4.704,CD8.TEMRA
0.193,-0.855,CD8.EM
0.046,-0.341,CD8.EM
-0.989,-3.211,CD8.EM
5.563,-4.698,CD8.TEMRA
0.827,-0.133,CD8.EM
0.1,-1.316,CD8.EM
-1.531,8.158,CD8.MAIT
6.309,3.537,CD8.NaiveLike
-1.451,7.853,CD8.MAIT
-1.325,-0.561,CD8.EM
-0.036,-2.761,CD8.TEX
-1.46,-0.273,CD8.EM
6.845,3.075,CD8.NaiveLike
7.382,3.684,CD8.NaiveLike
-1.251,-1.983,CD8.EM
-3.269,7.869,CD8.MAIT
-6.04,-5.339,CD8.TEX
0.672,-2.355,CD8.EM
-3.1,8.054,CD8.MAIT
7.031,-4.574,CD8.TEMRA
1.576,4.193,CD8.CM
-1.229,-1.424,CD8.EM
5.313,3.929,CD8.NaiveLike
-1.676,8.046,CD8.MAIT
-6.637,-5.262,CD8.TEX
-2.145,7.566,CD8.MAIT
-1.017,-1.094,CD8.EM
-1.635,-2.216,CD8.EM
-2.308,-0.604,CD8.EM
3.379,2.911,CD8.CM
0.512,3.374,CD8.CM
5.636,-4.056,CD8.TEMRA
1.363,3.69,CD8.CM
-1.838,7.321,CD8.MAIT
4.626,3.624,CD8.NaiveLike
5.813,-4.221,CD8.TEMRA
-1.552,7.749,CD8.MAIT
-0.922,-1.129,CD8.EM
4.853,4.222,CD8.NaiveLike
6.381,-4.369,CD8.TEMRA
0.439,-1.917,CD8.EM
6.731,3.211,CD8.NaiveLike
-1.678,-2.152,CD8.EM
-0.726,-2.406,CD8.EM
-1.769,7.9,CD8.MAIT
-0.654,-1.871,CD8.CM
7.452,3.604,CD8.NaiveLike
-1.519,-0.796,CD8.EM
-6.391,-5.309,CD8.TEX
3.495,2.304,CD8.CM
5.445,2.983,CD8.NaiveLike
-3.241,8.01,CD8.MAIT
0.222,-0.386,CD8.EM
5.247,3.803,CD8.NaiveLike
5.876,-4.617,CD8.TEMRA
2.261,0.953,CD8.CM
-1.827,-2.637,CD8.EM
6.128,3.147,CD8.NaiveLike
0.119,-1.588,CD8.EM
-6.231,-4.257,CD8.TEX
-0.521,-2.637,CD8.TEMRA
6.825,-4.363,CD8.TEMRA
-2.109,-2.318,CD8.EM
-6.321,-3.692,CD8.TEX
-1.353,-1.039,CD8.EM
1.825,3.83,CD8.CM
-1.805,7.207,CD8.MAIT
-4.03,-3.542,CD8.TEX
0.341,-1.277,CD8.EM
6.394,-4.942,CD8.TEMRA
5.393,4.448,CD8.NaiveLike
0.291,-0.278,CD8.CM
-1.778,-1.798,CD8.EM
-4.029,-2.77,CD8.TEX
0.597,-1.555,CD8.EM
1.985,2.892,CD8.CM
-0.858,-0.952,CD8.EM
6.874,-4.006,CD8.TEMRA
0.664,-0.328,CD8.EM
-6.2,-4.192,CD8.TEX
-0.521,-0.217,CD8.EM
0.313,-0.861,CD8.EM
-1.702,-0.666,CD8.EM
-1.381,-2.953,CD8.EM
2.479,3.439,CD8.CM
0.045,-2.645,CD8.EM
0.042,1.301,CD8.EM
1.258,0.299,CD8.CM
-3.295,7.97,CD8.MAIT
-2.569,-2.309,CD8.EM
1.742,2.978,CD8.CM
5.958,-4.396,CD8.TEMRA
-6.464,0.113,CD8.TPEX
3.825,2.772,CD8.CM
4.687,4.145,CD8.NaiveLike
-6.062,-3.829,CD8.TEX
-0.915,-0.8,CD8.EM
6.643,-4.516,CD8.CM
6.539,-4.498,CD8.TEMRA
6.06,-3.914,CD8.TEMRA
4.637,-4.288,CD8.EM
-2.048,-1.562,CD8.EM
4.841,4.096,CD8.NaiveLike
-2.338,-1.152,CD8.EM
0.482,-2.076,CD8.EM
2.041,3.306,CD8.CM
-0.939,-0.534,CD8.EM
-0.889,-0.806,CD8.EM
1.245,2.413,CD8.CM
-1.79,-0.652,CD8.EM
5.625,-3.859,CD8.TEMRA
1.762,3.004,CD8.CM
-0.819,-0.608,CD8.EM
-4.761,-4.137,CD8.TEX
-3.354,8.157,CD8.MAIT
5.523,-3.802,CD8.TEMRA
-1.712,-1.902,CD8.EM
-1.6,-1.856,CD8.EM
0.103,-2.036,CD8.EM
0.6,-1.587,CD8.EM
-1.959,-1.409,CD8.EM
-0.065,-0.197,CD8.EM
5.737,-4.152,CD8.TEMRA
-1.705,-1.985,CD8.EM
5.657,4.661,CD8.NaiveLike
-2.841,-3.679,CD8.TEX
0.825,3.582,CD8.CM
-2.94,-3.557,CD8.CM
0.392,-2.288,CD8.EM
-1.663,8.383,CD8.MAIT
-3.435,8.1,CD8.MAIT
-0.659,-1.714,CD8.EM
6.3,3.449,CD8.NaiveLike
-1.656,8.054,CD8.MAIT
0.42,-1.291,CD8.EM
1.315,3.049,CD8.CM
-2.469,7.823,CD8.MAIT
5.468,-3.874,CD8.TEMRA
-4.896,-3.61,CD8.TEX
-0.591,-2.138,CD8.EM
-6.944,-2.976,CD8.TEX
1.821,3.031,CD8.CM
-6.268,-2.433,CD8.TEX
5.562,-4.839,CD8.TEMRA
-5.997,-3.751,CD8.TEX
-7.122,-2.846,CD8.TEX
6.31,3.416,CD8.NaiveLike
0.482,-1.644,CD8.EM
6.938,-4.209,CD8.CM
-1.448,-1.373,CD8.EM
5.787,-3.435,CD8.TEMRA
-1.547,7.592,CD8.MAIT
6.877,-4.596,CD8.TEMRA
6.183,3.197,CD8.NaiveLike
7.303,3.626,CD8.NaiveLike
5.736,-3.92,CD8.TEMRA
0.769,-1.345,CD8.EM
6.311,3.015,CD8.NaiveLike
-1.775,-1.903,CD8.EM
4.788,5.151,CD8.NaiveLike
-5.923,0.038,CD8.TPEX
-2.558,-2.659,CD8.EM
1.171,3.302,CD8.CM
5.664,-4.83,CD8.TEMRA
0.443,-0.429,CD8.EM
-4.938,-4.416,CD8.TEX
-3.577,-3.332,CD8.TEX
0.226,-2.417,CD8.EM
4.427,3.952,CD8.NaiveLike
-1.258,-2.196,CD8.EM
0.604,-0.722,CD8.EM
0.167,-0.173,CD8.EM
4.088,3.047,CD8.NaiveLike
-2.014,7.412,CD8.MAIT
-6.071,-4.908,CD8.TEX
5.75,-4.108,CD8.TEMRA
-2.117,7.8,CD8.MAIT
-1.039,-0.464,CD8.EM
-7.24,-2.839,CD8.TEX
1.514,4.053,CD8.CM
1.694,2.979,CD8.CM
-1.563,7.377,CD8.MAIT
0.831,0.461,CD8.CM
-6.692,-5.157,CD8.TEX
6.77,-4.694,CD8.TEMRA
-3.679,8.089,CD8.MAIT
-3.248,8.194,CD8.MAIT
4.159,4.234,CD8.NaiveLike
5.063,-4.32,CD8.TEMRA
0.015,-0.881,CD8.EM
-1.459,-0.755,CD8.EM
-6.13,-5.391,CD8.TEX
4.254,4.077,CD8.NaiveLike
0.971,3.589,CD8.CM
0.562,-0.215,CD8.EM
-0.471,-1.278,CD8.EM
-1.677,7.416,CD8.MAIT
4.388,4.036,CD8.NaiveLike
5.482,-5.053,CD8.TEMRA
0.209,-0.429,CD8.CM
5.107,-3.771,CD8.EM
-7.368,-3.499,CD8.TEX
6.53,3.109,CD8.CM
-1.264,-2.706,CD8.EM
3.979,3.226,CD8.CM
-2.17,7.468,CD8.MAIT
-1.36,-1.203,CD8.EM
-6.765,-4.822,CD8.TEX
4.823,3.687,CD8.NaiveLike
-1.651,-2.149,CD8.EM
-1.997,7.665,CD8.MAIT
0.627,-0.949,CD8.CM
6.911,3.412,CD8.NaiveLike
0.341,-0.479,CD8.EM
-2.59,7.897,CD8.MAIT
-5.207,-4.308,CD8.TEX
0.647,0.335,CD8.CM
5.829,-4.435,CD8.TEMRA
-6.11,-4.122,CD8.TEX
-1.879,-0.948,CD8.EM
0.096,-1.888,CD8.EM
5.278,-4.406,CD8.TEMRA
6.748,-4.316,CD8.TEMRA
-0.579,-0.692,CD8.EM
2.269,4.101,CD8.CM
0.955,-0.034,CD8.CM
6.707,-5.084,CD8.TEMRA
-3.594,8.146,CD8.MAIT
6.93,-4.403,CD8.CM
5.561,-3.776,CD8.TEMRA
0.16,-0.086,CD8.EM
-6.808,-0.275,CD8.TPEX
0.902,3.13,CD8.CM
-5.97,-5.171,CD8.TEX
-3.705,-3.538,CD8.TEX
0.322,-0.814,CD8.EM
-2.066,-2.1,CD8.EM
1.324,3.426,CD8.CM
6.346,4.001,CD8.CM
-2.003,-1.346,CD8.EM
-4.92,-0.109,CD8.TPEX
5.358,-4.895,CD8.TEMRA
5.843,-4.917,CD8.TEMRA
0.237,-0.835,CD8.EM
-6.557,-4.267,CD8.TEX
1.603,4.377,CD8.CM
-4.09,-4.419,CD8.TEX
6.195,-3.548,CD8.TEMRA
1.128,-0.037,CD8.CM
-3.232,8.283,CD8.MAIT
4.961,-4.565,CD8.TEMRA
-1.857,7.542,CD8.MAIT
6.165,3.322,CD8.CM
4.462,3.308,CD8.CM
4.146,3.87,CD8.NaiveLike
-0.487,-3.142,CD8.EM
-1.466,-3.211,CD8.CM
0.258,-0.704,CD8.EM
-1.184,-2.961,CD8.EM
-6.004,-5.393,CD8.TEX
0.364,-1.793,CD8.CM
6.165,-5.171,CD8.TEMRA
1.03,-2.057,CD8.EM
6.689,-4.796,CD8.TEMRA
5.789,-4.477,CD8.TEMRA
1.816,4.482,CD8.CM
5.83,-3.361,CD8.TEMRA
5.625,-3.906,CD8.TEMRA
6.562,-4.9,CD8.TEMRA
5.707,-4.152,CD8.TEMRA
4.725,4.237,CD8.NaiveLike
5.889,-4.757,CD8.TEMRA
3.2,4.036,CD8.CM
5.932,-3.602,CD8.TEMRA
6.872,-3.789,CD8.TEMRA
1.578,3.723,CD8.CM
4.765,3.666,CD8.NaiveLike
6.266,-5.153,CD8.TEMRA
6.71,-4.032,CD8.TEMRA
6.476,-4.895,CD8.TEMRA
4.315,3.395,CD8.NaiveLike
6.299,-4.985,CD8.TEMRA
6.633,-4.01,CD8.TEMRA
5.753,-3.286,CD8.TEMRA
5.436,-4.641,CD8.TEMRA
-1.403,-1.039,CD8.EM
6.195,-4.418,CD8.TEMRA
4.489,3.919,CD8.NaiveLike
2.246,2.639,CD8.CM
1.047,3.774,CD8.CM
6.046,-5.06,CD8.TEMRA
-1.435,-2.564,CD8.EM
6.547,-4.546,CD8.TEMRA
6.371,-4.355,CD8.CM
4.275,3.223,CD8.NaiveLike
6.568,-4.806,CD8.TEMRA
6.931,-3.816,CD8.TEMRA
5.514,-4.551,CD8.TEMRA
-1.046,-0.192,CD8.CM
5.765,-4.723,CD8.TEMRA
5.312,3.908,CD8.NaiveLike
5.084,3.183,CD8.NaiveLike
5.971,3.382,CD8.NaiveLike
5.833,-4.59,CD8.TEMRA
5.334,-4.551,CD8.TEMRA
-5.443,-4.945,CD8.TEX
6.24,-3.497,CD8.TEMRA
1.349,1.52,CD8.CM
0.396,-0.531,CD8.EM
6.271,-4.247,CD8.TEMRA
5.27,-3.982,CD8.CM
-0.308,-2.99,CD8.EM
5.49,-3.976,CD8.TEMRA
1.465,2.863,CD8.CM
6.82,4.043,CD8.NaiveLike
5.783,-4.903,CD8.TEMRA
4.39,3.882,CD8.NaiveLike
-3.138,8.022,CD8.MAIT
0.473,-2.036,CD8.EM
6.17,-4.098,CD8.TEMRA
6.231,3.255,CD8.NaiveLike
5.926,-3.256,CD8.TEMRA
1.848,2.812,CD8.CM
5.611,-3.696,CD8.TEMRA
1.01,3.509,CD8.CM
6.744,-3.849,CD8.TEMRA
-6.441,-4.813,CD8.TEX
6.579,-3.595,CD8.TEMRA
6.623,-3.856,CD8.TEMRA
1.907,1.617,CD8.CM
1.246,3.696,CD8.CM
5.988,-3.288,CD8.TEMRA
6.16,-4.94,CD8.TEMRA
0.057,-0.508,CD8.CM
1.014,3.016,CD8.CM
0.682,3.132,CD8.CM
5.563,-3.638,CD8.TEMRA
-0.024,-2.069,CD8.EM
3.298,3.492,CD8.CM
0.922,-1.679,CD8.CM
6.448,-4.87,CD8.TEMRA
6.104,-4.164,CD8.TEMRA
5.742,-4.258,CD8.TEMRA
1.354,3.164,CD8.CM
5.675,-3.323,CD8.TEMRA
1.447,2.007,CD8.EM
6.359,-3.502,CD8.TEMRA
6.598,-4.914,CD8.TEMRA
1.364,3.901,CD8.CM
5.938,-5.003,CD8.TEMRA
1.682,3.802,CD8.CM
0.01,-1.738,CD8.EM
6.071,5.229,CD8.NaiveLike
5.824,-4.945,CD8.TEMRA
4.426,3.224,CD8.NaiveLike
5.818,-4.612,CD8.TEMRA
6.442,-3.526,CD8.TEMRA
6.445,-4.794,CD8.TEMRA
0.547,-2.219,CD8.EM
-2.281,7.821,CD8.MAIT
0.638,3.081,CD8.CM
2.353,2.948,CD8.CM
6.368,-4.906,CD8.TEMRA
1.266,2.718,CD8.CM
5.752,-5.153,CD8.TEMRA
4.769,3.278,CD8.NaiveLike
0.097,-0.879,CD8.EM
2.077,3.01,CD8.CM
5.404,-4.018,CD8.EM
6.703,-4.76,CD8.TEMRA
6.566,-3.958,CD8.TEMRA
5.834,-4.872,CD8.TEMRA
1.275,2.87,CD8.CM
5.662,-4.487,CD8.TEMRA
5.896,-3.535,CD8.TEMRA
4.906,-3.891,CD8.TPEX
6.122,-4.581,CD8.TEMRA
6.058,-4.794,CD8.TEMRA
6.977,-3.987,CD8.TEMRA
1.002,4.065,CD8.CM
-0.629,-2.074,CD8.EM
5.655,-4.359,CD8.TEMRA
3.273,3.305,CD8.CM
6.277,-3.789,CD8.TEMRA
5.273,-4.287,CD8.TEMRA
4.193,3.763,CD8.NaiveLike
6.036,-3.409,CD8.TEMRA
6.125,-5.079,CD8.TEMRA
-1.602,-2.992,CD8.EM
1.92,3.918,CD8.CM
5.419,-3.359,CD8.EM
6.185,-4.179,CD8.TEMRA
5.477,-4.795,CD8.TEMRA
1.638,2.918,CD8.CM
5.349,-4.817,CD8.TEMRA
1.107,-1.805,CD8.CM
6.465,3.433,CD8.NaiveLike
6.501,-4.948,CD8.CM
6.329,-4.875,CD8.TEMRA
3.377,2.658,CD8.CM
6.521,-4.151,CD8.TEMRA
6.582,-3.558,CD8.TEMRA
3.919,4.224,CD8.CM
6.347,-4.158,CD8.TEMRA
1.995,2.287,CD8.CM
1.142,1.939,CD8.CM
6.55,-3.787,CD8.TEMRA
6.192,-4.597,CD8.TEMRA
0.86,3.422,CD8.CM
5.759,-4.397,CD8.TEMRA
0.954,3.002,CD8.CM
6.696,-4.531,CD8.TEMRA
6.037,-5.39,CD8.TEMRA
5.949,-4.113,CD8.TEMRA
0.966,3.351,CD8.CM
5.295,-4.027,CD8.TEMRA
-0.284,0.062,CD8.CM
-7.095,-3.4,CD8.TEX
6.453,-4.777,CD8.TEMRA
6.887,-3.831,CD8.TEMRA
6.893,-3.878,CD8.TEMRA
2.178,1.186,CD8.EM
-4.594,-4.455,CD8.TEX
6.667,-4.822,CD8.TEMRA
6.637,-4.988,CD8.TEMRA
5.924,-4.851,CD8.TEMRA
0.434,-0.684,CD8.CM
2.778,3.714,CD8.CM
5.148,3.282,CD8.CM
5.96,-4.288,CD8.TEMRA
5.66,-4.473,CD8.TEMRA
1.29,3.281,CD8.CM
6.434,-3.861,CD8.TEMRA
6.323,-4.952,CD8.TEMRA
6.558,-4.053,CD8.TEMRA
1.166,4.395,CD8.CM
5.959,-5.148,CD8.TEMRA
7.277,4.062,CD8.NaiveLike
6.444,-4.071,CD8.TEMRA
1.673,4.002,CD8.CM
6.067,-4.865,CD8.TEMRA
6.582,-4.276,CD8.TEMRA
-1.763,-1.955,CD8.EM
6.466,-4.287,CD8.TEMRA
5.841,-3.508,CD8.TEMRA
5.073,-4.364,CD8.TEMRA
5.619,-4.625,CD8.TEMRA
-0.976,-0.37,CD8.EM
5.93,-4.674,CD8.TEMRA
5.65,-4.496,CD8.TEMRA
4.728,3.999,CD8.NaiveLike
4.613,4.916,CD8.NaiveLike
6.588,-3.652,CD8.TEMRA
1.084,3.388,CD8.CM
-0.881,-1.514,CD8.EM
4.702,3.603,CD8.CM
5.887,-4.742,CD8.TEMRA
5.204,-4.354,CD8.TEMRA
5.136,3.465,CD8.NaiveLike
6.058,-4.686,CD8.TEMRA
0.252,-2.159,CD8.EM
-0.342,-1.862,CD8.EM
6.348,-4.686,CD8.TEMRA
6.652,3.37,CD8.CM
1.883,2.836,CD8.CM
5.11,4.335,CD8.NaiveLike
-1.768,-1.111,CD8.EM
7.277,3.545,CD8.NaiveLike
-0.71,-1.277,CD8.EM
6.161,-5.345,CD8.TEMRA
6.741,-4.942,CD8.TEMRA
5.847,-4.841,CD8.TEMRA
6.647,-3.822,CD8.TEMRA
5.914,-4.441,CD8.TEMRA
1.627,3.081,CD8.CM
-0.132,-2.349,CD8.EM
6.567,-4.963,CD8.TEMRA
5.892,-3.549,CD8.TEMRA
1.629,4.001,CD8.CM
6.813,-4.437,CD8.TEMRA
-5.693,-3.25,CD8.TEX
1.25,4.298,CD8.CM
4.822,-4.156,CD8.CM
6.358,-5.099,CD8.TEMRA
5.443,-3.382,CD8.TEMRA
4.453,3.554,CD8.NaiveLike
5.934,-3.324,CD8.TEMRA
6.156,-3.684,CD8.TEMRA
0.51,3.333,CD8.CM
-2.268,7.637,CD8.CM
6.325,-5.131,CD8.TEMRA
5.856,-5.012,CD8.TEMRA
5.819,-4.731,CD8.TEMRA
5.483,-3.32,CD8.TEMRA
6.001,-5.223,CD8.TEMRA
4.941,3.969,CD8.NaiveLike
0.556,3.588,CD8.CM
6.155,-5.227,CD8.TEMRA
0.243,-0.689,CD8.EM
5.854,-4.496,CD8.TEMRA
4.431,4.216,CD8.NaiveLike
5.352,3.765,CD8.NaiveLike
6.138,-4.913,CD8.TEMRA
4.636,3.878,CD8.NaiveLike
0.386,-1.125,CD8.EM
6.155,-4.847,CD8.TEMRA
6.01,-4.966,CD8.TEMRA
-6.52,-4.938,CD8.TEX
1.863,3.251,CD8.CM
5.931,-5.08,CD8.TEMRA
5.977,-5.104,CD8.TEMRA
4.841,4.72,CD8.NaiveLike
6.224,-4.05,CD8.TEMRA
-0.313,-0.928,CD8.EM
0.338,1.092,CD8.CM
5.998,-4.431,CD8.TEMRA
2.252,3.16,CD8.CM
4.397,3.755,CD8.NaiveLike
5.535,-4.914,CD8.TEMRA
5.635,-4.822,CD8.TEMRA
6.333,-4.871,CD8.TEMRA
6.012,-3.844,CD8.TEMRA
5.958,-3.897,CD8.TEMRA
5.989,-4.833,CD8.TEMRA
5.648,-3.484,CD8.CM
0.42,-0.883,CD8.EM
6.94,-4.17,CD8.TEMRA
6.253,-4.327,CD8.TEMRA
5.338,-3.882,CD8.TEMRA
0.342,-1.512,CD8.EM
-6.665,-4.154,CD8.TEX
-5.446,-3.528,CD8.TEX
5.719,-4.852,CD8.TEMRA
5.936,-4.406,CD8.TEMRA
5.34,-4.425,CD8.EM
6.804,-4.662,CD8.TEMRA
1.345,0.733,CD8.CM
0.712,-1.89,CD8.CM
5.993,-4.046,CD8.TEMRA
-6.931,-2.708,CD8.TEX
6.01,-3.404,CD8.TEMRA
6.236,-4.807,CD8.TEMRA
-6.008,-1.939,CD8.TPEX
6.353,-4.488,CD8.TEMRA
5.535,-4.363,CD8.TEMRA
0.44,3.175,CD8.CM
5.588,-4.061,CD8.TEMRA
6.085,-3.93,CD8.TEMRA
6.368,-4.123,CD8.TEMRA
6.97,-4.222,CD8.TEMRA
5.755,-4.593,CD8.TEMRA
6.176,-4.489,CD8.TEMRA
5.809,-4.913,CD8.TEMRA
6.311,-4.331,CD8.TEMRA
4.218,3.721,CD8.NaiveLike
2.157,2.838,CD8.CM
1.569,1.095,CD8.CM
4.783,3.809,CD8.NaiveLike
-4.084,0.041,CD8.EM
6.286,-3.554,CD8.TEMRA
0.644,-0.509,CD8.CM
1.744,3.397,CD8.CM
0.4,-0.721,CD8.CM
5.3,3.252,CD8.CM
5.957,-5.029,CD8.TEMRA
5.614,4.987,CD8.NaiveLike
3.184,0.295,CD8.NaiveLike
6.23,-4.879,CD8.TEMRA
1.345,3.691,CD8.CM
6.895,-3.958,CD8.TEMRA
6.094,-4.809,CD8.TEMRA
5.928,-3.601,CD8.TEMRA
5.851,-4.528,CD8.TEMRA
6.398,-5.154,CD8.CM
0.658,-0.706,CD8.EM
6.218,-4.369,CD8.TEMRA
6.635,-4.805,CD8.TEMRA
6.137,-4.583,CD8.TEMRA
5.152,-4.156,CD8.EM
4.175,3.484,CD8.NaiveLike
5.544,-4.143,CD8.TEMRA
6.18,-4.121,CD8.TEMRA
0.912,2.568,CD8.CM
2.901,0.447,CD8.CM
1.662,4.801,CD8.CM
5.069,3.443,CD8.NaiveLike
6.978,-4.432,CD8.TEMRA
6.141,-3.8,CD8.TEMRA
0.036,-1.266,CD8.EM
-1.247,-0.59,CD8.EM
0.792,-0.635,CD8.CM
-5.815,-4.664,CD8.TEX
0.831,3.531,CD8.CM
5.717,3.463,CD8.NaiveLike
2.481,1.299,CD8.CM
5.555,3.442,CD8.CM
0.398,-1.976,CD8.EM
-0.88,-2.444,CD8.CM
-1.943,-2.131,CD8.TEMRA
1.698,2.636,CD8.CM
5.914,-4.404,CD8.TEMRA
4.194,3.338,CD8.NaiveLike
6.629,-4.997,CD8.TEMRA
2.269,2.312,CD8.CM
6.506,-3.943,CD8.TEMRA
5.761,-4.982,CD8.TEMRA
1.175,2.958,CD8.CM
6.881,-3.575,CD8.TEMRA
4.739,3.375,CD8.NaiveLike
0.566,-1.911,CD8.EM
5.508,-4.965,CD8.TEMRA
6.384,-4.973,CD8.TEMRA
6.388,-4.205,CD8.TEMRA
5.879,-5.133,CD8.TEMRA
5.635,-5.068,CD8.TEMRA
0.826,-1.351,CD8.CM
5.965,-4.805,CD8.TEMRA
-0.88,-0.602,CD8.EM
6.08,-5.172,CD8.TEMRA
6.253,-3.691,CD8.TEMRA
0.44,0.141,CD8.CM
5.915,-4.543,CD8.TEMRA
6.684,4.828,CD8.NaiveLike
-5.457,-4.668,CD8.TEX
5.585,-4.834,CD8.TEMRA
6.735,-3.757,CD8.TEMRA
4.14,3.989,CD8.NaiveLike
5.832,-4.19,CD8.TEMRA
-2.842,7.807,CD8.MAIT
6.118,-4.254,CD8.TEMRA
0.674,-1.669,CD8.EM
-0.63,-1.419,CD8.EM
6.152,-5.193,CD8.TEMRA
-6.302,-5.258,CD8.TEX
2.348,3.83,CD8.CM
6.058,-4.993,CD8.CM
5.84,-5.066,CD8.TEMRA
-0.469,-0.957,CD8.EM
3.148,3.89,CD8.CM
5.839,-4.822,CD8.TEMRA
-4.991,-4.666,CD8.TEX
2.236,2.889,CD8.CM
5.949,-4.979,CD8.TEMRA
4.505,2.716,CD8.NaiveLike
6.543,3.124,CD8.NaiveLike
1.01,-2.085,CD8.CM
6.543,-3.937,CD8.TEMRA
6.903,-3.724,CD8.TEMRA
5.737,-5.032,CD8.TEMRA
6.724,-4.699,CD8.TEMRA
6.955,-4.009,CD8.TEMRA
5.821,-3.888,CD8.TEMRA
6.216,-4.676,CD8.TEMRA
4.861,4.473,CD8.NaiveLike
5.422,-3.907,CD8.TEMRA
1.585,2.851,CD8.CM
5.8,-3.558,CD8.TEMRA
1.011,3.445,CD8.CM
0.264,-1.316,CD8.EM
5.25,3.211,CD8.NaiveLike
0.685,-1.139,CD8.EM
1.212,3.729,CD8.CM
-1.23,-2.631,CD8.EM
5.407,-4.422,CD8.TEMRA
6.523,-3.475,CD8.EM
6.191,-4.715,CD8.TEMRA
6.881,-3.978,CD8.TEMRA
5.931,-5.159,CD8.TEMRA
6.684,-3.663,CD8.TEMRA
-2.202,-1.685,CD8.CM
5.304,-4.469,CD8.TEMRA
5.691,-3.893,CD8.TEMRA
0.448,-1.41,CD8.EM
4.691,4.532,CD8.NaiveLike
1.551,3.745,CD8.CM
6.505,-4.561,CD8.TEMRA
6.464,-3.816,CD8.TEMRA
5.275,-3.854,CD8.TEMRA
2.058,2.363,CD8.CM
5.472,-4.115,CD8.TEMRA
1.511,3.012,CD8.CM
5.934,-4.696,CD8.TEMRA
1.477,4.197,CD8.CM
5.73,-3.753,CD8.TEMRA
6.528,-4.938,CD8.TEMRA
6.159,-4.02,CD8.TEMRA
0.848,3.876,CD8.CM
-4.345,-2.315,CD8.TEX
2.374,3.604,CD8.CM
-0.869,-0.349,CD8.EM
5.561,-4.63,CD8.TEMRA
5.339,3.98,CD8.NaiveLike
6.345,-4.299,CD8.TEMRA
0.752,-0.183,CD8.EM
5.071,4.097,CD8.NaiveLike
5.986,-3.873,CD8.TEMRA
6.802,-4.61,CD8.TEMRA
6.656,-3.988,CD8.TEMRA
6.439,-5.087,CD8.TEMRA
6.324,-5.158,CD8.TEMRA
2.68,4.223,CD8.CM
7.041,3.183,CD8.NaiveLike
5.328,-4.343,CD8.TEMRA
6.455,-5.003,CD8.TEMRA
6.741,-3.763,CD8.TEMRA
1.931,3.234,CD8.CM
1.778,3.424,CD8.CM
4.136,3.637,CD8.NaiveLike
-1.04,-2.357,CD8.EM
5.65,-4.649,CD8.TEMRA
6.13,4.628,CD8.CM
5.668,3.464,CD8.NaiveLike
5.531,-4.396,CD8.TEMRA
6.342,-4.994,CD8.TEMRA
1.564,3.359,CD8.CM
-0.867,-0.866,CD8.EM
5.793,-5.035,CD8.TEMRA
5.045,-4.453,CD8.TEMRA
-1.345,-0.789,CD8.EM
6.374,3.198,CD8.CM
5.23,3.196,CD8.CM
5.277,-4.924,CD8.TEMRA
-0.139,-0.97,CD8.EM
1.229,2.949,CD8.CM
2.446,3.386,CD8.CM
5.501,3.279,CD8.NaiveLike
0.059,-1.346,CD8.EM
-6.494,-5.088,CD8.TEX
6.646,-3.422,CD8.TEMRA
0.885,3.632,CD8.CM
5.303,-3.852,CD8.TEMRA
-1.337,-1.827,CD8.EM
1.104,2.869,CD8.CM
5.792,-4.512,CD8.TEMRA
1.647,3.257,CD8.CM
1.919,3.561,CD8.CM
4.531,4.766,CD8.NaiveLike
-0.457,-1.431,CD8.EM
5.711,-5.12,CD8.TEMRA
6.309,-5.213,CD8.TEMRA
1.524,2.806,CD8.CM
-2.955,8.259,CD8.MAIT
4.947,4.297,CD8.NaiveLike
6.22,-5.12,CD8.TEMRA
0.736,3.428,CD8.CM
5.928,-4.696,CD8.TEMRA
1.578,1.897,CD8.CM
0.976,3.11,CD8.CM
5.612,-4.87,CD8.TEMRA
1.314,2.61,CD8.CM
0.285,-0.665,CD8.EM
1.822,2.441,CD8.CM
4.736,3.407,CD8.NaiveLike
-1.304,-1.569,CD8.EM
6.427,-5.031,CD8.TEMRA
5.925,-4.53,CD8.TEMRA
5.935,-5.215,CD8.TEMRA
4.183,3.067,CD8.NaiveLike
6.472,-5.047,CD8.TEMRA
5.989,-4.651,CD8.TEMRA
-1.826,8.239,CD8.MAIT
-0.665,-0.102,CD8.EM
-4.477,0.167,CD8.TPEX
6.277,-5.18,CD8.TEMRA
-1.531,-3.251,CD8.EM
-1.213,-2.11,CD8.EM
2.379,3.674,CD8.CM
-0.777,-0.554,CD8.EM
2.92,0.142,CD8.TEMRA
2.887,0.131,CD8.EM
1.715,2.869,CD8.CM
6.346,-3.621,CD8.TEMRA
1.019,0.34,CD8.CM
4.289,3.908,CD8.NaiveLike
4.461,3.006,CD8.NaiveLike
0.727,3.72,CD8.CM
-1.391,-1.434,CD8.EM
0.624,3.472,CD8.CM
6.413,-5.053,CD8.TEMRA
6.476,-3.587,CD8.TEMRA
2.888,2.745,CD8.CM
0.153,-1.879,CD8.EM
5.287,-3.768,CD8.TEMRA
-1.565,7.342,CD8.MAIT
0.157,-0.712,CD8.EM
6.531,-4.813,CD8.TEMRA
-2.756,8.218,CD8.MAIT
0.552,3.129,CD8.CM
-2.433,-2.056,CD8.EM
-1.434,-1.532,CD8.EM
6.319,-5.191,CD8.TEMRA
6.508,-4.709,CD8.TEMRA
2.167,3.241,CD8.EM
-0.62,-0.493,CD8.EM
6.412,-5.151,CD8.TEMRA
5.725,-4.806,CD8.TEMRA
6.079,-5.204,CD8.TEMRA
5.622,-4.773,CD8.TEMRA
6.406,3.156,CD8.NaiveLike
1.297,2.313,CD8.CM
5.751,-3.395,CD8.TEMRA
6.224,-5.301,CD8.TEMRA
2.386,2.748,CD8.CM
1.873,2.899,CD8.CM
4.464,3.743,CD8.NaiveLike
-0.663,-1.235,CD8.EM
6.171,-4.689,CD8.TEMRA
6.256,-4.643,CD8.TEMRA
6.282,-4.824,CD8.TEMRA
6.602,-4.416,CD8.TEMRA
-0.512,-3.01,CD8.EM
5.717,-3.677,CD8.TEMRA
6.452,-5.046,CD8.TEMRA
-0.193,-0.91,CD8.EM
4.613,3.804,CD8.NaiveLike
6.368,-5.135,CD8.TEMRA
-4.707,-2.516,CD8.TEX
5.766,-5.009,CD8.TEMRA
0.825,-0.42,CD8.CM
6.376,-5.21,CD8.TEMRA
5.593,-5.06,CD8.TEMRA
6.608,-5.165,CD8.TEMRA
-1.579,7.518,CD8.MAIT
-2.131,7.335,CD8.MAIT
6.013,-5.331,CD8.TEMRA
0.686,3.422,CD8.CM
2.976,0.117,CD8.TEMRA
1.964,2.602,CD8.CM
6.697,-4.639,CD8.TEMRA
-6.646,-5.108,CD8.TEX
0.954,3.904,CD8.CM
2.879,0.094,CD8.EM
7.132,3.212,CD8.NaiveLike
-0.596,-0.418,CD8.EM
-1.308,-0.616,CD8.EM
-1.822,7.987,CD8.MAIT
5.963,-5.327,CD8.TEMRA
6.135,-5.15,CD8.TEMRA
1.276,0.052,CD8.CM
1.227,3.555,CD8.CM
0.549,1.538,CD8.CM
1.457,2.999,CD8.CM
5.744,2.796,CD8.CM
6.83,-3.661,CD8.TEMRA
6.701,-4.767,CD8.TEMRA
6.073,-5.06,CD8.TEMRA
6.071,-4.389,CD8.TEMRA
1.521,3.945,CD8.CM
-1.331,-3.045,CD8.EM
2.418,2.428,CD8.CM
-4.848,0.237,CD8.TPEX
0.895,3.183,CD8.CM
5.601,5.002,CD8.NaiveLike
4.942,4.05,CD8.NaiveLike
-6.857,-3.499,CD8.TEX
0.687,-0.94,CD8.EM
4.899,3.205,CD8.NaiveLike
5.644,-4.618,CD8.TEMRA
5.36,-4.805,CD8.TEMRA
0.772,3.867,CD8.CM
1.166,3.654,CD8.CM
5.923,-4.625,CD8.TEMRA
-1.372,-0.755,CD8.EM
7.115,3.59,CD8.NaiveLike
-1.839,-1.481,CD8.EM
0.68,0.099,CD8.EM
6.485,-4.735,CD8.TEMRA
1.528,3.516,CD8.CM
-1.152,-2.01,CD8.EM
1.907,3.595,CD8.CM
-1.334,-0.886,CD8.EM
0.634,-1.818,CD8.EM
6.291,-5.081,CD8.TEMRA
6.451,-4.283,CD8.TEMRA
-1.68,-0.884,CD8.EM
-4.661,0.117,CD8.TPEX
5.753,-4.464,CD8.TEMRA
0.283,-2.395,CD8.EM
-4.756,0.46,CD8.TPEX
6.638,-5.071,CD8.TEMRA
-2.739,7.78,CD8.MAIT
5.892,-4.279,CD8.TEMRA
1.324,3.35,CD8.CM
5.966,-5.017,CD8.TEMRA
6.359,-4.711,CD8.TEMRA
1.049,3.811,CD8.CM
-1.546,-3.02,CD8.EM
6.942,-3.676,CD8.TEMRA
6.168,-4.594,CD8.TEMRA
6.666,-4.466,CD8.TEMRA
0.839,3.588,CD8.CM
-1.052,-0.347,CD8.EM
0.106,-2.389,CD8.EM
-1.719,-1.395,CD8.EM
5.962,-5.195,CD8.TEMRA
-1.524,-1.627,CD8.EM
6.022,-5.036,CD8.TEMRA
1.047,2.996,CD8.CM
6.787,3.444,CD8.NaiveLike
5.906,-4.978,CD8.TEMRA
5.517,-4.727,CD8.TEMRA
0.57,-1.427,CD8.EM
5.947,-5.198,CD8.TEMRA
-0.425,-0.676,CD8.EM
5.699,-4.712,CD8.TEMRA
-1.534,-1.558,CD8.EM
5.474,-4.132,CD8.TEMRA
4.777,2.699,CD8.CM
1.145,3.142,CD8.CM
6.141,-4.563,CD8.TEMRA
6.221,-4.408,CD8.TEMRA
1.693,3.58,CD8.CM
1.61,3.048,CD8.CM
6.071,-4.989,CD8.TEMRA
-0.509,-0.379,CD8.EM
6.127,-5.248,CD8.TEMRA
-1.911,-1.606,CD8.CM
5.537,-4.659,CD8.TEMRA
6.778,-3.628,CD8.TEMRA
6.332,-5.213,CD8.TEMRA
0.723,0.066,CD8.CM
5.712,-5.013,CD8.TEMRA
-6.227,-5.023,CD8.TEX
1.634,3.754,CD8.CM
-4.884,0.376,CD8.TPEX
4.711,2.869,CD8.NaiveLike
-0.76,-0.434,CD8.EM
2.018,2.56,CD8.CM
6.252,-5.211,CD8.TEMRA
0.007,-1.338,CD8.EM
1.751,2.878,CD8.CM
4.214,3.414,CD8.NaiveLike
6.484,-5.165,CD8.TEMRA
6.309,-4.992,CD8.TEMRA
6.284,-5.21,CD8.TEMRA
-0.607,-0.83,CD8.CM
6.632,-4.872,CD8.TEMRA
-1.697,8.169,CD8.MAIT
6.522,-4.882,CD8.TEMRA
-0.523,-0.453,CD8.EM
5.438,-4.316,CD8.TEMRA
1.117,3.058,CD8.CM
2.676,3.396,CD8.CM
1.876,2.889,CD8.CM
5.847,-4.174,CD8.TEMRA
5.866,-4.818,CD8.TEMRA
6.319,-4.904,CD8.TEMRA
6.413,-3.704,CD8.TEMRA
-1.573,-0.982,CD8.EM
1.137,0.707,CD8.CM
-3.092,7.913,CD8.MAIT
5.957,-4.512,CD8.TEMRA
0.793,-0.941,CD8.EM
3.815,2.793,CD8.NaiveLike
-3.41,7.94,CD8.MAIT
0.957,3.323,CD8.CM
-1.312,-1.977,CD8.EM
-1.539,8.055,CD8.MAIT
-0.893,-0.225,CD8.EM
1.626,2.465,CD8.CM
-0.182,-0.292,CD8.EM
5.815,-5.004,CD8.TEMRA
1.669,2.888,CD8.CM
6.272,-4.692,CD8.TEMRA
5.655,-4.83,CD8.TEMRA
1.178,3.846,CD8.CM
-1.944,-1.143,CD8.EM
-1.061,-2.335,CD8.EM
-2.746,7.859,CD8.MAIT
6.769,-3.704,CD8.TEMRA
1.899,3.316,CD8.CM
-0.9,-0.427,CD8.EM
5.961,-4.408,CD8.TEMRA
6.415,-4.625,CD8.TEMRA
6.498,-5.184,CD8.TEMRA
5.765,-5.118,CD8.TEMRA
0.722,-0.441,CD8.CM
2.214,0.818,CD8.CM
5.606,-4.44,CD8.TEMRA
-1.244,-0.969,CD8.EM
-1.969,7.341,CD8.MAIT
4.935,3.141,CD8.NaiveLike
-4.942,0.088,CD8.TPEX
4.406,4.157,CD8.NaiveLike
5.595,-5.117,CD8.TEMRA
3.794,2.152,CD8.EM
5.931,-4.482,CD8.TEMRA
-6.611,-5.249,CD8.TEX
0.827,3.562,CD8.CM
5.619,-4.706,CD8.TEMRA
1.241,3.416,CD8.CM
5.686,-4.728,CD8.TEMRA
0.832,3.617,CD8.CM
1.98,3.407,CD8.CM
-1.034,-1.692,CD8.EM
-3.552,7.959,CD8.MAIT
-1.665,8.472,CD8.MAIT
5.846,-4.482,CD8.TEMRA
0.897,3.611,CD8.CM
-0.973,-0.292,CD8.CM
-6.372,-5.015,CD8.TEX
4.192,3.274,CD8.NaiveLike
-0.946,-0.284,CD8.EM
4.872,3.332,CD8.NaiveLike
6.718,-4.82,CD8.TEMRA
1.85,3.605,CD8.CM
4.554,4.178,CD8.NaiveLike
1.118,3.575,CD8.CM
2.012,3.046,CD8.CM
6.037,-4.868,CD8.TEMRA
6.211,-5.121,CD8.TEMRA
-7.108,-3.854,CD8.TEX
6.151,-4.96,CD8.TEMRA
6.697,-3.644,CD8.TEMRA
2.6,2.831,CD8.CM
5.34,4.519,CD8.NaiveLike
6.348,-5.047,CD8.TEMRA
2.92,2.117,CD8.CM
5.013,-4.321,CD8.TEMRA
5.22,3.321,CD8.NaiveLike
3.016,2.832,CD8.CM
6.443,-5.017,CD8.TEMRA
-1.845,-1.271,CD8.EM
6.436,-4.692,CD8.TEMRA
1.744,3.144,CD8.CM
5.483,-4.387,CD8.TEMRA
1.936,2.971,CD8.CM
5.283,-4.558,CD8.TEMRA
4.421,3.693,CD8.NaiveLike
2.265,3.644,CD8.CM
6.31,-5.247,CD8.TEMRA
-3.339,-3.847,CD8.TEX
-4.778,0.361,CD8.TPEX
5.315,-4.591,CD8.TEMRA
-0.63,-0.16,CD8.EM
5.631,-4.78,CD8.TEMRA
1.126,3.334,CD8.CM
5.832,-3.59,CD8.TEMRA
6.116,-4.306,CD8.TEMRA
5.247,3.645,CD8.NaiveLike
1.639,1.968,CD8.CM
6.863,-4.395,CD8.TEMRA
5.816,-4.888,CD8.TEMRA
0.198,0.237,CD8.CM
4.159,3.662,CD8.NaiveLike
-1.412,-2.933,CD8.EM
6.574,-4.896,CD8.TEMRA
-4.691,0.503,CD8.TPEX
1.471,3.022,CD8.CM
0.683,3.397,CD8.CM
6.665,4.486,CD8.CM
-1.565,-2.324,CD8.EM
2.394,2.81,CD8.CM
6.667,3.173,CD8.NaiveLike
3.094,3.219,CD8.CM
6.277,-4.308,CD8.TEMRA
0.373,-2.124,CD8.EM
5.906,-4.914,CD8.TEMRA
5.974,-4.361,CD8.TEMRA
1.427,3.625,CD8.CM
3.024,0.171,CD8.EM
1.293,3.548,CD8.CM
6.513,-4.69,CD8.TEMRA
0.771,3.208,CD8.CM
5.916,-4.827,CD8.TEMRA
-4.735,0.438,CD8.TPEX
5.826,-4.289,CD8.TEMRA
0.588,-1.618,CD8.EM
1.039,3.471,CD8.CM
0.914,3.338,CD8.CM
0.931,3.691,CD8.CM
4.086,3.34,CD8.NaiveLike
6.493,-4.989,CD8.TEMRA
0.797,3.564,CD8.CM
-0.185,-1.321,CD8.EM
1.648,3.236,CD8.CM
6.575,-4.447,CD8.TEMRA
-1.88,-1.582,CD8.EM
6.405,-4.126,CD8.TEMRA
-4.758,-0.16,CD8.TPEX
6.674,3.957,CD8.NaiveLike
7.082,4.521,CD8.NaiveLike
7.407,4.383,CD8.NaiveLike
0.492,1.016,CD8.CM
-0.948,-2.387,CD8.EM
6.557,4.337,CD8.NaiveLike
-6.125,-4.088,CD8.TEX
6.388,-4.41,CD8.TEMRA
6.215,4.431,CD8.NaiveLike
4.598,4.54,CD8.NaiveLike
1.261,4.315,CD8.CM
-0.254,-1.428,CD8.EM
-5.527,0.11,CD8.TPEX
3.837,2.891,CD8.CM
-1.611,6.83,CD8.CM
-0.492,-1.25,CD8.EM
-0.795,-2.215,CD8.EM
-1.443,-2.73,CD8.EM
1.229,3.459,CD8.CM
-4.008,-4.328,CD8.TEX
-6.323,-4.374,CD8.TEX
1.764,3.23,CD8.CM
7.439,4.122,CD8.NaiveLike
6.01,4.41,CD8.NaiveLike
6.162,4.849,CD8.NaiveLike
-0.997,-1.88,CD8.EM
-6.302,-4.432,CD8.TEX
7.418,4.041,CD8.NaiveLike
-5.284,-3.827,CD8.TEX
6.984,4.471,CD8.NaiveLike
6.53,4.805,CD8.CM
-4.344,-3.787,CD8.TEX
-6.701,-0.075,CD8.TPEX
-5.236,-4.873,CD8.TEX
6.637,4.18,CD8.NaiveLike
1.575,4.476,CD8.CM
-6.292,-0.032,CD8.TPEX
6.12,-3.977,CD8.TEMRA
7.376,4.649,CD8.NaiveLike
-6.592,-0.006,CD8.TPEX
7.466,4.563,CD8.NaiveLike
5.287,4.04,CD8.NaiveLike
1.964,4.206,CD8.CM
-0.974,-3.082,CD8.EM
-5.168,-3.58,CD8.TEX
-5.603,-4.378,CD8.TEX
7.009,4.562,CD8.NaiveLike
6.492,-4.088,CD8.TEMRA
-5.546,-5.157,CD8.TEX
5.548,4.089,CD8.CM
1.546,4.0,CD8.CM
1.312,3.967,CD8.CM
-1.162,-1.72,CD8.EM
-5.04,-3.789,CD8.TEX
3.369,4.048,CD8.CM
-4.504,-4.2,CD8.TEX
7.369,4.603,CD8.NaiveLike
6.564,4.66,CD8.NaiveLike
-0.715,-2.168,CD8.EM
-5.168,-4.909,CD8.TEX
5.343,-3.971,CD8.TEMRA
5.835,4.359,CD8.NaiveLike
-1.142,-2.399,CD8.EM
-1.315,-1.887,CD8.EM
6.416,-4.748,CD8.TEMRA
-0.566,-1.754,CD8.EM
2.148,2.997,CD8.CM
5.619,4.027,CD8.CM
6.566,-4.618,CD8.TEMRA
6.853,4.818,CD8.NaiveLike
6.723,-4.52,CD8.TEMRA
0.376,-1.53,CD8.CM
0.353,-2.207,CD8.EM
-0.308,-1.8,CD8.CM
7.192,4.323,CD8.NaiveLike
5.59,3.965,CD8.CM
5.567,5.088,CD8.CM
6.936,4.429,CD8.NaiveLike
1.707,3.591,CD8.CM
-0.385,-2.576,CD8.EM
-0.974,-2.528,CD8.EM
4.89,4.693,CD8.NaiveLike
7.493,3.897,CD8.NaiveLike
-4.81,-4.776,CD8.TEX
1.662,4.136,CD8.CM
5.972,4.57,CD8.NaiveLike
6.329,4.546,CD8.NaiveLike
-1.68,-2.969,CD8.EM
-3.88,-3.405,CD8.TEX
-1.276,-1.608,CD8.EM
6.446,4.371,CD8.NaiveLike
7.303,4.676,CD8.NaiveLike
-1.156,-1.939,CD8.EM
1.231,4.071,CD8.CM
-0.821,-2.826,CD8.EM
-1.672,-2.872,CD8.EM
-1.022,-2.087,CD8.EM
1.173,4.209,CD8.CM
1.31,4.119,CD8.CM
-2.035,7.239,CD8.MAIT
7.388,3.764,CD8.NaiveLike
-0.377,-2.053,CD8.EM
-0.727,-0.988,CD8.EM
-1.156,-2.868,CD8.EM
-0.582,-2.493,CD8.EM
7.372,4.324,CD8.NaiveLike
2.359,2.993,CD8.CM
1.566,3.556,CD8.CM
5.747,5.128,CD8.NaiveLike
-0.937,-2.424,CD8.EM
7.614,4.257,CD8.NaiveLike
5.044,3.764,CD8.NaiveLike
6.67,-4.735,CD8.TEMRA
-6.227,-3.872,CD8.TEX
5.069,4.652,CD8.NaiveLike
0.257,-1.63,CD8.CM
5.327,3.221,CD8.CM
5.548,4.081,CD8.NaiveLike
4.986,4.69,CD8.NaiveLike
-6.804,-3.135,CD8.TEX
7.145,4.798,CD8.NaiveLike
6.937,3.664,CD8.NaiveLike
7.426,3.996,CD8.NaiveLike
-0.66,-2.23,CD8.EM
-1.009,-2.974,CD8.EM
-1.078,-2.803,CD8.EM
5.511,4.47,CD8.NaiveLike
1.438,4.127,CD8.CM
5.571,3.971,CD8.NaiveLike
-0.936,-2.389,CD8.EM
7.532,4.273,CD8.NaiveLike
6.016,-4.457,CD8.TEMRA
-1.051,-2.473,CD8.EM
7.318,3.697,CD8.NaiveLike
5.897,-4.331,CD8.TEMRA
7.304,3.888,CD8.NaiveLike
7.265,4.466,CD8.NaiveLike
-5.061,-4.303,CD8.TEX
5.772,-3.835,CD8.TEMRA
-6.229,0.076,CD8.TPEX
4.992,3.627,CD8.NaiveLike
1.374,4.37,CD8.CM
7.185,4.53,CD8.NaiveLike
7.015,4.342,CD8.NaiveLike
6.139,4.646,CD8.NaiveLike
2.168,3.383,CD8.CM
7.071,3.66,CD8.NaiveLike
7.451,4.222,CD8.NaiveLike
5.146,4.005,CD8.NaiveLike
4.981,4.16,CD8.NaiveLike
6.661,-3.927,CD8.TEMRA
1.872,3.05,CD8.CM
-6.39,-0.048,CD8.TPEX
-1.428,-2.722,CD8.EM
-1.873,-1.566,CD8.EM
-0.584,-2.267,CD8.EM
5.063,4.263,CD8.NaiveLike
5.214,5.07,CD8.NaiveLike
-0.021,-2.145,CD8.EM
-1.146,-2.736,CD8.EM
5.971,4.505,CD8.NaiveLike
1.207,3.929,CD8.CM
-0.999,-1.983,CD8.EM
2.938,4.058,CD8.CM
2.263,4.657,CD8.CM
5.96,3.919,CD8.NaiveLike
0.741,0.069,CD8.CM
6.539,4.738,CD8.NaiveLike
-1.079,-2.139,CD8.EM
6.068,3.88,CD8.CM
6.838,4.736,CD8.NaiveLike
5.478,4.697,CD8.NaiveLike
-1.377,-2.615,CD8.EM
-1.437,-2.759,CD8.EM
-0.567,-1.738,CD8.CM
6.327,4.826,CD8.NaiveLike
6.898,4.243,CD8.NaiveLike
0.601,-0.921,CD8.CM
-0.92,-2.646,CD8.EM
-4.214,-4.122,CD8.TEX
5.894,4.26,CD8.NaiveLike
5.681,4.703,CD8.NaiveLike
5.807,4.885,CD8.NaiveLike
-0.052,-0.666,CD8.CM
6.698,-4.244,CD8.TEMRA
-1.455,-2.663,CD8.EM
7.062,4.708,CD8.NaiveLike
0.695,-0.29,CD8.CM
1.519,4.412,CD8.CM
6.008,-3.897,CD8.TEMRA
7.025,4.461,CD8.NaiveLike
6.879,4.18,CD8.NaiveLike
-1.73,7.153,CD8.CM
5.92,5.013,CD8.NaiveLike
2.192,3.675,CD8.CM
7.321,4.632,CD8.NaiveLike
5.851,2.773,CD8.CM
5.519,4.524,CD8.NaiveLike
7.039,4.278,CD8.NaiveLike
4.783,4.816,CD8.NaiveLike
7.482,3.998,CD8.NaiveLike
-1.295,-2.581,CD8.EM
-5.144,-3.894,CD8.TEX
-1.368,-2.936,CD8.EM
7.265,4.301,CD8.NaiveLike
-0.521,-2.087,CD8.EM
1.868,3.323,CD8.CM
-4.194,-4.488,CD8.TEX
0.416,-1.793,CD8.EM
-5.519,-3.763,CD8.TEX
6.276,-3.494,CD8.TEMRA
-5.132,-3.891,CD8.TEX
6.619,-4.749,CD8.TEMRA
-6.765,-0.132,CD8.TPEX
6.167,-4.533,CD8.TEMRA
-0.872,-2.494,CD8.EM
-1.24,-2.753,CD8.EM
7.03,3.757,CD8.NaiveLike
5.944,4.766,CD8.NaiveLike
-0.881,-1.851,CD8.EM
-1.676,-2.186,CD8.EM
0.864,-1.391,CD8.CM
2.149,3.587,CD8.CM
7.289,4.022,CD8.NaiveLike
1.781,3.544,CD8.CM
-1.734,-1.781,CD8.EM
7.206,4.364,CD8.NaiveLike
-0.446,-2.727,CD8.EM
1.437,4.535,CD8.CM
-5.022,0.361,CD8.TPEX
7.446,4.285,CD8.NaiveLike
4.79,4.563,CD8.NaiveLike
-0.533,-1.442,CD8.EM
1.748,3.793,CD8.CM
-5.441,-4.818,CD8.TEX
1.609,2.313,CD8.CM
-0.61,-1.705,CD8.EM
-1.025,-2.569,CD8.EM
7.438,4.492,CD8.NaiveLike
-0.994,-2.857,CD8.EM
2.894,2.803,CD8.CM
-5.823,-4.682,CD8.TEX
5.907,4.014,CD8.NaiveLike
1.503,4.285,CD8.CM
-1.464,-2.263,CD8.EM
5.098,4.668,CD8.NaiveLike
-5.849,-3.798,CD8.TEX
0.605,-1.459,CD8.EM
1.425,3.914,CD8.CM
1.675,2.508,CD8.CM
5.259,4.428,CD8.NaiveLike
6.514,-4.517,CD8.TEMRA
6.295,-3.63,CD8.TEMRA
0.013,-2.376,CD8.EM
0.594,-0.483,CD8.CM
-1.043,-2.63,CD8.EM
-4.905,0.177,CD8.TPEX
6.803,4.497,CD8.NaiveLike
-1.72,-2.674,CD8.EM
-1.131,-3.013,CD8.EM
7.317,4.661,CD8.NaiveLike
7.467,3.881,CD8.NaiveLike
6.87,4.75,CD8.NaiveLike
6.843,-4.436,CD8.TEMRA
6.546,-4.028,CD8.TEMRA
4.917,4.795,CD8.NaiveLike
7.324,4.611,CD8.NaiveLike
-1.233,-2.526,CD8.EM
5.966,4.482,CD8.NaiveLike
-1.108,-3.091,CD8.EM
-1.344,-1.767,CD8.EM
7.027,4.129,CD8.NaiveLike
6.362,3.581,CD8.CM
-1.339,-2.582,CD8.EM
1.569,4.872,CD8.CM
-1.047,-2.723,CD8.EM
-0.931,-2.843,CD8.EM
-1.226,-2.98,CD8.EM
-6.251,-0.674,CD8.TPEX
-0.424,-1.353,CD8.CM
4.542,4.489,CD8.NaiveLike
-0.36,-2.097,CD8.EM
6.118,4.327,CD8.NaiveLike
6.833,4.944,CD8.NaiveLike
-1.074,-2.698,CD8.EM
5.43,3.945,CD8.NaiveLike
6.833,4.379,CD8.NaiveLike
7.135,4.471,CD8.NaiveLike
6.042,5.133,CD8.NaiveLike
3.583,3.789,CD8.CM
5.72,4.927,CD8.NaiveLike
6.0,4.936,CD8.NaiveLike
-2.597,8.022,CD8.MAIT
7.207,4.557,CD8.NaiveLike
1.992,3.576,CD8.CM
1.923,4.815,CD8.CM
-5.135,-0.045,CD8.TPEX
7.309,4.426,CD8.NaiveLike
-0.323,-2.118,CD8.EM
6.956,4.738,CD8.NaiveLike
-3.364,-3.215,CD8.EM
0.122,-1.012,CD8.EM
6.232,-4.336,CD8.TEMRA
5.871,4.858,CD8.NaiveLike
-0.802,-2.53,CD8.EM
7.261,4.563,CD8.NaiveLike
-0.954,-2.542,CD8.EM
3.84,4.143,CD8.CM
5.661,3.861,CD8.NaiveLike
7.316,4.631,CD8.NaiveLike
7.481,4.564,CD8.NaiveLike
1.315,3.894,CD8.CM
7.202,4.669,CD8.NaiveLike
5.969,4.906,CD8.CM
-6.405,-4.19,CD8.TEX
6.689,4.945,CD8.NaiveLike
6.221,4.92,CD8.NaiveLike
6.516,4.479,CD8.NaiveLike
6.728,-3.94,CD8.TEMRA
-1.06,-2.114,CD8.EM
6.434,3.499,CD8.NaiveLike
-6.808,-2.855,CD8.TEX
6.346,-5.023,CD8.TEMRA
6.152,-3.844,CD8.TEMRA
-6.652,-4.213,CD8.TEX
0.527,0.411,CD8.CM
0.528,-0.68,CD8.EM
5.978,-3.977,CD8.TEMRA
-6.652,-3.108,CD8.TEX
0.469,0.122,CD8.CM
-6.785,-3.361,CD8.TEX
4.656,3.264,CD8.NaiveLike
-0.642,-1.055,CD8.EM
-5.454,0.125,CD8.TPEX
0.13,-2.495,CD8.EM
5.47,4.326,CD8.NaiveLike
7.261,4.12,CD8.NaiveLike
4.049,3.456,CD8.CM
5.849,4.292,CD8.NaiveLike
6.085,-3.739,CD8.TEMRA
-6.357,-3.502,CD8.TEX
6.352,-4.721,CD8.TEMRA
0.031,-2.211,CD8.EM
-6.76,-3.656,CD8.TEX
-7.184,-3.956,CD8.TEX
-5.199,-4.172,CD8.TEX
0.156,-1.632,CD8.EM
-6.32,-4.998,CD8.TEX
1.7,3.854,CD8.CM
5.939,-4.622,CD8.TEMRA
1.806,0.863,CD8.CM
-1.618,-1.243,CD8.EM
4.918,4.033,CD8.NaiveLike
-5.882,-5.057,CD8.TEX
0.744,1.323,CD8.CM
-6.591,-4.62,CD8.TEX
-2.079,7.38,CD8.MAIT
6.833,4.744,CD8.NaiveLike
-6.98,-2.878,CD8.TEX
-6.209,-1.431,CD8.TPEX
6.737,3.505,CD8.NaiveLike
-6.332,-3.492,CD8.TEX
6.374,-3.849,CD8.TEMRA
5.159,4.363,CD8.NaiveLike
-6.547,-1.455,CD8.TPEX
6.85,4.428,CD8.NaiveLike
6.623,-4.319,CD8.TEMRA
6.702,3.858,CD8.NaiveLike
6.636,-3.863,CD8.TEMRA
6.512,-4.264,CD8.TEMRA
-1.913,-2.023,CD8.EM
6.445,-4.332,CD8.TEMRA
-6.377,-3.951,CD8.TEX
6.39,-4.586,CD8.TEMRA
5.404,4.138,CD8.NaiveLike
-5.899,-4.466,CD8.TEX
2.632,2.884,CD8.CM
6.716,-4.481,CD8.TEMRA
-6.049,-1.466,CD8.TPEX
-6.821,-4.939,CD8.TEX
6.073,-3.924,CD8.TEMRA
-5.045,-4.674,CD8.TEX
-6.647,-3.925,CD8.TEX
-1.79,-2.207,CD8.EM
6.587,-4.054,CD8.TEMRA
-1.011,-2.892,CD8.EM
-2.333,-2.708,CD8.EM
-6.612,-3.556,CD8.TEX
4.6,4.441,CD8.NaiveLike
-0.524,-1.45,CD8.EM
-2.03,7.612,CD8.MAIT
-6.263,-3.809,CD8.TEX
-3.404,-3.434,CD8.TEX
-0.949,-2.693,CD8.EM
-6.168,-1.226,CD8.TPEX
-5.649,-4.549,CD8.TEX
-6.017,-3.852,CD8.TEX
3.322,2.278,CD8.CM
6.871,4.452,CD8.NaiveLike
6.52,4.625,CD8.NaiveLike
-6.455,-3.712,CD8.TEX
-6.808,-3.449,CD8.TEX
6.358,-4.258,CD8.TEMRA
-6.928,-2.341,CD8.TEX
-0.749,-3.035,CD8.EM
5.144,4.283,CD8.NaiveLike
6.482,-4.653,CD8.TEMRA
0.479,-0.551,CD8.CM
7.036,4.84,CD8.NaiveLike
6.127,4.982,CD8.NaiveLike
-6.342,-3.94,CD8.TEX
-1.223,-2.028,CD8.EM
6.782,-4.064,CD8.TEMRA
-1.048,-2.128,CD8.EM
2.056,3.818,CD8.CM
5.071,4.547,CD8.NaiveLike
6.409,3.726,CD8.CM
-2.082,7.517,CD8.MAIT
-6.004,-1.192,CD8.TPEX
7.496,4.185,CD8.NaiveLike
-0.67,-2.724,CD8.EM
6.307,-4.053,CD8.TEMRA
1.16,2.916,CD8.CM
-0.581,-2.241,CD8.EM
-5.66,-4.799,CD8.TEX
5.339,4.419,CD8.NaiveLike
7.259,4.54,CD8.NaiveLike
-6.911,-4.216,CD8.TEX
-0.445,-1.81,CD8.EM
6.09,3.802,CD8.NaiveLike
5.625,4.12,CD8.NaiveLike
7.562,4.46,CD8.NaiveLike
-5.885,-4.142,CD8.TEX
6.774,4.727,CD8.NaiveLike
7.417,4.716,CD8.NaiveLike
6.508,-4.521,CD8.TEMRA
-1.543,-2.157,CD8.EM
5.983,-3.958,CD8.TEMRA
4.828,4.447,CD8.NaiveLike
-1.562,-1.399,CD8.EM
2.49,3.217,CD8.CM
-0.223,-1.49,CD8.CM
5.25,4.472,CD8.NaiveLike
-2.01,7.785,CD8.MAIT
1.132,4.251,CD8.CM
6.815,4.775,CD8.NaiveLike
4.397,4.301,CD8.NaiveLike
-6.814,-4.429,CD8.TEX
-3.948,-4.316,CD8.TEX
7.222,4.502,CD8.NaiveLike
1.371,3.743,CD8.CM
5.861,-4.67,CD8.TEMRA
-6.38,-1.351,CD8.TPEX
-5.728,-3.577,CD8.TEX
6.489,-4.173,CD8.TEMRA
-6.377,-3.763,CD8.TEX
-5.718,-3.513,CD8.TEX
1.839,3.927,CD8.CM
6.183,5.038,CD8.NaiveLike
6.744,4.986,CD8.NaiveLike
-0.364,-2.038,CD8.EM
6.647,-3.956,CD8.TEMRA
-6.966,-3.037,CD8.TEX
1.605,3.582,CD8.CM
5.723,4.377,CD8.NaiveLike
-5.458,-3.068,CD8.TEX
6.209,-4.008,CD8.TEMRA
1.156,3.723,CD8.CM
6.125,4.238,CD8.NaiveLike
5.179,4.173,CD8.NaiveLike
6.627,4.959,CD8.NaiveLike
-6.486,-1.386,CD8.TPEX
6.184,4.616,CD8.NaiveLike
6.176,-3.649,CD8.TEMRA
-6.547,-0.946,CD8.TPEX
6.664,-4.226,CD8.TEMRA
-6.159,-4.288,CD8.TEX
-7.147,-3.423,CD8.TEX
6.463,4.079,CD8.NaiveLike
1.442,4.169,CD8.CM
5.907,4.811,CD8.NaiveLike
-4.842,-3.148,CD8.TEX
6.059,-4.544,CD8.TEMRA
5.795,3.977,CD8.NaiveLike
5.478,3.353,CD8.NaiveLike
1.683,3.871,CD8.CM
6.948,4.192,CD8.NaiveLike
-5.63,-5.208,CD8.TEX
-6.313,-4.882,CD8.TEX
-6.932,-2.638,CD8.TEX
-0.639,-2.516,CD8.EM
-5.972,-4.654,CD8.TEX
-6.094,-4.327,CD8.TEX
7.024,3.39,CD8.NaiveLike
6.705,-3.96,CD8.TEMRA
1.654,3.233,CD8.CM
4.989,3.468,CD8.NaiveLike
5.991,4.84,CD8.NaiveLike
0.069,-1.932,CD8.EM
6.449,-3.76,CD8.TEMRA
2.011,3.847,CD8.CM
5.503,-3.666,CD8.TEMRA
5.922,4.723,CD8.NaiveLike
3.799,3.441,CD8.NaiveLike
-0.569,-1.819,CD8.EM
1.624,4.518,CD8.CM
-6.9,-3.348,CD8.TEX
6.113,-3.72,CD8.TEMRA
-6.071,-4.29,CD8.TEX
6.317,-3.713,CD8.TEMRA
7.099,3.811,CD8.NaiveLike
7.514,3.955,CD8.NaiveLike
1.396,3.784,CD8.CM
5.991,4.297,CD8.NaiveLike
6.384,-4.501,CD8.TEMRA
6.96,-4.238,CD8.TEMRA
4.687,4.272,CD8.NaiveLike
-6.458,-3.857,CD8.TEX
5.786,4.697,CD8.NaiveLike
6.509,-4.044,CD8.TEMRA
0.315,-1.556,CD8.EM
5.221,4.757,CD8.CM
6.456,-3.893,CD8.TEMRA
0.252,-1.162,CD8.CM
-6.427,-2.911,CD8.TEX
6.541,-4.801,CD8.TEMRA
-1.975,7.337,CD8.MAIT
-4.959,-3.917,CD8.TEX
-5.646,-3.855,CD8.TEX
2.533,2.855,CD8.CM
4.943,4.079,CD8.NaiveLike
5.749,4.23,CD8.NaiveLike
-6.874,-3.402,CD8.TEX
5.649,4.546,CD8.NaiveLike
-7.117,-4.382,CD8.TEX
-1.436,-2.978,CD8.EM
5.865,-4.351,CD8.TEMRA
-1.074,-2.032,CD8.EM
-2.159,7.554,CD8.MAIT
6.613,-4.541,CD8.TEMRA
-1.486,-3.029,CD8.EM
-1.458,-2.587,CD8.EM
5.194,4.636,CD8.NaiveLike
-5.139,-4.384,CD8.TEX
6.71,-4.4,CD8.TEMRA
6.81,-4.603,CD8.TEMRA
2.037,3.906,CD8.CM
-6.501,-3.305,CD8.TEX
5.111,3.971,CD8.NaiveLike
5.455,-3.543,CD8.TEMRA
7.315,4.319,CD8.NaiveLike
-6.918,-4.118,CD8.TEX
3.136,3.571,CD8.CM
-5.477,-3.887,CD8.TEX
7.6,4.193,CD8.NaiveLike
-1.336,-2.326,CD8.EM
-0.052,-0.68,CD8.EM
4.1,3.936,CD8.NaiveLike
6.993,4.565,CD8.NaiveLike
6.452,3.711,CD8.NaiveLike
6.816,-4.55,CD8.TEMRA
1.66,3.909,CD8.CM
-5.175,-4.312,CD8.TEX
6.716,-4.202,CD8.TEMRA
-0.995,-1.668,CD8.EM
-0.642,-1.501,CD8.EM
5.58,-3.497,CD8.CM
1.585,4.09,CD8.CM
-5.094,-3.724,CD8.TEX
-5.529,-4.9,CD8.TEX
5.272,4.548,CD8.CM
-6.997,-4.35,CD8.TEX
-5.915,-4.495,CD8.TEX
-6.231,-3.957,CD8.TEX
7.327,3.571,CD8.NaiveLike
3.992,3.766,CD8.CM
1.429,0.875,CD8.CM
-2.093,-2.488,CD8.EM
2.321,3.287,CD8.CM
-2.248,7.792,CD8.MAIT
-2.836,7.875,CD8.MAIT
6.966,-4.028,CD8.TEMRA
5.808,5.19,CD8.NaiveLike
-6.169,-4.258,CD8.TEX
6.418,-4.636,CD8.TEMRA
5.73,4.26,CD8.NaiveLike
0.059,0.01,CD8.CM
-3.797,-3.926,CD8.TEX
-5.035,-4.339,CD8.TEX
-5.127,-4.242,CD8.TEX
-0.836,-2.939,CD8.EM
4.941,4.554,CD8.NaiveLike
-5.059,-4.929,CD8.TEX
2.191,3.933,CD8.CM
-6.262,-4.982,CD8.TEX
5.775,3.313,CD8.NaiveLike
-0.841,-1.669,CD8.EM
-6.554,-4.172,CD8.TEX
-3.241,8.064,CD8.MAIT
0.639,-0.859,CD8.EM
-0.97,-3.085,CD8.EM
-7.065,-4.138,CD8.TEX
6.33,-3.801,CD8.TEMRA
6.916,3.94,CD8.NaiveLike
-5.368,-4.871,CD8.TEX
6.698,-4.777,CD8.TEMRA
1.227,3.999,CD8.CM
2.748,2.275,CD8.CM
7.345,3.917,CD8.NaiveLike
-5.128,-4.575,CD8.TEX
-0.175,-1.982,CD8.EM
-6.367,-5.074,CD8.TEX
5.695,-3.854,CD8.TEMRA
6.325,-4.398,CD8.TEMRA
-2.041,7.392,CD8.MAIT
0.55,-1.968,CD8.EM
-0.173,-2.601,CD8.EM
-0.576,-2.951,CD8.EM
6.17,-4.063,CD8.TEMRA
7.292,4.341,CD8.NaiveLike
6.462,-4.255,CD8.TEMRA
-0.823,-2.025,CD8.EM
-4.636,-4.095,CD8.TEX
1.858,4.327,CD8.CM
3.277,2.563,CD8.CM
6.486,-4.502,CD8.TEMRA
-2.402,7.722,CD8.MAIT
3.715,3.583,CD8.CM
6.408,4.632,CD8.NaiveLike
-1.928,-1.743,CD8.EM
6.469,-4.636,CD8.TEMRA
-1.566,7.559,CD8.MAIT
-0.338,-1.414,CD8.EM
6.682,-4.471,CD8.TEMRA
-0.999,-2.09,CD8.EM
6.804,-4.893,CD8.TEMRA
4.148,4.213,CD8.NaiveLike
6.448,-4.114,CD8.TEMRA
-1.448,-2.536,CD8.EM
6.764,-4.45,CD8.TEMRA
5.432,4.131,CD8.NaiveLike
-6.362,-4.213,CD8.TEX
-5.466,-3.307,CD8.TEX
7.008,4.646,CD8.NaiveLike
-6.19,-4.263,CD8.TEX
-6.701,-3.214,CD8.TEX
-7.36,-3.38,CD8.TEX
6.863,-4.439,CD8.TEMRA
0.376,-0.87,CD8.EM
7.079,4.433,CD8.NaiveLike
5.787,3.879,CD8.NaiveLike
-1.369,-2.187,CD8.EM
6.566,-4.135,CD8.TEMRA
0.277,-1.205,CD8.EM
6.154,-4.114,CD8.TEMRA
5.63,4.941,CD8.NaiveLike
6.529,-4.227,CD8.TEMRA
5.173,-3.135,CD8.CM
2.361,3.289,CD8.CM
1.898,4.07,CD8.CM
5.508,3.786,CD8.NaiveLike
5.594,4.578,CD8.NaiveLike
7.042,3.917,CD8.NaiveLike
-6.529,-3.085,CD8.TEX
-6.033,-4.45,CD8.TEX
6.472,-4.78,CD8.TEMRA
-4.865,0.209,CD8.TPEX
7.705,4.131,CD8.NaiveLike
-6.348,-3.434,CD8.TEX
6.794,-4.336,CD8.TEMRA
0.702,-1.844,CD8.EM
-0.974,-2.169,CD8.EM
-6.999,-3.069,CD8.TEX
1.973,3.484,CD8.CM
2.126,4.047,CD8.CM
0.187,-1.44,CD8.EM
-2.22,7.202,CD8.MAIT
4.611,4.311,CD8.NaiveLike
5.015,4.836,CD8.NaiveLike
-6.591,-3.514,CD8.TEX
7.357,3.839,CD8.NaiveLike
-6.229,-4.389,CD8.TEX
-6.663,-4.522,CD8.TEX
-6.429,-4.207,CD8.TEX
6.747,-4.193,CD8.TEMRA
-0.63,-1.798,CD8.EM
6.716,-4.084,CD8.TEMRA
-6.893,-2.892,CD8.TEX
-0.912,-3.168,CD8.EM
-1.683,7.539,CD8.MAIT
5.458,4.897,CD8.NaiveLike
-5.419,-4.336,CD8.TEX
-2.319,7.786,CD8.MAIT
6.483,4.823,CD8.NaiveLike
-0.029,-2.635,CD8.CM
-0.445,-1.646,CD8.EM
7.416,4.451,CD8.NaiveLike
6.064,4.263,CD8.NaiveLike
-6.079,-4.114,CD8.TEX
-0.487,-1.047,CD8.EM
-6.415,-5.038,CD8.TEX
-1.265,-2.807,CD8.EM
6.341,-4.743,CD8.TEMRA
-5.819,0.033,CD8.TPEX
7.366,4.389,CD8.NaiveLike
-0.566,-0.815,CD8.EM
-1.994,7.619,CD8.MAIT
5.59,-4.284,CD8.TEMRA
-6.847,-3.266,CD8.TEX
4.461,4.337,CD8.NaiveLike
-0.882,-2.685,CD8.EM
-6.701,-4.621,CD8.TEX
-3.398,-3.832,CD8.TEX
-6.293,-4.659,CD8.TEX
-5.523,-4.386,CD8.TEX
-0.963,-1.595,CD8.EM
2.3,3.451,CD8.CM
-6.594,0.014,CD8.TPEX
-1.45,-2.264,CD8.EM
-4.603,-3.76,CD8.TEX
2.093,3.803,CD8.CM
1.421,3.726,CD8.CM
2.08,3.608,CD8.CM
1.623,4.578,CD8.CM
-1.484,-2.249,CD8.EM
-1.065,-1.907,CD8.EM
5.794,-5.229,CD8.TEMRA
1.77,3.999,CD8.CM
4.886,4.508,CD8.NaiveLike
-0.245,-1.066,CD8.EM
-0.35,-1.906,CD8.EM
5.471,3.385,CD8.CM
-6.752,-4.3,CD8.TEX
-1.161,-1.811,CD8.EM
-0.061,-2.434,CD8.EM
6.569,3.667,CD8.NaiveLike
-0.203,-1.906,CD8.EM
-6.504,-4.577,CD8.TEX
-5.89,-2.943,CD8.TEX
-6.615,-3.673,CD8.TEX
-7.028,-3.51,CD8.TEX
-0.837,-1.629,CD8.EM
0.36,-1.722,CD8.EM
-0.883,-1.723,CD8.EM
1.732,3.89,CD8.CM
-6.718,-4.406,CD8.TEX
1.145,1.454,CD8.CM
1.383,3.984,CD8.CM
-6.184,-4.036,CD8.TEX
0.212,-0.871,CD8.EM
0.295,-1.841,CD8.EM
-7.251,-3.163,CD8.TEX
-4.771,-4.264,CD8.TEX
5.478,4.867,CD8.NaiveLike
1.869,4.2,CD8.CM
-0.713,-2.082,CD8.EM
-3.893,-4.359,CD8.TEX
-5.306,-4.923,CD8.TEX
5.014,5.077,CD8.NaiveLike
6.662,3.743,CD8.NaiveLike
5.08,4.518,CD8.NaiveLike
0.86,-1.009,CD8.CM
-6.702,-2.562,CD8.TEX
-6.596,-4.121,CD8.TEX
-5.365,-3.269,CD8.TEX
6.432,4.462,CD8.NaiveLike
6.149,4.873,CD8.NaiveLike
-6.018,-3.287,CD8.TEX
1.672,3.613,CD8.CM
-5.365,-0.183,CD8.TPEX
-5.195,-4.037,CD8.TEX
-1.342,-2.01,CD8.EM
0.522,-1.973,CD8.EM
-0.47,-0.882,CD8.EM
7.06,3.831,CD8.NaiveLike
-0.322,-0.664,CD8.EM
5.753,4.668,CD8.NaiveLike
-5.207,-3.365,CD8.TEX
1.716,3.113,CD8.CM
-0.712,-2.301,CD8.EM
1.935,4.032,CD8.CM
-2.513,7.991,CD8.MAIT
1.622,4.501,CD8.CM
-3.459,-3.8,CD8.TEX
1.67,4.748,CD8.CM
-6.103,-4.51,CD8.TEX
-1.47,-2.525,CD8.EM
1.712,4.645,CD8.CM
5.262,4.626,CD8.NaiveLike
2.167,3.535,CD8.CM
-6.466,-3.9,CD8.TEX
-1.727,-1.072,CD8.EM
-5.372,-4.322,CD8.TEX
1.317,4.306,CD8.CM
-6.887,-3.279,CD8.TEX
4.052,3.786,CD8.CM
7.186,3.614,CD8.NaiveLike
-6.672,-2.893,CD8.TEX
5.841,3.917,CD8.NaiveLike
-6.065,-4.382,CD8.TEX
-6.006,-4.374,CD8.TEX
0.025,-2.268,CD8.EM
-6.48,-3.928,CD8.TEX
-0.257,-1.67,CD8.EM
-5.73,-4.141,CD8.TEX
1.699,4.414,CD8.CM
4.94,-3.931,CD8.EM
1.217,3.874,CD8.CM
-0.231,-1.099,CD8.EM
1.759,3.639,CD8.CM
-5.166,-3.429,CD8.TEX
1.876,3.658,CD8.CM
5.123,4.698,CD8.NaiveLike
-6.493,-4.233,CD8.TEX
3.154,4.277,CD8.CM
1.48,3.888,CD8.CM
1.823,4.191,CD8.CM
6.642,3.788,CD8.NaiveLike
1.544,4.621,CD8.CM
1.18,3.867,CD8.CM
0.089,-1.732,CD8.EM
-6.63,-4.673,CD8.TEX
-0.672,-2.356,CD8.EM
-6.584,-2.403,CD8.TEX
-1.196,-2.522,CD8.EM
2.267,3.816,CD8.CM
-5.209,-3.73,CD8.TEX
-5.301,-4.143,CD8.TEX
7.401,4.212,CD8.NaiveLike
-0.636,-2.932,CD8.EM
-0.813,-1.578,CD8.EM
-0.704,-2.188,CD8.EM
-6.099,-3.705,CD8.TEX
-0.079,-1.915,CD8.EM
-6.392,0.007,CD8.TPEX
1.958,3.972,CD8.CM
-5.714,-4.25,CD8.TEX
-6.516,-3.575,CD8.TEX
5.671,-3.984,CD8.TEMRA
-5.049,-4.842,CD8.TEX
-6.533,-5.027,CD8.TEX
7.369,3.948,CD8.NaiveLike
-0.372,-2.875,CD8.EM
-2.058,7.471,CD8.MAIT
-3.961,-4.373,CD8.TEX
2.064,4.017,CD8.CM
-1.163,-2.672,CD8.EM
-0.438,-1.21,CD8.EM
-5.382,-3.954,CD8.TEX
5.143,3.68,CD8.NaiveLike
-5.898,-3.797,CD8.TEX
6.861,4.536,CD8.NaiveLike
-2.762,8.036,CD8.MAIT
-6.093,-3.634,CD8.TEX
7.578,3.908,CD8.NaiveLike
-6.773,-2.643,CD8.TEX
7.254,3.577,CD8.NaiveLike
0.12,-1.978,CD8.EM
6.949,3.932,CD8.NaiveLike
-0.468,-2.285,CD8.EM
-5.649,-3.21,CD8.TEX
-1.83,7.545,CD8.MAIT
-6.587,-1.198,CD8.TPEX
-1.245,-2.166,CD8.EM
-1.062,-2.911,CD8.EM
-5.274,-4.808,CD8.TEX
-6.628,-4.861,CD8.TEX
-1.724,-2.48,CD8.EM
-5.957,-0.161,CD8.TPEX
-2.732,7.813,CD8.MAIT
1.409,3.566,CD8.CM
-6.119,-3.782,CD8.TEX
-3.919,-3.722,CD8.TEX
6.722,4.641,CD8.NaiveLike
-5.324,-4.045,CD8.TEX
-6.58,-4.121,CD8.TEX
-6.402,-3.807,CD8.TEX
-6.625,-3.883,CD8.TEX
-0.342,-2.343,CD8.EM
-0.016,-2.151,CD8.EM
-6.482,-0.062,CD8.TPEX
-6.752,-2.584,CD8.TEX
-6.095,-4.604,CD8.TEX
-5.026,-4.425,CD8.TEX
6.937,3.61,CD8.NaiveLike
-4.95,0.156,CD8.TPEX
-1.406,-1.752,CD8.EM
-1.455,-1.611,CD8.EM
-1.742,7.625,CD8.MAIT
-1.067,-2.255,CD8.EM
-7.157,-3.341,CD8.TEX
7.474,4.493,CD8.NaiveLike
-0.75,-1.85,CD8.EM
1.701,3.988,CD8.CM
-0.089,-1.744,CD8.EM
0.936,3.584,CD8.CM
-2.119,7.79,CD8.MAIT
-0.788,-2.71,CD8.EM
-5.573,-3.744,CD8.TEX
-5.381,-4.369,CD8.TEX
-1.188,-2.266,CD8.EM
-0.209,-2.623,CD8.EM
4.784,4.39,CD8.NaiveLike
-4.816,-4.988,CD8.TEX
-0.419,-0.83,CD8.EM
-1.494,-2.385,CD8.EM
-0.169,-1.79,CD8.EM
-0.192,-2.583,CD8.EM
-2.425,7.71,CD8.MAIT
-0.27,-1.516,CD8.EM
-5.233,-3.846,CD8.TEX
-5.982,-1.341,CD8.TPEX
-1.403,-3.002,CD8.EM
-5.165,-3.898,CD8.TEX
6.35,-3.79,CD8.TEMRA
-0.019,-1.239,CD8.EM
-7.037,-3.055,CD8.TEX
-0.684,-3.077,CD8.EM
-0.64,-0.835,CD8.EM
-2.189,7.622,CD8.MAIT
0.311,-1.043,CD8.EM
-4.601,-4.347,CD8.TEX
1.319,4.587,CD8.CM
-5.275,-4.191,CD8.TEX
-1.025,-0.784,CD8.EM
1.173,4.31,CD8.CM
-7.112,-4.183,CD8.TEX
1.831,4.146,CD8.CM
1.5,3.962,CD8.CM
-2.551,-1.755,CD8.TPEX
0.654,-1.86,CD8.EM
-3.714,-4.359,CD8.TEX
6.301,-4.747,CD8.TEMRA
-0.952,-1.454,CD8.EM
4.101,2.362,CD8.EM
5.332,-4.789,CD8.TEMRA
4.465,3.899,CD8.NaiveLike
-1.975,-3.12,CD8.EM
6.073,-4.59,CD8.TEMRA
-3.785,-2.504,CD8.EM
-6.879,-4.57,CD8.TEX
5.339,3.611,CD8.NaiveLike
4.772,4.828,CD8.NaiveLike
7.054,3.383,CD8.NaiveLike
0.182,-2.005,CD8.EM
6.113,-5.351,CD8.TEMRA
6.055,-4.064,CD8.TEMRA
0.363,3.649,CD8.CM
4.557,3.281,CD8.NaiveLike
4.795,3.434,CD8.NaiveLike
2.263,2.573,CD8.CM
1.802,4.858,CD8.CM
4.756,3.38,CD8.NaiveLike
4.695,4.622,CD8.NaiveLike
-0.532,-0.383,CD8.EM
-0.205,-0.112,CD8.EM
-0.874,-2.141,CD8.EM
6.596,5.031,CD8.NaiveLike
-0.635,-0.408,CD8.EM
0.995,0.675,CD8.CM
4.14,3.826,CD8.NaiveLike
0.685,-1.801,CD8.EM
7.228,3.356,CD8.NaiveLike
-1.748,-3.271,CD8.EM
-6.15,-4.952,CD8.TEX
1.417,3.602,CD8.CM
0.891,3.437,CD8.CM
-2.858,-2.38,CD8.EM
5.32,3.033,CD8.NaiveLike
-1.163,-2.404,CD8.EM
0.148,-1.693,CD8.EM
-0.859,-2.417,CD8.EM
4.025,3.628,CD8.NaiveLike
-0.377,-1.825,CD8.EM
0.02,-2.422,CD8.EM
-0.826,-2.721,CD8.CM
5.345,3.956,CD8.NaiveLike
6.029,-5.221,CD8.TEMRA
-0.922,-3.086,CD8.EM
-0.978,-0.625,CD8.EM
5.741,-4.657,CD8.TEMRA
4.657,4.107,CD8.NaiveLike
4.516,4.2,CD8.NaiveLike
7.528,3.896,CD8.NaiveLike
-1.496,-2.216,CD8.EM
0.374,-0.131,CD8.EM
-0.573,-1.526,CD8.EM
4.783,3.307,CD8.NaiveLike
5.905,4.137,CD8.NaiveLike
1.232,2.214,CD8.CM
0.404,-1.718,CD8.EM
0.263,-1.91,CD8.EM
5.149,2.896,CD8.NaiveLike
5.99,-5.042,CD8.TEMRA
-0.911,-2.948,CD8.EM
5.383,3.853,CD8.NaiveLike
0.85,1.495,CD8.CM
4.178,4.074,CD8.NaiveLike
7.181,3.294,CD8.NaiveLike
4.282,3.371,CD8.NaiveLike
4.783,4.034,CD8.NaiveLike
-0.934,-2.848,CD8.EM
6.162,-5.174,CD8.TEMRA
5.008,3.974,CD8.NaiveLike
-0.463,-1.016,CD8.EM
-6.079,-3.612,CD8.TEX
6.588,-3.549,CD8.TEMRA
4.833,3.803,CD8.NaiveLike
-1.237,-2.511,CD8.EM
-5.962,-4.718,CD8.TEX
4.496,4.011,CD8.NaiveLike
-1.453,8.041,CD8.MAIT
4.004,3.627,CD8.NaiveLike
-2.045,-2.477,CD8.EM
5.526,-4.662,CD8.TEMRA
-0.465,-2.02,CD8.EM
-1.648,-2.193,CD8.EM
-2.37,-3.321,CD8.EM
4.571,4.047,CD8.NaiveLike
2.112,2.986,CD8.CM
0.939,-0.163,CD8.CM
-0.444,-0.792,CD8.EM
-5.988,-4.594,CD8.TEX
4.916,4.812,CD8.NaiveLike
0.546,-0.969,CD8.EM
1.977,2.784,CD8.CM
4.131,3.908,CD8.NaiveLike
1.196,4.023,CD8.CM
5.501,4.066,CD8.NaiveLike
1.684,4.756,CD8.CM
-0.362,-0.363,CD8.EM
-4.417,-3.243,CD8.TEX
6.61,-4.463,CD8.TEMRA
5.421,-4.23,CD8.TEMRA
1.641,3.179,CD8.CM
5.774,3.962,CD8.CM
6.369,-3.483,CD8.TEMRA
-5.908,-4.867,CD8.TEX
0.59,-1.151,CD8.EM
-0.603,-0.266,CD8.EM
-5.931,-5.395,CD8.TEX
-5.706,-4.883,CD8.TEX
4.907,3.804,CD8.NaiveLike
-1.052,-2.556,CD8.EM
4.417,4.418,CD8.NaiveLike
2.678,3.35,CD8.CM
0.969,4.221,CD8.CM
6.114,3.702,CD8.NaiveLike
0.597,-0.97,CD8.EM
6.054,-5.035,CD8.TEMRA
-6.529,-3.104,CD8.TEX
-1.357,-3.305,CD8.EM
5.643,-3.371,CD8.TEMRA
-0.025,-1.658,CD8.EM
0.229,-1.141,CD8.EM
6.47,-4.571,CD8.TEMRA
-1.532,-1.706,CD8.EM
4.422,3.611,CD8.NaiveLike
-1.433,-1.373,CD8.EM
-6.19,-3.872,CD8.TEX
-0.795,-2.933,CD8.EM
-6.288,-5.298,CD8.TEX
6.496,-3.577,CD8.TEMRA
4.338,3.931,CD8.NaiveLike
-2.718,-3.403,CD8.TEX
5.039,3.886,CD8.NaiveLike
5.533,-4.966,CD8.TEMRA
5.337,3.797,CD8.NaiveLike
7.034,3.793,CD8.NaiveLike
2.902,2.942,CD8.CM
5.938,3.703,CD8.NaiveLike
4.5,4.645,CD8.NaiveLike
-7.024,-3.509,CD8.TEX
0.216,-0.19,CD8.EM
7.088,3.233,CD8.NaiveLike
1.319,3.708,CD8.CM
-1.213,-2.672,CD8.EM
-0.093,-2.72,CD8.EM
5.94,-5.248,CD8.TEMRA
-7.186,-3.318,CD8.TEX
-3.792,-4.4,CD8.EM
-0.612,-2.195,CD8.EM
1.004,2.477,CD8.CM
-4.457,-1.836,CD8.TPEX
0.737,2.275,CD8.CM
5.422,-4.628,CD8.TEMRA
5.832,-5.186,CD8.TEMRA
5.534,-4.896,CD8.TEMRA
-0.261,-2.706,CD8.EM
-0.552,-2.406,CD8.EM
4.639,3.669,CD8.NaiveLike
-5.98,-4.503,CD8.TEX
-4.472,-0.127,CD8.EM
4.471,3.342,CD8.NaiveLike
2.138,3.173,CD8.CM
1.999,1.877,CD8.CM
-6.758,-4.592,CD8.TEX
-6.762,-4.824,CD8.TEX
7.23,3.52,CD8.NaiveLike
5.818,5.109,CD8.NaiveLike
4.24,3.612,CD8.NaiveLike
5.957,4.598,CD8.CM
0.458,-1.758,CD8.EM
-1.582,-0.984,CD8.EM
6.782,4.66,CD8.NaiveLike
-6.132,-4.323,CD8.TEX
5.881,-4.711,CD8.TEMRA
-1.043,-2.356,CD8.TEMRA
-0.615,-1.608,CD8.EM
-1.562,-1.981,CD8.EM
7.117,3.48,CD8.NaiveLike
-6.157,-0.068,CD8.TPEX
4.209,2.658,CD8.CM
3.996,3.573,CD8.NaiveLike
5.653,-5.045,CD8.TEMRA
0.222,-1.09,CD8.EM
-0.104,-0.227,CD8.EM
-1.117,-1.77,CD8.EM
-6.083,-0.205,CD8.TPEX
-1.345,-1.306,CD8.EM
1.323,3.768,CD8.CM
4.271,4.13,CD8.NaiveLike
6.079,-4.493,CD8.TEMRA
-4.123,-3.625,CD8.TEX
6.615,-3.584,CD8.TEMRA
4.611,4.627,CD8.NaiveLike
1.682,2.273,CD8.CM
-1.75,8.295,CD8.MAIT
5.428,-4.08,CD8.TEMRA
-5.799,-4.327,CD8.TEX
-0.84,-3.022,CD8.EM
-5.49,-4.546,CD8.TEX
-0.989,-2.302,CD8.EM
-1.945,-2.215,CD8.EM
-0.042,-2.351,CD8.EM
-5.842,-1.273,CD8.TPEX
-2.228,-1.442,CD8.EM
3.128,2.906,CD8.CM
-1.964,-1.727,CD8.EM
6.841,3.23,CD8.NaiveLike
4.524,3.438,CD8.NaiveLike
-1.454,7.471,CD8.CM
3.599,2.946,CD8.CM
-1.839,-1.703,CD8.EM
-0.665,-0.944,CD8.EM
4.837,3.848,CD8.NaiveLike
-1.043,-2.15,CD8.EM
-1.475,-0.66,CD8.EM
-1.143,-3.311,CD8.CM
-0.106,-0.8,CD8.EM
4.851,2.611,CD8.CM
3.981,2.672,CD8.CM
1.05,4.003,CD8.CM
6.941,3.252,CD8.NaiveLike
4.111,3.573,CD8.NaiveLike
6.971,-3.885,CD8.TEMRA
6.048,-4.473,CD8.TEMRA
4.346,2.685,CD8.NaiveLike
6.656,-4.903,CD8.TEMRA
6.084,-5.307,CD8.TEMRA
-7.153,-2.72,CD8.TEX
5.097,4.879,CD8.CM
6.072,-3.693,CD8.TEMRA
