hex_x,hex_y,n_cells,state,state_purity,BCL6,CD69,CXCR6,ENTPD1,GZMB,HAVCR2,ID2,ID3,IL7R,ITGAE,KLF2,LEF1,PDCD1,PRF1,RGS1,RUNX3,S1PR1,SELL,SELPLG,SLAMF6,TCF7,TOX,XCL1,ZEB2
5.037,3.537,19,CD8.NaiveLike,0.842,0.064,0.867,0.086,0.12,0.178,0.06,0.629,0.367,2.533,0.343,1.095,0.253,0.151,0.23,0.737,0.689,0.973,1.033,0.842,0.0,1.123,0.0,0.0,0.319
-6.535,0.0,27,CD8.TPEX,0.963,0.067,1.404,0.176,0.139,1.266,0.048,1.027,0.637,0.774,0.497,0.294,0.102,0.244,0.963,0.899,0.54,0.03,0.135,0.353,0.03,0.672,0.157,2.684,0.626
-6.262,0.0,19,CD8.TPEX,1.0,0.0,0.701,0.354,0.147,0.636,0.096,0.629,1.116,1.252,0.651,0.16,0.263,0.307,0.554,0.446,0.612,0.0,0.161,0.221,0.152,0.715,0.457,2.776,0.486
-5.582,-4.009,25,CD8.TEX,1.0,0.053,0.801,1.164,0.265,2.178,0.762,0.879,0.341,0.2,0.923,0.057,0.047,0.662,1.884,1.108,0.962,0.0,0.096,0.932,0.121,0.084,0.838,0.081,0.149
-0.817,-0.943,27,CD8.EM,1.0,0.099,1.382,0.45,0.048,0.586,0.141,0.368,0.093,0.47,0.458,0.744,0.0,0.271,0.661,1.216,0.566,0.096,0.033,0.582,0.067,0.217,0.248,0.428,0.377
-6.262,-4.244,21,CD8.TEX,1.0,0.0,1.578,1.411,0.767,2.415,0.562,1.672,0.179,0.647,1.06,0.0,0.081,1.037,1.263,1.892,0.792,0.037,0.252,0.764,0.317,0.0,0.691,0.563,0.303
1.77,4.48,7,CD8.CM,1.0,0.0,0.497,0.237,0.0,0.7,0.0,0.0,0.0,1.149,0.0,0.215,0.0,0.242,0.676,0.215,0.609,0.0,0.516,0.458,0.286,0.74,0.0,0.452,0.297
1.225,3.065,25,CD8.CM,1.0,0.071,1.224,0.419,0.051,1.093,0.0,1.075,0.059,2.618,0.789,0.737,0.117,0.297,1.002,0.739,0.912,0.131,0.158,0.295,0.0,0.249,0.141,0.405,0.565
-4.901,-0.943,3,CD8.TPEX,1.0,0.0,0.0,0.489,0.0,0.0,0.0,0.958,0.0,0.411,1.299,0.0,0.0,0.8,0.489,1.669,0.489,0.0,0.0,0.0,0.0,1.275,0.0,0.893,0.0
-6.535,-1.886,4,CD8.TPEX,1.0,0.0,0.277,0.0,0.401,0.0,0.0,0.82,0.543,1.079,1.541,0.0,0.0,0.816,0.867,0.456,0.762,0.0,0.456,1.276,0.27,1.09,0.27,1.928,0.277
-5.854,-3.537,20,CD8.TEX,1.0,0.0,0.853,1.18,0.83,1.659,0.832,0.621,0.405,0.099,0.884,0.08,0.0,1.2,1.341,0.69,0.696,0.0,0.0,0.89,0.13,0.0,0.987,0.0,0.106
-4.629,-3.301,11,CD8.TEX,1.0,0.0,1.108,0.47,0.0,1.613,1.356,0.192,0.211,0.337,0.528,0.151,0.0,0.658,1.257,0.447,0.65,0.103,0.103,0.908,0.197,0.099,0.264,0.099,0.208
-6.399,-4.48,20,CD8.TEX,1.0,0.067,1.583,1.282,1.031,2.445,0.862,0.866,0.312,0.35,0.902,0.081,0.0,1.512,1.986,1.966,0.829,0.043,0.195,0.897,0.0,0.0,0.299,0.196,0.67
-5.99,-3.773,35,CD8.TEX,1.0,0.059,1.1,1.38,0.89,1.906,0.573,0.968,0.538,0.406,1.005,0.109,0.0,0.838,1.721,1.427,0.727,0.0,0.129,0.751,0.194,0.121,0.446,0.0,0.466
-5.037,-1.651,14,CD8.TPEX,1.0,0.186,0.813,0.426,0.577,0.0,0.05,0.6,0.125,2.516,1.206,0.0,0.0,0.353,0.395,1.335,0.266,0.05,0.589,0.455,0.0,1.328,0.242,0.938,0.513
3.54,2.83,5,CD8.CM,0.8,0.0,0.584,0.0,0.0,0.0,0.0,0.245,0.28,2.815,0.0,1.939,0.464,1.137,0.69,1.385,1.042,0.691,0.0,0.698,0.379,0.485,0.0,0.0,0.532
-6.535,-0.472,26,CD8.TPEX,0.962,0.166,0.676,0.158,0.638,0.122,0.0,0.711,0.913,1.391,0.751,0.26,0.101,0.379,0.214,0.415,0.306,0.0,0.131,0.291,0.062,1.033,0.485,2.31,0.606
-6.807,-0.472,13,CD8.TPEX,1.0,0.0,0.992,0.698,0.422,1.355,0.079,1.055,0.194,1.319,0.977,0.144,0.054,0.344,0.697,0.438,0.616,0.0,0.0,0.246,0.148,0.373,0.377,1.628,0.931
-7.352,-3.301,8,CD8.TEX,1.0,0.0,1.116,1.54,1.652,2.173,0.711,1.533,0.183,0.898,1.71,0.0,0.0,0.927,1.209,1.194,0.844,0.0,0.221,0.123,0.159,0.0,0.517,0.642,0.755
-4.765,0.236,15,CD8.TPEX,1.0,0.075,1.707,0.247,0.0,1.237,0.657,0.689,0.213,0.288,0.431,0.486,0.095,0.793,0.617,0.611,0.624,0.0,0.0,0.146,0.077,0.251,0.075,3.05,0.787
-6.535,-3.773,28,CD8.TEX,1.0,0.0,0.887,1.01,0.594,1.751,0.426,0.782,0.275,0.562,1.305,0.041,0.0,0.782,0.975,1.603,0.671,0.06,0.04,0.881,0.116,0.148,0.325,0.044,0.394
-4.493,-2.594,1,CD8.CM,1.0,0.0,0.0,0.0,0.0,0.0,0.0,0.0,0.0,0.0,1.342,0.0,0.0,0.0,0.0,0.0,1.342,0.0,0.0,0.0,0.0,1.896,1.342,0.0,0.0
-0.136,-1.651,19,CD8.EM,0.895,0.12,1.018,0.214,0.0,0.0,0.086,0.38,0.176,0.109,0.37,0.508,0.044,0.287,0.582,0.807,0.258,0.113,0.144,0.834,0.0,0.065,0.221,0.234,0.481
-1.498,-1.179,22,CD8.EM,1.0,0.194,1.011,0.7,0.095,0.749,0.046,0.788,0.063,0.635,0.349,0.552,0.0,1.02,1.016,1.486,0.86,0.0,0.066,0.744,0.274,0.072,0.447,0.0,0.687
-7.079,-4.244,14,CD8.TEX,1.0,0.0,1.481,1.023,1.046,2.298,0.43,1.991,0.553,0.928,1.647,0.097,0.164,1.096,1.287,2.04,1.038,0.0,0.2,0.721,0.097,0.0,0.251,0.607,0.946
-4.629,0.0,6,CD8.TPEX,1.0,0.0,1.783,0.0,0.0,2.298,0.201,0.779,0.0,1.089,0.741,0.919,0.0,1.211,1.019,0.989,0.402,0.0,0.0,0.797,0.0,0.255,0.172,1.566,0.255
-1.77,-1.179,12,CD8.EM,0.833,0.0,1.569,0.549,0.249,0.534,0.308,0.844,0.409,0.923,0.664,0.507,0.0,1.076,0.725,1.18,0.691,0.1,0.111,0.391,0.271,0.111,0.276,0.469,0.297
1.498,2.122,9,CD8.CM,0.889,0.0,0.787,0.795,0.0,1.621,0.0,0.407,0.0,0.489,0.564,0.461,0.0,0.186,0.44,0.085,0.474,0.276,0.0,0.356,0.0,0.379,0.0,0.317,0.611
-6.399,-2.122,2,CD8.TPEX,1.0,0.0,0.672,0.0,0.0,0.0,0.0,0.441,0.0,0.0,0.948,0.0,0.0,1.196,0.829,1.637,0.441,0.0,0.0,0.441,0.0,0.0,1.196,2.025,1.637
1.361,2.358,16,CD8.CM,1.0,0.0,0.659,0.763,0.075,1.514,0.08,0.797,0.0,1.775,0.599,0.795,0.08,0.25,1.024,1.059,0.85,0.236,0.187,0.72,0.0,0.311,0.051,0.34,0.698
1.634,1.415,7,CD8.CM,1.0,0.0,0.849,0.0,0.144,0.769,0.0,0.0,0.0,1.117,1.388,0.563,0.0,0.261,0.183,0.904,0.958,0.304,0.0,1.045,0.0,0.716,0.304,0.0,1.018
-1.225,-2.122,21,CD8.EM,1.0,0.0,1.378,0.639,0.056,0.803,0.055,0.146,0.0,0.637,0.813,0.516,0.0,0.404,1.204,1.036,0.86,0.198,0.232,1.041,0.245,0.047,0.445,0.115,0.491
3.948,3.065,8,CD8.CM,0.5,0.165,0.516,0.162,0.162,0.0,0.0,0.758,0.122,2.324,0.223,1.925,0.165,0.0,0.443,1.119,0.778,0.899,0.162,1.405,0.171,0.747,0.395,0.0,0.19
-6.671,-3.537,20,CD8.TEX,1.0,0.0,0.774,1.242,0.969,2.053,0.393,0.942,0.42,0.708,1.041,0.0,0.063,0.947,1.154,1.312,0.814,0.0,0.056,0.74,0.152,0.146,0.347,0.199,0.301
5.718,3.301,9,CD8.NaiveLike,0.667,0.344,1.742,0.0,0.147,0.0,0.106,0.345,0.439,2.743,0.307,0.61,0.286,0.521,0.179,0.757,0.453,0.499,1.249,0.688,0.329,0.229,0.15,0.446,0.115
-6.535,-3.301,16,CD8.TEX,1.0,0.0,0.379,0.709,0.606,1.83,0.643,0.704,0.249,0.161,0.979,0.135,0.0,0.73,0.918,1.107,0.758,0.0,0.0,0.581,0.109,0.0,0.506,0.154,0.673
-1.77,-2.122,23,CD8.EM,1.0,0.0,1.521,1.018,0.0,1.116,0.21,0.59,0.068,0.598,0.567,0.218,0.0,1.087,1.174,1.234,0.66,0.062,0.21,0.795,0.226,0.053,0.199,0.11,0.594
-7.079,-3.301,21,CD8.TEX,1.0,0.082,0.891,1.137,1.236,1.859,0.191,1.108,0.518,1.024,1.34,0.139,0.05,0.468,0.902,0.952,0.608,0.052,0.052,0.642,0.331,0.168,0.423,0.225,0.565
-5.446,-3.301,22,CD8.TEX,1.0,0.0,0.54,0.972,0.376,1.242,0.755,0.315,0.402,0.252,1.016,0.0,0.046,1.046,1.466,0.747,1.124,0.0,0.0,0.946,0.212,0.0,0.363,0.181,0.29
-6.399,-3.537,18,CD8.TEX,1.0,0.0,0.841,1.494,0.713,2.435,0.657,0.546,0.151,0.288,0.748,0.0,0.0,1.5,1.944,1.56,0.946,0.0,0.071,0.846,0.375,0.0,0.378,0.282,0.257
-4.765,-3.537,14,CD8.TEX,1.0,0.0,0.697,0.693,0.359,1.749,0.67,0.89,0.592,0.282,0.85,0.282,0.0,0.987,1.093,1.251,0.807,0.077,0.239,0.789,0.222,0.058,0.553,0.0,0.08
-5.718,-0.472,16,CD8.TPEX,0.938,0.079,0.811,0.0,0.396,0.0,0.0,0.424,0.0,0.863,0.666,0.254,0.09,0.645,0.417,0.613,0.42,0.0,0.053,0.58,0.053,1.182,0.41,2.22,0.63
-0.136,0.707,1,CD8.EM,1.0,0.778,0.0,0.0,0.0,0.0,0.0,1.211,0.0,0.0,0.0,0.0,0.0,0.0,0.0,0.0,0.0,0.0,0.0,1.512,0.0,1.211,0.778,0.0,0.778
6.262,4.244,18,CD8.NaiveLike,0.722,0.067,0.448,0.123,0.0,0.18,0.0,0.611,0.381,2.564,0.304,0.865,0.357,0.071,0.203,0.626,0.344,0.539,1.011,0.311,0.042,0.754,0.108,0.529,0.198
-6.399,-0.236,20,CD8.TPEX,1.0,0.063,0.69,0.428,0.44,0.414,0.054,0.718,0.425,0.977,0.833,0.041,0.095,0.327,0.491,0.595,0.619,0.0,0.041,0.288,0.205,0.958,0.36,3.048,0.517
1.498,2.594,10,CD8.CM,1.0,0.162,0.933,0.829,0.0,0.703,0.147,1.359,0.128,1.085,0.707,0.987,0.0,0.29,0.503,1.22,0.543,0.092,0.232,0.397,0.226,0.233,0.205,0.811,1.05
2.178,2.358,16,CD8.CM,1.0,0.0,0.609,0.0,0.0,0.151,0.0,0.571,0.072,1.661,0.374,1.362,0.185,0.187,0.501,0.684,0.465,0.18,0.0,0.85,0.0,0.999,0.0,0.309,0.442
2.178,1.415,6,CD8.CM,1.0,0.0,0.679,0.171,0.0,0.0,0.0,0.0,0.349,1.336,0.171,0.195,0.0,0.0,0.254,0.481,0.854,0.0,0.235,0.235,0.0,1.115,0.373,0.0,0.795
-5.173,-3.301,22,CD8.TEX,0.955,0.0,0.325,1.062,0.417,1.821,0.538,0.682,0.114,0.288,0.502,0.06,0.0,0.693,1.907,0.924,0.85,0.0,0.0,0.96,0.261,0.0,0.505,0.0,0.112
-1.225,-1.179,20,CD8.EM,1.0,0.062,1.26,0.512,0.1,0.691,0.15,0.394,0.0,0.653,0.612,0.404,0.0,0.519,1.175,1.264,0.704,0.165,0.073,0.771,0.129,0.283,0.258,0.349,0.614
2.723,1.886,3,CD8.CM,1.0,0.0,1.326,0.273,0.0,0.0,0.0,0.273,0.44,1.814,0.44,0.955,0.0,0.0,0.0,0.0,0.623,0.422,0.0,1.445,0.0,1.443,0.0,0.273,0.0
-3.404,-4.009,5,CD8.TEX,1.0,0.0,1.27,0.728,0.453,2.315,0.266,1.078,0.0,0.748,1.273,0.314,0.0,0.0,1.466,0.9,0.933,0.213,0.0,1.304,0.0,0.266,0.213,0.0,0.488
-6.535,-0.943,12,CD8.TPEX,1.0,0.1,0.634,0.42,0.288,0.368,0.0,1.357,0.246,1.632,1.47,0.1,0.0,0.335,0.34,0.806,0.464,0.0,0.598,0.147,0.177,0.844,0.763,1.746,0.297
-1.906,-1.886,20,CD8.EM,1.0,0.064,1.378,0.884,0.13,1.322,0.597,0.495,0.122,0.465,0.442,0.508,0.0,0.749,0.667,1.977,0.803,0.0,0.224,1.146,0.236,0.238,0.367,0.0,0.537
-5.854,-0.707,6,CD8.TPEX,1.0,0.0,0.0,0.423,0.247,0.0,0.0,0.877,0.0,1.591,0.89,0.433,0.0,0.247,0.501,0.549,0.549,0.0,0.175,0.347,0.0,1.167,0.0,0.897,0.59
-6.943,-4.48,9,CD8.TEX,1.0,0.172,1.589,0.933,0.723,2.115,0.581,1.925,0.149,1.076,1.169,0.095,0.0,0.882,1.302,2.195,0.424,0.0,0.0,0.679,0.175,0.0,0.175,0.327,1.002
1.906,1.886,14,CD8.CM,1.0,0.086,0.797,0.142,0.0,0.407,0.0,0.41,0.105,1.51,1.179,0.814,0.105,0.339,0.279,0.331,0.523,0.075,0.0,0.732,0.204,0.618,0.302,0.587,0.788
-6.943,-4.009,23,CD8.TEX,1.0,0.0,1.175,1.553,0.877,2.388,0.649,1.359,0.289,0.912,1.503,0.0,0.091,1.076,1.239,1.627,1.157,0.0,0.129,0.509,0.251,0.237,0.155,0.873,0.531
1.361,1.415,9,CD8.CM,1.0,0.255,0.459,0.0,0.0,0.332,0.0,0.378,0.322,0.772,0.842,0.842,0.0,0.513,0.152,0.171,0.391,0.0,0.167,0.416,0.167,0.905,0.161,0.119,0.379
1.77,3.537,33,CD8.CM,1.0,0.045,1.799,0.289,0.0,1.092,0.044,0.66,0.151,2.745,0.664,0.738,0.238,0.349,0.751,0.951,0.876,0.163,0.043,0.635,0.124,0.281,0.081,0.413,0.217
0.0,-0.943,20,CD8.EM,1.0,0.0,1.651,0.233,0.0,0.241,0.0,0.408,0.205,1.288,0.577,0.771,0.0,0.196,0.859,0.794,0.879,0.172,0.203,0.71,0.324,0.21,0.276,0.34,0.584
0.136,-0.236,20,CD8.EM,0.75,0.0,1.34,0.35,0.051,0.167,0.0,0.508,0.068,1.393,0.449,0.694,0.126,0.324,0.229,1.416,0.683,0.286,0.373,1.114,0.275,0.365,0.246,0.232,0.6
-6.535,-4.716,16,CD8.TEX,1.0,0.142,1.181,1.404,0.885,2.965,1.209,1.591,0.316,0.493,1.43,0.0,0.0,1.402,1.636,2.112,0.99,0.0,0.064,0.562,0.202,0.066,0.451,0.118,0.602
-6.671,-3.065,26,CD8.TEX,1.0,0.0,0.721,0.932,1.112,2.17,0.463,1.06,0.41,0.565,1.31,0.177,0.0,0.752,1.072,1.444,0.999,0.0,0.0,0.549,0.143,0.133,0.311,0.355,0.689
2.314,2.122,8,CD8.CM,1.0,0.165,0.0,0.148,0.0,0.314,0.0,0.682,0.148,1.899,0.382,1.033,0.0,0.153,0.695,0.665,1.044,0.273,0.354,1.362,0.153,1.378,0.205,0.0,0.477
1.77,1.651,13,CD8.CM,0.923,0.0,0.522,0.292,0.0,0.561,0.0,0.347,0.35,0.736,0.778,0.471,0.0,0.439,0.09,0.66,0.55,0.09,0.088,0.809,0.19,0.87,0.344,0.26,0.637
5.582,3.537,18,CD8.NaiveLike,0.722,0.142,0.542,0.142,0.199,0.138,0.0,0.579,0.209,2.585,0.481,1.129,0.391,0.204,0.22,0.506,0.462,0.556,0.66,0.279,0.285,0.773,0.0,0.409,0.591
-6.671,-1.179,10,CD8.TPEX,1.0,0.0,0.748,0.525,1.045,0.879,0.0,0.982,0.279,1.26,1.284,0.0,0.0,0.312,0.733,0.83,0.762,0.209,0.081,0.231,0.094,0.661,0.236,1.882,0.34
-5.718,-3.301,21,CD8.TEX,1.0,0.0,1.355,0.967,0.726,2.158,0.825,0.732,0.584,0.363,1.095,0.205,0.0,0.526,1.148,1.143,0.708,0.0,0.161,0.901,0.13,0.0,0.409,0.342,0.636
-6.807,-3.301,24,CD8.TEX,1.0,0.0,0.674,1.683,0.625,2.33,0.661,1.008,0.314,0.544,1.226,0.0,0.21,0.969,1.09,1.428,1.293,0.0,0.0,0.804,0.298,0.2,0.408,0.531,0.404
-1.361,-1.886,23,CD8.EM,0.957,0.0,1.184,0.426,0.0,0.443,0.203,0.596,0.132,0.424,0.808,0.402,0.064,0.514,0.964,1.035,0.647,0.238,0.266,0.6,0.204,0.383,0.388,0.52,0.368
3.404,2.594,6,CD8.CM,1.0,0.0,1.303,0.0,0.0,0.0,0.0,0.277,0.194,2.577,1.316,1.04,0.0,0.241,0.0,0.396,0.909,0.944,0.0,0.448,0.254,0.97,0.0,0.652,0.414
-6.807,-3.773,25,CD8.TEX,1.0,0.0,0.934,0.7,1.265,2.577,0.408,1.226,0.351,1.067,1.176,0.354,0.0,0.634,1.239,1.382,0.878,0.047,0.164,0.515,0.101,0.0,0.201,0.122,0.861
4.901,4.244,11,CD8.NaiveLike,1.0,0.0,1.227,0.231,0.0,0.163,0.0,0.759,0.458,2.965,0.268,1.007,0.697,0.204,0.229,0.641,0.645,1.001,1.264,0.694,0.0,0.622,0.0,0.089,0.089
4.084,3.301,11,CD8.NaiveLike,0.818,0.086,1.001,0.246,0.118,0.0,0.157,0.91,0.392,3.221,0.422,1.743,0.446,0.073,0.358,0.611,0.69,0.946,0.599,0.56,0.125,0.444,0.0,0.0,0.121
4.901,3.301,16,CD8.NaiveLike,0.75,0.069,1.114,0.0,0.0,0.092,0.0,0.398,0.244,3.027,0.42,1.787,0.641,0.247,0.305,0.687,0.68,0.844,0.779,0.771,0.215,0.687,0.178,0.0,0.565
-6.943,-3.065,23,CD8.TEX,1.0,0.03,1.145,1.054,0.824,1.674,0.57,1.42,0.274,0.555,1.14,0.068,0.0,0.843,0.854,1.921,1.051,0.044,0.08,0.521,0.148,0.048,0.435,0.503,0.505
-6.126,-0.236,14,CD8.TPEX,1.0,0.0,1.078,0.0,0.094,0.089,0.0,0.972,0.622,1.013,0.816,0.179,0.0,0.668,0.36,0.972,0.932,0.155,0.0,0.174,0.0,1.17,0.607,2.728,0.779
2.723,2.358,8,CD8.CM,1.0,0.0,1.133,0.0,0.0,0.0,0.0,0.163,0.134,2.702,0.509,1.028,0.418,0.893,0.564,0.246,0.745,0.544,0.248,0.505,0.184,1.126,0.36,0.334,0.537
-6.535,-1.415,15,CD8.TPEX,0.933,0.323,0.601,0.117,0.703,0.223,0.179,0.623,0.955,1.025,1.057,0.0,0.226,0.272,0.338,0.91,0.547,0.0,0.174,0.599,0.0,0.765,0.638,1.939,0.181
-5.173,-0.472,3,CD8.TPEX,0.667,0.0,0.0,0.0,0.0,0.0,0.0,0.0,0.732,0.814,0.283,0.0,0.0,0.0,0.0,0.0,0.0,0.0,0.0,0.283,0.0,0.283,0.944,0.0,0.531
-5.718,-4.244,25,CD8.TEX,1.0,0.058,1.303,1.23,0.445,2.206,0.933,0.92,0.375,0.233,0.99,0.0,0.102,0.663,2.074,1.827,0.62,0.0,0.0,0.769,0.253,0.041,0.32,0.041,0.408
2.042,1.651,6,CD8.CM,1.0,0.0,0.247,0.502,0.0,0.0,0.0,0.0,0.0,1.185,0.557,0.713,0.0,0.273,0.0,0.487,1.337,0.553,0.199,1.121,0.0,1.192,0.0,0.0,0.214
-6.943,-3.537,21,CD8.TEX,1.0,0.078,1.106,1.192,0.631,1.993,0.389,1.065,0.239,0.52,1.421,0.058,0.0,0.919,1.053,1.483,0.685,0.0,0.0,0.864,0.123,0.0,0.402,0.478,0.57
-7.079,-3.773,15,CD8.TEX,1.0,0.06,0.749,1.627,0.823,2.288,0.334,1.156,0.319,1.054,1.535,0.067,0.0,0.973,1.142,1.748,0.566,0.0,0.08,0.335,0.071,0.239,0.384,0.54,0.696
-6.671,-4.009,17,CD8.TEX,0.941,0.0,1.145,1.093,1.245,2.237,1.01,0.931,0.425,0.52,1.12,0.0,0.0,0.671,1.617,1.3,0.777,0.0,0.166,0.585,0.067,0.102,0.509,0.421,0.512
6.399,3.537,24,CD8.NaiveLike,0.875,0.156,1.255,0.066,0.163,0.163,0.0,0.604,0.093,2.452,0.237,1.075,0.631,0.242,0.103,0.845,0.449,0.393,1.335,0.532,0.197,0.664,0.052,0.052,0.069
-6.262,-0.472,22,CD8.TPEX,1.0,0.166,0.711,0.176,0.347,0.185,0.099,0.734,0.352,1.555,0.567,0.207,0.119,0.539,0.272,0.409,0.411,0.0,0.045,0.151,0.054,0.678,0.268,1.931,0.662
-1.498,-2.594,19,CD8.EM,1.0,0.0,1.326,0.56,0.128,1.808,0.067,0.476,0.0,0.395,0.624,0.218,0.141,0.582,0.852,0.941,1.219,0.164,0.24,0.728,0.138,0.272,0.159,0.061,0.566
-5.99,-0.472,14,CD8.TPEX,1.0,0.0,0.938,0.099,0.093,0.0,0.0,0.384,0.807,0.632,1.242,0.23,0.0,0.397,0.329,0.552,0.652,0.0,0.0,0.078,0.215,0.987,0.313,2.288,0.784
-5.582,-4.48,16,CD8.TEX,1.0,0.0,1.192,0.865,0.683,2.284,0.621,0.875,0.442,0.485,0.626,0.178,0.0,1.114,1.811,2.215,0.748,0.0,0.242,0.677,0.19,0.068,0.619,0.055,0.392
-5.037,-3.065,9,CD8.TEX,0.889,0.0,0.934,0.76,0.605,2.13,0.46,0.36,0.488,0.71,1.242,0.247,0.0,0.528,1.219,0.0,0.272,0.213,0.297,0.863,0.137,0.324,1.141,0.137,0.128
-4.22,-1.179,3,CD8.TPEX,0.667,0.0,0.97,0.0,0.0,0.0,0.0,0.0,0.0,0.66,0.99,0.0,0.0,0.0,0.0,0.416,1.537,0.0,0.0,0.375,0.0,1.075,0.0,0.31,0.595
1.906,2.358,17,CD8.CM,1.0,0.083,0.648,0.086,0.0,0.941,0.0,0.473,0.249,1.687,0.926,0.754,0.0,0.347,0.334,0.421,0.918,0.068,0.083,0.361,0.099,0.222,0.249,0.083,0.587
-1.225,-2.594,34,CD8.EM,1.0,0.03,0.904,0.503,0.044,0.757,0.292,0.332,0.026,0.399,0.615,0.28,0.0,0.573,1.246,0.66,0.689,0.205,0.122,0.92,0.124,0.274,0.123,0.035,0.26
3.812,2.83,9,CD8.CM,0.778,0.0,1.145,0.0,0.0,0.227,0.0,0.14,0.0,2.605,0.0,1.896,0.136,0.314,0.234,0.678,0.755,0.0,0.461,1.082,0.0,0.692,0.143,0.0,0.624
1.361,3.301,24,CD8.CM,1.0,0.07,1.132,0.535,0.127,1.623,0.0,0.665,0.119,2.44,0.548,0.498,0.053,0.386,1.011,1.042,0.738,0.063,0.084,0.36,0.209,0.161,0.371,0.755,0.498
2.859,2.122,3,CD8.CM,1.0,0.0,0.983,0.0,0.0,0.556,0.0,0.607,0.0,1.749,0.0,0.754,0.607,0.607,0.0,0.0,0.0,0.0,0.0,0.983,0.0,0.61,0.0,0.0,0.607
-0.817,-1.886,17,CD8.EM,1.0,0.128,0.734,1.208,0.0,0.553,0.441,0.585,0.302,0.228,0.839,0.0,0.0,0.4,1.037,0.723,0.515,0.177,0.0,0.604,0.284,0.362,0.438,0.288,0.127
5.037,4.952,8,CD8.NaiveLike,0.75,0.0,0.76,0.476,0.595,0.774,0.187,0.916,0.0,2.967,0.582,0.318,0.585,0.38,0.421,0.374,0.843,0.903,0.763,1.163,0.189,0.974,0.0,0.0,0.14
-7.215,-3.537,21,CD8.TEX,1.0,0.0,1.118,1.377,0.701,2.164,0.695,1.662,0.18,0.854,1.512,0.132,0.0,0.533,1.191,1.83,0.768,0.0,0.15,0.507,0.137,0.125,0.454,0.294,0.851
-0.408,-2.122,16,CD8.EM,1.0,0.0,0.918,0.621,0.0,0.641,0.141,0.209,0.237,0.447,0.196,0.154,0.142,0.07,0.516,0.532,0.635,0.094,0.313,0.169,0.085,0.193,0.257,0.218,0.085
-5.446,-4.244,14,CD8.TEX,1.0,0.0,0.59,0.842,0.656,2.494,1.022,0.791,0.101,0.228,0.879,0.088,0.073,0.696,1.516,1.329,0.719,0.0,0.309,0.998,0.307,0.0,0.35,0.0,0.088
-1.361,-0.943,25,CD8.EM,1.0,0.052,0.874,0.829,0.039,0.191,0.05,0.598,0.232,0.355,0.275,0.596,0.09,0.74,0.758,1.447,0.879,0.04,0.134,0.811,0.178,0.332,0.451,0.234,0.702
-4.493,-3.537,13,CD8.TEX,1.0,0.0,0.369,0.954,0.695,2.06,0.585,0.187,0.092,0.399,1.203,0.0,0.0,0.351,1.281,0.617,0.52,0.216,0.079,0.901,0.0,0.092,0.459,0.0,0.677
-0.545,-0.943,17,CD8.EM,0.824,0.0,1.625,0.156,0.0,0.411,0.0,0.525,0.159,1.467,0.221,0.252,0.068,0.244,0.655,1.415,1.127,0.0,0.205,0.801,0.077,0.263,0.161,0.253,0.591
2.451,2.358,5,CD8.CM,1.0,0.0,0.422,0.0,0.0,0.0,0.0,0.518,0.0,1.792,0.249,0.614,0.0,0.249,0.208,0.357,1.128,0.0,0.0,0.731,0.0,0.307,0.0,0.591,0.0
-6.807,-1.886,5,CD8.TPEX,1.0,0.0,1.057,0.551,0.871,0.383,0.0,0.668,0.277,0.861,1.178,0.0,0.0,0.956,0.597,0.715,0.272,0.0,0.0,0.455,0.746,0.568,0.341,0.926,0.85
-6.671,-0.236,26,CD8.TPEX,1.0,0.145,0.934,0.234,0.643,0.734,0.128,1.37,0.177,1.606,0.643,0.048,0.0,0.27,0.231,0.384,0.504,0.0,0.073,0.204,0.067,0.688,0.283,2.709,0.487
4.629,4.244,22,CD8.NaiveLike,0.909,0.047,0.956,0.219,0.0,0.0,0.0,0.495,0.184,3.028,0.267,1.473,0.397,0.266,0.232,0.435,0.521,1.133,1.222,0.705,0.14,0.775,0.19,0.069,0.196
1.634,2.358,12,CD8.CM,1.0,0.0,0.719,0.115,0.0,0.733,0.0,0.721,0.23,1.117,0.39,0.768,0.0,0.745,0.81,0.102,0.438,0.175,0.0,0.264,0.0,0.537,0.0,0.444,0.476
2.314,1.651,10,CD8.CM,1.0,0.0,0.554,0.0,0.0,0.0,0.0,0.12,0.318,1.564,0.254,0.721,0.0,0.12,0.376,0.253,0.948,0.344,0.0,0.917,0.0,1.279,0.298,0.0,0.502
-3.812,-4.244,10,CD8.TEX,1.0,0.116,0.32,1.199,0.383,2.27,0.173,0.854,0.244,0.644,1.126,0.162,0.0,0.375,1.255,0.803,0.838,0.0,0.334,0.995,0.112,0.119,0.531,0.093,0.0
4.356,3.301,16,CD8.NaiveLike,0.938,0.0,1.095,0.0,0.0,0.0,0.0,0.944,0.579,3.414,0.179,2.347,0.57,0.312,0.107,1.039,0.568,1.074,0.725,0.506,0.582,0.902,0.0,0.055,0.254
-5.037,0.236,12,CD8.TPEX,1.0,0.202,1.698,0.073,0.068,0.768,0.184,0.755,0.87,0.625,0.234,0.495,0.0,0.464,0.749,0.556,0.366,0.11,0.13,0.421,0.073,0.7,0.59,2.879,0.879
-5.309,-0.707,3,CD8.TPEX,1.0,0.0,0.0,0.34,0.0,0.818,0.0,0.504,0.0,0.34,0.0,0.34,0.0,1.742,0.494,1.878,0.34,0.0,0.34,0.0,0.0,1.024,1.218,2.586,0.614
1.634,2.83,22,CD8.CM,1.0,0.04,1.453,0.427,0.0,1.131,0.04,0.789,0.0,2.282,0.474,0.812,0.04,0.249,0.865,1.03,0.864,0.172,0.0,0.641,0.0,0.412,0.119,0.497,0.647
2.451,2.83,10,CD8.CM,1.0,0.0,1.803,0.144,0.193,0.0,0.0,0.692,0.159,2.855,0.2,1.608,0.29,0.394,0.33,0.624,0.977,0.0,0.451,0.273,0.0,0.27,0.18,0.624,0.0
-0.681,-1.651,23,CD8.EM,0.957,0.117,1.356,0.485,0.101,0.999,0.211,0.446,0.098,0.639,0.378,0.368,0.054,0.169,0.784,0.911,0.481,0.041,0.109,1.023,0.332,0.245,0.0,0.131,0.497
0.953,0.707,3,CD8.CM,1.0,0.0,1.357,0.987,0.0,0.0,0.0,0.654,0.738,0.541,0.987,0.0,0.0,0.447,0.0,0.37,0.0,0.0,0.0,0.738,0.0,0.817,0.0,0.0,0.817
-0.408,-1.179,20,CD8.EM,0.95,0.122,1.408,0.331,0.0,0.177,0.0,0.616,0.098,1.469,0.375,0.475,0.126,0.276,0.834,0.666,0.875,0.239,0.4,0.692,0.183,0.114,0.498,0.279,0.292
-0.272,-0.472,15,CD8.EM,0.933,0.0,1.112,0.376,0.084,0.218,0.0,0.347,0.121,0.918,0.372,0.767,0.0,0.687,0.613,1.362,0.486,0.209,0.263,0.69,0.163,0.553,0.204,0.082,0.562
-6.126,-3.537,19,CD8.TEX,0.947,0.058,0.919,1.032,0.866,2.033,0.628,0.635,0.408,0.111,1.254,0.058,0.039,1.395,1.106,1.105,0.608,0.0,0.135,1.038,0.54,0.063,0.617,0.254,0.299
-0.545,-1.886,17,CD8.EM,0.941,0.0,1.142,0.793,0.0,0.798,0.14,0.389,0.094,1.319,0.184,0.723,0.146,0.354,0.799,0.816,0.412,0.29,0.156,0.576,0.169,0.254,0.374,0.133,0.378
-5.582,-3.065,11,CD8.TEX,0.818,0.0,0.272,1.153,0.345,0.85,0.157,1.043,0.305,0.929,0.616,0.211,0.0,1.034,0.784,1.356,0.831,0.111,0.0,0.688,0.0,0.283,0.623,0.38,0.113
-1.089,-1.886,25,CD8.EM,1.0,0.06,1.187,0.311,0.0,0.75,0.0,0.111,0.0,0.461,0.168,0.613,0.0,0.782,0.758,1.585,0.657,0.247,0.389,0.737,0.287,0.512,0.443,0.149,0.401
1.906,0.943,5,CD8.CM,1.0,0.0,1.246,0.0,0.0,0.737,0.0,0.589,0.17,1.065,0.679,1.529,0.0,0.0,0.17,0.0,0.605,0.298,0.946,0.0,0.447,0.654,0.0,0.0,0.824
-0.136,-0.707,21,CD8.EM,0.857,0.117,1.0,0.116,0.0,0.264,0.094,0.69,0.0,1.156,0.069,0.426,0.117,0.22,0.431,0.777,0.473,0.397,0.352,0.788,0.348,0.352,0.42,0.306,0.434
-5.854,-3.065,9,CD8.TEX,1.0,0.0,1.05,1.117,0.19,2.183,0.328,0.26,0.365,0.535,0.655,0.0,0.0,0.813,1.246,0.848,0.304,0.0,0.131,1.027,0.0,0.0,0.413,0.256,0.665
-6.399,-1.179,10,CD8.TPEX,1.0,0.0,1.158,0.309,1.14,0.279,0.156,1.502,0.373,1.514,1.016,0.0,0.195,0.109,0.39,1.249,0.135,0.0,0.0,0.077,0.081,0.94,0.451,2.627,0.683
-3.54,8.017,39,CD8.MAIT,1.0,0.0,2.439,1.145,0.318,0.054,0.0,1.212,0.0,3.471,1.106,0.756,0.024,0.774,0.505,1.923,0.671,0.0,0.065,0.633,0.215,0.063,0.501,0.182,0.53
0.0,0.0,7,CD8.CM,0.571,0.0,1.685,0.266,0.191,0.188,0.0,0.123,0.143,2.07,0.311,0.167,0.0,0.0,0.699,0.801,0.883,0.143,0.751,0.358,0.191,0.593,0.27,0.143,1.083
-0.681,-1.179,21,CD8.EM,0.952,0.099,1.321,0.323,0.0,0.548,0.083,0.611,0.0,0.6,0.229,0.396,0.0,0.28,0.616,1.109,0.888,0.132,0.059,0.861,0.23,0.203,0.081,0.307,0.398
-5.99,-1.415,17,CD8.TPEX,1.0,0.0,0.669,0.181,1.052,0.063,0.168,0.656,0.222,2.097,1.206,0.0,0.047,0.43,0.466,1.573,0.472,0.132,0.58,0.487,0.168,0.878,0.375,1.306,0.349
1.225,0.236,5,CD8.CM,1.0,0.0,1.475,0.517,0.0,0.336,0.0,0.748,0.0,2.53,0.0,1.809,0.0,0.291,0.285,1.488,0.278,0.989,0.48,1.285,0.285,0.426,0.195,0.0,0.232
-7.215,-2.594,3,CD8.TEX,0.667,0.0,0.798,0.818,0.366,1.983,0.0,1.567,0.0,1.035,1.288,0.0,0.0,1.487,0.432,1.531,0.282,0.0,0.0,0.0,0.366,0.664,0.748,0.669,1.396
-5.446,-0.943,2,CD8.CM,0.5,0.0,1.753,0.72,0.0,0.0,0.0,1.233,0.0,1.315,2.236,0.0,0.0,0.0,0.0,1.233,0.0,0.0,0.0,0.0,0.0,0.72,0.0,1.557,0.0
2.042,1.179,3,CD8.EM,0.667,0.0,0.943,0.0,0.0,0.536,0.0,0.854,0.731,0.765,0.0,0.0,0.0,0.0,0.0,0.536,0.536,0.765,0.0,0.0,0.0,1.461,0.536,1.014,1.102
5.309,3.537,10,CD8.NaiveLike,0.8,0.0,0.556,0.0,0.084,0.104,0.0,0.428,0.258,2.471,0.189,0.955,0.331,0.166,0.21,1.238,0.807,0.556,0.668,0.541,0.0,0.622,0.187,0.118,0.664
-6.399,-3.065,19,CD8.TEX,1.0,0.06,0.722,1.037,1.09,1.738,0.798,0.606,0.209,0.349,1.108,0.317,0.0,0.752,1.316,0.965,0.708,0.0,0.0,0.988,0.27,0.062,0.723,0.424,0.191
-7.079,-2.83,15,CD8.TEX,0.867,0.131,1.002,0.504,0.877,1.998,0.289,1.17,0.071,0.977,1.58,0.0,0.0,0.745,1.238,1.779,1.011,0.0,0.074,0.592,0.154,0.099,0.82,0.515,0.838
-6.262,-0.943,15,CD8.TPEX,1.0,0.217,0.59,0.296,0.556,0.084,0.0,0.643,0.381,1.198,0.908,0.076,0.0,0.33,0.563,0.858,0.328,0.0,0.084,0.451,0.0,1.2,1.041,2.139,0.45
-6.807,-2.83,29,CD8.TEX,0.897,0.097,0.702,0.961,1.018,1.648,0.581,0.962,0.657,0.587,1.286,0.109,0.0,0.791,1.119,1.686,0.607,0.031,0.102,0.426,0.16,0.088,0.467,0.431,0.684
-0.545,-0.472,17,CD8.EM,0.882,0.0,1.343,0.267,0.0,0.328,0.0,0.296,0.318,0.475,0.084,0.831,0.0,0.535,0.685,1.463,0.77,0.225,0.38,0.343,0.215,0.142,0.474,1.005,0.973
1.498,1.651,18,CD8.CM,1.0,0.15,0.667,0.451,0.0,0.845,0.091,0.203,0.073,0.873,0.834,0.184,0.0,0.343,0.164,0.521,0.518,0.0,0.059,0.395,0.077,0.572,0.182,0.385,0.698
4.493,2.594,4,CD8.CM,0.75,0.0,1.352,0.0,0.0,0.0,0.0,0.332,0.0,2.102,0.362,0.837,0.0,0.332,0.0,0.882,1.214,0.0,0.0,0.47,0.0,0.972,0.0,0.362,0.332
4.629,3.773,19,CD8.NaiveLike,0.947,0.097,0.797,0.297,0.0,0.0,0.0,0.583,0.267,2.994,0.133,1.435,0.515,0.044,0.203,0.946,0.805,1.075,1.149,0.605,0.115,0.842,0.0,0.0,0.062
1.77,2.122,9,CD8.CM,1.0,0.0,0.601,0.0,0.0,0.405,0.0,0.575,0.603,0.513,0.402,0.387,0.0,0.373,0.368,0.373,0.313,0.0,0.0,0.598,0.0,1.144,0.0,0.599,0.326
2.587,2.122,7,CD8.CM,1.0,0.165,1.668,0.302,0.0,0.0,0.0,0.288,0.0,1.778,0.165,1.031,0.0,0.376,0.0,0.811,0.635,0.154,0.435,0.392,0.0,0.873,0.24,0.0,1.042
-5.173,-4.244,20,CD8.TEX,1.0,0.0,1.417,0.83,0.505,2.519,0.653,1.124,0.088,0.287,1.143,0.054,0.054,0.865,1.35,1.233,0.846,0.113,0.303,0.837,0.168,0.168,0.408,0.079,0.0
3.676,2.594,4,CD8.CM,0.75,0.0,0.956,0.0,0.0,0.0,0.0,0.801,0.36,2.785,0.0,1.674,0.0,0.672,0.0,0.938,0.305,0.36,1.754,0.312,0.0,1.252,0.0,0.0,0.806
0.817,0.0,8,CD8.CM,0.875,0.313,0.759,0.291,0.0,0.105,0.0,0.176,0.711,1.461,0.189,0.605,0.173,0.234,0.528,0.77,1.228,0.611,0.37,0.0,0.423,1.065,0.234,0.0,0.605
5.446,3.301,16,CD8.NaiveLike,0.625,0.071,1.089,0.059,0.09,0.193,0.0,0.677,0.488,2.416,0.542,0.989,0.331,0.287,0.059,1.17,0.777,0.673,1.266,0.812,0.223,0.893,0.335,0.234,0.162
-1.361,-2.358,21,CD8.EM,1.0,0.0,1.255,0.568,0.0,0.508,0.298,0.285,0.141,0.183,0.562,0.168,0.0,0.489,0.96,1.128,0.367,0.313,0.196,0.919,0.213,0.265,0.501,0.114,0.192
-6.262,-1.415,8,CD8.TPEX,1.0,0.0,1.216,0.0,0.171,0.469,0.098,1.014,0.531,1.431,1.007,0.121,0.0,0.263,0.519,1.46,0.94,0.0,0.363,0.098,0.408,0.73,0.503,1.675,0.098
-4.356,-0.943,1,CD8.EM,1.0,0.0,0.0,0.0,0.0,1.24,0.0,0.0,0.0,0.0,1.776,1.24,0.0,0.0,0.0,0.0,1.24,0.0,0.0,1.24,0.0,1.776,0.0,2.124,0.0
1.361,2.83,18,CD8.CM,1.0,0.0,1.147,0.56,0.161,1.043,0.083,0.854,0.0,2.064,0.768,0.748,0.083,0.555,0.456,0.81,0.638,0.179,0.215,0.476,0.104,0.548,0.042,0.087,0.765
2.042,2.122,13,CD8.CM,1.0,0.164,0.576,0.124,0.0,0.0,0.0,0.4,0.302,0.847,0.955,0.961,0.106,0.821,0.298,0.14,0.591,0.0,0.092,0.349,0.0,0.921,0.231,0.208,0.584
2.042,2.594,11,CD8.CM,1.0,0.0,1.237,0.0,0.0,0.0,0.0,0.565,0.103,2.203,0.285,1.43,0.0,0.569,0.0,0.787,1.287,0.137,0.0,0.479,0.103,0.827,0.0,0.76,1.016
6.671,4.48,23,CD8.NaiveLike,0.913,0.0,0.542,0.038,0.17,0.114,0.058,0.165,0.2,2.369,0.405,0.981,0.898,0.154,0.214,0.275,0.456,0.43,1.337,0.386,0.0,1.262,0.0,0.0,0.0
-1.225,-0.707,21,CD8.EM,1.0,0.072,1.595,0.713,0.0,0.458,0.042,0.45,0.104,0.657,0.073,0.133,0.0,0.781,0.695,1.726,0.676,0.072,0.188,0.82,0.231,0.264,0.362,0.084,0.533
1.77,2.594,21,CD8.CM,1.0,0.092,1.168,0.099,0.05,0.787,0.0,0.298,0.289,1.851,0.37,0.473,0.05,0.316,0.798,0.652,0.863,0.333,0.14,0.667,0.086,0.158,0.099,0.0,1.128
-4.084,-2.83,7,CD8.TEX,1.0,0.185,0.791,0.718,0.0,2.477,1.058,0.251,0.0,0.0,0.652,0.735,0.0,1.75,2.24,0.61,1.118,0.0,0.0,0.595,0.0,0.0,0.47,0.0,0.355
3.948,2.594,3,CD8.CM,1.0,0.0,1.069,0.405,0.0,0.417,0.0,0.0,0.405,2.47,0.792,0.583,0.405,0.0,0.375,0.0,0.792,0.971,0.405,0.799,0.0,0.964,0.0,0.0,0.0
-5.309,-1.179,9,CD8.TPEX,1.0,0.248,0.75,0.663,0.767,0.0,0.0,0.598,0.329,1.645,0.814,0.0,0.0,0.428,0.275,1.32,1.012,0.0,0.108,0.835,0.108,0.825,0.575,1.565,0.467
-5.582,-3.537,25,CD8.TEX,1.0,0.0,0.641,1.351,0.693,2.134,0.741,0.639,0.462,0.243,1.271,0.0,0.047,1.576,2.078,0.952,0.712,0.036,0.0,0.825,0.159,0.036,0.558,0.0,0.1
1.906,1.415,2,CD8.CM,1.0,0.0,0.638,0.804,0.0,0.0,0.0,0.0,0.0,2.182,0.804,1.317,0.0,0.0,0.0,0.0,0.804,0.0,0.804,1.098,0.0,0.91,0.0,0.0,1.442
-6.399,-0.707,17,CD8.TPEX,0.941,0.066,0.528,0.171,0.49,0.337,0.0,1.071,0.291,1.45,0.981,0.105,0.0,0.655,0.413,1.233,0.35,0.0,0.169,0.209,0.0,1.263,0.25,2.17,0.723
6.126,3.537,16,CD8.NaiveLike,0.875,0.0,0.649,0.0,0.187,0.196,0.143,0.359,0.181,2.23,0.721,0.274,0.142,0.25,0.316,0.919,0.329,0.721,0.887,0.628,0.0,0.669,0.0,0.266,0.278
-5.718,0.0,11,CD8.TPEX,1.0,0.0,1.288,0.322,0.194,0.66,0.0,0.513,0.671,0.678,0.697,0.107,0.0,0.666,0.668,0.774,0.497,0.0,0.102,0.156,0.0,0.83,0.802,2.415,0.302
-5.446,-2.83,2,CD8.TEX,1.0,0.0,0.0,0.0,0.0,1.089,0.0,0.0,1.26,0.0,0.796,0.0,0.0,0.0,0.796,1.26,1.089,0.0,0.0,0.0,0.0,0.0,1.089,0.0,0.796
-0.681,-0.236,12,CD8.EM,1.0,0.288,0.903,0.64,0.0,0.095,0.0,0.557,0.0,0.731,0.689,0.475,0.0,0.592,0.289,1.006,0.99,0.0,0.0,0.687,0.209,0.461,0.08,0.489,0.552
-2.859,-1.651,3,CD8.EM,0.667,0.441,1.328,0.589,0.0,1.069,0.0,0.915,0.411,1.262,1.687,0.364,0.0,0.775,0.791,1.605,1.498,0.0,0.0,0.0,0.805,0.624,1.811,0.0,0.0
-1.906,-2.358,13,CD8.EM,0.923,0.0,1.153,0.934,0.22,1.314,0.663,0.544,0.0,0.699,0.651,0.322,0.092,0.448,1.389,1.162,1.057,0.0,0.226,0.742,0.171,0.134,0.468,0.094,0.101
-7.352,-2.83,6,CD8.TEX,1.0,0.137,1.494,1.145,1.145,2.641,0.639,1.501,0.316,0.689,1.588,0.0,0.0,0.785,1.728,2.05,1.19,0.0,0.0,0.314,0.137,0.0,0.478,0.599,0.684
-6.126,-4.009,24,CD8.TEX,1.0,0.118,0.735,1.327,0.411,2.541,1.225,0.863,0.395,0.399,1.057,0.146,0.088,1.149,1.672,1.355,0.802,0.0,0.246,0.841,0.097,0.083,0.562,0.0,0.591
1.634,1.886,14,CD8.CM,1.0,0.0,0.915,0.198,0.0,0.971,0.085,0.196,0.249,0.858,0.468,0.46,0.0,0.2,0.368,0.463,1.179,0.173,0.0,0.714,0.103,0.427,0.242,0.094,0.239
1.498,1.179,5,CD8.CM,1.0,0.0,0.505,0.447,0.266,0.266,0.0,0.0,0.0,1.48,0.376,0.985,0.0,0.645,0.341,0.717,0.506,0.405,0.0,0.53,0.0,0.341,0.717,0.341,0.638
-6.126,-1.179,15,CD8.TPEX,1.0,0.079,0.886,0.282,0.707,0.608,0.072,0.605,0.425,1.259,0.814,0.05,0.186,0.638,0.477,0.902,0.416,0.0,0.195,0.221,0.26,0.758,0.734,1.456,0.582
-0.953,-0.707,20,CD8.EM,0.95,0.065,1.397,0.349,0.089,0.24,0.0,0.644,0.263,0.398,0.393,0.21,0.065,0.196,0.615,1.428,0.575,0.062,0.062,0.46,0.184,0.346,0.484,0.249,0.39
-5.309,-3.537,26,CD8.TEX,1.0,0.0,0.532,1.194,0.87,2.06,0.702,0.483,0.39,0.229,1.239,0.06,0.0,1.163,1.765,0.655,0.67,0.0,0.085,0.808,0.27,0.046,0.67,0.083,0.199
2.995,2.358,3,CD8.CM,1.0,0.0,1.246,0.0,0.0,0.0,0.0,0.0,0.556,1.421,0.44,0.44,0.0,0.423,0.0,0.297,0.423,0.604,0.0,0.9,0.0,1.279,0.0,0.0,0.874
-4.22,-3.537,11,CD8.TEX,0.909,0.0,0.569,1.53,0.503,2.275,0.6,0.817,0.0,0.193,1.025,0.25,0.113,0.574,1.57,0.955,0.333,0.0,0.151,1.055,0.193,0.218,0.289,0.0,0.104
-4.493,-4.48,14,CD8.TEX,1.0,0.0,0.618,0.747,0.734,2.526,0.404,0.494,0.35,0.641,1.276,0.183,0.0,0.457,1.35,0.949,1.033,0.0,0.145,0.799,0.261,0.0,0.149,0.078,0.191
2.859,1.651,3,CD8.CM,0.667,0.388,1.448,0.0,0.0,0.366,0.0,0.0,0.0,0.366,0.754,0.0,0.0,0.0,0.0,1.228,0.366,0.563,0.0,1.278,0.0,0.912,1.472,0.366,0.0
-2.995,-2.83,2,CD8.EM,1.0,0.0,0.0,0.808,0.0,0.0,0.0,0.0,0.0,0.0,0.552,0.0,0.0,2.057,0.808,0.0,0.552,0.0,0.0,0.552,0.0,0.0,0.0,0.552,0.808
4.493,3.537,15,CD8.NaiveLike,0.933,0.289,0.797,0.0,0.0,0.0,0.0,0.601,0.206,2.597,0.309,1.994,0.75,0.0,0.212,0.826,0.557,0.828,1.521,0.587,0.197,0.6,0.0,0.0,0.289
-0.817,-1.415,18,CD8.EM,1.0,0.0,0.844,0.861,0.07,0.325,0.0,0.383,0.0,0.348,0.59,0.235,0.0,0.506,0.978,0.886,0.458,0.328,0.0,0.648,0.216,0.284,0.161,0.066,0.445
1.089,3.773,34,CD8.CM,1.0,0.039,1.449,0.921,0.029,1.818,0.0,0.731,0.132,2.218,0.442,0.513,0.182,0.489,0.966,1.315,0.905,0.25,0.128,0.448,0.0,0.292,0.074,1.045,0.332
-5.854,-0.236,10,CD8.TPEX,1.0,0.0,0.417,0.0,0.0,0.0,0.143,0.788,0.721,0.582,1.11,0.493,0.166,0.502,0.538,0.203,0.925,0.0,0.164,0.728,0.072,0.746,0.704,2.836,0.072
1.361,0.943,6,CD8.CM,0.833,0.0,0.787,0.643,0.0,1.037,0.0,0.427,0.79,2.058,0.0,0.319,0.386,0.636,0.267,0.216,0.403,0.178,0.262,1.087,0.0,0.69,0.27,0.141,1.147
-4.22,-4.009,11,CD8.TEX,1.0,0.0,0.197,1.167,0.777,2.016,0.34,1.489,0.417,0.688,1.372,0.374,0.0,0.29,1.007,0.635,0.837,0.0,0.348,1.546,0.297,0.081,0.477,0.1,0.38
-2.042,-2.122,11,CD8.EM,0.818,0.103,1.084,1.13,0.135,1.854,0.266,1.018,0.0,0.0,1.119,0.0,0.0,0.77,1.065,1.225,0.903,0.0,0.103,0.793,0.197,0.0,0.428,0.0,0.417
-0.272,-2.83,12,CD8.EM,1.0,0.0,0.54,0.634,0.0,0.767,0.181,0.459,0.0,0.165,0.953,0.393,0.0,0.097,0.493,0.769,0.435,0.0,0.0,0.646,0.297,0.314,0.524,0.154,0.135
4.765,3.065,9,CD8.NaiveLike,0.667,0.239,0.892,0.0,0.0,0.123,0.217,0.557,0.137,2.819,0.196,2.084,0.564,0.155,0.18,0.564,1.005,0.301,0.702,0.694,0.229,0.46,0.137,0.0,0.424
-5.99,-4.244,25,CD8.TEX,1.0,0.075,0.728,1.025,0.688,1.842,0.751,1.171,0.421,0.221,1.024,0.0,0.057,0.602,1.486,1.425,0.789,0.0,0.0,0.528,0.121,0.074,0.322,0.321,0.775
-6.671,-1.651,7,CD8.TPEX,1.0,0.163,0.763,0.563,0.356,0.645,0.137,0.473,0.163,0.751,0.933,0.118,0.0,0.848,0.579,0.521,0.418,0.0,0.118,0.585,0.315,0.837,0.967,1.746,0.118
-0.953,-1.651,19,CD8.EM,1.0,0.072,1.376,0.516,0.0,0.342,0.113,0.706,0.0,0.27,0.3,0.49,0.0,0.726,1.127,1.19,0.929,0.176,0.222,1.087,0.211,0.194,0.188,0.165,0.214
-5.446,-0.472,3,CD8.TPEX,1.0,0.0,1.33,0.0,0.0,0.0,0.0,0.322,0.0,0.322,1.07,0.322,0.847,0.0,0.322,0.847,0.483,0.0,0.0,0.0,0.0,0.891,1.33,1.001,0.483
-5.718,-0.943,2,CD8.TPEX,1.0,0.0,1.368,0.0,0.467,0.0,0.0,0.467,0.0,2.302,0.0,0.0,0.0,0.467,0.0,0.956,0.679,0.0,0.467,0.467,0.0,0.679,1.383,2.736,0.0
-4.765,-4.009,11,CD8.TEX,1.0,0.0,1.123,1.77,0.633,2.414,0.289,0.996,0.116,0.647,0.998,0.43,0.0,0.738,1.349,1.11,0.718,0.067,0.102,1.197,0.221,0.0,0.387,0.0,0.097
-6.262,-3.773,26,CD8.TEX,1.0,0.0,0.845,0.974,0.803,2.374,0.959,0.854,0.191,0.509,0.997,0.094,0.0,0.681,1.807,1.489,0.347,0.0,0.111,0.573,0.262,0.034,0.567,0.102,0.472
-5.99,-0.943,5,CD8.TPEX,1.0,0.0,0.37,0.377,0.195,0.0,0.0,0.42,0.0,0.205,0.812,0.0,0.0,0.411,0.0,0.686,0.616,0.0,0.0,0.205,0.0,1.795,0.46,1.749,0.0
-1.634,-1.886,20,CD8.EM,1.0,0.131,1.779,0.732,0.102,1.531,0.337,0.605,0.058,0.325,0.476,0.449,0.164,0.581,1.307,1.223,0.689,0.05,0.077,0.812,0.222,0.058,0.114,0.173,0.33
-6.399,-2.594,9,CD8.TEX,0.889,0.0,0.367,0.687,1.026,0.41,0.471,0.433,0.0,1.281,0.686,0.095,0.0,0.731,0.726,1.941,0.533,0.0,0.432,0.638,0.23,0.541,0.804,0.798,0.278
-4.629,-2.83,3,CD8.TEX,0.667,0.0,0.823,0.669,0.0,1.489,0.0,0.32,0.0,0.619,0.344,0.344,0.0,0.32,1.078,0.857,0.32,0.344,0.0,0.32,0.0,0.344,0.0,0.344,0.0
-0.408,-0.236,15,CD8.EM,0.933,0.0,1.014,0.667,0.103,0.338,0.0,0.337,0.192,0.608,0.428,0.648,0.0,0.374,0.783,1.393,0.806,0.098,0.0,1.033,0.0,0.317,0.358,0.358,0.558
-0.408,-0.707,27,CD8.EM,0.963,0.074,1.119,0.13,0.042,0.132,0.1,0.294,0.072,1.403,0.301,0.675,0.044,0.2,0.543,1.215,0.57,0.253,0.254,0.581,0.261,0.184,0.127,0.15,0.404
6.671,4.952,21,CD8.NaiveLike,1.0,0.0,0.435,0.134,0.05,0.0,0.0,0.242,0.236,2.448,0.444,0.613,0.74,0.106,0.079,0.06,0.519,0.633,1.508,0.557,0.131,1.379,0.0,0.13,0.085
2.859,2.594,7,CD8.CM,1.0,0.0,0.299,0.0,0.0,0.0,0.0,0.217,0.217,2.667,0.555,0.861,0.338,0.296,0.203,0.351,1.27,0.419,0.213,0.271,0.0,0.658,0.0,0.389,0.69
1.77,3.065,31,CD8.CM,1.0,0.0,2.187,0.39,0.0,0.804,0.0,0.846,0.082,2.388,0.35,0.905,0.143,0.135,0.74,1.038,0.915,0.212,0.034,0.39,0.026,0.035,0.089,0.396,0.361
-3.676,-3.537,5,CD8.TEX,0.8,0.0,1.174,1.653,0.242,2.046,0.857,0.663,0.0,1.209,1.492,0.65,0.0,1.17,1.644,1.139,0.474,0.0,1.046,1.063,0.576,0.229,0.853,0.229,0.472
6.262,4.716,21,CD8.NaiveLike,1.0,0.0,0.629,0.048,0.09,0.067,0.052,0.112,0.228,2.893,0.514,0.883,0.315,0.09,0.243,0.267,0.21,0.901,1.113,0.525,0.14,0.977,0.0,0.203,0.058
1.906,2.83,20,CD8.CM,1.0,0.0,1.758,0.285,0.077,0.87,0.0,0.816,0.098,2.239,0.391,0.926,0.0,0.419,0.566,0.827,0.809,0.057,0.0,0.464,0.27,0.333,0.126,0.39,0.441
-5.037,-1.179,5,CD8.TPEX,1.0,0.0,0.65,0.652,0.474,0.0,0.0,0.0,0.0,1.472,0.561,0.0,0.0,0.79,0.0,1.157,0.229,0.0,0.0,0.495,0.0,1.621,0.0,1.356,0.245
-0.817,-0.472,20,CD8.EM,1.0,0.155,1.692,0.513,0.0,0.278,0.084,0.695,0.309,1.123,0.247,1.005,0.0,0.383,0.916,1.439,0.813,0.062,0.062,0.346,0.183,0.362,0.409,0.261,0.833
0.953,3.537,29,CD8.CM,1.0,0.051,0.976,0.383,0.059,1.539,0.0,0.92,0.049,2.828,0.64,0.408,0.088,0.501,0.713,1.128,1.041,0.328,0.045,0.529,0.088,0.134,0.0,1.023,0.927
7.215,3.537,25,CD8.NaiveLike,1.0,0.13,1.497,0.091,0.0,0.0,0.108,0.448,0.042,2.585,0.217,1.541,0.688,0.0,0.084,0.374,0.421,0.67,1.755,0.373,0.126,0.886,0.0,0.165,0.121
-5.037,-3.537,15,CD8.TEX,1.0,0.05,0.598,1.083,0.761,1.695,0.697,0.434,0.311,0.548,0.691,0.173,0.0,1.148,2.074,0.758,0.724,0.0,0.321,0.781,0.28,0.24,0.656,0.05,0.403
-6.943,-2.122,10,CD8.TPEX,0.6,0.0,0.971,1.057,0.604,1.91,0.088,1.373,0.166,0.563,1.347,0.085,0.0,0.877,1.039,1.323,0.759,0.11,0.0,0.594,0.091,0.339,0.322,1.33,0.689
1.225,4.009,26,CD8.CM,1.0,0.0,0.871,0.616,0.114,1.328,0.056,0.781,0.24,2.785,0.611,0.321,0.255,0.309,0.995,0.596,0.865,0.192,0.297,0.719,0.088,0.328,0.157,0.691,0.112
-6.399,-4.009,17,CD8.TEX,1.0,0.0,1.319,0.937,0.932,1.781,0.513,1.458,0.207,0.431,0.666,0.074,0.0,0.735,1.159,1.81,0.695,0.0,0.065,0.716,0.0,0.065,0.394,0.297,0.54
-5.99,0.0,14,CD8.TPEX,1.0,0.086,1.357,0.242,0.171,1.214,0.229,1.054,0.62,0.636,0.42,0.23,0.094,0.452,0.911,0.963,0.539,0.0,0.0,0.0,0.094,0.564,0.288,2.727,0.473
4.22,3.537,17,CD8.NaiveLike,0.882,0.125,1.336,0.0,0.055,0.0,0.076,0.668,0.173,2.941,0.175,1.817,0.463,0.171,0.131,1.275,0.394,0.715,1.48,0.541,0.071,1.038,0.172,0.0,0.264
1.498,4.009,26,CD8.CM,1.0,0.053,1.525,0.362,0.0,0.993,0.0,1.14,0.09,2.506,0.541,0.675,0.127,0.326,1.213,1.02,0.959,0.108,0.178,0.621,0.028,0.3,0.0,0.968,0.285
5.582,4.009,22,CD8.NaiveLike,0.864,0.0,0.768,0.116,0.034,0.0,0.0,0.197,0.332,2.504,0.21,1.27,0.579,0.139,0.371,0.833,0.365,0.774,1.336,0.774,0.266,0.929,0.08,0.152,0.113
5.446,4.244,20,CD8.NaiveLike,1.0,0.116,0.813,0.277,0.099,0.084,0.0,0.283,0.165,2.739,0.346,1.041,0.45,0.0,0.206,0.509,0.569,0.982,1.222,0.73,0.123,1.089,0.041,0.134,0.128
-4.765,-2.594,8,CD8.TPEX,0.5,0.0,1.125,0.289,0.604,0.946,0.289,0.634,0.102,0.243,0.51,0.102,0.0,0.903,0.751,1.233,0.422,0.0,0.243,0.563,0.137,0.144,0.676,0.174,0.507
-5.446,-3.773,31,CD8.TEX,1.0,0.043,0.589,1.226,0.486,2.141,0.757,0.595,0.527,0.221,0.637,0.19,0.0,0.981,1.809,1.14,0.801,0.034,0.138,0.719,0.179,0.104,0.312,0.037,0.39
0.681,3.537,24,CD8.CM,1.0,0.0,1.362,1.012,0.061,2.374,0.106,1.23,0.054,2.651,0.615,0.268,0.109,0.831,1.206,1.505,0.805,0.062,0.074,0.406,0.085,0.223,0.172,0.961,0.66
-6.535,-4.244,22,CD8.TEX,1.0,0.0,0.806,1.689,0.771,2.136,1.038,1.454,0.123,0.283,1.154,0.0,0.0,0.975,1.831,1.954,0.52,0.0,0.04,0.584,0.22,0.054,0.509,0.157,0.432
-0.272,-1.415,13,CD8.EM,0.769,0.136,1.935,0.506,0.0,0.105,0.0,0.534,0.351,0.708,0.488,0.463,0.0,0.284,0.497,0.468,0.789,0.287,0.299,0.549,0.442,0.457,0.288,0.501,0.245
-5.718,-3.773,29,CD8.TEX,1.0,0.0,0.677,1.418,0.581,1.815,0.921,0.697,0.129,0.433,0.958,0.0,0.0,0.858,1.443,1.141,0.995,0.0,0.09,0.619,0.083,0.0,0.631,0.159,0.412
-5.037,-4.009,18,CD8.TEX,1.0,0.0,1.055,1.451,0.783,2.353,0.635,0.898,0.274,0.203,1.129,0.179,0.082,1.002,1.68,1.16,0.82,0.055,0.156,0.833,0.236,0.235,0.267,0.141,0.132
-1.634,-0.943,19,CD8.EM,0.947,0.0,1.08,0.803,0.082,0.513,0.131,0.953,0.148,0.122,0.408,0.476,0.059,0.791,0.959,1.48,1.031,0.064,0.0,0.941,0.088,0.112,0.566,0.073,0.559
-4.356,-4.716,4,CD8.TEX,1.0,0.293,0.263,1.031,0.0,1.647,0.388,1.961,0.388,0.681,1.134,1.324,0.337,0.684,1.716,0.475,0.26,0.0,0.0,0.721,0.0,0.0,0.293,0.0,0.681
-6.126,-3.065,11,CD8.TEX,0.909,0.0,0.464,1.49,0.579,1.539,0.386,0.736,1.085,0.293,0.921,0.0,0.0,0.978,0.612,0.561,0.507,0.0,0.154,0.407,0.424,0.0,1.095,0.689,0.293
2.451,1.886,5,CD8.CM,1.0,0.0,0.621,0.0,0.332,0.215,0.0,0.332,0.332,1.852,0.0,0.215,0.0,0.508,0.574,1.079,1.188,0.843,0.338,1.201,0.0,0.91,0.598,0.451,0.688
-6.807,-2.358,15,CD8.TEX,0.667,0.0,0.464,0.413,1.192,1.632,0.325,0.79,0.405,1.704,0.968,0.0,0.142,0.516,1.1,0.773,0.654,0.0,0.417,0.491,0.176,0.459,0.241,0.934,0.436
-6.126,-0.707,8,CD8.TPEX,1.0,0.0,0.387,0.0,0.77,0.0,0.0,0.097,0.699,0.579,0.97,0.35,0.0,0.776,0.554,0.0,0.222,0.0,0.121,0.0,0.097,1.082,1.165,1.012,0.285
1.225,3.537,19,CD8.CM,1.0,0.0,1.04,0.377,0.0,1.201,0.098,0.698,0.406,2.857,0.876,0.365,0.079,0.076,1.165,0.989,1.031,0.253,0.118,0.741,0.331,0.319,0.0,0.482,0.479
-3.131,-1.651,1,CD8.EM,1.0,0.0,0.0,0.0,0.0,0.0,0.0,0.0,0.0,0.0,1.627,0.0,0.0,1.627,0.0,0.0,0.0,0.0,0.0,1.627,0.0,1.627,0.0,2.216,0.0
0.408,0.236,12,CD8.CM,0.833,0.1,1.496,0.183,0.0,0.252,0.0,0.533,0.069,1.596,0.178,0.432,0.0,0.175,0.106,0.775,0.702,0.523,0.67,0.986,0.319,0.488,0.273,0.0,0.737
-4.901,0.0,14,CD8.TPEX,1.0,0.076,1.588,0.497,0.0,1.514,0.495,1.18,0.0,0.237,0.373,0.221,0.0,0.757,0.856,0.727,0.479,0.0,0.071,0.444,0.0,0.176,0.483,1.868,0.512
-3.812,-2.83,2,CD8.TEX,1.0,0.0,0.79,1.266,0.0,0.0,0.0,1.49,0.0,0.0,0.98,0.0,0.0,1.083,0.79,1.083,1.159,0.0,0.0,0.79,0.0,0.0,0.0,0.0,0.0
-6.943,-2.594,19,CD8.TEX,0.789,0.0,0.717,0.332,0.831,1.658,0.401,0.866,0.491,0.655,1.051,0.0,0.0,0.719,1.088,1.959,0.522,0.0,0.147,0.437,0.107,0.254,0.517,0.548,0.603
1.634,3.773,27,CD8.CM,1.0,0.0,1.171,0.532,0.05,1.051,0.136,1.061,0.205,3.021,0.717,0.482,0.208,0.393,0.741,0.801,0.389,0.175,0.057,0.469,0.161,0.65,0.148,0.442,0.413
-5.037,-4.48,17,CD8.TEX,1.0,0.078,0.881,1.342,0.592,2.355,0.779,1.043,0.084,0.544,1.327,0.084,0.098,0.714,1.555,1.166,0.62,0.0,0.228,0.8,0.31,0.0,0.385,0.179,0.369
2.178,1.886,7,CD8.CM,1.0,0.0,1.185,0.0,0.0,0.0,0.0,0.412,0.0,1.707,0.0,0.841,0.273,0.408,0.0,0.228,0.652,0.232,0.0,0.829,0.228,1.027,0.686,0.251,1.039
-6.126,-4.48,28,CD8.TEX,1.0,0.0,1.246,1.402,0.686,2.545,0.812,1.561,0.277,0.345,0.946,0.063,0.045,0.901,1.589,2.184,1.09,0.0,0.124,0.832,0.406,0.031,0.288,0.124,0.633
2.314,2.594,13,CD8.CM,1.0,0.0,1.11,0.0,0.296,0.1,0.1,1.125,0.0,2.312,0.09,0.993,0.217,0.613,0.261,1.087,0.762,0.37,0.571,0.548,0.0,0.328,0.09,0.523,0.277
-6.262,-3.301,23,CD8.TEX,0.957,0.055,0.657,1.088,0.716,1.577,0.665,0.74,0.452,0.829,1.017,0.0,0.099,1.082,1.253,0.55,0.57,0.047,0.19,0.582,0.262,0.2,0.35,0.271,0.15
0.817,0.943,5,CD8.CM,0.6,0.0,0.809,0.256,0.28,0.28,0.0,0.516,0.365,1.707,0.29,0.0,0.0,0.256,0.738,0.446,0.58,0.0,0.0,1.313,0.327,0.29,0.202,0.365,0.695
5.854,3.537,5,CD8.NaiveLike,0.8,0.0,0.504,0.0,0.331,0.0,0.0,0.468,0.684,1.687,0.417,0.767,0.541,0.706,0.0,0.0,1.105,0.454,0.56,0.203,0.265,1.35,0.265,0.0,0.0
4.493,4.009,14,CD8.NaiveLike,1.0,0.246,1.521,0.073,0.107,0.1,0.0,0.835,0.136,3.069,0.426,1.987,0.576,0.136,0.066,0.813,0.313,1.105,1.352,0.442,0.095,0.694,0.103,0.139,0.0
-4.084,-3.773,10,CD8.TEX,1.0,0.0,0.636,0.734,0.547,1.975,0.107,0.685,0.0,0.427,1.28,0.416,0.107,0.563,1.456,0.455,0.547,0.321,0.107,0.962,0.233,0.518,0.909,0.0,0.195
-4.356,0.0,1,CD8.TPEX,1.0,0.0,0.0,0.0,0.0,0.0,0.0,0.0,0.0,0.0,0.0,0.0,0.0,1.661,1.142,0.0,0.0,0.0,0.0,1.661,0.0,0.0,0.0,0.0,1.142
-5.446,-4.716,14,CD8.TEX,1.0,0.0,0.77,1.278,0.887,2.599,0.423,1.319,0.255,0.516,0.591,0.259,0.0,0.654,1.542,0.894,1.009,0.233,0.272,1.001,0.184,0.0,0.354,0.228,0.53
-3.812,-3.773,5,CD8.TEX,0.8,0.0,0.0,0.755,0.0,2.487,0.0,0.639,0.0,0.769,1.5,0.24,0.0,1.137,1.643,1.303,1.298,0.258,0.536,1.948,0.48,0.0,0.24,0.0,0.17
-4.901,-4.244,12,CD8.TEX,1.0,0.0,1.289,1.417,0.495,2.189,0.917,0.706,0.107,0.523,1.038,0.247,0.0,0.482,1.388,0.813,0.965,0.0,0.145,0.913,0.144,0.078,0.555,0.341,0.478
6.535,4.716,21,CD8.NaiveLike,0.952,0.133,0.919,0.151,0.085,0.107,0.0,0.261,0.145,2.556,0.437,0.628,0.572,0.0,0.466,0.109,0.634,1.013,1.629,0.804,0.062,0.83,0.109,0.087,0.103
-6.671,-4.952,12,CD8.TEX,1.0,0.104,1.626,1.639,0.521,3.257,0.975,1.437,0.294,0.124,1.49,0.285,0.078,0.823,2.294,2.29,0.889,0.078,0.0,0.871,0.178,0.0,0.55,0.38,0.723
-5.173,-4.716,9,CD8.TEX,1.0,0.139,1.143,1.152,0.578,2.604,0.374,1.357,0.14,0.0,1.777,0.127,0.0,0.758,2.123,1.858,1.241,0.0,0.0,1.117,0.0,0.14,0.485,0.134,0.964
-0.545,-2.83,11,CD8.EM,1.0,0.0,1.902,0.209,0.0,1.046,0.146,0.246,0.105,0.498,0.146,0.385,0.0,0.0,0.8,0.559,0.171,0.151,0.317,0.737,0.155,0.146,0.326,0.171,0.294
1.498,3.065,29,CD8.CM,1.0,0.0,1.05,0.486,0.066,1.207,0.142,0.451,0.246,2.367,0.311,0.723,0.107,0.309,0.913,0.793,0.961,0.09,0.043,0.508,0.048,0.418,0.226,0.714,0.796
-7.079,-2.358,13,CD8.TEX,0.846,0.071,0.965,0.94,1.068,2.268,0.148,0.843,0.449,1.263,1.528,0.074,0.0,0.281,1.412,1.68,0.791,0.077,0.114,0.545,0.077,0.171,0.442,1.209,0.73
-5.309,-3.065,6,CD8.TEX,1.0,0.0,0.561,0.534,0.655,1.539,0.0,0.489,0.0,0.415,0.781,0.403,0.0,1.355,0.311,0.839,0.473,0.0,0.0,1.109,0.158,0.0,1.057,0.824,0.238
5.309,3.065,7,CD8.NaiveLike,0.714,0.0,1.07,0.0,0.148,0.0,0.0,1.382,0.0,1.521,0.648,0.611,0.242,0.375,0.0,1.051,0.246,0.0,1.323,0.399,0.0,0.337,0.385,0.319,0.0
4.901,2.83,8,CD8.CM,0.5,0.0,1.017,0.0,0.108,0.0,0.0,0.204,0.204,1.98,0.244,0.482,0.5,0.0,0.0,0.554,0.689,0.0,0.743,0.0,0.0,0.975,0.0,0.421,0.57
2.587,1.651,1,CD8.CM,1.0,0.0,0.0,0.0,0.0,0.0,0.0,0.0,0.0,0.0,0.0,0.0,0.0,0.0,0.0,0.0,1.503,0.0,0.0,0.0,0.0,2.079,0.0,0.0,0.0
2.042,3.065,17,CD8.CM,1.0,0.067,1.567,0.0,0.067,0.386,0.07,0.813,0.165,2.865,0.579,1.249,0.186,0.505,0.216,1.076,0.941,0.16,0.282,0.537,0.075,0.444,0.068,0.284,0.434
-5.718,-1.415,9,CD8.TPEX,1.0,0.357,0.542,0.631,0.73,0.0,0.137,1.293,0.518,1.886,1.315,0.0,0.126,0.413,0.526,1.219,0.971,0.0,0.24,0.183,0.264,1.328,0.384,1.354,0.541
-6.671,-2.122,4,CD8.TPEX,0.5,0.247,0.729,1.315,0.254,1.567,0.0,0.979,0.247,2.124,1.046,0.0,0.0,0.369,0.255,0.703,0.633,0.0,0.0,0.502,0.271,0.708,1.234,1.474,0.792
2.314,3.065,14,CD8.CM,1.0,0.081,0.778,0.0,0.054,0.51,0.0,0.949,0.155,2.275,0.26,1.25,0.139,0.178,0.324,0.508,0.879,0.127,0.454,0.321,0.086,0.733,0.0,0.368,0.418
4.493,4.48,12,CD8.NaiveLike,0.833,0.072,1.23,0.072,0.0,0.095,0.098,0.506,0.0,2.78,0.12,1.851,0.86,0.147,0.321,0.256,0.485,0.68,1.375,0.987,0.303,0.677,0.0,0.0,0.102
5.037,4.009,23,CD8.NaiveLike,0.826,0.0,0.858,0.16,0.044,0.0,0.053,0.143,0.201,2.552,0.279,1.21,0.413,0.269,0.249,0.578,0.415,0.637,1.35,0.48,0.203,0.684,0.053,0.0,0.162
7.215,4.48,34,CD8.NaiveLike,1.0,0.032,0.688,0.167,0.161,0.077,0.047,0.132,0.164,2.296,0.451,0.808,0.936,0.1,0.108,0.138,0.383,0.932,1.655,0.782,0.128,1.328,0.0,0.0,0.06
-6.807,-0.943,5,CD8.TPEX,1.0,0.0,0.884,0.793,0.816,0.0,0.0,0.0,1.292,2.803,0.949,0.0,0.454,0.272,0.927,1.06,0.0,0.0,0.231,0.0,0.0,0.4,0.231,1.653,0.66
-0.136,-0.236,9,CD8.EM,0.889,0.168,1.258,0.166,0.0,0.387,0.0,0.598,0.0,2.266,0.136,0.811,0.137,0.745,0.656,1.248,0.655,0.488,0.187,0.817,0.331,0.604,0.318,0.263,0.361
-3.948,-1.179,4,CD8.TPEX,0.75,0.36,0.649,0.0,0.441,0.341,0.0,0.721,0.0,2.227,1.057,0.0,0.0,0.587,0.24,1.351,0.409,0.0,0.0,0.409,0.0,1.503,0.24,0.307,0.767
5.99,-4.716,34,CD8.TEMRA,0.971,0.052,0.975,0.0,0.0,2.117,0.103,0.79,0.052,0.861,0.27,1.368,0.078,0.285,1.936,0.553,1.048,0.394,0.183,1.015,0.161,0.08,0.117,0.156,1.053
0.817,0.472,4,CD8.CM,1.0,0.0,0.553,0.505,0.0,0.0,0.0,0.252,0.0,2.19,0.252,0.757,0.568,0.433,0.252,0.771,0.0,0.301,0.0,0.89,0.0,0.0,0.0,0.0,0.0
0.272,0.0,9,CD8.CM,0.444,0.131,0.873,0.358,0.0,0.138,0.0,0.23,0.0,2.003,0.131,0.268,0.133,0.0,0.269,1.075,0.913,0.512,0.389,1.284,0.492,0.291,0.0,0.0,0.325
-0.953,-1.179,24,CD8.EM,0.958,0.0,1.119,0.61,0.0,0.179,0.126,0.346,0.104,0.624,0.493,0.171,0.13,0.441,0.587,0.813,0.312,0.235,0.182,0.896,0.092,0.563,0.309,0.384,0.464
3.131,2.594,4,CD8.CM,1.0,0.0,0.365,0.0,0.0,0.0,0.0,0.0,0.0,1.995,1.065,1.293,0.0,0.527,0.382,0.554,0.892,0.406,0.918,1.041,0.0,0.676,0.382,0.365,1.338
-1.089,-0.943,14,CD8.EM,1.0,0.244,1.873,0.496,0.0,0.35,0.186,1.051,0.126,0.734,0.397,0.337,0.0,0.518,0.536,0.846,0.774,0.242,0.06,0.563,0.32,0.114,0.609,0.327,0.685
-6.671,-0.707,9,CD8.TPEX,1.0,0.0,0.44,0.408,0.599,1.179,0.0,0.822,0.926,1.278,1.379,0.0,0.0,0.35,0.407,0.569,0.596,0.0,0.0,0.368,0.206,1.053,0.394,2.782,0.233
1.361,1.886,3,CD8.CM,1.0,0.721,0.74,0.262,0.0,0.843,0.0,0.508,0.786,0.262,0.526,0.0,0.0,0.526,0.74,0.933,1.198,0.0,0.0,1.111,0.262,0.478,0.0,0.0,1.46
-3.948,-4.009,8,CD8.TEX,1.0,0.0,0.416,0.804,0.379,2.535,0.141,1.06,0.0,0.318,0.987,0.0,0.0,0.398,1.029,0.448,1.189,0.169,0.0,1.087,0.169,0.0,0.592,0.0,0.338
-0.545,-2.358,20,CD8.EM,1.0,0.0,1.488,0.547,0.0,0.878,0.201,0.522,0.042,0.672,0.408,0.354,0.0,0.178,1.431,0.707,0.639,0.161,0.219,0.937,0.537,0.455,0.224,0.08,0.235
-2.587,-1.179,1,CD8.EM,1.0,1.447,0.0,0.0,0.0,2.639,0.0,0.0,0.0,0.0,1.447,0.0,0.0,2.639,3.021,2.015,2.375,0.0,0.0,1.447,0.0,0.0,0.0,0.0,0.0
0.817,3.301,16,CD8.CM,1.0,0.232,1.132,0.884,0.159,1.705,0.0,0.961,0.069,2.714,0.467,0.278,0.148,0.303,1.321,0.761,1.038,0.255,0.0,0.314,0.055,0.373,0.154,0.835,0.424
-5.99,-1.886,6,CD8.TPEX,1.0,0.156,0.424,0.845,0.639,0.0,0.0,0.695,0.0,0.628,0.952,0.235,0.0,0.0,0.564,1.622,0.472,0.0,0.37,0.605,0.0,0.888,0.0,1.043,0.345
5.99,3.301,13,CD8.NaiveLike,0.615,0.0,0.966,0.0,0.0,0.0,0.084,0.524,0.169,2.598,0.334,1.589,1.039,0.165,0.094,0.577,0.549,0.429,0.759,0.675,0.172,0.868,0.367,0.136,0.394
-4.493,-1.179,5,CD8.TPEX,0.8,0.0,0.612,0.0,0.637,0.0,0.0,0.952,0.403,1.337,0.946,0.598,0.0,0.373,0.0,0.884,0.639,0.0,0.0,0.713,0.0,0.904,0.946,0.935,0.0
4.765,3.537,10,CD8.NaiveLike,0.8,0.0,1.129,0.0,0.0,0.829,0.0,0.294,0.247,2.377,0.323,1.169,0.36,0.167,0.461,0.381,0.74,0.238,0.547,0.54,0.08,1.15,0.0,0.0,0.487
3.267,2.358,5,CD8.CM,1.0,0.0,0.645,0.249,0.0,0.0,0.0,0.0,0.0,2.43,0.249,1.114,0.161,0.0,0.587,0.796,0.497,1.01,1.093,1.372,0.353,0.72,0.0,0.0,1.029
-3.812,-3.301,4,CD8.TEX,1.0,0.0,1.024,2.537,0.827,0.936,0.421,1.117,0.0,0.336,0.421,0.0,0.0,1.11,1.998,1.219,0.816,0.0,0.88,0.6,0.0,0.0,0.421,0.0,0.939
-0.953,-2.122,25,CD8.EM,1.0,0.046,1.104,0.299,0.16,0.837,0.104,0.66,0.0,0.728,0.951,0.217,0.042,0.21,0.835,1.237,0.995,0.138,0.456,0.876,0.238,0.199,0.243,0.201,0.625
1.089,1.415,4,CD8.CM,1.0,0.0,1.285,0.263,0.263,0.0,0.0,0.713,0.368,0.751,0.861,0.0,0.488,0.471,0.0,0.348,0.837,0.0,0.0,0.876,0.0,0.368,0.0,0.0,0.366
-1.77,-2.594,15,CD8.EM,0.933,0.195,1.007,1.391,0.192,1.479,0.196,0.656,0.0,0.465,0.73,0.387,0.0,1.083,1.627,1.274,0.467,0.129,0.071,0.707,0.301,0.086,0.378,0.193,0.353
1.225,1.651,2,CD8.CM,1.0,0.0,1.33,0.0,0.0,0.0,0.0,0.552,0.0,0.976,1.202,0.552,0.0,0.808,1.069,0.0,1.102,0.0,0.0,0.0,0.0,0.808,0.0,0.778,1.981
-4.765,-3.065,6,CD8.TEX,1.0,0.0,1.157,1.278,0.437,3.155,0.78,0.0,0.409,0.432,1.001,0.144,0.144,1.151,1.208,1.205,0.626,0.144,0.0,0.439,0.219,0.144,0.675,0.0,0.219
-2.587,-2.594,5,CD8.EM,0.6,0.593,1.336,0.0,0.205,0.824,0.0,0.0,0.0,0.626,1.497,0.512,0.278,0.278,0.205,0.529,0.268,0.0,0.278,0.205,0.0,0.0,0.205,0.205,0.657
-5.718,-2.83,3,CD8.TEX,0.667,0.0,0.963,0.588,0.79,0.0,0.0,0.667,0.0,0.0,1.024,0.0,0.0,1.342,0.38,0.0,1.434,0.0,0.0,0.38,0.0,0.743,1.039,0.788,0.0
4.765,2.594,4,CD8.CM,1.0,0.0,1.315,0.0,0.0,0.0,0.0,0.741,0.96,2.824,0.74,1.894,0.517,0.0,0.0,1.177,0.967,0.443,1.023,0.0,0.74,1.017,0.0,0.669,1.166
-7.215,-3.065,16,CD8.TEX,1.0,0.052,1.133,1.257,0.865,2.559,0.574,1.348,0.43,0.52,1.686,0.052,0.118,1.015,1.116,1.611,1.018,0.0,0.187,0.45,0.215,0.0,0.204,0.447,0.948
1.089,0.943,7,CD8.CM,1.0,0.0,0.837,0.174,0.0,0.0,0.0,0.578,0.0,0.767,0.762,0.643,0.0,0.12,0.546,0.854,0.671,0.12,0.0,0.634,0.0,0.745,0.298,0.12,0.329
-5.309,-4.009,22,CD8.TEX,1.0,0.0,0.602,1.446,0.807,2.553,1.096,0.649,0.347,0.1,0.939,0.083,0.0,1.098,2.149,1.185,0.739,0.0,0.0,0.724,0.237,0.0,0.727,0.0,0.196
0.681,-1.651,11,CD8.EM,1.0,0.0,2.07,0.172,0.0,0.526,0.0,1.181,0.0,0.927,0.353,1.348,0.0,0.134,0.172,0.888,0.3,0.305,0.406,0.162,0.533,0.462,0.358,0.601,0.134
-4.629,0.472,4,CD8.TPEX,1.0,0.0,2.155,0.0,0.0,1.267,0.0,0.976,0.0,1.807,1.392,0.401,0.0,1.555,0.319,0.976,1.028,0.0,0.0,0.801,0.0,0.0,0.0,2.682,1.448
0.272,-1.886,12,CD8.EM,0.75,0.177,1.604,0.461,0.0,0.302,0.0,0.737,0.0,0.526,0.286,0.633,0.0,0.0,0.724,1.308,0.231,0.115,0.0,0.331,0.363,0.183,0.487,0.163,0.636
1.089,3.301,28,CD8.CM,1.0,0.144,1.288,0.624,0.0,1.32,0.058,1.047,0.218,2.322,0.489,0.441,0.051,0.333,1.184,1.055,0.929,0.242,0.162,0.571,0.137,0.387,0.084,0.63,0.32
1.225,1.179,4,CD8.EM,0.5,0.0,0.469,0.0,0.0,0.847,0.0,0.339,0.0,0.823,1.551,0.75,0.0,0.0,0.589,0.469,0.469,0.0,0.0,0.339,0.0,0.339,0.478,0.0,0.484
0.953,3.065,23,CD8.CM,1.0,0.173,0.888,0.283,0.0,1.363,0.084,0.858,0.08,2.497,0.313,0.448,0.109,0.575,0.858,1.108,0.822,0.131,0.036,0.647,0.0,0.35,0.119,0.944,0.827
4.22,4.009,17,CD8.NaiveLike,0.941,0.0,1.68,0.0,0.0,0.128,0.0,1.189,0.0,3.154,0.299,1.841,0.592,0.306,0.23,1.067,0.468,0.668,1.249,0.727,0.123,0.84,0.054,0.0,0.099
-6.535,-2.83,12,CD8.TEX,1.0,0.0,1.025,0.451,0.41,1.586,0.699,0.947,0.0,0.818,1.0,0.0,0.0,0.225,0.604,1.183,0.38,0.138,0.251,0.377,0.211,0.112,0.902,0.737,0.794
3.131,3.065,5,CD8.CM,1.0,0.0,1.611,0.0,0.0,0.0,0.0,0.815,0.0,3.024,0.356,0.817,0.195,0.258,0.0,0.752,0.258,0.208,0.461,0.447,0.0,0.716,0.0,0.645,1.033
-1.089,-0.472,13,CD8.EM,1.0,0.101,1.444,0.223,0.0,0.262,0.0,0.661,0.0,1.115,0.337,0.803,0.072,0.458,0.88,1.337,0.943,0.361,0.0,0.608,0.435,0.232,0.743,0.316,0.504
-5.99,-3.301,18,CD8.TEX,1.0,0.07,0.507,1.737,0.959,1.569,0.536,0.53,0.282,0.824,0.868,0.0,0.0,0.797,1.571,1.016,0.725,0.1,0.111,1.09,0.285,0.065,0.328,0.542,0.382
0.408,-1.179,9,CD8.EM,0.889,0.0,1.484,0.396,0.0,0.141,0.0,0.637,0.0,2.664,0.141,1.123,0.0,0.36,0.535,0.99,1.197,0.392,0.261,0.836,0.158,0.158,0.0,0.36,0.692
-2.587,7.781,10,CD8.MAIT,0.9,0.0,1.794,0.731,0.0,0.074,0.0,1.076,0.412,3.101,0.812,0.439,0.0,0.166,0.959,0.975,0.349,0.426,0.0,0.747,0.169,0.177,0.16,0.116,0.413
-1.498,-2.122,21,CD8.EM,1.0,0.043,1.122,1.118,0.156,1.124,0.162,0.518,0.161,0.405,0.824,0.082,0.0,0.575,1.434,1.4,1.029,0.093,0.147,0.779,0.219,0.165,0.487,0.0,0.314
4.629,3.301,15,CD8.NaiveLike,0.8,0.0,1.78,0.0,0.0,0.0,0.0,0.853,0.146,2.887,0.413,1.986,0.753,0.087,0.195,0.686,0.355,0.776,1.144,1.029,0.085,0.185,0.072,0.0,0.184
-5.173,-2.83,2,CD8.TEX,1.0,0.0,0.0,0.0,0.0,0.0,0.0,0.918,0.918,1.91,2.54,0.0,0.0,0.0,0.71,0.0,0.0,0.0,0.71,0.0,0.0,0.0,0.0,0.0,0.0
-4.901,-3.301,11,CD8.TEX,1.0,0.0,0.473,0.976,0.731,1.991,0.24,0.562,0.132,0.207,1.01,0.0,0.0,0.723,1.276,0.973,0.635,0.0,0.108,0.744,0.424,0.0,0.68,0.12,0.406
-0.408,-2.594,17,CD8.EM,0.882,0.0,0.511,0.549,0.0,0.473,0.119,0.465,0.088,0.575,0.324,0.145,0.0,0.081,0.723,0.782,0.804,0.0,0.195,0.715,0.359,0.288,0.114,0.102,0.401
0.545,0.0,9,CD8.CM,0.778,0.0,1.042,0.278,0.144,0.521,0.177,0.506,0.352,2.326,0.406,1.051,0.116,0.249,0.714,0.563,0.635,0.438,0.205,0.607,0.0,0.321,0.161,0.0,1.062
-7.215,-2.122,2,CD8.TPEX,0.5,0.0,1.34,0.85,1.189,1.659,0.0,1.824,0.732,0.971,1.423,0.0,0.0,0.0,0.946,1.33,0.895,0.0,0.0,0.49,0.0,0.0,1.586,0.732,0.457
-6.126,0.236,6,CD8.TPEX,0.833,0.0,1.078,0.852,0.0,3.71,0.0,0.408,0.0,0.764,0.558,0.204,0.0,0.362,1.644,0.468,0.492,0.0,0.0,0.207,0.0,0.0,0.441,1.603,0.467
0.272,0.472,3,CD8.CM,1.0,0.49,0.748,0.34,0.34,0.0,0.0,0.0,0.34,1.106,0.34,1.088,0.898,0.49,0.407,0.34,1.581,0.407,0.585,0.681,0.407,0.0,1.088,0.34,0.0
-2.042,-0.707,3,CD8.EM,1.0,0.0,0.765,0.695,0.407,0.0,0.407,0.358,0.0,0.585,0.0,0.695,0.0,0.358,0.765,1.423,0.0,0.0,0.358,0.526,0.0,0.765,0.358,0.358,0.0
-4.493,-4.009,9,CD8.TEX,1.0,0.0,0.668,1.076,0.339,1.995,0.625,0.953,0.23,0.273,1.49,0.0,0.0,0.665,1.147,0.726,0.956,0.0,0.101,1.391,0.125,0.0,0.147,0.0,0.578
-0.681,0.236,2,CD8.CM,1.0,0.0,0.603,0.0,0.603,0.0,0.0,0.0,0.868,1.49,0.925,1.254,0.0,0.651,0.0,0.0,0.603,0.0,0.0,0.868,0.0,1.793,0.603,0.0,0.651
-2.178,-2.358,9,CD8.EM,1.0,0.0,1.493,0.801,0.275,1.269,0.0,0.676,0.741,0.284,1.06,0.277,0.0,0.875,1.733,1.163,0.595,0.0,0.299,0.249,0.0,0.257,0.752,0.0,0.136
-5.99,-2.83,7,CD8.TEX,1.0,0.151,0.151,0.15,0.871,0.82,0.0,0.644,0.17,0.62,1.112,0.0,0.0,1.164,0.734,1.065,0.829,0.0,0.483,0.306,0.795,0.568,0.635,0.421,0.176
5.718,3.773,12,CD8.NaiveLike,0.833,0.0,1.287,0.089,0.0,0.206,0.103,0.45,0.101,2.207,0.103,1.064,0.642,0.103,0.353,0.6,0.736,0.643,0.695,0.84,0.0,0.6,0.204,0.346,0.197
-2.042,-2.594,8,CD8.EM,0.875,0.0,1.246,0.668,0.224,1.38,0.329,0.403,0.0,0.598,0.466,0.318,0.0,0.233,1.066,1.519,0.568,0.0,0.152,0.415,0.224,0.0,0.558,0.0,0.355
-0.953,-2.594,23,CD8.EM,1.0,0.0,0.763,0.558,0.0,0.819,0.141,0.226,0.11,0.697,0.489,0.055,0.0,0.21,0.723,0.543,0.346,0.123,0.155,0.7,0.336,0.149,0.282,0.066,0.331
-0.272,0.472,2,CD8.CM,1.0,0.0,0.892,0.779,0.0,0.0,0.0,0.0,0.0,1.195,0.0,1.07,0.0,0.0,0.0,0.0,0.892,0.0,0.0,0.779,0.0,0.623,0.623,0.0,0.623
-1.498,-0.707,11,CD8.EM,1.0,0.112,1.589,0.586,0.0,0.99,0.099,1.129,0.152,0.305,0.616,0.145,0.0,0.592,1.119,1.977,0.851,0.0,0.109,0.355,0.121,0.468,1.033,0.157,0.748
4.084,2.358,3,CD8.CM,0.333,0.0,2.913,0.0,0.0,0.0,0.0,1.815,1.72,2.663,0.958,1.777,0.0,0.0,0.0,0.407,0.0,0.659,1.066,0.407,1.444,0.963,0.0,0.378,0.0
-5.582,-0.707,4,CD8.TPEX,1.0,0.0,0.328,0.0,0.0,0.0,0.0,0.921,0.0,1.039,0.328,0.328,0.0,0.592,0.36,0.578,0.953,0.0,0.0,0.0,0.0,0.525,0.0,1.215,0.308
-5.173,-1.415,12,CD8.TPEX,1.0,0.177,0.835,0.365,0.663,0.303,0.073,0.306,0.322,2.386,1.043,0.0,0.073,0.497,0.727,1.453,0.195,0.079,0.903,0.741,0.073,0.656,0.533,0.844,0.431
0.408,-0.236,16,CD8.EM,0.688,0.151,1.48,0.604,0.0,0.428,0.0,1.212,0.168,2.619,0.498,1.104,0.0,0.431,0.401,1.085,0.917,0.173,0.207,0.519,0.166,0.44,0.213,0.0,0.876
-4.765,-0.707,2,CD8.EM,0.5,0.0,1.657,0.0,0.0,1.596,1.117,0.491,0.491,1.129,0.0,1.214,0.0,0.0,2.328,0.896,0.733,0.0,0.638,0.0,0.0,0.638,0.638,0.0,0.896
6.535,3.773,28,CD8.NaiveLike,0.929,0.0,1.11,0.0,0.03,0.0,0.051,0.54,0.36,2.649,0.49,0.844,0.699,0.223,0.251,0.9,0.345,0.527,1.287,0.509,0.049,0.881,0.049,0.159,0.184
4.493,3.065,9,CD8.NaiveLike,0.556,0.111,0.751,0.255,0.0,0.0,0.13,0.144,0.297,2.136,0.142,1.099,0.486,0.294,0.275,0.593,0.924,0.436,0.513,0.726,0.0,1.127,0.26,0.0,0.319
5.173,4.244,18,CD8.NaiveLike,0.944,0.146,0.76,0.283,0.116,0.19,0.064,0.261,0.294,2.724,0.162,1.2,0.468,0.465,0.676,0.347,0.546,0.723,1.495,0.854,0.0,0.601,0.064,0.0,0.313
-6.262,-5.188,13,CD8.TEX,1.0,0.0,1.617,0.939,0.765,2.402,0.787,0.999,0.164,0.606,1.271,0.095,0.0,0.61,1.846,1.929,0.899,0.0,0.0,0.712,0.0,0.108,0.566,0.095,1.164
1.225,2.122,2,CD8.CM,1.0,0.0,1.659,0.0,0.0,1.95,0.0,0.731,0.0,0.0,0.731,0.0,0.0,1.016,0.0,0.731,1.016,0.0,0.0,0.0,0.0,0.0,0.0,1.52,0.0
-6.126,-1.651,4,CD8.TPEX,1.0,0.191,1.147,1.027,0.963,0.191,0.275,1.359,0.0,2.349,1.148,0.0,0.0,0.191,0.0,0.858,0.705,0.275,0.486,0.617,0.0,0.874,0.402,1.94,0.912
0.681,0.707,1,CD8.CM,1.0,0.0,0.0,2.12,0.0,1.54,0.0,2.485,0.0,0.0,0.0,0.0,0.0,2.751,0.0,0.0,1.54,0.0,0.0,2.12,0.0,0.0,1.54,0.0,0.0
-6.399,-4.952,26,CD8.TEX,1.0,0.056,2.009,1.568,0.646,2.393,1.171,1.6,0.187,0.326,1.248,0.393,0.0,1.036,1.63,2.74,0.918,0.0,0.0,0.801,0.197,0.044,0.417,0.119,0.78
-5.582,-4.952,10,CD8.TEX,1.0,0.0,1.232,1.168,0.623,2.405,0.396,1.175,0.239,0.457,1.66,0.328,0.2,1.124,1.709,1.304,0.838,0.122,0.119,1.11,0.284,0.0,0.75,0.648,0.503
-1.77,-0.707,6,CD8.EM,0.667,0.0,1.358,0.577,0.0,0.787,0.404,0.0,0.0,0.372,0.515,0.0,0.0,1.393,0.755,1.327,1.571,0.0,0.0,0.737,0.0,0.347,0.896,0.0,1.062
-0.545,0.0,4,CD8.EM,0.5,0.0,1.312,0.0,0.0,0.0,0.0,0.687,1.007,1.607,1.051,0.0,0.0,0.734,0.306,0.0,0.38,0.306,0.0,0.428,0.0,0.44,0.306,0.988,0.0
-5.854,-2.594,2,CD8.TPEX,1.0,0.0,0.588,0.0,0.0,0.854,0.0,0.0,0.0,1.022,1.179,0.0,0.0,0.0,0.588,0.0,0.591,0.0,0.0,0.0,0.0,0.0,0.591,0.851,0.0
-3.54,-2.358,4,CD8.TEX,0.5,0.0,1.842,2.001,0.0,2.507,0.724,0.745,0.222,0.262,1.002,0.312,0.0,0.974,1.21,2.038,0.834,0.0,0.262,0.834,0.3,0.0,0.678,0.0,1.208
-4.084,-3.301,5,CD8.TEX,1.0,0.0,1.285,1.145,0.143,1.832,0.921,0.656,0.0,0.238,1.529,0.263,0.225,0.772,1.655,1.732,0.688,0.0,0.343,0.829,0.225,0.521,0.661,0.0,0.226
-4.901,-3.773,15,CD8.TEX,1.0,0.0,0.615,1.548,0.743,2.328,0.824,0.372,0.525,0.341,0.679,0.11,0.069,1.017,1.804,0.846,1.034,0.0,0.279,0.554,0.347,0.069,0.726,0.0,0.292
4.629,2.83,6,CD8.NaiveLike,0.667,0.0,0.457,0.0,0.0,0.0,0.0,0.194,0.171,2.549,0.767,1.122,0.282,0.0,0.0,0.453,0.541,0.194,0.917,0.297,0.0,1.146,0.0,0.0,0.491
-5.309,0.236,4,CD8.TPEX,1.0,0.0,2.458,0.0,0.659,1.581,0.0,0.614,1.448,0.484,0.883,0.0,0.0,0.379,1.428,1.845,0.85,0.0,0.0,0.0,0.0,0.484,0.338,3.39,0.262
0.681,0.236,6,CD8.CM,0.667,0.0,1.438,0.193,0.0,0.379,0.25,0.711,0.193,2.68,0.28,1.542,0.0,0.25,0.656,1.475,0.48,0.497,0.946,0.587,0.472,0.0,0.44,0.0,1.157
2.587,2.594,2,CD8.CM,1.0,0.0,0.632,0.0,0.0,0.0,0.632,0.0,0.0,1.692,0.0,0.0,0.0,0.0,0.0,0.0,0.632,0.0,0.0,1.421,0.0,1.421,0.632,0.0,0.0
-1.498,-1.651,28,CD8.EM,1.0,0.13,1.567,0.793,0.06,1.058,0.041,0.539,0.05,0.345,0.639,0.472,0.076,0.389,0.939,1.717,0.79,0.072,0.068,0.624,0.403,0.237,0.395,0.262,0.515
-1.361,-1.415,21,CD8.EM,1.0,0.047,1.542,0.684,0.082,0.776,0.0,0.535,0.044,0.733,0.588,0.58,0.0,0.443,0.843,1.32,0.802,0.162,0.056,0.801,0.334,0.246,0.526,0.191,0.652
3.267,1.886,2,CD8.CM,1.0,0.0,0.0,0.0,0.0,0.0,0.0,0.0,0.0,3.014,0.0,1.387,0.0,0.0,0.0,0.0,0.0,0.916,1.2,0.644,0.0,0.916,0.0,0.0,0.0
5.173,3.301,13,CD8.NaiveLike,0.769,0.0,1.416,0.0,0.355,0.0,0.0,0.654,0.521,2.614,0.079,2.102,0.28,0.317,0.087,0.359,0.303,0.943,1.139,0.615,0.0,0.882,0.079,0.141,0.552
-4.22,-4.48,12,CD8.TEX,1.0,0.0,0.501,0.832,0.737,2.01,0.387,0.704,0.186,1.116,1.249,0.531,0.113,0.25,1.59,0.437,0.905,0.187,0.218,1.001,0.288,0.229,0.341,0.099,0.091
0.953,1.179,2,CD8.CM,1.0,0.0,0.0,0.0,0.0,0.0,0.0,0.0,0.46,1.481,0.505,0.46,0.0,0.0,0.0,1.039,1.963,0.0,0.0,0.976,0.0,2.193,0.0,0.0,0.505
3.131,2.122,3,CD8.CM,1.0,0.0,1.215,0.0,0.0,0.0,0.0,0.0,0.0,3.101,0.385,1.377,0.515,0.0,0.515,1.96,1.443,0.515,0.0,0.672,0.0,0.385,0.385,0.0,0.709
-6.807,-1.415,4,CD8.TPEX,1.0,0.0,1.336,1.321,0.368,2.026,0.0,0.736,0.561,1.555,0.686,0.0,0.247,0.907,0.768,0.381,0.696,0.247,0.0,0.257,0.0,0.0,0.0,1.122,0.257
5.854,4.009,15,CD8.NaiveLike,0.867,0.186,1.279,0.0,0.218,0.0,0.123,0.395,0.128,2.786,0.202,0.892,0.617,0.322,0.255,0.406,0.593,0.302,1.155,0.834,0.114,0.635,0.109,0.324,0.055
0.136,0.236,5,CD8.CM,0.6,0.502,1.556,0.0,0.0,0.236,0.0,0.968,0.0,2.02,0.0,1.191,0.549,0.657,0.267,0.828,0.825,0.0,0.43,0.815,0.212,0.479,0.278,0.0,0.794
-6.807,-4.244,26,CD8.TEX,1.0,0.114,1.46,1.322,0.809,2.397,1.035,1.183,0.424,0.685,1.099,0.0,0.0,0.752,1.517,1.682,0.704,0.0,0.105,0.837,0.119,0.217,0.406,0.307,0.855
-2.314,-1.651,6,CD8.EM,0.667,0.0,1.354,1.239,0.396,1.244,0.394,1.008,0.0,0.955,0.264,0.568,0.0,1.296,0.847,1.931,1.12,0.0,0.0,0.481,0.261,0.361,0.922,0.264,0.218
3.54,2.358,5,CD8.CM,1.0,0.0,0.903,0.279,0.0,0.0,0.0,0.562,0.0,3.079,0.0,1.399,0.279,0.283,0.212,1.249,0.568,0.0,0.953,0.674,0.0,0.785,0.0,0.0,0.753
4.22,3.065,4,CD8.NaiveLike,1.0,0.0,0.72,0.0,0.0,0.0,0.0,0.551,0.0,3.131,0.727,2.189,0.284,0.0,0.0,0.404,0.543,0.817,1.569,0.0,0.0,0.855,0.0,0.267,0.267
0.953,0.236,9,CD8.CM,0.778,0.0,0.705,0.152,0.276,0.214,0.0,0.422,0.0,2.391,0.289,1.238,0.0,0.0,0.527,1.089,0.762,0.0,0.303,0.303,0.152,0.57,0.276,0.224,0.347
-5.854,-1.179,10,CD8.TPEX,1.0,0.272,0.607,0.272,0.476,0.0,0.0,0.257,0.47,1.48,0.901,0.0,0.19,0.453,0.58,0.91,0.143,0.0,0.299,0.614,0.179,0.558,0.264,2.117,0.364
2.995,2.83,7,CD8.CM,1.0,0.0,1.005,0.0,0.0,0.323,0.0,0.36,0.0,2.708,0.55,1.349,0.0,0.374,0.193,1.099,0.649,0.602,0.911,0.367,0.0,0.742,0.0,0.307,0.674
5.718,4.244,21,CD8.NaiveLike,0.952,0.154,1.004,0.133,0.0,0.051,0.0,0.359,0.295,3.021,0.41,0.872,0.655,0.0,0.136,0.603,0.288,0.959,1.474,0.723,0.051,0.629,0.041,0.111,0.1
0.0,-1.886,15,CD8.EM,1.0,0.0,1.394,0.191,0.0,0.546,0.0,0.531,0.119,0.385,0.453,0.634,0.0,0.202,0.497,0.546,0.791,0.142,0.287,0.355,0.214,0.407,0.311,0.745,0.604
6.671,4.009,17,CD8.NaiveLike,1.0,0.06,0.337,0.0,0.0,0.0,0.0,0.274,0.156,2.808,0.416,1.38,0.886,0.0,0.243,0.454,0.499,0.708,1.127,0.695,0.168,0.923,0.107,0.22,0.192
-1.089,-2.358,28,CD8.EM,0.964,0.0,1.117,0.599,0.129,1.463,0.029,0.496,0.155,0.148,0.189,0.297,0.076,0.209,0.831,0.976,0.406,0.246,0.0,0.694,0.262,0.1,0.358,0.251,0.527
-2.314,-3.065,2,CD8.EM,1.0,0.0,1.013,2.097,0.0,1.013,0.764,0.764,1.053,0.0,0.728,0.0,0.0,1.013,0.0,1.193,0.764,0.0,0.0,0.764,0.728,0.0,0.0,0.0,0.0
0.0,-2.358,15,CD8.EM,1.0,0.1,1.159,0.384,0.0,0.317,0.0,0.739,0.0,0.216,0.179,0.7,0.116,0.673,0.67,0.604,0.566,0.62,0.1,0.51,0.29,0.219,0.156,0.585,0.165
-5.718,-2.358,2,CD8.TPEX,1.0,0.0,0.464,0.0,0.966,0.0,0.0,0.0,0.7,1.826,0.966,0.0,0.0,0.7,1.212,0.502,0.502,0.0,0.0,0.464,0.464,0.748,0.0,0.0,0.502
-6.262,-2.83,8,CD8.TEX,0.875,0.0,0.744,1.188,1.04,1.672,0.28,1.224,0.171,0.683,1.041,0.0,0.0,0.176,1.493,1.544,0.326,0.0,0.0,0.583,0.335,0.222,0.28,0.499,0.62
6.807,4.716,26,CD8.NaiveLike,1.0,0.059,0.935,0.0,0.0,0.0,0.051,0.387,0.219,2.658,0.322,1.202,0.7,0.0,0.205,0.247,0.326,0.559,1.501,0.665,0.171,0.937,0.093,0.12,0.049
-5.173,-3.773,31,CD8.TEX,1.0,0.05,0.735,1.343,0.756,2.503,1.04,0.715,0.281,0.328,1.144,0.114,0.109,0.914,1.65,0.959,0.588,0.054,0.169,1.068,0.496,0.128,0.744,0.134,0.181
2.995,4.244,2,CD8.CM,1.0,0.0,1.346,0.0,0.0,0.0,0.0,0.661,0.0,3.125,0.661,1.243,0.0,0.572,0.0,1.243,0.661,0.572,0.0,1.233,0.0,0.661,0.0,0.936,0.0
1.089,2.83,12,CD8.CM,1.0,0.0,1.235,0.619,0.0,1.259,0.0,0.467,0.111,2.729,0.325,0.569,0.101,0.607,1.035,1.011,0.92,0.248,0.0,0.943,0.14,0.572,0.066,0.364,0.658
-5.854,-1.651,8,CD8.TPEX,1.0,0.206,0.598,0.537,1.119,0.0,0.197,1.04,0.93,2.476,1.17,0.0,0.0,0.545,0.536,1.313,0.717,0.197,0.614,0.612,0.149,1.026,0.326,1.068,0.134
6.943,4.009,20,CD8.NaiveLike,0.95,0.107,0.921,0.088,0.0,0.0,0.0,0.231,0.185,2.452,0.181,1.457,1.114,0.0,0.166,0.206,0.555,0.595,1.509,0.274,0.0,0.77,0.058,0.0,0.0
5.854,4.952,17,CD8.NaiveLike,0.882,0.0,0.795,0.228,0.143,0.0,0.0,0.358,0.158,2.567,0.873,0.534,0.935,0.082,0.265,0.324,0.68,0.552,1.286,0.697,0.142,0.495,0.075,0.092,0.076
5.99,4.244,21,CD8.NaiveLike,0.857,0.0,1.048,0.068,0.118,0.054,0.0,0.304,0.264,2.75,0.496,0.817,0.286,0.122,0.342,0.555,0.531,0.644,1.063,0.78,0.187,0.837,0.065,0.245,0.317
2.859,3.065,5,CD8.CM,1.0,0.267,1.116,0.0,0.282,0.0,0.0,0.717,1.269,2.34,0.838,0.926,0.383,0.261,0.284,0.348,0.643,0.45,0.0,1.001,0.261,0.394,0.0,0.0,0.0
4.084,3.773,21,CD8.NaiveLike,0.714,0.045,1.43,0.05,0.134,0.173,0.0,1.102,0.129,3.367,0.147,1.862,0.575,0.0,0.18,0.868,0.458,0.655,1.419,0.631,0.168,0.753,0.062,0.152,0.229
0.817,-0.472,9,CD8.CM,0.889,0.21,1.376,0.157,0.0,0.412,0.0,0.151,0.0,2.314,0.0,1.46,0.0,0.0,0.399,0.468,0.466,0.647,0.853,0.778,0.0,0.758,0.149,0.266,0.149
7.352,4.244,33,CD8.NaiveLike,1.0,0.0,0.66,0.029,0.065,0.054,0.051,0.246,0.246,2.351,0.301,1.054,1.013,0.0,0.118,0.31,0.244,0.868,1.478,0.576,0.044,1.056,0.0,0.0,0.066
-1.634,-1.415,16,CD8.EM,0.938,0.062,1.62,0.901,0.0,0.941,0.18,0.621,0.119,0.518,0.736,0.584,0.119,1.237,1.177,2.407,0.75,0.062,0.229,0.406,0.248,0.206,0.437,0.236,0.415
5.718,4.716,22,CD8.NaiveLike,0.955,0.0,0.551,0.223,0.137,0.045,0.0,0.471,0.305,2.828,0.265,0.998,0.953,0.166,0.46,0.139,0.387,0.709,1.072,0.776,0.0,0.898,0.067,0.158,0.052
0.136,-0.707,16,CD8.EM,1.0,0.117,1.252,0.722,0.0,0.227,0.0,0.3,0.117,1.245,0.0,0.78,0.0,0.17,0.614,1.631,0.473,0.207,0.386,0.796,0.375,0.439,0.429,0.0,0.216
7.079,4.244,22,CD8.NaiveLike,0.955,0.122,0.915,0.0,0.0,0.0,0.0,0.246,0.208,2.38,0.614,0.943,0.592,0.0,0.256,0.227,0.238,0.799,1.146,0.549,0.192,1.156,0.064,0.125,0.0
-6.943,-1.651,2,CD8.TPEX,1.0,0.0,1.011,0.0,0.506,0.0,0.0,0.752,1.428,0.916,0.506,0.0,0.0,0.727,0.0,1.232,0.0,0.0,0.0,0.0,0.0,0.752,0.506,1.04,1.479
5.582,4.48,15,CD8.NaiveLike,1.0,0.196,0.683,0.437,0.194,0.108,0.0,0.101,0.16,2.836,0.264,0.841,0.41,0.05,0.154,0.768,0.636,0.633,1.235,0.965,0.057,0.949,0.0,0.095,0.048
6.126,4.48,17,CD8.NaiveLike,0.882,0.0,0.491,0.053,0.201,0.0,0.0,0.274,0.491,2.828,0.601,1.043,0.483,0.0,0.058,0.305,0.479,0.618,1.106,0.892,0.062,0.907,0.072,0.18,0.0
-2.314,7.781,26,CD8.MAIT,1.0,0.064,2.023,0.51,0.073,0.218,0.078,1.078,0.192,3.584,0.286,0.477,0.0,0.167,1.535,0.543,0.361,0.313,0.0,0.534,0.205,0.075,0.051,0.032,0.349
7.488,4.48,11,CD8.NaiveLike,1.0,0.0,0.916,0.0,0.0,0.0,0.0,0.136,0.372,1.867,0.283,0.401,1.232,0.0,0.0,0.124,0.379,0.21,1.233,0.282,0.0,0.812,0.0,0.0,0.124
-4.493,-3.065,7,CD8.TEX,1.0,0.0,0.707,1.319,0.339,2.004,1.312,0.905,0.295,0.689,1.182,0.0,0.0,1.024,1.55,1.731,1.192,0.0,0.0,0.841,0.122,0.173,1.019,0.0,0.549
1.906,3.301,32,CD8.CM,1.0,0.057,1.397,0.223,0.035,0.775,0.0,1.156,0.085,2.4,0.456,0.597,0.126,0.531,0.663,0.783,0.602,0.038,0.139,0.267,0.279,0.369,0.09,0.331,0.307
1.225,2.594,10,CD8.CM,1.0,0.0,1.927,0.635,0.084,1.079,0.0,0.806,0.136,1.865,0.399,1.095,0.136,0.208,1.032,1.385,0.453,0.232,0.255,0.959,0.095,0.421,0.084,0.495,1.002
-0.681,-2.122,29,CD8.EM,1.0,0.048,1.044,0.615,0.0,0.687,0.043,0.577,0.0,0.485,0.357,0.18,0.0,0.256,0.801,1.013,0.785,0.05,0.037,0.67,0.329,0.204,0.217,0.193,0.574
1.361,3.773,24,CD8.CM,1.0,0.104,1.501,0.53,0.053,1.394,0.064,1.05,0.0,2.426,0.443,0.385,0.322,0.141,1.235,1.021,0.815,0.09,0.308,0.675,0.045,0.225,0.051,0.766,0.047
0.817,3.773,20,CD8.CM,1.0,0.0,1.49,0.803,0.052,2.242,0.071,1.054,0.0,2.691,0.801,0.231,0.181,0.411,1.421,1.804,1.01,0.127,0.09,0.655,0.0,0.0,0.154,0.526,0.844
0.272,-0.943,17,CD8.EM,0.706,0.082,1.807,0.326,0.0,0.497,0.0,0.438,0.171,1.768,0.374,0.484,0.0,0.276,0.598,0.987,0.461,0.454,0.602,0.311,0.271,0.34,0.199,0.225,0.563
5.037,-4.48,5,CD8.TEMRA,1.0,0.0,1.606,0.65,0.0,1.623,0.332,0.534,0.0,0.679,0.271,1.322,0.0,0.761,1.502,0.975,0.55,0.0,0.773,0.714,0.731,0.0,0.802,0.0,0.931
-2.042,7.781,25,CD8.MAIT,1.0,0.24,2.166,0.714,0.0,0.0,0.0,1.044,0.05,3.44,0.244,0.524,0.045,0.079,1.308,1.135,0.563,0.319,0.164,0.634,0.281,0.328,0.222,0.04,0.229
7.079,4.716,22,CD8.NaiveLike,0.955,0.0,0.786,0.112,0.066,0.044,0.052,0.773,0.103,2.51,0.491,0.628,0.804,0.051,0.038,0.185,0.585,0.369,1.653,0.694,0.177,0.967,0.077,0.0,0.038
1.498,3.537,22,CD8.CM,1.0,0.173,1.523,0.12,0.101,1.188,0.064,0.564,0.104,2.664,0.364,0.814,0.0,0.328,0.785,1.219,0.64,0.288,0.095,0.633,0.056,0.447,0.0,0.607,0.259
-2.178,7.546,26,CD8.MAIT,0.962,0.041,1.926,0.763,0.045,0.19,0.0,1.032,0.159,3.29,0.445,0.558,0.0,0.165,1.145,0.834,0.246,0.111,0.0,0.478,0.051,0.239,0.0,0.0,0.37
5.446,4.716,12,CD8.NaiveLike,0.667,0.179,0.687,0.409,0.276,0.313,0.094,0.21,0.319,2.481,0.767,0.7,0.431,0.094,0.636,0.302,0.59,0.705,1.492,1.148,0.094,1.172,0.0,0.0,0.135
-1.089,-2.83,23,CD8.EM,1.0,0.102,0.921,0.597,0.0,1.061,0.092,0.362,0.0,0.667,0.371,0.343,0.133,0.657,0.954,0.73,0.566,0.284,0.323,1.055,0.351,0.261,0.177,0.095,0.0
6.535,4.244,15,CD8.NaiveLike,1.0,0.0,0.602,0.266,0.278,0.188,0.0,0.244,0.325,2.651,0.589,0.737,0.485,0.0,0.322,0.226,0.444,0.418,1.384,0.634,0.0,0.668,0.298,0.367,0.079
6.399,4.48,24,CD8.NaiveLike,0.958,0.069,0.642,0.144,0.069,0.047,0.0,0.408,0.081,2.591,0.468,0.901,0.805,0.11,0.251,0.736,0.18,0.668,1.293,0.408,0.219,0.639,0.063,0.069,0.195
0.817,-1.886,6,CD8.CM,0.5,0.0,1.271,0.0,0.0,0.738,0.0,0.664,0.443,1.32,0.307,0.307,0.0,0.0,0.739,0.283,0.0,0.0,0.0,0.69,0.0,0.0,0.0,0.0,0.307
-0.272,-2.358,10,CD8.EM,1.0,0.0,0.181,0.767,0.279,0.0,0.349,0.626,0.248,0.813,0.606,0.435,0.184,0.0,0.507,0.399,0.402,0.0,0.362,0.854,0.342,0.0,0.0,0.0,0.215
-4.084,-2.358,2,CD8.EM,0.5,0.0,0.0,1.155,0.0,0.0,0.0,0.0,1.847,1.468,1.39,0.0,0.0,0.456,1.615,0.7,1.155,0.0,0.0,0.456,0.0,0.0,0.7,0.849,0.0
-2.587,-3.537,2,CD8.TEX,0.5,0.0,0.623,0.0,0.0,1.382,0.0,0.623,0.623,0.623,0.623,0.0,0.0,0.0,0.998,0.0,0.0,0.0,0.0,0.892,0.0,0.0,0.0,0.0,0.0
7.215,4.009,18,CD8.NaiveLike,0.944,0.0,0.997,0.0,0.0,0.0,0.06,0.52,0.503,2.375,0.198,1.648,0.94,0.078,0.118,0.235,0.305,0.479,1.993,0.488,0.243,0.567,0.078,0.0,0.068
-5.582,-1.179,4,CD8.TPEX,1.0,0.0,0.291,0.291,1.442,0.0,0.0,0.522,0.653,2.192,1.312,0.0,0.0,0.522,0.0,0.0,0.303,0.0,0.0,0.498,0.0,1.239,0.645,0.883,0.724
6.399,4.952,10,CD8.NaiveLike,0.9,0.0,0.847,0.365,0.367,0.384,0.453,0.216,0.233,2.634,1.069,0.696,0.487,0.0,0.391,0.381,0.665,0.287,1.047,0.637,0.0,0.446,0.0,0.295,0.0
5.037,4.48,12,CD8.NaiveLike,0.917,0.09,0.795,0.465,0.0,0.121,0.076,0.667,0.092,3.27,0.689,0.615,0.19,0.199,0.398,0.595,0.378,0.622,1.331,0.853,0.094,0.736,0.097,0.347,0.0
-4.629,-3.773,11,CD8.TEX,1.0,0.0,0.308,1.61,0.788,2.009,0.21,0.968,0.0,0.535,1.022,0.0,0.0,0.964,1.286,0.503,0.642,0.087,0.081,1.194,0.313,0.0,0.236,0.0,0.137
-1.361,-2.83,19,CD8.EM,1.0,0.0,0.75,0.574,0.0,0.807,0.059,0.483,0.0,0.769,0.36,0.316,0.0,0.604,0.982,1.137,0.801,0.261,0.107,1.273,0.15,0.0,0.489,0.18,0.206
-4.356,-4.244,7,CD8.TEX,1.0,0.0,0.254,0.801,1.019,2.692,0.15,0.483,0.0,0.614,0.886,0.231,0.0,0.937,0.974,0.892,1.308,0.0,0.243,0.971,0.129,0.241,0.19,0.0,0.847
5.854,4.48,23,CD8.NaiveLike,0.957,0.089,0.715,0.189,0.053,0.18,0.211,0.239,0.303,2.193,0.488,0.706,0.381,0.039,0.475,0.68,0.512,0.691,0.802,0.52,0.127,0.776,0.0,0.053,0.089
4.765,4.48,23,CD8.NaiveLike,0.87,0.0,1.083,0.177,0.156,0.113,0.042,0.685,0.141,2.835,0.671,1.16,0.573,0.183,0.567,0.316,0.66,0.791,0.962,0.885,0.14,0.623,0.048,0.259,0.091
1.906,4.244,11,CD8.CM,1.0,0.0,1.574,0.335,0.159,0.788,0.0,1.058,0.119,2.933,0.473,0.549,0.0,0.278,0.628,1.026,0.64,0.0,0.459,0.142,0.154,0.429,0.0,0.375,0.154
-6.671,-2.594,11,CD8.TEX,0.818,0.0,0.786,0.109,0.712,0.966,0.602,0.76,0.661,1.657,0.875,0.0,0.111,0.553,0.908,1.453,0.763,0.0,0.11,0.428,0.0,0.223,0.62,0.839,0.638
-6.399,-1.651,2,CD8.TPEX,1.0,0.454,0.454,0.0,1.612,0.0,0.0,0.0,1.635,1.384,1.276,0.0,0.0,1.483,0.454,1.064,1.204,0.0,0.0,0.454,0.0,0.688,0.454,1.58,1.508
5.99,-4.244,23,CD8.TEMRA,1.0,0.0,1.153,0.0,0.0,2.141,0.19,0.65,0.0,0.145,0.516,1.409,0.111,0.212,1.667,0.435,1.041,0.463,0.3,0.7,0.13,0.223,0.121,0.157,1.287
1.089,4.244,12,CD8.CM,1.0,0.087,1.843,0.49,0.09,1.213,0.0,0.728,0.087,2.868,0.413,0.352,0.0,0.387,1.249,0.892,0.811,0.338,0.427,0.65,0.372,0.491,0.242,0.803,0.35
6.943,4.48,27,CD8.NaiveLike,0.963,0.041,0.493,0.0,0.0,0.051,0.093,0.164,0.295,2.423,0.154,0.857,0.969,0.098,0.288,0.412,0.438,0.558,1.202,0.707,0.284,0.968,0.187,0.0,0.0
4.084,4.244,6,CD8.NaiveLike,0.833,0.0,2.008,0.0,0.0,0.0,0.0,1.191,0.0,2.489,0.531,1.785,0.533,0.0,0.173,0.221,0.322,0.817,1.395,0.312,0.0,0.451,0.0,0.173,0.0
-0.681,-3.065,9,CD8.EM,0.889,0.0,2.048,0.696,0.133,0.693,0.133,0.824,0.125,1.207,0.569,0.374,0.182,0.126,0.453,0.249,0.552,0.335,0.0,0.712,0.486,0.133,0.0,0.0,0.0
4.765,4.009,12,CD8.NaiveLike,0.833,0.22,1.113,0.0,0.222,0.098,0.0,0.575,0.396,2.623,0.251,1.622,0.564,0.482,0.244,1.141,0.32,0.922,1.168,0.784,0.065,0.58,0.101,0.127,0.0
6.807,4.244,21,CD8.NaiveLike,1.0,0.0,0.607,0.0,0.0,0.0,0.046,0.246,0.266,2.549,0.44,1.52,1.182,0.0,0.163,0.298,0.345,0.742,1.491,0.844,0.0,1.102,0.0,0.0,0.11
1.498,4.48,10,CD8.CM,1.0,0.155,1.764,0.143,0.143,0.646,0.0,1.182,0.0,2.538,0.357,0.282,0.1,0.0,0.945,0.577,1.05,0.168,0.667,0.737,0.143,0.264,0.0,0.825,0.0
6.262,-4.716,27,CD8.TEMRA,1.0,0.0,1.224,0.043,0.039,2.489,0.256,0.947,0.0,0.739,0.324,1.082,0.167,0.096,1.935,0.53,1.107,0.154,0.235,1.431,0.227,0.045,0.0,0.296,1.27
4.22,4.48,3,CD8.NaiveLike,0.667,0.0,1.382,0.0,0.0,0.0,0.0,0.738,0.0,3.178,0.424,2.223,0.563,1.042,0.0,0.0,0.438,0.438,1.225,0.424,0.0,0.0,0.438,0.0,0.424
0.953,4.009,15,CD8.CM,1.0,0.164,1.288,0.401,0.0,1.963,0.103,0.676,0.22,1.871,0.487,0.452,0.26,0.62,0.742,1.046,1.142,0.366,0.173,0.618,0.077,0.143,0.0,0.874,0.348
6.535,-4.244,28,CD8.TEMRA,1.0,0.0,1.144,0.161,0.0,2.133,0.053,1.129,0.045,1.022,0.051,0.89,0.06,0.233,2.041,0.41,0.244,0.476,0.625,0.748,0.312,0.097,0.343,0.111,1.003
5.446,3.773,11,CD8.NaiveLike,0.818,0.099,0.664,0.0,0.135,0.104,0.0,0.677,0.65,2.83,0.584,1.594,0.511,0.0,0.104,0.883,0.842,0.949,0.501,0.456,0.078,0.939,0.09,0.099,0.379
6.943,4.952,4,CD8.NaiveLike,1.0,0.0,0.365,0.0,0.0,0.0,0.0,0.0,0.365,1.831,0.0,1.548,0.597,0.365,1.013,0.0,0.303,0.648,2.149,1.288,0.365,0.85,0.303,0.0,0.0
5.99,4.716,20,CD8.NaiveLike,0.9,0.043,0.616,0.115,0.238,0.09,0.0,0.625,0.049,2.918,0.493,0.598,0.611,0.0,0.404,0.651,0.291,0.697,0.955,0.704,0.142,1.144,0.05,0.396,0.131
-5.718,-1.886,10,CD8.TPEX,1.0,0.242,0.824,0.169,1.375,0.0,0.122,1.205,0.241,1.837,1.344,0.551,0.0,0.455,0.371,1.306,0.567,0.0,0.511,0.791,0.276,1.23,0.466,0.828,0.281
6.671,-4.009,20,CD8.TEMRA,1.0,0.0,0.876,0.0,0.0,2.211,0.081,0.892,0.0,1.253,0.0,1.212,0.087,0.092,1.863,0.199,0.186,0.44,0.351,0.826,0.527,0.096,0.235,0.399,0.8
-6.262,-2.358,7,CD8.TPEX,0.571,0.163,0.839,0.317,0.887,0.302,0.0,1.151,0.344,1.751,1.079,0.193,0.0,0.614,0.434,1.761,0.967,0.0,0.485,0.824,0.0,1.04,0.143,0.658,0.597
-0.408,-1.651,17,CD8.EM,0.941,0.073,1.239,0.887,0.0,0.366,0.089,0.774,0.0,0.635,0.411,0.158,0.0,0.397,0.71,1.148,0.554,0.176,0.073,1.136,0.208,0.073,0.397,0.26,0.734
4.901,3.773,18,CD8.NaiveLike,0.889,0.058,0.799,0.215,0.246,0.301,0.096,0.828,0.166,3.022,0.362,1.73,0.757,0.3,0.243,0.725,0.239,0.925,1.341,0.707,0.128,0.796,0.045,0.0,0.441
-5.854,-4.48,20,CD8.TEX,1.0,0.07,1.048,1.747,0.619,2.398,1.367,1.262,0.067,0.314,0.904,0.058,0.07,1.4,1.749,1.679,0.851,0.0,0.0,1.035,0.0,0.0,0.664,0.108,0.505
-6.535,-2.358,5,CD8.TEX,0.8,0.203,0.0,0.492,0.462,0.0,0.599,0.697,0.0,0.794,0.829,0.0,0.0,0.516,0.233,0.48,0.599,0.0,0.0,0.486,0.283,0.229,1.064,1.804,0.992
-0.817,-2.358,23,CD8.EM,0.957,0.0,1.428,0.446,0.0,0.897,0.096,0.64,0.303,0.696,0.43,0.361,0.0,0.376,0.614,0.908,0.688,0.358,0.278,1.094,0.305,0.174,0.19,0.119,0.257
6.807,3.773,16,CD8.NaiveLike,1.0,0.088,0.972,0.0,0.045,0.146,0.067,0.596,0.319,2.324,0.259,1.258,0.847,0.078,0.268,0.434,0.723,0.837,1.2,0.726,0.215,1.073,0.0,0.0,0.141
7.352,4.716,21,CD8.NaiveLike,1.0,0.0,0.395,0.0,0.0,0.0,0.0,0.0,0.393,1.518,0.207,0.479,1.328,0.0,0.261,0.204,0.179,0.846,1.712,0.889,0.0,1.146,0.059,0.0,0.0
-5.854,-4.009,14,CD8.TEX,1.0,0.0,1.733,1.15,0.489,2.222,0.811,0.918,0.0,0.381,0.807,0.18,0.0,1.056,1.709,2.057,1.069,0.0,0.091,1.015,0.246,0.0,0.417,0.123,0.623
-2.451,-2.358,5,CD8.EM,1.0,0.0,0.592,0.401,0.676,1.962,1.23,0.0,0.0,0.486,1.519,0.0,0.0,0.933,1.943,1.578,0.333,0.0,0.0,0.229,0.386,0.201,0.0,0.0,0.299
-5.309,-2.122,3,CD8.TPEX,1.0,0.0,0.527,0.358,1.339,0.638,0.0,0.0,0.459,1.938,1.985,0.0,0.0,0.354,1.462,0.941,0.527,0.0,0.633,0.0,0.0,0.813,0.303,0.522,0.354
-2.587,-1.651,4,CD8.EM,0.5,0.0,1.182,0.289,0.0,1.06,0.945,0.564,0.0,0.0,0.289,0.0,0.0,1.242,1.29,0.906,0.0,0.0,0.0,1.206,0.618,0.0,0.381,0.0,0.475
7.488,4.009,23,CD8.NaiveLike,0.957,0.054,1.472,0.062,0.0,0.0,0.0,0.573,0.422,2.219,0.293,1.069,0.975,0.087,0.079,0.398,0.417,0.564,1.846,0.322,0.111,1.112,0.106,0.0,0.0
6.126,4.009,21,CD8.NaiveLike,0.952,0.0,0.751,0.102,0.161,0.101,0.052,0.316,0.151,3.144,0.407,1.419,0.679,0.115,0.284,0.595,0.223,0.9,1.445,0.458,0.107,0.859,0.0,0.233,0.055
6.807,3.301,11,CD8.NaiveLike,1.0,0.099,1.457,0.0,0.0,0.0,0.0,0.571,0.288,2.611,0.217,1.841,1.073,0.0,0.13,0.214,0.274,0.628,1.899,0.815,0.13,0.824,0.0,0.308,0.316
-0.136,0.236,5,CD8.EM,0.6,0.0,1.375,0.379,0.0,0.488,0.262,0.431,0.0,2.22,0.536,0.627,0.279,0.99,0.185,1.173,0.447,0.28,0.0,0.53,0.0,0.185,0.65,0.654,1.092
0.545,3.773,3,CD8.CM,1.0,0.328,0.0,0.489,0.722,1.515,0.0,1.169,0.0,2.531,0.0,0.394,0.489,0.0,1.174,1.169,0.898,0.0,0.57,1.373,0.328,0.328,0.0,1.169,0.328
5.173,4.716,17,CD8.NaiveLike,0.765,0.0,1.091,0.27,0.192,0.313,0.116,0.602,0.062,2.952,0.421,1.106,0.691,0.062,0.377,0.3,0.511,0.942,1.339,0.861,0.348,0.825,0.0,0.264,0.297
-0.136,-1.179,10,CD8.EM,0.9,0.19,1.395,0.264,0.0,0.434,0.0,0.508,0.261,1.213,0.115,0.167,0.0,0.432,0.788,0.885,0.538,0.115,0.115,0.754,0.257,0.243,0.49,0.454,0.514
1.361,4.244,19,CD8.CM,1.0,0.0,1.612,0.498,0.17,1.526,0.171,0.701,0.261,2.528,0.803,0.506,0.066,0.411,0.997,0.304,0.378,0.167,0.338,1.244,0.149,0.411,0.0,1.008,0.247
2.178,2.83,19,CD8.CM,1.0,0.0,1.815,0.078,0.0,0.176,0.0,0.456,0.217,1.887,0.108,0.539,0.0,0.291,0.397,0.907,0.833,0.431,0.0,0.314,0.0,0.57,0.087,0.203,0.297
1.225,4.48,4,CD8.CM,1.0,0.0,0.296,1.353,0.514,0.646,0.0,0.0,0.836,3.427,0.979,0.3,0.0,0.296,1.077,0.296,0.3,0.296,0.0,0.922,0.0,0.0,0.0,0.978,0.0
2.859,4.009,4,CD8.CM,1.0,0.0,1.114,0.0,0.0,0.0,0.0,0.0,0.353,2.458,0.462,0.478,0.0,0.0,0.0,0.649,1.559,0.743,0.0,0.63,0.0,0.972,0.291,0.223,0.0
6.126,-4.009,22,CD8.TEMRA,1.0,0.234,1.512,0.0,0.0,2.463,0.292,1.296,0.134,0.721,0.411,1.053,0.07,0.102,2.367,0.44,0.39,0.423,0.153,1.166,0.174,0.062,0.232,0.162,1.384
-4.629,-1.415,10,CD8.TPEX,1.0,0.37,0.613,0.232,0.716,0.0,0.0,0.513,0.0,2.077,1.065,0.092,0.0,0.231,0.809,1.263,0.241,0.118,0.116,0.0,0.241,0.731,0.583,0.6,0.485
5.309,4.009,17,CD8.NaiveLike,1.0,0.056,0.607,0.122,0.068,0.178,0.0,0.408,0.155,2.625,0.478,0.895,0.647,0.181,0.382,0.582,0.428,1.032,1.144,0.743,0.143,0.796,0.066,0.0,0.0
7.079,3.301,16,CD8.NaiveLike,1.0,0.058,0.984,0.074,0.115,0.073,0.107,0.353,0.078,2.482,0.0,2.001,1.091,0.0,0.147,0.571,0.067,0.395,1.731,0.605,0.0,1.109,0.115,0.0,0.087
6.943,-4.009,13,CD8.TEMRA,0.923,0.0,0.715,0.176,0.0,2.724,0.0,0.637,0.0,0.577,0.0,0.78,0.155,0.176,2.045,0.286,1.025,0.252,0.715,0.62,0.461,0.0,0.0,0.093,0.544
-4.629,-4.244,16,CD8.TEX,1.0,0.072,0.942,1.297,0.99,2.403,0.652,0.88,0.237,0.667,1.139,0.0,0.059,0.908,1.398,1.089,0.794,0.061,0.278,0.825,0.54,0.061,0.543,0.192,0.286
-0.817,-2.83,23,CD8.EM,0.957,0.0,1.159,0.743,0.125,1.195,0.065,0.675,0.224,0.533,0.56,0.454,0.133,0.331,1.004,0.967,0.59,0.194,0.188,0.926,0.32,0.152,0.285,0.21,0.128
-0.272,-0.943,19,CD8.EM,0.947,0.064,1.466,0.315,0.063,0.877,0.0,0.621,0.327,1.034,0.212,0.261,0.0,0.605,0.753,1.304,0.777,0.177,0.063,0.692,0.192,0.348,0.26,0.395,0.497
6.399,4.009,23,CD8.NaiveLike,0.87,0.057,1.158,0.073,0.05,0.0,0.0,0.418,0.347,2.473,0.3,1.002,0.803,0.148,0.191,0.672,0.353,0.567,0.795,0.624,0.153,0.931,0.032,0.0,0.223
-5.582,-2.594,1,CD8.TEX,1.0,0.0,0.0,0.0,0.812,0.0,0.0,0.0,1.559,0.0,2.279,0.0,0.0,0.0,0.812,0.812,0.0,0.0,0.0,1.254,0.0,1.254,0.0,1.254,0.812
1.361,4.716,5,CD8.CM,1.0,0.0,0.757,1.406,0.0,1.583,0.298,0.821,0.0,2.248,0.656,0.656,0.384,0.2,1.268,0.478,0.0,0.288,0.489,1.379,0.0,0.652,0.0,0.638,0.2
6.126,-4.48,33,CD8.TEMRA,0.97,0.0,1.268,0.097,0.0,2.53,0.086,0.869,0.0,0.511,0.079,0.842,0.0,0.256,1.962,0.426,0.549,0.269,0.134,0.925,0.184,0.0,0.173,0.141,0.956
5.309,4.48,20,CD8.NaiveLike,0.95,0.0,1.355,0.051,0.0,0.111,0.0,0.79,0.0,2.701,0.427,0.702,0.71,0.063,0.245,0.622,0.644,0.784,1.264,0.597,0.115,1.09,0.111,0.0,0.108
5.173,3.773,15,CD8.NaiveLike,1.0,0.081,0.874,0.249,0.052,0.144,0.163,0.62,0.317,2.726,0.281,1.353,0.527,0.354,0.243,0.792,0.473,1.189,1.086,0.718,0.076,0.895,0.0,0.059,0.133
-0.272,0.0,9,CD8.EM,0.667,0.142,0.877,0.142,0.0,0.0,0.0,0.0,0.0,1.371,1.257,0.622,0.142,0.52,0.357,1.032,1.068,0.202,0.323,0.727,0.0,0.611,0.736,0.463,0.596
0.0,-0.472,18,CD8.EM,0.889,0.0,0.943,0.33,0.0,0.117,0.0,0.308,0.155,1.932,0.3,0.246,0.0,0.296,0.581,1.294,0.66,0.118,0.11,0.34,0.285,0.462,0.222,0.049,0.582
6.671,3.537,10,CD8.NaiveLike,1.0,0.0,1.491,0.125,0.0,0.0,0.0,0.47,0.144,2.524,0.164,1.234,0.427,0.171,0.192,0.765,0.42,0.308,1.165,0.586,0.144,0.804,0.0,0.171,0.654
6.126,4.952,14,CD8.NaiveLike,1.0,0.073,0.738,0.132,0.08,0.185,0.0,0.453,0.1,2.862,0.411,0.56,0.635,0.244,0.54,0.274,0.499,0.616,1.136,0.807,0.231,0.94,0.0,0.302,0.0
2.042,4.009,17,CD8.CM,1.0,0.0,1.475,0.148,0.0,0.208,0.142,0.926,0.335,2.81,0.329,0.678,0.137,0.369,0.472,0.762,0.548,0.129,0.166,0.366,0.295,0.387,0.106,1.206,0.209
-2.042,7.31,25,CD8.MAIT,0.96,0.163,2.21,0.703,0.0,0.185,0.0,1.171,0.061,3.661,0.381,0.817,0.061,0.137,1.779,0.594,0.557,0.161,0.052,0.669,0.187,0.222,0.215,0.0,0.202
-2.178,8.017,18,CD8.MAIT,1.0,0.062,1.659,1.032,0.094,0.194,0.0,1.274,0.26,2.95,0.499,0.549,0.0,0.347,1.166,0.847,0.643,0.128,0.0,0.722,0.0,0.298,0.065,0.0,0.351
1.77,4.009,16,CD8.CM,1.0,0.0,1.399,0.189,0.0,1.031,0.0,1.205,0.189,2.478,0.395,0.782,0.409,0.226,0.73,0.852,0.707,0.294,0.096,0.745,0.0,0.0,0.109,0.964,0.0
-0.545,-1.415,26,CD8.EM,0.923,0.0,1.335,0.216,0.0,0.332,0.0,0.324,0.278,0.693,0.438,0.457,0.0,0.382,0.521,0.854,0.705,0.0,0.244,0.467,0.37,0.115,0.261,0.119,0.303
6.943,3.537,22,CD8.NaiveLike,1.0,0.0,1.171,0.0,0.07,0.05,0.174,0.478,0.0,2.588,0.223,1.65,1.007,0.227,0.256,0.404,0.401,0.816,1.624,0.68,0.0,1.103,0.05,0.0,0.0
-4.493,-2.122,4,CD8.TPEX,1.0,0.0,0.813,0.841,1.345,0.207,0.0,0.621,0.0,0.749,1.107,0.0,0.0,0.207,0.698,0.831,1.541,0.0,0.56,0.426,0.0,1.085,0.621,0.435,0.0
4.356,3.773,20,CD8.NaiveLike,0.85,0.123,1.099,0.339,0.09,0.179,0.0,0.631,0.035,3.006,0.184,1.725,0.533,0.125,0.411,0.908,0.663,0.555,1.193,0.623,0.109,0.557,0.0,0.0,0.137
-1.225,-1.651,23,CD8.EM,0.957,0.075,1.159,0.814,0.19,0.931,0.059,0.428,0.089,0.677,0.307,0.366,0.0,0.551,1.024,1.52,0.723,0.2,0.192,0.667,0.254,0.238,0.509,0.046,0.927
6.262,3.773,18,CD8.NaiveLike,1.0,0.156,0.262,0.113,0.252,0.0,0.0,0.509,0.813,2.829,0.403,0.751,0.706,0.198,0.127,0.108,0.493,0.799,0.904,0.568,0.068,0.721,0.114,0.542,0.201
7.352,3.773,23,CD8.NaiveLike,1.0,0.047,1.421,0.0,0.0,0.0,0.14,0.606,0.105,2.646,0.074,1.984,1.253,0.0,0.128,0.652,0.197,0.497,1.672,0.443,0.23,0.819,0.0,0.048,0.0
2.451,4.244,4,CD8.CM,0.75,0.0,1.842,0.268,0.0,0.577,0.0,1.055,0.309,3.587,0.464,1.405,0.721,0.0,0.96,0.991,0.918,0.0,0.268,1.097,0.65,1.317,0.0,1.168,0.0
-0.272,-1.886,18,CD8.EM,0.889,0.123,1.385,0.143,0.0,0.415,0.0,0.255,0.0,0.68,0.223,0.304,0.198,0.37,0.622,0.624,0.607,0.557,0.088,0.72,0.29,0.339,0.272,0.33,0.266
6.399,-3.537,13,CD8.TEMRA,0.846,0.0,1.337,0.103,0.0,1.794,0.169,1.312,0.0,0.145,0.205,1.384,0.127,0.0,1.626,0.0,0.276,0.968,0.113,1.283,0.424,0.0,0.098,0.444,0.972
7.079,3.773,26,CD8.NaiveLike,0.962,0.086,1.046,0.065,0.0,0.069,0.0,0.609,0.285,2.349,0.246,1.568,0.788,0.038,0.147,0.446,0.508,0.6,1.524,0.496,0.142,1.18,0.187,0.0,0.0
6.807,-4.244,19,CD8.TEMRA,0.947,0.0,0.982,0.125,0.0,2.315,0.077,0.699,0.052,1.06,0.238,0.818,0.087,0.266,2.219,0.262,0.113,0.533,0.272,1.4,0.111,0.196,0.188,0.148,1.312
-5.582,-2.122,3,CD8.TPEX,1.0,0.0,0.95,0.363,0.758,0.0,0.0,0.532,0.571,1.611,0.395,0.0,0.0,0.795,0.934,0.363,0.363,0.0,0.927,0.363,0.0,0.934,1.24,0.395,0.758
-4.493,-1.651,13,CD8.TPEX,1.0,0.101,0.773,0.154,1.247,0.142,0.0,0.555,0.151,2.395,0.663,0.151,0.0,0.359,0.531,1.35,0.288,0.0,0.276,0.623,0.0,0.761,0.515,0.731,1.113
-4.356,-3.301,6,CD8.TEX,1.0,0.0,0.965,0.496,0.34,1.027,0.64,0.911,0.0,0.0,0.654,0.213,0.0,1.422,2.258,1.5,1.217,0.0,0.213,0.454,0.0,0.127,1.149,0.0,0.404
4.084,2.83,3,CD8.CM,1.0,0.0,0.76,0.41,0.0,0.0,0.0,0.562,0.797,3.318,0.387,1.237,0.387,0.0,1.075,1.984,0.471,0.0,0.932,0.703,0.0,0.471,0.0,0.0,0.779
-2.451,-2.83,3,CD8.EM,0.667,0.0,0.756,1.325,0.0,2.106,1.746,0.0,0.0,0.0,0.452,0.0,0.0,0.638,2.137,0.0,1.114,0.0,0.0,1.27,0.929,0.0,0.0,0.0,0.0
-1.906,7.546,35,CD8.MAIT,0.971,0.0,2.402,0.683,0.0,0.197,0.037,0.952,0.144,3.422,0.262,1.129,0.044,0.08,1.415,0.527,0.383,0.518,0.071,0.676,0.131,0.248,0.096,0.045,0.268
-5.446,-1.415,14,CD8.TPEX,0.929,0.237,0.5,0.254,0.982,0.151,0.182,0.723,0.516,2.17,0.697,0.062,0.0,0.659,0.691,1.703,0.52,0.0,0.698,0.433,0.139,1.123,0.086,1.234,0.207
-6.126,-2.122,7,CD8.TPEX,0.571,0.0,0.732,0.394,1.283,0.126,0.0,1.177,0.192,1.985,0.947,0.0,0.0,0.842,0.796,1.497,0.298,0.166,0.435,0.478,0.0,0.44,0.0,1.557,0.324
-2.178,-2.83,1,CD8.EM,1.0,0.0,0.0,3.074,0.0,3.074,2.427,2.427,2.427,0.0,2.427,0.0,0.0,0.0,0.0,0.0,0.0,0.0,0.0,2.427,0.0,0.0,0.0,0.0,0.0
6.262,-4.244,33,CD8.TEMRA,1.0,0.0,1.144,0.048,0.0,2.239,0.0,1.169,0.0,0.657,0.16,1.513,0.0,0.096,2.051,0.57,0.572,0.581,0.395,1.133,0.383,0.042,0.341,0.11,1.078
-5.037,-2.122,4,CD8.TPEX,1.0,0.0,0.488,0.0,1.341,0.373,0.0,0.92,0.0,0.589,0.793,0.0,0.0,1.11,0.649,1.501,0.948,0.0,0.581,0.551,0.299,0.709,0.811,0.0,0.811
5.309,4.952,7,CD8.NaiveLike,0.857,0.0,0.868,0.329,0.0,0.0,0.14,0.14,0.0,3.146,0.742,1.041,0.868,0.0,0.405,0.518,0.769,0.56,0.939,1.1,0.0,1.143,0.295,0.157,0.155
-5.309,-4.952,9,CD8.TEX,1.0,0.0,1.28,0.806,0.551,3.125,1.028,0.972,0.0,0.24,1.386,0.0,0.0,0.889,1.99,2.295,0.707,0.0,0.0,1.023,0.44,0.0,0.173,0.158,0.135
5.718,-3.773,20,CD8.TEMRA,1.0,0.0,1.997,0.0,0.0,1.706,0.0,1.178,0.069,0.444,0.205,1.624,0.0,0.626,2.081,1.038,0.727,0.353,0.411,0.631,0.278,0.071,0.358,0.428,1.511
-3.54,-3.773,7,CD8.TEX,0.857,0.204,0.497,0.95,0.177,2.31,0.573,0.509,0.0,0.705,0.71,0.155,0.0,1.119,1.148,1.415,0.97,0.155,0.25,1.424,0.0,0.275,0.715,0.0,0.523
-0.681,-0.707,14,CD8.EM,1.0,0.163,1.538,0.653,0.0,0.493,0.076,0.483,0.326,1.39,0.16,0.0,0.0,0.0,0.774,1.097,0.665,0.206,0.0,0.787,0.0,0.342,0.45,0.648,0.328
4.901,4.716,12,CD8.NaiveLike,0.917,0.101,1.103,0.111,0.145,0.111,0.0,0.443,0.111,2.627,0.301,0.826,0.323,0.0,0.111,0.384,0.363,0.579,0.966,0.803,0.101,0.492,0.0,0.0,0.317
5.582,4.952,13,CD8.NaiveLike,0.923,0.082,1.153,0.222,0.068,0.0,0.0,0.49,0.104,2.792,0.468,0.631,0.439,0.0,0.17,0.597,0.383,0.505,1.073,0.419,0.15,0.463,0.082,0.427,0.0
2.178,3.301,11,CD8.CM,0.909,0.0,1.911,0.414,0.0,0.536,0.158,0.565,0.45,2.426,0.281,0.692,0.496,0.287,0.285,0.968,1.275,0.109,0.269,0.617,0.185,0.489,0.0,0.458,0.185
-5.309,-4.48,10,CD8.TEX,1.0,0.0,1.019,1.061,0.645,2.313,1.072,1.3,0.27,0.119,0.897,0.314,0.129,0.915,1.623,1.49,1.077,0.0,0.124,0.286,0.283,0.0,0.245,0.118,0.124
-5.446,0.0,8,CD8.TPEX,1.0,0.0,1.447,0.299,0.117,1.118,0.345,0.955,0.263,0.643,0.239,0.448,0.176,0.658,1.527,0.49,0.668,0.0,0.0,0.385,0.0,0.0,0.866,3.296,0.725
0.817,1.886,3,CD8.CM,1.0,0.0,0.587,0.321,0.0,0.0,0.0,0.409,0.456,2.439,0.0,0.788,0.0,0.0,0.79,0.73,0.481,1.122,0.409,0.321,0.0,0.456,0.0,0.0,0.776
-4.22,-2.122,2,CD8.TEX,0.5,0.0,0.0,0.0,1.392,0.0,0.0,0.0,1.515,0.0,1.723,0.0,0.0,1.392,0.0,0.0,0.0,0.0,0.0,0.0,0.0,0.0,0.0,0.0,1.392
-6.262,-4.716,12,CD8.TEX,1.0,0.0,1.035,1.787,0.604,2.59,1.438,1.801,0.471,0.105,1.0,0.311,0.0,1.54,1.73,2.651,1.257,0.0,0.108,0.525,0.111,0.0,0.727,0.151,1.004
-5.309,-1.651,5,CD8.TPEX,1.0,0.326,0.176,0.176,0.737,0.0,0.0,0.836,0.561,2.291,1.269,0.234,0.0,0.457,0.837,1.915,0.946,0.393,0.242,0.662,0.0,0.967,0.409,0.866,0.732
5.99,5.188,8,CD8.NaiveLike,1.0,0.0,0.15,0.3,0.277,0.507,0.0,0.705,0.149,2.816,0.15,0.453,0.215,0.0,0.391,0.158,0.457,0.436,1.551,1.037,0.149,1.033,0.0,0.15,0.0
0.817,2.358,4,CD8.CM,1.0,0.0,1.274,0.0,0.0,1.246,0.0,1.17,0.324,2.874,0.793,0.324,0.0,0.331,1.537,0.446,0.852,0.0,0.446,0.331,0.0,0.0,0.469,0.915,0.922
-3.404,-3.065,2,CD8.EM,0.5,0.0,0.0,1.091,0.419,1.323,0.0,0.916,1.363,1.473,0.68,0.0,0.448,0.643,1.459,0.448,1.011,0.0,1.054,0.643,0.0,0.0,0.0,0.0,0.0
0.408,-1.651,14,CD8.EM,0.786,0.0,1.534,0.346,0.0,0.185,0.0,0.7,0.0,0.916,0.262,1.489,0.286,0.0,0.457,1.063,0.44,0.177,0.757,0.646,0.251,0.334,0.474,0.094,0.094
1.089,2.358,5,CD8.CM,1.0,0.0,0.999,0.772,0.0,0.456,0.0,1.324,0.468,1.422,0.592,0.0,0.0,0.0,0.742,1.403,0.385,0.799,0.239,1.086,0.0,0.999,0.445,0.18,0.337
4.629,4.716,12,CD8.NaiveLike,0.833,0.0,0.768,0.164,0.118,0.118,0.102,0.69,0.259,2.846,0.502,1.22,0.292,0.296,0.318,0.659,0.483,0.96,0.712,0.909,0.0,0.737,0.097,0.0,0.118
2.178,3.773,12,CD8.CM,1.0,0.0,1.904,0.23,0.0,0.51,0.0,1.285,0.0,3.016,0.601,0.532,0.469,0.0,0.547,1.303,0.436,0.742,0.073,0.393,0.183,0.654,0.097,0.704,0.21
-6.671,-4.48,17,CD8.TEX,1.0,0.0,1.606,1.224,0.573,2.538,0.872,1.337,0.105,0.599,1.174,0.341,0.162,1.279,1.283,2.222,0.862,0.072,0.161,0.572,0.214,0.0,0.535,0.144,0.855
-3.948,-2.594,1,CD8.TPEX,1.0,0.0,1.323,0.0,0.0,0.0,0.0,0.0,2.486,0.0,1.323,0.0,0.0,0.0,0.0,1.323,0.0,0.0,0.0,0.0,0.0,0.0,0.0,0.0,0.0
-0.953,-3.065,14,CD8.EM,1.0,0.0,1.256,0.651,0.128,0.799,0.266,0.239,0.0,0.837,0.22,0.653,0.0,0.263,1.406,0.543,0.699,0.108,0.262,0.582,0.109,0.389,0.526,0.283,0.077
3.404,4.009,2,CD8.CM,1.0,0.0,0.598,0.649,0.0,0.0,0.0,0.0,0.0,3.079,0.0,0.649,0.598,0.0,0.649,0.0,1.811,1.696,0.863,0.649,0.0,0.0,0.0,0.0,0.0
-2.451,7.546,5,CD8.MAIT,1.0,0.0,1.951,1.113,0.0,0.0,0.0,0.912,0.0,3.39,0.722,0.714,0.0,0.226,2.145,0.493,0.89,0.0,0.0,0.622,0.0,0.292,0.292,0.0,0.518
-3.812,-1.415,4,CD8.TPEX,0.5,0.0,0.633,0.334,0.837,0.568,0.289,0.588,0.289,1.77,0.299,0.0,0.0,0.0,1.05,0.697,0.638,0.419,0.0,1.069,0.0,0.392,0.0,0.475,0.555
-1.906,-0.943,6,CD8.EM,0.833,0.0,1.327,0.927,0.407,0.664,0.479,0.901,0.0,0.206,1.06,0.0,0.0,0.481,1.37,0.646,0.472,0.0,0.0,0.206,0.206,0.573,0.306,0.214,0.99
2.314,3.537,8,CD8.CM,1.0,0.0,2.357,0.108,0.0,0.244,0.0,1.101,0.222,2.876,0.505,1.165,0.0,0.396,0.0,0.724,0.456,0.203,0.312,0.619,0.19,0.425,0.0,0.775,0.0
4.356,4.244,11,CD8.NaiveLike,0.909,0.225,1.232,0.0,0.0,0.145,0.0,1.152,0.0,3.17,0.201,1.525,0.435,0.076,0.176,0.862,0.435,0.564,1.152,0.652,0.108,0.887,0.0,0.526,0.108
3.404,3.065,4,CD8.CM,1.0,0.0,0.737,0.0,0.0,0.0,0.0,0.807,0.503,2.136,0.592,0.828,0.0,0.0,0.324,1.377,0.737,0.461,0.0,0.828,0.0,0.0,0.0,0.0,1.096
-2.042,-3.065,5,CD8.EM,1.0,0.0,0.409,0.766,0.0,2.158,0.312,0.36,0.0,0.0,0.502,0.0,0.178,1.163,0.468,2.104,0.94,0.178,0.271,0.579,0.0,0.0,0.502,0.231,0.49
5.582,3.065,8,CD8.NaiveLike,1.0,0.124,0.731,0.151,0.456,0.0,0.0,0.669,0.0,2.704,0.0,0.53,0.317,0.33,0.135,0.914,0.151,0.353,1.223,0.151,0.0,0.312,0.38,0.0,0.218
3.267,2.83,4,CD8.CM,1.0,0.0,2.065,0.0,0.0,0.0,0.0,0.449,0.0,2.602,0.449,1.065,0.0,0.644,0.716,0.781,0.314,1.053,0.762,0.33,0.0,0.402,0.0,0.0,0.402
5.718,2.83,3,CD8.CM,0.667,0.0,0.465,0.0,0.0,0.0,0.0,0.0,0.0,2.648,0.0,0.785,0.0,0.585,0.0,0.652,0.585,0.0,0.652,1.05,0.0,0.652,0.0,0.0,0.462
-0.681,-2.594,17,CD8.EM,1.0,0.0,1.801,0.545,0.0,0.364,0.092,0.163,0.159,0.337,0.224,0.17,0.0,0.226,0.893,1.011,0.42,0.173,0.325,0.533,0.094,0.094,0.389,0.0,0.098
-1.77,-1.651,18,CD8.EM,1.0,0.0,1.206,0.825,0.041,0.754,0.243,0.642,0.0,0.178,0.445,0.258,0.073,0.757,1.021,1.422,1.081,0.061,0.191,0.708,0.124,0.232,0.701,0.089,0.501
5.173,2.83,10,CD8.NaiveLike,0.8,0.135,1.251,0.143,0.143,0.0,0.0,0.607,0.257,2.518,0.0,0.66,0.303,0.144,0.0,0.155,0.359,0.0,0.225,0.26,0.0,0.568,0.284,0.148,0.355
4.356,5.188,2,CD8.CM,1.0,0.0,0.0,0.0,1.162,0.0,0.0,0.0,0.0,3.365,1.162,0.0,1.162,0.0,1.162,1.677,0.869,0.869,0.0,1.169,0.0,0.0,0.0,0.0,0.0
3.131,0.236,6,CD8.NaiveLike,0.667,0.0,1.027,0.296,0.0,0.296,0.296,0.251,0.0,2.157,0.759,1.75,0.722,0.0,0.0,0.301,0.459,0.344,0.65,0.189,0.0,0.38,0.251,0.0,0.0
0.953,1.651,1,CD8.CM,1.0,0.0,1.807,1.807,1.807,0.0,0.0,1.807,0.0,0.0,0.0,0.0,0.0,1.807,0.0,0.0,1.807,0.0,0.0,0.0,0.0,0.0,0.0,0.0,0.0
5.446,2.83,9,CD8.NaiveLike,1.0,0.124,0.884,0.0,0.117,0.0,0.0,0.535,0.0,1.794,0.324,0.43,0.241,0.43,0.124,0.962,0.902,0.0,1.236,0.149,0.124,0.266,0.36,0.0,0.119
5.037,3.065,11,CD8.NaiveLike,0.818,0.0,0.872,0.142,0.176,0.0,0.0,0.752,0.0,1.905,0.0,1.386,0.372,0.254,0.142,0.692,0.773,0.531,1.217,0.654,0.0,0.517,0.237,0.103,0.603
-1.634,-2.358,15,CD8.EM,1.0,0.0,0.991,1.18,0.193,1.523,0.376,0.94,0.0,0.293,1.283,0.238,0.0,0.582,0.898,1.078,0.746,0.058,0.24,0.65,0.097,0.15,0.612,0.075,0.626
-2.314,-2.122,4,CD8.EM,1.0,0.0,2.041,1.536,0.351,1.655,0.328,1.008,0.0,0.39,0.918,0.551,0.0,1.11,1.41,2.221,1.27,0.0,0.0,1.081,0.654,0.0,0.592,0.0,0.473
-4.084,-4.244,12,CD8.TEX,1.0,0.0,0.765,0.816,1.02,1.187,0.096,0.819,0.266,1.159,1.307,0.585,0.197,0.792,1.422,0.727,0.273,0.235,0.685,1.704,0.249,0.299,0.368,0.245,0.319
-3.267,8.017,43,CD8.MAIT,1.0,0.038,2.758,0.961,0.099,0.196,0.101,1.256,0.195,3.552,1.226,0.638,0.046,0.5,0.4,2.005,0.531,0.0,0.028,0.64,0.276,0.058,0.37,0.0,0.494
-2.587,8.253,1,CD8.MAIT,1.0,0.0,0.0,2.797,0.0,0.0,0.0,2.53,0.0,3.008,0.0,0.0,0.0,0.0,0.0,2.164,1.579,0.0,0.0,0.0,0.0,0.0,0.0,0.0,0.0
-5.037,-4.952,8,CD8.TEX,1.0,0.0,1.007,1.072,0.631,2.177,1.241,0.638,0.0,0.515,1.165,0.519,0.132,0.282,1.579,0.836,0.577,0.223,0.387,1.128,0.668,0.372,0.182,0.0,0.128
-5.854,-4.952,12,CD8.TEX,1.0,0.093,1.154,0.99,0.254,2.861,0.724,0.665,0.101,0.277,0.801,0.288,0.0,1.017,2.297,2.082,0.872,0.0,0.195,0.839,0.107,0.0,0.159,0.136,0.522
-3.676,-4.009,10,CD8.TEX,1.0,0.0,0.394,0.308,0.532,2.735,0.335,0.631,0.0,0.344,0.439,0.14,0.15,0.517,1.731,0.538,0.684,0.157,0.1,1.216,0.183,0.078,0.375,0.104,0.201
3.812,2.358,1,CD8.CM,1.0,0.0,1.126,0.0,0.0,0.0,0.0,0.0,0.0,1.642,0.0,0.0,0.0,0.0,0.0,0.0,0.0,0.0,0.0,1.126,0.0,2.602,0.0,0.0,1.126
-3.948,-3.537,5,CD8.TEX,1.0,0.0,0.747,0.809,0.0,0.968,0.963,0.55,0.0,0.68,1.015,0.258,0.27,0.98,2.181,0.8,1.046,0.0,0.53,1.312,0.0,0.0,0.0,0.0,0.528
5.854,3.065,8,CD8.NaiveLike,0.625,0.0,1.573,0.0,0.229,0.207,0.0,0.548,0.0,1.79,0.801,0.828,0.324,0.518,0.333,1.226,1.034,0.32,0.501,0.36,0.0,0.844,0.296,0.0,0.236
1.498,0.707,2,CD8.CM,0.5,0.0,1.475,0.0,0.0,0.0,0.0,0.0,0.0,1.151,0.0,0.0,0.0,0.0,0.0,1.808,0.692,0.0,0.0,0.692,0.765,0.972,0.765,0.0,0.692
-1.906,8.017,24,CD8.MAIT,1.0,0.043,2.151,0.564,0.0,0.183,0.0,0.563,0.145,3.263,0.15,0.815,0.0,0.323,1.483,0.481,0.535,0.105,0.096,0.796,0.19,0.182,0.139,0.0,0.115
-1.906,-3.301,1,CD8.EM,1.0,0.0,0.0,1.475,2.046,2.046,0.0,0.0,0.0,0.0,1.475,2.046,0.0,0.0,1.475,1.475,0.0,0.0,0.0,2.046,0.0,0.0,0.0,0.0,0.0
-4.22,-3.065,3,CD8.TEX,1.0,0.0,0.0,0.733,0.0,2.583,1.288,0.0,0.0,0.0,0.83,0.0,0.0,0.397,1.986,0.0,0.433,0.0,0.0,0.573,0.601,0.0,0.803,0.0,0.0
2.587,3.065,4,CD8.CM,1.0,0.179,2.305,0.0,0.0,0.0,0.0,0.72,0.277,2.555,0.0,0.759,0.0,0.0,0.591,1.419,0.405,0.179,0.594,0.456,0.0,0.487,0.0,0.608,0.0
-2.995,8.017,8,CD8.MAIT,1.0,0.18,2.416,0.922,0.0,0.0,0.146,1.785,0.426,3.616,0.808,0.92,0.0,0.683,0.712,2.062,0.383,0.184,0.0,0.7,0.387,0.3,0.152,0.0,0.0
-1.634,-2.83,9,CD8.EM,1.0,0.0,1.803,0.627,0.0,1.519,0.271,0.23,0.0,0.289,0.476,0.139,0.197,0.467,1.138,1.553,0.752,0.199,0.497,1.071,0.584,0.0,0.116,0.331,1.149
-5.173,0.0,8,CD8.TPEX,1.0,0.511,1.477,0.0,0.0,0.485,0.378,0.663,0.716,0.694,0.3,0.0,0.0,0.32,0.795,1.018,0.112,0.0,0.169,0.112,0.416,0.112,0.719,2.768,0.331
-3.54,-1.415,3,CD8.EM,0.667,0.0,0.335,0.335,0.608,0.0,0.0,0.0,0.0,2.539,0.394,0.0,0.0,1.041,1.069,1.162,1.082,0.0,0.0,0.729,0.0,0.684,0.0,0.608,0.0
-1.498,-3.065,9,CD8.EM,1.0,0.0,1.205,0.504,0.294,1.188,0.316,0.739,0.1,0.77,0.668,0.696,0.715,0.225,1.336,0.383,1.011,0.1,0.461,1.113,0.489,0.24,0.2,0.126,0.126
2.723,2.83,6,CD8.CM,1.0,0.0,1.714,0.0,0.154,0.0,0.0,1.488,0.64,3.103,0.614,1.858,0.308,0.586,0.436,0.663,0.99,0.512,0.408,0.462,0.251,0.154,0.0,0.809,0.0
-1.361,-3.301,6,CD8.EM,0.667,0.0,0.381,0.512,0.0,1.524,0.0,0.561,0.0,1.154,0.606,0.891,0.0,0.0,1.039,0.485,1.225,0.227,0.381,0.422,0.279,0.0,0.282,0.0,0.279
1.498,0.236,4,CD8.CM,1.0,0.0,1.643,0.537,0.0,0.0,0.0,0.345,0.0,3.079,0.329,1.667,0.345,0.345,0.885,1.031,0.675,1.204,0.0,2.061,0.737,0.0,0.0,0.0,0.329
5.173,-4.716,5,CD8.TEMRA,1.0,0.255,1.227,0.364,0.312,2.153,0.312,0.756,0.0,0.372,0.312,1.922,0.0,0.306,1.215,0.764,1.501,0.219,0.471,1.414,0.174,0.0,0.0,0.0,0.522
-1.77,-3.065,7,CD8.EM,1.0,0.0,0.751,1.228,0.0,2.06,0.0,0.839,0.0,0.643,0.63,0.5,0.0,1.017,0.377,1.835,1.127,0.0,0.151,1.396,0.0,0.0,0.474,0.0,0.0
0.545,0.472,2,CD8.CM,1.0,0.0,0.741,0.0,0.0,0.0,0.0,1.029,0.0,2.756,0.0,0.0,0.0,0.743,0.0,0.741,0.0,0.0,1.028,1.029,0.0,1.77,0.0,0.0,0.743
1.634,3.301,26,CD8.CM,1.0,0.116,1.392,0.189,0.0,1.086,0.0,1.074,0.307,1.941,0.282,0.563,0.252,0.249,0.703,0.908,0.377,0.096,0.117,0.351,0.25,0.206,0.091,0.676,0.453
-5.99,-2.358,3,CD8.TPEX,1.0,0.0,0.412,0.59,0.844,0.412,0.0,0.86,0.759,2.988,1.277,0.0,0.0,0.331,0.86,0.984,0.678,0.0,0.779,0.266,0.347,1.419,0.347,1.2,0.412
3.676,3.065,5,CD8.CM,0.8,0.39,1.043,0.509,0.0,0.0,0.187,1.86,0.308,3.363,0.386,1.545,0.187,0.61,0.187,1.941,1.014,0.792,0.669,0.669,0.282,0.489,0.386,0.0,0.282
4.356,2.83,2,CD8.CM,0.5,0.0,1.196,0.0,0.0,0.0,0.569,0.569,0.0,3.268,0.896,2.757,0.0,0.627,0.627,0.998,1.196,1.387,1.07,1.387,0.0,1.465,0.0,0.0,0.0
1.77,1.179,3,CD8.CM,1.0,0.0,0.0,0.0,0.0,0.0,0.0,0.0,0.819,2.465,1.218,0.486,0.0,0.433,0.0,0.433,0.486,0.0,0.0,1.101,0.486,1.833,0.0,0.0,0.433
-1.089,-1.415,18,CD8.EM,1.0,0.066,1.489,0.462,0.0,0.985,0.0,0.589,0.141,0.641,0.657,0.081,0.0,0.684,0.503,1.396,0.399,0.288,0.0,0.391,0.345,0.183,0.21,0.644,0.455
2.723,3.301,5,CD8.CM,1.0,0.0,2.693,0.0,0.0,0.285,0.0,0.638,0.367,3.259,0.0,1.968,0.488,0.0,0.0,0.782,0.638,0.285,0.217,0.285,0.571,0.0,0.0,0.27,0.0
-1.361,-0.472,7,CD8.EM,1.0,0.0,1.74,0.434,0.385,0.572,0.0,0.548,0.178,0.715,0.187,0.254,0.0,0.681,0.523,1.836,1.291,0.0,0.0,0.265,0.38,0.178,0.177,0.0,0.744
-3.948,-3.065,4,CD8.TEX,1.0,0.0,1.487,0.732,0.349,2.349,1.051,0.0,0.0,0.663,0.529,0.0,0.0,0.988,2.302,2.093,0.0,0.0,0.558,0.644,0.0,0.0,0.311,0.0,0.349
5.037,2.594,2,CD8.NaiveLike,1.0,0.0,0.868,0.0,0.0,0.0,0.868,0.602,0.0,0.602,0.0,0.0,0.0,0.868,0.0,0.0,0.0,0.0,0.0,0.0,0.0,0.0,0.0,0.0,0.868
1.634,0.943,1,CD8.CM,1.0,0.0,0.976,0.0,0.0,0.0,0.0,0.0,0.0,0.976,2.031,0.0,0.976,0.0,0.0,0.0,0.0,0.0,0.976,1.461,0.0,1.786,0.976,0.0,0.976
-6.126,-2.594,3,CD8.TEX,0.667,0.0,0.0,0.0,0.0,0.566,0.566,0.678,0.0,0.68,1.453,0.0,0.0,1.372,1.085,1.26,0.0,0.0,0.0,0.889,0.0,0.694,1.085,0.0,0.566
-0.136,-2.594,12,CD8.EM,0.833,0.0,0.506,0.473,0.0,0.63,0.0,0.326,0.0,0.797,0.568,0.0,0.0,0.153,0.297,0.679,0.388,0.153,0.186,0.793,0.0,0.234,0.0,0.513,0.174
-1.225,-3.065,11,CD8.EM,1.0,0.0,0.788,0.82,0.209,1.202,0.095,0.555,0.0,0.261,0.448,0.272,0.0,0.72,0.909,0.925,0.47,0.214,0.332,1.001,0.268,0.265,0.69,0.0,0.374
1.906,3.773,16,CD8.CM,1.0,0.079,1.144,0.268,0.0,0.576,0.0,0.963,0.0,2.669,0.201,0.62,0.13,0.0,0.141,1.639,0.424,0.36,0.0,0.472,0.116,0.172,0.215,0.794,0.154
-7.215,-4.009,10,CD8.TEX,0.9,0.0,1.472,1.248,1.22,2.76,0.417,1.248,0.291,2.095,1.768,0.258,0.0,0.724,0.937,1.979,0.694,0.128,0.367,0.594,0.137,0.128,0.0,0.52,1.159
-4.765,0.707,1,CD8.CM,1.0,0.0,1.541,0.0,0.0,2.121,0.0,2.121,0.0,2.486,0.0,0.0,0.0,2.753,0.0,0.0,1.541,0.0,0.0,1.541,0.0,0.0,0.0,3.137,0.0
-2.042,8.253,4,CD8.MAIT,1.0,0.0,1.824,0.75,0.0,0.536,0.0,0.67,0.348,2.349,0.0,0.0,0.0,0.485,0.951,0.886,0.0,0.0,0.0,0.662,0.0,0.0,0.322,0.0,0.485
2.995,3.301,3,CD8.CM,1.0,0.0,1.325,0.536,0.517,0.537,0.0,2.196,0.711,3.93,0.0,1.239,0.0,0.536,0.0,1.466,0.733,0.0,0.0,0.0,0.0,0.0,0.0,0.0,0.536
0.0,-1.415,9,CD8.EM,0.889,0.0,1.412,0.201,0.0,0.398,0.0,0.664,0.0,0.953,0.542,0.593,0.0,0.181,0.704,1.284,0.698,0.0,0.145,0.374,0.166,0.0,0.728,0.0,0.419
0.272,-0.472,17,CD8.EM,0.882,0.081,1.519,0.594,0.0,0.057,0.0,0.476,0.0,2.025,0.133,0.907,0.0,0.175,0.523,1.167,0.34,0.439,0.538,0.697,0.324,0.283,0.171,0.077,0.638
-5.446,-2.358,1,CD8.TPEX,1.0,0.0,0.0,0.0,1.12,0.0,0.0,1.635,0.0,2.225,1.635,0.0,0.0,0.0,0.0,0.0,0.0,0.0,0.0,0.0,0.0,0.0,0.0,0.0,0.0
2.451,3.773,8,CD8.CM,1.0,0.0,1.33,0.623,0.143,0.0,0.15,1.014,0.776,3.255,0.693,1.498,0.141,0.15,0.143,0.86,0.897,0.362,0.398,0.985,0.141,0.428,0.0,0.413,0.143
-3.676,-1.651,2,CD8.TPEX,1.0,0.0,0.754,0.0,0.754,1.549,0.0,0.605,0.0,0.87,0.754,0.0,0.0,1.359,1.625,0.605,0.754,0.0,0.87,0.0,0.0,0.0,0.754,0.605,0.0
-4.493,-0.236,3,CD8.TPEX,0.667,0.0,0.735,0.0,0.0,2.169,0.888,1.073,0.0,0.0,0.353,0.0,0.0,0.732,1.149,0.802,0.802,0.0,0.0,1.289,0.353,0.368,0.0,1.148,1.356
3.948,3.537,12,CD8.NaiveLike,0.667,0.0,1.708,0.0,0.0,0.0,0.0,0.814,0.525,2.86,0.242,1.559,0.258,0.211,0.152,1.214,0.532,0.636,0.644,0.193,0.082,0.252,0.09,0.113,0.149
-3.131,-3.537,8,CD8.TEX,0.625,0.0,0.83,1.228,0.0,2.195,0.36,0.633,0.0,0.325,0.943,0.0,0.156,0.36,1.639,1.597,1.202,0.0,0.289,1.155,0.296,0.151,0.115,0.0,0.163
-2.587,-2.122,2,CD8.TEX,0.5,0.0,1.127,0.0,0.571,1.64,0.0,0.806,0.0,0.551,0.975,0.831,0.0,1.381,1.001,0.551,0.571,0.0,0.806,1.122,0.571,0.0,0.0,0.0,0.0
3.267,3.773,2,CD8.CM,1.0,0.0,1.503,0.0,1.376,0.0,0.0,1.18,0.879,1.772,0.0,2.235,0.0,0.0,0.0,0.0,0.0,0.0,0.0,0.0,0.0,2.255,0.0,0.879,0.0
-1.906,-2.83,4,CD8.EM,1.0,0.0,0.835,1.303,0.0,1.988,0.836,0.0,0.0,0.0,0.615,1.298,0.0,0.462,0.836,1.201,1.158,0.0,0.0,0.725,0.345,0.0,0.725,0.0,0.615
1.089,0.0,7,CD8.CM,0.857,0.0,1.395,0.0,0.0,0.0,0.0,0.0,0.0,2.497,0.632,1.178,0.18,0.432,0.0,0.667,0.481,0.314,0.658,0.801,0.441,0.487,0.632,0.0,0.523
3.54,4.244,1,CD8.CM,1.0,0.0,0.0,0.0,0.0,0.0,0.0,2.015,0.0,3.296,0.0,0.0,0.0,2.015,0.0,0.0,2.639,0.0,0.0,0.0,0.0,0.0,0.0,2.015,0.0
-2.451,-0.943,3,CD8.EM,0.667,0.335,0.718,1.022,0.335,0.335,0.855,0.335,0.0,0.0,1.022,0.0,0.0,0.523,0.859,1.714,0.0,0.0,0.0,0.335,0.0,0.0,0.0,0.0,0.0
3.812,3.301,5,CD8.NaiveLike,0.8,0.221,2.03,0.0,0.0,0.0,0.0,0.767,0.26,2.557,0.0,1.03,0.26,0.264,0.632,2.081,0.634,1.046,0.811,0.705,0.309,0.309,0.0,0.0,0.0
-3.267,-3.773,7,CD8.TEX,1.0,0.0,1.018,1.098,0.283,2.872,0.385,1.504,0.0,0.247,0.499,0.311,0.122,1.01,2.316,1.58,1.299,0.435,0.171,0.867,0.507,0.0,0.203,0.0,0.171
4.084,4.716,2,CD8.CM,1.0,0.0,1.194,0.889,1.191,0.0,0.0,1.814,0.0,2.903,0.623,1.191,0.0,0.889,0.623,0.0,0.0,0.889,0.0,0.623,0.0,0.623,0.0,0.0,0.0
-6.807,0.0,3,CD8.TPEX,1.0,0.0,0.962,0.0,0.0,0.0,0.0,0.254,1.765,0.708,0.328,0.0,0.582,0.768,0.0,0.496,0.0,0.0,0.0,0.254,0.0,0.328,0.0,2.755,0.0
3.267,3.301,8,CD8.CM,1.0,0.139,1.254,0.0,0.0,0.331,0.0,0.706,0.203,2.693,0.373,1.539,0.615,0.327,0.145,1.36,0.643,0.108,0.65,0.343,0.258,0.447,0.0,0.203,0.439
6.262,3.301,8,CD8.NaiveLike,0.875,0.295,1.416,0.0,0.0,0.0,0.296,0.315,0.146,2.341,0.0,1.203,0.585,0.237,0.444,1.586,0.485,0.371,0.957,0.338,0.265,0.999,0.119,0.0,0.219
-4.901,-4.716,13,CD8.TEX,1.0,0.0,0.533,1.258,0.595,1.933,0.688,1.256,0.091,0.387,1.184,0.091,0.081,0.361,1.589,1.795,0.739,0.208,0.356,0.302,0.425,0.0,0.266,0.169,0.566
-6.943,-1.179,1,CD8.TPEX,1.0,0.0,0.0,1.346,0.884,3.332,0.0,1.661,0.0,1.661,1.346,0.0,0.0,0.884,1.346,0.0,1.661,0.0,0.0,0.0,0.0,0.0,0.0,0.884,0.0
-4.356,-1.415,8,CD8.TPEX,1.0,0.0,0.591,0.279,0.341,0.0,0.0,1.063,0.0,2.792,0.98,0.0,0.0,0.153,0.141,1.345,0.265,0.0,0.277,0.71,0.0,0.874,0.0,0.513,0.586
-4.765,-4.48,8,CD8.TEX,1.0,0.0,0.71,1.474,0.69,2.394,0.718,0.971,0.0,0.184,1.257,0.254,0.0,0.656,1.811,0.916,0.33,0.146,0.0,0.871,0.146,0.149,0.277,0.0,0.646
-7.488,-3.065,1,CD8.TEX,1.0,0.0,1.286,2.02,1.286,2.318,1.594,1.286,1.286,1.83,1.286,0.0,0.0,1.286,2.02,1.83,0.0,1.286,0.0,0.0,0.0,0.0,0.0,3.252,0.0
-5.446,-5.188,5,CD8.TEX,0.8,0.0,0.728,0.706,0.362,2.432,1.048,1.006,0.0,1.091,1.15,0.449,0.0,0.467,1.522,1.846,1.108,0.0,0.362,0.639,0.0,0.0,0.268,0.0,0.572
5.718,-4.716,29,CD8.TEMRA,0.966,0.097,1.168,0.043,0.043,2.242,0.096,0.615,0.0,0.557,0.122,1.421,0.03,0.312,2.056,0.626,1.035,0.142,0.149,1.11,0.244,0.109,0.271,0.27,1.02
-5.173,-2.358,1,CD8.TEX,1.0,0.0,0.0,0.0,0.0,0.0,1.209,1.209,0.0,0.0,2.342,2.546,0.0,1.209,1.209,0.0,0.0,1.209,1.74,1.209,0.0,1.74,0.0,0.0,0.0
0.681,-0.236,9,CD8.EM,0.556,0.0,1.306,0.451,0.0,0.343,0.0,0.521,0.0,1.949,0.468,0.633,0.0,0.0,0.673,1.363,0.755,0.0,1.035,1.279,0.162,0.394,0.0,0.0,0.162
6.262,2.83,1,CD8.CM,1.0,0.0,0.0,0.0,0.0,0.0,0.0,1.09,1.09,2.821,0.0,1.09,1.09,0.0,0.0,0.0,0.0,0.0,1.09,0.0,0.0,1.09,0.0,0.0,2.185
-2.178,-1.886,7,CD8.EM,1.0,0.0,1.709,0.919,0.343,0.787,0.902,0.811,0.0,0.827,0.427,0.67,0.0,1.086,0.995,2.394,0.319,0.0,0.0,0.617,0.343,0.254,1.078,0.343,0.556
1.906,0.472,1,CD8.CM,1.0,0.0,1.25,1.25,0.0,0.0,0.0,0.0,0.0,1.788,0.0,0.0,0.0,0.0,1.25,0.0,1.25,1.25,0.0,0.0,0.0,0.0,0.0,0.0,1.25
6.126,-4.952,27,CD8.TEMRA,0.963,0.0,0.725,0.0,0.0,2.5,0.131,1.061,0.034,0.716,0.104,1.213,0.0,0.069,1.536,0.649,1.111,0.71,0.075,1.1,0.117,0.098,0.068,0.231,1.203
-5.446,-1.886,6,CD8.TPEX,1.0,0.0,0.685,0.499,1.022,0.0,0.0,0.783,0.0,1.76,1.073,0.19,0.0,0.684,0.994,1.333,0.672,0.0,0.598,0.19,0.0,0.919,0.546,1.128,0.18
5.582,-4.952,15,CD8.TEMRA,0.933,0.123,1.095,0.0,0.0,2.226,0.159,0.664,0.0,0.683,0.519,1.53,0.0,0.366,1.708,1.166,1.403,0.381,0.074,1.195,0.165,0.236,0.347,0.2,1.604
-5.582,-1.651,10,CD8.TPEX,1.0,0.342,0.845,0.206,1.165,0.0,0.0,0.977,0.342,2.072,0.813,0.117,0.0,0.337,0.576,1.511,0.345,0.326,0.395,1.072,0.184,0.95,0.201,1.876,0.497
-5.718,-5.188,2,CD8.TEX,1.0,0.0,1.642,0.0,1.874,3.044,1.339,1.642,0.0,0.0,1.848,0.0,0.0,0.0,1.571,0.444,1.339,0.0,0.0,0.833,0.0,0.0,0.895,0.0,0.676
-1.498,-3.537,1,CD8.CM,1.0,0.0,1.048,1.048,0.0,1.048,0.0,1.048,0.0,1.88,1.88,2.328,0.0,0.0,1.548,1.548,1.048,1.048,1.048,1.548,0.0,1.548,0.0,0.0,0.0
0.545,-0.472,16,CD8.EM,0.562,0.084,1.352,0.289,0.0,0.5,0.0,0.962,0.068,2.377,0.505,1.12,0.301,0.068,0.4,1.327,0.576,0.311,0.695,0.58,0.348,0.547,0.436,0.244,0.477
-5.854,0.236,3,CD8.TPEX,1.0,0.35,1.891,0.82,0.0,2.334,0.0,0.47,1.496,0.575,0.0,0.0,0.0,0.575,1.508,0.0,0.0,0.35,0.0,0.35,0.0,0.0,0.517,2.458,0.47
-4.629,-4.716,5,CD8.TEX,1.0,0.0,1.132,1.031,0.694,1.832,0.4,0.245,0.176,0.0,2.189,0.0,0.0,0.0,2.103,1.057,0.63,0.0,0.421,0.623,0.38,0.0,0.224,0.0,0.0
5.446,-4.716,22,CD8.TEMRA,1.0,0.055,1.109,0.0,0.07,2.226,0.157,0.851,0.0,0.462,0.529,1.507,0.0,0.383,2.159,1.001,0.991,0.137,0.155,0.827,0.178,0.13,0.568,0.398,0.754
4.765,4.952,8,CD8.NaiveLike,0.75,0.0,0.988,0.148,0.597,0.113,0.0,0.869,0.617,3.013,0.261,1.001,0.572,0.261,0.684,0.762,0.214,1.106,1.039,0.765,0.0,0.525,0.0,0.487,0.0
-6.535,-5.188,15,CD8.TEX,0.933,0.0,1.401,1.073,0.357,2.186,0.632,1.396,0.0,1.243,0.782,0.516,0.0,0.974,1.957,2.102,0.877,0.2,0.181,0.75,0.33,0.065,0.515,0.233,1.4
5.99,3.773,15,CD8.NaiveLike,0.8,0.083,0.865,0.0,0.0,0.072,0.0,0.424,0.262,2.883,0.0,1.206,0.977,0.0,0.654,0.71,0.39,0.834,0.87,0.594,0.081,0.671,0.0,0.106,0.168
5.309,-4.48,17,CD8.TEMRA,0.824,0.076,1.242,0.143,0.0,1.482,0.07,0.841,0.163,0.473,0.201,1.299,0.0,0.327,1.58,0.759,1.115,0.395,0.163,1.17,0.267,0.0,0.285,0.0,0.736
5.173,-4.244,5,CD8.TEMRA,0.8,0.0,0.284,0.22,0.0,2.011,0.309,0.641,0.284,0.323,0.749,1.671,0.0,0.351,1.662,0.0,0.568,0.22,0.0,1.677,0.0,0.0,0.245,0.284,0.837
-2.723,8.017,6,CD8.MAIT,1.0,0.0,1.963,0.456,0.0,0.478,0.226,0.239,0.748,2.642,0.159,1.435,0.0,0.479,1.038,0.829,1.447,0.226,0.0,0.226,0.0,0.217,0.217,0.917,0.386
-2.587,-3.065,2,CD8.EM,1.0,0.0,1.23,1.306,0.0,0.843,0.581,0.464,0.0,0.981,1.281,0.0,0.0,0.464,1.925,1.281,0.0,0.0,0.0,1.014,0.464,0.0,0.581,0.464,0.0
0.681,-1.179,7,CD8.EM,0.714,0.0,1.864,0.365,0.0,0.393,0.0,1.636,0.2,0.966,0.563,0.77,0.0,0.0,1.482,1.57,0.529,0.2,0.0,0.474,0.194,0.261,0.274,0.378,0.376
4.901,-3.773,3,CD8.EM,0.667,0.0,1.925,0.0,0.0,1.968,0.0,0.899,0.929,1.118,0.429,0.429,0.0,0.0,1.539,0.727,0.431,0.431,0.0,0.73,0.0,0.429,0.431,0.727,0.431
0.953,-0.236,2,CD8.CM,1.0,0.0,0.527,0.0,0.0,0.0,0.0,0.0,0.0,2.049,0.0,1.192,0.0,0.0,0.527,1.538,0.527,0.944,0.944,0.727,0.0,1.789,0.0,0.727,0.0
-4.765,-4.952,4,CD8.TEX,1.0,0.331,2.102,2.354,0.0,3.192,0.578,0.961,0.0,1.22,0.578,0.0,0.0,0.0,1.023,1.277,0.811,0.0,0.0,0.582,0.888,0.0,0.683,0.814,0.0
-4.356,-2.358,3,CD8.TEX,0.667,0.0,0.349,0.349,0.392,0.0,0.349,1.612,0.0,2.008,0.0,0.392,0.0,0.746,0.567,0.741,0.516,0.916,0.392,1.116,0.0,0.628,0.0,0.0,0.0
-1.77,-3.537,2,CD8.EM,1.0,0.0,0.611,0.0,0.611,2.025,0.0,1.051,0.0,1.282,1.197,0.586,1.197,0.0,2.028,0.878,0.848,0.0,0.0,0.848,0.611,0.611,0.0,0.0,1.197
-3.948,-4.48,10,CD8.TEX,1.0,0.111,0.752,0.798,0.448,2.504,0.495,0.915,0.0,0.682,1.314,0.0,0.0,0.457,1.516,0.621,0.495,0.127,0.266,1.213,0.329,0.166,0.0,0.277,0.429
-4.765,-2.122,6,CD8.TPEX,0.833,0.204,0.486,0.0,0.682,0.0,0.0,0.598,0.0,2.228,1.212,0.194,0.0,0.596,0.829,0.96,0.59,0.0,1.066,1.328,0.0,0.197,0.196,0.381,0.536
5.854,-4.009,17,CD8.TEMRA,0.941,0.0,1.818,0.117,0.0,2.23,0.2,1.079,0.0,0.342,0.385,1.439,0.0,0.19,1.848,0.742,0.929,0.245,0.193,0.813,0.254,0.0,0.102,0.317,1.187
-4.901,-1.415,12,CD8.TPEX,1.0,0.193,0.553,0.377,1.075,0.0,0.0,0.844,0.524,2.152,0.874,0.0,0.0,0.176,0.838,1.473,0.313,0.104,0.518,0.49,0.091,0.756,0.195,1.154,0.628
3.54,3.773,3,CD8.CM,1.0,0.0,0.324,0.0,0.0,0.324,0.0,0.324,0.324,2.875,0.324,0.0,0.0,1.292,0.581,0.0,0.581,0.581,1.493,0.0,0.0,0.581,0.0,0.0,0.324
-4.356,-1.886,6,CD8.TPEX,1.0,0.292,0.396,0.0,0.748,0.0,0.0,0.0,0.204,2.271,1.372,0.0,0.0,0.993,0.688,0.956,0.192,0.193,0.882,0.192,0.384,0.966,0.686,0.293,0.193
5.582,-4.48,20,CD8.TEMRA,1.0,0.0,1.916,0.248,0.0,2.17,0.09,0.891,0.142,0.434,0.255,1.544,0.236,0.209,2.117,0.73,0.826,0.251,0.067,1.203,0.202,0.0,0.158,0.256,1.129
-1.225,-0.236,1,CD8.EM,1.0,0.0,1.14,1.14,0.0,0.0,0.0,0.0,0.0,1.999,1.14,1.999,0.0,1.14,1.999,1.14,0.0,1.14,0.0,2.252,0.0,1.14,0.0,0.0,1.14
-5.718,-4.716,15,CD8.TEX,1.0,0.107,1.422,1.182,0.497,2.256,1.105,1.224,0.107,0.35,1.111,0.313,0.0,0.937,2.053,2.069,1.195,0.072,0.246,0.867,0.173,0.0,0.756,0.058,1.108
-6.262,-1.886,2,CD8.TPEX,1.0,0.0,0.896,1.873,2.09,0.0,0.0,0.896,0.487,2.977,0.729,0.0,0.0,0.892,0.626,3.193,0.896,0.0,0.626,0.729,0.0,0.0,0.0,2.09,1.113
-2.451,-1.886,3,CD8.EM,0.667,0.34,0.369,1.736,0.34,0.54,0.505,0.54,0.0,0.0,1.324,0.0,0.0,0.973,0.955,1.98,0.709,0.0,0.0,0.993,0.802,0.0,0.0,0.0,0.874
-4.901,-1.886,7,CD8.TPEX,1.0,0.158,0.581,0.158,1.233,0.0,0.0,0.812,0.226,2.156,0.682,0.0,0.0,0.156,0.586,1.785,0.526,0.0,0.834,1.021,0.0,0.886,0.515,0.77,0.692
-7.488,-3.537,2,CD8.TEX,1.0,0.0,1.754,0.396,0.631,3.093,0.396,1.956,0.0,0.0,0.396,0.0,0.0,1.027,1.245,1.442,1.027,0.0,0.0,1.027,0.0,0.0,0.765,1.205,1.606
-6.807,-4.716,13,CD8.TEX,1.0,0.082,1.727,1.465,0.402,2.874,0.415,1.243,0.104,0.539,1.131,0.408,0.0,0.941,1.655,2.07,0.834,0.068,0.068,0.543,0.407,0.197,0.167,0.708,1.286
7.215,4.952,2,CD8.CM,0.5,0.0,0.0,0.0,0.0,0.0,0.0,0.0,0.0,3.349,0.617,0.0,0.572,0.0,0.617,0.0,0.0,0.617,1.129,0.0,0.0,1.189,0.0,0.617,0.617
-4.629,-1.886,7,CD8.TPEX,1.0,0.169,0.835,0.3,0.731,0.0,0.0,0.338,0.0,2.377,0.971,0.163,0.0,0.174,0.169,0.945,0.0,0.0,1.194,0.572,0.0,1.264,0.161,0.575,0.513
-4.629,-2.358,4,CD8.TPEX,1.0,0.0,0.71,0.303,0.303,0.0,0.0,0.543,0.0,1.274,0.954,0.27,0.0,0.557,1.081,0.573,0.84,0.0,0.635,0.94,0.306,1.594,0.0,0.0,0.0
-5.173,-1.886,6,CD8.TPEX,1.0,0.177,0.936,0.0,0.974,0.309,0.218,0.865,0.371,1.878,0.817,0.0,0.0,0.194,1.413,1.568,0.218,0.309,0.493,0.43,0.171,0.552,0.0,0.738,0.382
4.901,-4.244,5,CD8.TEMRA,0.6,0.0,2.202,0.551,0.0,0.971,0.0,1.455,0.0,0.531,0.197,1.109,0.0,0.261,1.109,1.318,1.297,0.0,0.17,1.211,0.0,0.545,0.545,0.197,0.903
5.718,-4.244,19,CD8.TEMRA,1.0,0.0,1.758,0.113,0.0,2.081,0.324,1.33,0.109,0.514,0.375,1.65,0.049,0.448,1.911,0.792,1.558,0.275,0.08,0.37,0.161,0.0,0.268,0.066,1.142
0.545,-0.943,10,CD8.EM,0.7,0.132,1.914,0.655,0.0,0.288,0.0,0.794,0.227,1.692,0.487,1.025,0.182,0.0,0.232,0.511,0.464,0.416,0.593,0.702,0.0,0.633,0.503,0.485,0.287
0.953,2.594,5,CD8.CM,1.0,0.149,0.794,0.776,0.0,1.02,0.0,0.631,0.162,1.276,0.596,0.386,0.0,0.758,1.126,1.381,1.226,0.198,0.198,1.088,0.347,0.295,0.433,0.577,0.844
1.634,4.244,14,CD8.CM,1.0,0.0,2.054,0.083,0.0,0.754,0.305,0.877,0.0,2.88,0.121,1.037,0.236,0.155,0.839,0.432,0.759,0.081,0.281,0.529,0.303,0.083,0.0,1.068,0.0
6.671,-4.952,17,CD8.TEMRA,1.0,0.0,1.03,0.0,0.0,2.046,0.075,1.042,0.065,0.836,0.248,1.499,0.0,0.121,1.441,0.549,0.856,0.224,0.247,1.206,0.0,0.0,0.0,0.087,0.879
6.535,-4.716,29,CD8.TEMRA,1.0,0.046,1.006,0.074,0.047,2.644,0.0,0.974,0.0,1.026,0.178,1.195,0.171,0.112,1.995,0.394,1.043,0.682,0.4,1.269,0.178,0.0,0.184,0.0,0.616
5.718,5.188,10,CD8.NaiveLike,1.0,0.0,0.749,0.233,0.873,0.137,0.107,0.809,1.057,3.072,1.191,0.0,0.334,0.0,0.208,0.0,0.302,0.209,1.574,0.253,0.323,1.776,0.111,0.814,0.298
-6.126,-4.952,19,CD8.TEX,0.947,0.0,1.553,1.463,0.401,2.885,0.848,1.199,0.242,0.52,1.522,0.147,0.083,0.875,2.141,2.658,0.801,0.0,0.144,0.481,0.317,0.145,0.333,0.339,0.536
-4.765,-1.179,6,CD8.TPEX,1.0,0.0,1.022,0.38,0.591,0.204,0.0,0.427,0.61,1.2,0.646,0.0,0.0,0.631,0.597,1.2,0.0,0.0,0.387,0.49,0.0,0.576,0.397,1.024,0.382
6.126,3.065,6,CD8.NaiveLike,0.667,0.0,2.069,0.0,0.0,0.0,0.25,1.277,0.333,2.618,0.284,1.783,0.844,0.0,0.253,0.779,0.328,0.305,1.256,0.393,0.446,0.328,0.168,0.0,0.196
-0.136,-2.122,9,CD8.EM,1.0,0.312,0.614,0.169,0.0,0.131,0.272,0.257,0.131,0.781,0.0,0.315,0.0,0.131,0.314,0.803,0.52,0.336,0.0,0.674,0.23,0.0,0.145,0.312,0.257
0.545,3.301,4,CD8.CM,1.0,0.2,2.043,0.727,0.0,1.681,0.0,0.2,0.0,2.6,0.541,1.317,0.0,0.0,1.314,0.907,1.032,0.0,0.311,0.758,0.341,0.311,0.0,0.31,1.056
-4.765,-1.651,12,CD8.TPEX,1.0,0.0,1.005,0.148,1.206,0.0,0.0,0.618,0.201,1.58,0.606,0.0,0.0,0.404,0.196,1.945,0.377,0.0,0.738,0.39,0.098,0.804,0.306,0.736,0.439
0.272,-1.415,11,CD8.EM,0.909,0.111,0.967,0.619,0.0,0.392,0.166,0.18,0.296,2.015,0.111,1.267,0.0,0.0,1.172,1.021,0.69,0.332,0.283,0.521,0.469,0.386,0.0,0.334,0.718
-1.634,8.489,14,CD8.MAIT,1.0,0.078,2.656,0.771,0.0,0.2,0.0,1.042,0.087,2.97,0.227,0.256,0.0,0.549,1.155,1.113,1.184,0.09,0.09,0.428,0.088,0.362,0.0,0.0,0.279
-2.042,-1.651,16,CD8.EM,0.875,0.0,1.612,1.097,0.074,1.155,0.501,0.652,0.0,0.542,0.616,0.239,0.0,0.656,0.912,2.247,1.076,0.051,0.0,0.69,0.266,0.0,0.59,0.155,0.631
-4.084,-1.415,8,CD8.TPEX,1.0,0.25,0.348,0.31,0.979,0.129,0.147,0.644,0.129,2.435,0.805,0.0,0.0,0.38,0.584,1.376,0.354,0.104,0.431,0.725,0.104,0.734,0.528,0.799,0.251
-2.451,-1.415,1,CD8.EM,1.0,0.0,0.0,0.798,0.0,2.119,0.0,0.0,0.798,3.186,0.0,0.0,0.0,0.0,1.96,2.119,0.798,1.236,0.0,0.0,0.0,0.798,0.0,0.798,1.236
-5.582,0.236,4,CD8.TPEX,1.0,0.234,1.789,0.0,0.0,0.542,0.0,1.633,1.327,1.169,0.812,0.586,0.27,0.353,1.067,0.586,0.234,0.0,0.353,0.0,0.0,0.27,0.468,2.912,1.514
-5.173,-0.943,2,CD8.TPEX,1.0,0.0,0.84,0.0,0.84,0.449,0.0,0.0,1.187,1.564,1.636,0.0,0.0,0.449,0.0,1.869,0.449,0.0,0.0,0.0,0.0,0.449,0.0,2.456,0.84
5.854,5.423,3,CD8.NaiveLike,1.0,0.0,0.0,0.0,2.01,0.0,0.39,1.811,0.679,3.035,1.903,0.673,0.0,0.0,0.573,0.782,0.775,0.559,1.986,0.673,0.0,1.546,0.0,1.124,0.397
5.718,-5.188,9,CD8.TEMRA,1.0,0.0,1.32,0.0,0.0,1.686,0.0,0.624,0.123,0.661,0.259,1.257,0.0,0.664,1.735,0.567,0.769,0.537,0.498,0.618,0.108,0.123,0.218,0.123,1.103
6.399,-4.009,16,CD8.TEMRA,1.0,0.089,1.036,0.076,0.0,2.125,0.201,1.395,0.0,0.939,0.345,1.085,0.076,0.0,2.068,0.225,0.617,0.376,0.285,1.302,0.361,0.175,0.0,0.411,1.38
5.854,-4.952,32,CD8.TEMRA,1.0,0.041,1.109,0.0,0.0,2.162,0.042,0.87,0.0,0.507,0.08,1.203,0.146,0.197,1.54,0.724,0.957,0.611,0.096,1.131,0.078,0.073,0.105,0.064,1.096
1.089,0.472,4,CD8.CM,1.0,0.287,2.053,0.372,0.0,0.0,0.0,1.043,0.0,2.669,0.0,0.924,0.0,0.0,0.348,0.577,0.348,0.0,0.0,1.314,0.318,1.007,0.72,0.0,0.659
-2.042,-1.179,5,CD8.EM,0.8,0.0,1.497,1.071,0.0,1.464,0.792,1.153,0.251,0.0,0.26,0.251,0.0,0.401,1.265,1.486,0.493,0.0,0.0,0.475,0.26,0.0,0.708,0.0,1.283
5.309,-4.952,9,CD8.TEMRA,0.778,0.141,1.103,0.091,0.229,1.722,0.119,0.587,0.145,0.369,0.225,1.32,0.0,0.773,1.91,0.472,1.339,0.329,0.212,1.582,0.523,0.095,0.203,0.206,0.764
5.037,-4.009,2,CD8.TEMRA,0.5,0.0,1.802,0.0,0.0,2.001,0.842,0.0,0.0,0.0,1.049,1.241,0.0,0.58,1.241,0.0,0.0,0.0,0.0,0.58,0.0,0.76,0.58,0.76,0.0
0.953,4.48,1,CD8.CM,1.0,1.058,1.058,0.0,0.0,2.342,0.0,1.058,0.0,2.143,0.0,2.342,0.0,1.058,2.143,1.058,1.561,1.058,1.058,0.0,0.0,0.0,0.0,0.0,0.0
5.582,2.594,1,CD8.EM,1.0,0.0,0.0,0.0,0.0,0.0,0.0,1.282,0.0,3.623,0.0,0.0,0.0,0.0,0.0,1.282,0.0,0.0,1.282,0.0,1.282,1.282,0.0,0.0,0.0
-3.54,-4.244,4,CD8.TEX,1.0,0.0,1.686,1.013,0.26,2.922,0.26,0.641,0.0,1.441,0.648,0.0,0.0,0.587,0.867,1.854,0.795,0.327,0.54,1.017,0.327,0.0,0.343,0.0,0.26
1.225,-0.236,1,CD8.CM,1.0,0.0,0.0,0.0,0.0,0.0,0.0,0.0,0.0,2.156,0.0,0.0,0.0,0.0,0.0,1.807,1.266,1.266,0.0,0.0,0.0,0.0,0.0,0.0,1.266
6.399,-4.952,33,CD8.TEMRA,0.97,0.0,0.876,0.0,0.0,2.245,0.088,1.053,0.0,0.735,0.071,1.263,0.0,0.14,1.872,0.395,1.172,0.259,0.093,0.977,0.207,0.0,0.31,0.314,0.905
-1.77,7.781,15,CD8.MAIT,0.933,0.0,2.567,0.709,0.0,0.251,0.0,1.024,0.048,3.873,0.291,1.181,0.075,0.078,1.499,0.789,0.912,0.048,0.0,0.605,0.3,0.095,0.076,0.0,0.308
-0.953,-0.236,7,CD8.EM,0.714,0.0,1.356,0.559,0.0,0.256,0.0,0.43,0.243,0.794,0.467,1.139,0.0,0.474,0.622,1.904,1.025,0.0,0.0,0.741,0.0,0.394,0.85,0.426,0.823
-1.906,-1.415,13,CD8.EM,1.0,0.0,1.971,0.911,0.0,0.796,0.519,0.796,0.087,0.0,0.462,0.732,0.0,0.81,1.42,2.253,0.629,0.0,0.153,0.992,0.399,0.0,0.767,0.177,0.582
2.042,4.48,2,CD8.CM,1.0,0.0,3.662,0.735,0.0,0.0,0.0,0.913,0.0,2.563,0.735,0.0,0.0,0.0,0.0,0.0,0.0,0.0,0.913,2.114,0.0,0.0,0.0,1.648,0.0
1.634,0.472,4,CD8.CM,1.0,0.0,1.074,0.0,0.0,0.0,0.0,1.214,0.571,2.865,0.0,2.854,0.0,0.343,0.0,0.343,0.524,0.646,0.694,0.351,0.351,0.0,0.343,0.0,0.958
-3.404,8.253,16,CD8.MAIT,1.0,0.0,2.825,0.969,0.271,0.114,0.218,1.582,0.063,3.487,0.906,0.437,0.0,0.809,0.403,1.707,0.737,0.063,0.0,0.627,0.142,0.074,0.6,0.0,0.626
6.399,-4.48,29,CD8.TEMRA,0.966,0.0,1.53,0.0,0.0,2.41,0.286,0.904,0.0,0.851,0.266,1.322,0.041,0.447,2.204,0.663,0.836,0.57,0.285,1.019,0.176,0.08,0.173,0.06,0.951
0.681,1.651,1,CD8.CM,1.0,1.062,1.898,1.062,0.0,0.0,0.0,1.898,0.0,1.565,0.0,1.565,0.0,0.0,0.0,2.148,1.565,0.0,1.062,1.062,0.0,1.062,1.565,1.062,0.0
0.545,-1.415,13,CD8.EM,0.923,0.0,2.469,0.454,0.0,0.089,0.0,0.918,0.52,1.22,0.483,2.098,0.0,0.11,0.588,1.129,0.602,0.116,0.279,0.889,0.156,0.405,0.0,0.179,0.213
-1.634,7.546,30,CD8.MAIT,0.933,0.0,2.76,0.353,0.0,0.434,0.04,1.353,0.108,3.559,0.253,0.966,0.0,0.077,1.468,0.567,0.684,0.2,0.217,0.742,0.182,0.161,0.095,0.0,0.14
-1.498,7.781,15,CD8.MAIT,1.0,0.0,3.144,0.569,0.0,0.143,0.0,0.989,0.209,3.569,0.09,1.643,0.0,0.443,1.742,0.423,0.634,0.0,0.34,0.471,0.117,0.09,0.0,0.0,0.152
5.582,-4.009,14,CD8.TEMRA,1.0,0.0,1.798,0.182,0.0,1.33,0.0,1.193,0.1,0.933,0.34,1.612,0.081,0.094,2.236,1.067,1.094,0.475,0.534,1.15,0.085,0.084,0.32,0.162,1.466
0.136,-1.651,16,CD8.EM,0.938,0.0,2.062,0.155,0.0,0.11,0.0,0.726,0.098,0.752,0.088,0.554,0.181,0.214,0.516,1.252,0.559,0.084,0.157,0.41,0.466,0.202,0.165,0.441,0.238
-3.131,8.253,14,CD8.MAIT,1.0,0.0,2.571,0.396,0.0,0.0,0.12,1.52,0.135,3.687,1.392,0.904,0.0,0.586,0.413,2.188,0.794,0.0,0.0,0.395,0.232,0.0,0.318,0.0,0.973
5.446,-4.244,12,CD8.TEMRA,1.0,0.0,1.251,0.0,0.0,2.069,0.107,1.177,0.0,0.0,0.131,1.629,0.0,0.214,2.363,0.6,1.402,0.109,0.131,0.874,0.0,0.0,0.582,0.0,1.094
0.272,-2.358,8,CD8.EM,0.75,0.0,2.713,0.259,0.0,0.562,0.0,0.955,0.0,1.162,0.557,0.0,0.0,0.0,0.466,0.593,1.106,0.0,0.0,0.52,0.0,0.0,0.0,0.207,0.486
5.309,-4.009,12,CD8.TEMRA,0.833,0.0,1.16,0.113,0.0,1.845,0.0,0.41,0.0,0.568,0.218,1.764,0.113,0.699,1.729,0.707,0.98,0.514,0.123,1.009,0.266,0.497,0.665,0.216,1.243
5.582,-3.537,14,CD8.TEMRA,0.857,0.0,2.66,0.501,0.0,1.802,0.0,1.877,0.0,0.895,0.214,1.701,0.208,0.649,1.953,1.306,0.807,0.237,0.176,0.448,0.336,0.095,0.406,0.279,1.175
3.131,3.537,2,CD8.CM,1.0,0.0,0.864,0.0,0.0,0.0,0.639,0.864,0.0,2.566,0.0,1.215,0.864,0.0,0.911,2.182,0.864,0.0,1.539,0.639,0.0,0.0,0.0,2.182,0.0
6.262,-3.773,15,CD8.TEMRA,1.0,0.0,1.514,0.0,0.0,1.778,0.128,0.959,0.094,0.529,0.0,1.536,0.098,0.228,1.652,0.153,0.477,0.697,0.288,1.05,0.462,0.0,0.359,0.0,1.11
-7.352,-3.773,2,CD8.TEX,1.0,0.0,3.206,0.0,1.689,1.772,0.0,1.551,0.509,1.589,0.0,0.0,0.0,0.0,0.921,2.323,1.689,0.0,0.509,0.509,0.0,0.0,0.0,0.0,1.044
2.178,0.943,4,CD8.CM,1.0,0.0,1.955,0.0,0.0,0.0,0.0,0.424,0.0,3.089,0.0,2.819,0.0,0.0,0.762,1.047,0.947,0.501,0.501,0.36,0.338,0.355,0.338,0.0,1.256
-1.906,7.074,3,CD8.CM,0.667,0.0,2.176,0.0,0.0,0.0,0.0,1.079,0.0,3.547,0.427,2.18,0.0,0.0,0.503,1.155,0.427,0.427,0.613,0.339,0.0,0.608,0.0,0.0,0.339
-2.859,7.781,13,CD8.MAIT,1.0,0.083,1.745,0.797,0.0,0.0,0.24,1.074,0.151,3.072,0.748,0.752,0.0,0.313,1.066,1.234,0.238,0.0,0.0,0.567,0.089,0.098,0.386,0.394,0.22
-1.498,8.253,13,CD8.MAIT,1.0,0.0,2.865,0.412,0.0,0.159,0.0,0.538,0.193,3.334,0.349,0.821,0.139,0.229,1.316,0.468,0.54,0.394,0.0,0.397,0.088,0.0,0.07,0.0,0.367
-1.77,7.31,25,CD8.MAIT,1.0,0.0,2.725,0.556,0.0,0.54,0.0,1.408,0.0,3.727,0.119,1.469,0.0,0.105,1.976,0.451,0.421,0.102,0.191,0.776,0.106,0.241,0.043,0.154,0.194
3.267,4.244,2,CD8.NaiveLike,0.5,0.0,2.037,0.0,0.0,0.0,0.0,1.99,0.0,3.287,0.0,2.182,0.0,0.559,0.0,1.867,0.0,1.17,1.438,1.694,0.0,0.559,0.0,0.0,0.0
3.812,3.773,3,CD8.CM,1.0,0.0,1.369,0.542,0.0,0.0,0.0,1.246,0.0,3.185,0.0,1.038,0.0,0.0,0.542,0.542,0.508,0.542,0.0,0.0,0.0,0.0,0.0,0.0,0.0
5.99,-3.773,17,CD8.TEMRA,1.0,0.0,1.979,0.107,0.0,1.991,0.074,1.37,0.15,0.552,0.333,1.327,0.0,0.398,1.255,0.578,0.896,0.266,0.31,0.639,0.223,0.349,0.244,0.383,1.417
0.681,-2.122,2,CD8.EM,1.0,0.0,2.864,1.159,0.0,1.674,0.0,0.0,0.0,1.068,0.0,0.0,0.0,0.0,0.0,1.384,1.159,0.0,0.0,0.0,0.0,0.0,0.0,0.0,0.0
-3.676,8.253,5,CD8.MAIT,1.0,0.0,1.743,0.762,0.227,0.398,0.0,0.712,0.0,3.626,1.827,1.463,0.227,1.683,0.0,2.357,0.33,0.0,0.0,0.98,0.227,0.0,0.524,0.0,1.006
-2.995,-3.773,2,CD8.EM,1.0,0.0,1.819,1.026,0.0,0.0,0.0,0.0,0.0,1.086,0.54,0.96,0.0,0.54,0.54,0.793,0.793,0.793,0.54,1.086,0.54,0.0,0.0,1.026,0.0
0.136,-2.594,6,CD8.EM,1.0,0.0,1.399,0.667,0.338,0.338,0.0,0.62,0.0,1.154,0.338,0.0,0.0,0.0,0.359,1.978,0.753,0.0,0.0,0.359,0.0,0.0,0.0,0.38,0.656
0.408,-0.707,11,CD8.EM,0.818,0.0,1.264,0.257,0.0,0.196,0.0,1.322,0.126,1.376,0.157,1.196,0.126,0.321,1.019,1.447,0.869,0.254,0.73,0.93,0.0,0.137,0.137,0.0,1.039
5.99,-5.188,21,CD8.TEMRA,1.0,0.074,1.025,0.0,0.0,2.159,0.066,0.879,0.066,0.891,0.111,1.121,0.054,0.333,1.564,0.748,1.063,0.56,0.269,1.183,0.117,0.0,0.327,0.117,1.21
-3.54,7.546,1,CD8.CM,1.0,0.0,0.0,2.176,0.0,0.0,0.0,0.0,0.0,3.195,2.81,0.0,2.176,0.0,0.0,2.81,0.0,0.0,0.0,0.0,0.0,0.0,0.0,0.0,0.0
-2.859,8.253,5,CD8.MAIT,1.0,0.0,2.208,1.772,0.257,0.0,0.257,0.904,0.0,3.551,1.059,1.443,0.303,0.916,0.369,1.472,1.091,0.0,0.204,0.399,0.0,0.34,0.312,0.555,1.077
-1.498,7.31,6,CD8.MAIT,1.0,0.0,3.074,0.48,0.0,0.0,0.0,1.598,0.0,3.772,0.0,1.184,0.0,0.0,1.198,0.956,0.773,0.0,0.314,0.476,0.629,0.26,0.24,0.0,0.223
5.446,-3.773,12,CD8.TEMRA,1.0,0.0,1.936,0.207,0.0,1.205,0.068,1.547,0.0,1.492,0.295,1.84,0.068,0.261,0.981,1.463,0.508,0.224,0.489,0.712,0.231,0.231,0.336,0.435,1.108
6.126,-3.537,12,CD8.TEMRA,1.0,0.0,1.977,0.0,0.0,2.383,0.0,1.817,0.0,0.4,0.511,1.275,0.0,0.513,1.82,0.515,0.293,0.343,0.0,0.473,0.535,0.307,0.613,0.115,1.535
-1.225,7.781,1,CD8.CM,1.0,0.0,1.078,0.0,0.0,1.078,0.0,1.078,0.0,2.678,0.0,2.169,0.0,0.0,1.584,0.0,1.919,1.078,1.584,0.0,0.0,0.0,0.0,0.0,0.0
0.408,-2.594,3,CD8.EM,0.667,0.0,0.766,0.0,0.0,0.668,0.668,1.754,0.0,1.647,0.0,0.766,0.0,0.0,0.0,1.433,0.0,0.0,0.766,0.0,0.0,0.876,0.0,0.0,0.0
7.488,3.537,3,CD8.NaiveLike,1.0,0.304,1.006,0.0,0.0,0.0,0.288,0.288,0.304,2.894,0.288,2.194,0.986,0.0,0.304,1.191,0.0,0.789,2.347,1.239,0.592,1.344,0.0,0.0,0.0
0.545,-1.886,14,CD8.EM,0.929,0.0,2.176,0.291,0.0,0.22,0.0,0.384,0.139,0.785,0.175,0.639,0.096,0.0,0.928,1.165,0.11,0.0,0.11,0.626,0.0,0.0,0.17,0.551,0.175
-5.173,0.472,2,CD8.TPEX,1.0,0.0,2.095,0.0,0.0,0.0,0.783,0.0,1.257,1.174,0.531,0.0,0.0,1.552,1.118,1.803,1.38,0.531,0.0,0.0,0.0,0.531,0.0,3.47,1.074
-6.671,-5.423,1,CD8.TEX,1.0,0.0,3.015,0.0,0.0,2.744,0.0,2.37,0.0,0.0,1.766,0.0,0.0,0.0,3.228,2.744,1.766,0.0,0.0,0.0,0.0,0.0,0.0,0.0,1.766
5.854,-4.48,33,CD8.TEMRA,1.0,0.0,1.165,0.0,0.0,2.73,0.243,1.04,0.048,0.095,0.044,1.425,0.034,0.176,2.04,0.69,1.061,0.249,0.201,0.794,0.351,0.034,0.16,0.296,1.183
4.22,2.594,4,CD8.CM,1.0,0.309,1.058,0.0,0.0,0.0,0.0,0.365,0.304,3.606,0.0,1.999,0.304,0.304,0.437,1.211,0.669,0.304,1.97,0.816,0.304,0.615,0.0,0.0,0.613
0.0,0.472,1,CD8.CM,1.0,0.0,1.124,0.0,0.0,0.0,0.0,1.64,0.0,2.432,0.0,0.0,1.124,0.0,1.64,2.231,1.124,0.0,1.64,1.124,0.0,0.0,1.124,1.124,0.0
-1.634,8.017,17,CD8.MAIT,1.0,0.0,2.788,0.4,0.0,0.083,0.156,0.655,0.0,3.522,0.145,1.164,0.0,0.069,1.178,0.566,0.584,0.301,0.048,0.545,0.584,0.255,0.053,0.0,0.155
0.681,-0.707,8,CD8.EM,0.75,0.0,1.568,0.0,0.0,0.252,0.0,0.36,0.168,2.134,0.188,1.516,0.519,0.0,1.078,1.2,0.412,0.342,0.867,0.425,0.168,0.0,0.746,0.0,0.941
6.535,3.301,8,CD8.NaiveLike,0.625,0.0,2.058,0.101,0.0,0.0,0.107,1.352,0.0,2.733,0.417,2.198,1.123,0.189,0.142,0.934,0.208,0.203,1.632,1.242,0.336,1.052,0.182,0.0,0.156
3.404,3.537,2,CD8.CM,1.0,0.0,0.612,0.0,0.0,0.0,0.0,0.879,0.0,3.508,0.0,2.035,0.0,0.0,0.0,1.053,0.0,0.612,0.0,0.0,0.0,0.0,0.0,0.0,0.0
-1.906,-0.472,2,CD8.EM,0.5,0.486,2.272,1.161,0.0,0.0,0.0,0.486,0.0,0.727,0.675,0.0,0.0,1.438,0.952,0.486,0.952,0.486,0.486,0.486,0.675,0.0,1.438,0.0,0.675
6.943,-4.48,13,CD8.TEMRA,0.923,0.0,0.83,0.151,0.0,2.113,0.0,1.064,0.0,1.271,0.0,0.861,0.0,0.175,1.523,0.676,0.779,0.125,0.615,1.001,0.125,0.146,0.0,0.0,0.611
5.99,-3.301,8,CD8.TEMRA,1.0,0.0,1.358,0.261,0.0,0.902,0.164,1.631,0.261,0.95,0.213,1.286,0.0,0.216,1.086,0.502,0.216,0.0,0.793,1.105,0.269,0.384,0.0,1.161,0.445
-6.126,-5.423,4,CD8.TEX,1.0,0.304,2.641,0.663,0.302,2.451,0.435,0.839,0.0,0.304,1.193,0.367,0.0,0.391,2.264,2.689,1.372,0.0,0.0,0.672,0.702,0.0,0.0,0.391,0.435
0.681,3.065,4,CD8.CM,1.0,0.0,1.229,0.947,0.0,3.291,0.0,1.171,0.0,2.356,0.0,1.99,0.0,0.0,2.601,0.349,0.718,0.454,0.579,0.791,0.0,0.0,0.0,0.512,1.429
-2.314,-2.594,2,CD8.EM,1.0,0.0,0.0,2.097,0.0,1.423,0.625,0.625,0.0,0.0,0.0,0.625,0.0,0.895,2.097,2.255,0.0,0.0,0.797,1.09,0.625,0.0,0.895,0.0,0.0
-5.99,-5.188,7,CD8.TEX,1.0,0.0,2.139,1.582,0.313,2.42,1.067,1.531,0.165,0.743,0.8,0.0,0.0,0.728,1.31,1.985,0.6,0.0,0.168,0.857,0.475,0.165,0.375,0.349,0.485
2.723,3.773,2,CD8.CM,1.0,0.0,0.972,0.0,0.0,0.0,0.0,0.0,0.0,1.544,0.995,2.145,0.0,0.692,0.0,0.0,0.0,0.0,0.0,0.0,0.0,0.0,0.0,0.0,0.0
6.399,3.065,8,CD8.NaiveLike,0.625,0.0,1.677,0.0,0.0,0.0,0.0,0.443,0.156,2.708,0.0,1.562,0.598,0.158,0.15,0.639,0.833,0.307,1.054,0.396,0.0,0.853,0.0,0.157,0.383
5.446,5.188,3,CD8.NaiveLike,1.0,0.0,0.696,0.0,0.712,0.0,0.305,0.404,0.416,3.095,0.0,0.971,0.404,0.709,0.567,1.149,0.0,0.305,1.645,0.567,0.0,0.712,0.0,0.305,0.0
5.854,-3.537,14,CD8.TEMRA,1.0,0.101,1.768,0.1,0.0,2.196,0.0,2.06,0.104,0.105,0.349,1.898,0.0,0.326,1.469,0.378,0.804,0.296,0.337,0.636,0.417,0.397,0.217,0.765,1.964
0.408,2.122,1,CD8.CM,1.0,0.0,0.0,0.0,0.0,0.0,0.0,0.0,0.0,4.084,0.0,2.062,0.0,0.0,1.489,1.489,1.489,2.425,0.0,0.0,1.489,0.0,0.0,0.0,0.0
5.173,-3.773,7,CD8.TEMRA,0.714,0.224,1.635,0.0,0.0,0.902,0.0,1.151,0.0,1.072,0.348,1.677,0.0,0.232,1.861,1.257,1.144,0.228,0.539,1.032,0.182,0.414,0.187,0.816,1.343
0.681,2.594,2,CD8.CM,1.0,0.0,1.051,0.0,0.0,0.683,0.0,1.406,0.0,1.973,0.0,2.148,0.0,0.677,1.27,2.628,0.683,0.445,0.0,1.128,0.0,0.0,0.0,0.445,0.834
2.451,1.415,2,CD8.CM,1.0,0.0,0.998,0.0,0.0,0.894,0.0,1.609,0.998,0.998,0.0,2.307,1.177,0.0,0.0,0.715,1.197,0.0,0.715,0.715,0.0,0.0,0.0,0.0,1.609
-3.404,-2.594,2,CD8.TEX,0.5,0.0,2.379,0.88,0.0,1.44,0.88,1.283,0.0,0.88,1.221,0.0,0.0,0.0,1.56,3.363,0.612,0.0,0.0,0.0,1.221,0.0,1.221,1.741,0.0
-2.859,-2.122,2,CD8.TEX,1.0,0.0,1.042,1.661,0.0,2.262,0.0,0.667,0.0,1.25,1.191,0.0,0.0,0.754,2.192,2.047,0.437,0.0,0.0,0.437,0.0,0.0,0.0,0.0,0.437
2.587,3.537,3,CD8.CM,1.0,0.0,1.66,0.0,0.0,0.0,0.0,2.288,0.0,3.325,0.714,0.714,0.0,0.0,0.784,2.017,0.786,0.0,0.964,0.0,0.0,0.0,0.0,0.714,0.381
0.136,-1.179,13,CD8.EM,0.846,0.127,2.42,0.48,0.0,0.695,0.0,0.384,0.0,1.098,0.112,0.469,0.139,0.104,0.483,0.683,0.451,0.0,0.307,0.378,0.219,0.561,0.139,0.127,0.186
1.361,0.472,2,CD8.CM,1.0,0.0,0.689,0.689,0.0,0.0,0.0,0.689,0.0,3.686,0.756,2.425,0.0,1.278,1.445,1.044,1.278,0.689,0.756,0.756,0.756,0.0,0.0,0.0,0.0
-1.361,7.546,2,CD8.MAIT,0.5,0.0,3.669,0.0,0.0,0.0,0.0,1.712,0.0,2.972,0.0,1.895,0.0,0.0,1.076,0.788,0.0,0.631,0.788,0.0,0.0,0.788,0.0,0.0,0.0
0.0,-2.83,5,CD8.EM,0.8,0.0,0.348,0.507,0.0,0.637,0.0,0.468,0.0,0.337,0.855,0.348,0.0,0.0,1.108,0.639,0.0,0.0,0.0,1.155,0.0,0.0,0.0,0.0,0.543
2.314,4.48,2,CD8.CM,1.0,0.0,1.684,0.713,0.0,0.0,0.0,2.142,0.0,3.108,0.689,2.774,0.0,0.0,0.713,1.859,0.0,0.0,0.0,0.0,0.0,0.713,0.0,0.0,0.0
2.995,1.886,1,CD8.CM,1.0,0.0,1.863,0.0,0.0,0.0,0.0,1.314,0.0,2.853,0.0,1.863,0.0,0.0,0.0,2.682,0.0,0.0,0.0,0.0,0.0,1.314,0.0,0.0,0.0
-3.404,7.781,5,CD8.MAIT,1.0,0.0,2.963,0.617,0.0,0.577,0.0,0.975,0.0,3.165,1.282,0.234,0.0,0.351,0.234,1.031,0.629,0.0,0.0,0.691,0.0,0.0,0.277,0.343,0.693
-3.676,7.781,2,CD8.MAIT,0.5,0.0,1.987,0.0,0.0,0.0,0.0,1.055,0.0,4.163,1.41,0.766,0.0,1.055,0.644,0.766,0.916,0.0,0.0,1.41,0.0,0.916,0.0,0.0,0.766
0.817,-1.415,4,CD8.EM,0.5,0.0,1.412,0.674,0.0,0.0,0.0,0.626,0.626,0.596,0.0,0.0,0.0,0.626,0.596,1.509,0.0,0.0,0.0,0.626,0.578,0.0,0.0,0.0,0.0
6.535,-3.773,19,CD8.TEMRA,1.0,0.0,1.125,0.096,0.0,2.1,0.092,1.515,0.089,0.682,0.0,1.403,0.0,0.161,1.7,0.172,0.278,0.233,0.273,0.981,0.267,0.074,0.236,0.37,0.891
1.77,0.707,3,CD8.CM,1.0,0.0,1.046,0.515,0.0,0.708,0.392,1.783,0.0,3.699,0.515,1.899,0.392,0.392,0.708,2.073,0.567,0.907,0.788,0.567,0.0,0.515,0.515,0.0,0.0
-1.77,8.253,20,CD8.MAIT,1.0,0.0,2.024,0.392,0.0,0.385,0.0,0.976,0.097,2.975,0.28,0.248,0.0,0.158,1.762,0.628,0.714,0.39,0.0,0.817,0.0,0.164,0.0,0.0,0.367
3.676,3.537,3,CD8.CM,1.0,0.0,2.199,0.0,0.0,0.998,0.0,1.11,0.549,3.573,0.549,1.867,0.0,0.0,0.561,1.279,0.437,0.986,1.421,0.561,0.387,0.0,0.0,0.0,0.0
3.948,4.009,5,CD8.NaiveLike,1.0,0.0,1.809,0.77,0.0,0.385,0.0,1.404,0.21,3.452,0.21,2.165,0.402,0.0,0.21,0.614,0.614,1.135,1.926,0.21,0.0,0.787,0.0,0.273,0.311
5.173,5.188,4,CD8.NaiveLike,0.75,0.0,2.055,0.0,0.0,0.0,0.0,0.0,0.0,2.095,0.62,1.029,0.799,0.0,0.487,0.604,0.0,0.0,0.617,0.799,0.317,0.664,0.0,0.0,0.0
2.042,0.707,2,CD8.CM,0.5,0.725,2.937,0.0,0.0,0.0,0.0,0.0,0.725,1.666,0.0,2.314,0.79,0.0,0.0,0.79,0.0,0.0,1.505,1.082,0.0,0.0,0.0,0.0,0.0
6.671,3.065,3,CD8.NaiveLike,1.0,0.0,1.699,0.0,0.0,0.0,0.0,0.396,0.0,2.161,0.0,2.497,1.148,0.0,0.0,0.0,0.454,0.849,1.776,0.695,0.0,0.907,0.0,0.0,0.0
0.545,2.83,4,CD8.CM,1.0,0.0,1.464,0.415,0.0,2.086,0.0,1.055,0.0,3.329,0.0,1.066,0.0,0.563,2.131,1.969,0.361,0.0,0.375,0.776,0.0,0.0,0.0,0.589,0.305
-4.629,-0.472,3,CD8.TPEX,1.0,0.0,1.831,1.174,0.0,1.291,1.535,1.174,0.0,0.0,0.564,0.0,0.0,1.838,2.694,1.619,0.798,0.0,0.0,0.54,0.369,0.0,1.746,0.0,1.081
-2.723,-2.358,2,CD8.EM,1.0,0.0,1.851,0.0,0.394,1.181,1.421,1.594,0.0,0.0,0.0,0.763,0.0,0.936,1.575,1.515,0.936,0.612,0.0,0.795,0.0,0.0,0.541,0.0,0.0
-5.309,-0.236,4,CD8.TPEX,1.0,0.0,2.398,0.277,0.0,0.553,0.548,0.405,0.593,0.0,0.271,0.0,0.0,0.87,0.553,2.145,0.0,0.0,0.405,0.593,0.271,0.0,0.405,1.95,0.677
2.995,3.773,2,CD8.NaiveLike,0.5,0.0,2.326,0.988,0.0,0.0,0.0,0.913,0.0,3.56,0.0,2.131,0.707,0.0,0.0,1.596,0.0,0.0,0.0,0.641,0.0,0.0,0.0,0.867,0.0
4.765,-4.48,2,CD8.TEMRA,1.0,0.0,2.293,0.0,0.0,2.586,0.571,1.2,0.0,0.571,1.229,1.001,0.0,0.628,3.065,2.211,1.2,0.0,0.0,1.46,0.0,0.0,0.571,0.0,0.831
3.131,4.009,4,CD8.CM,1.0,0.0,0.827,0.0,0.0,0.0,0.0,0.494,0.412,3.062,0.281,1.453,0.0,0.0,0.412,0.41,0.0,1.093,0.281,0.281,0.412,1.335,0.0,0.494,0.642
-5.037,-0.236,2,CD8.TPEX,1.0,0.949,2.426,0.0,0.0,1.702,0.0,0.672,0.672,0.0,0.744,0.672,0.0,0.949,0.744,1.03,0.907,0.0,0.0,0.499,0.499,0.0,0.949,0.0,0.0
6.807,-4.716,14,CD8.TEMRA,1.0,0.0,1.362,0.0,0.121,2.385,0.0,1.063,0.0,2.002,0.134,0.883,0.175,0.124,1.432,0.224,0.844,0.055,0.162,0.376,0.055,0.107,0.0,0.0,1.027
-3.812,8.017,4,CD8.MAIT,1.0,0.0,1.782,1.062,0.0,0.0,0.0,0.332,0.0,3.95,1.456,0.332,0.0,0.0,0.0,1.704,0.828,0.0,0.0,0.0,0.654,0.0,0.692,0.0,0.371
-4.901,0.472,5,CD8.TPEX,1.0,0.0,2.624,0.996,0.0,1.428,0.232,1.155,0.0,2.281,0.232,0.0,0.206,0.755,0.961,1.601,0.756,0.0,0.0,0.951,0.0,0.23,0.773,3.44,0.48
2.451,3.301,11,CD8.CM,1.0,0.0,2.079,0.0,0.086,0.234,0.0,1.559,0.433,2.487,0.889,0.887,0.112,0.436,0.303,1.607,0.698,0.198,0.333,0.454,0.236,0.416,0.0,0.602,0.247
-1.089,-3.301,6,CD8.EM,0.667,0.0,0.83,0.823,0.0,1.64,0.0,0.539,0.244,1.69,0.687,0.658,0.2,0.578,1.85,0.883,0.156,0.0,0.661,1.024,0.0,0.456,0.156,0.0,0.575
-2.859,-3.537,3,CD8.TEX,0.667,0.0,1.85,2.07,0.0,2.416,0.0,1.392,0.0,1.227,1.366,0.606,0.0,0.0,1.46,2.13,1.547,0.0,0.0,0.78,0.321,0.0,0.321,0.0,0.0
4.356,4.716,1,CD8.NaiveLike,1.0,0.0,2.936,0.0,0.0,0.0,0.0,0.0,0.0,4.17,1.266,0.0,1.266,0.0,0.0,1.266,0.0,0.0,1.266,1.266,0.0,0.0,0.0,0.0,0.0
7.624,4.244,5,CD8.NaiveLike,1.0,0.0,1.288,0.0,0.0,0.0,0.0,0.326,0.0,1.757,0.0,0.432,1.492,0.0,0.0,0.585,0.54,0.0,1.356,1.08,0.337,1.37,0.0,0.0,0.0
-1.634,7.074,5,CD8.CM,0.6,0.0,1.628,1.369,0.0,0.0,0.0,1.107,0.0,2.324,0.0,0.38,0.0,0.255,0.862,0.422,0.0,0.0,0.0,1.04,0.623,0.255,0.354,0.354,0.0
0.817,-0.943,4,CD8.CM,0.5,0.0,1.782,0.0,0.0,0.0,0.405,0.905,0.0,1.519,0.0,1.203,0.0,0.0,0.0,0.764,0.972,0.0,0.552,0.0,0.0,0.333,0.501,0.0,0.405
3.404,2.122,2,CD8.CM,1.0,0.0,2.284,0.0,0.0,0.0,0.0,0.0,0.0,3.745,0.0,1.809,0.0,0.0,0.81,0.81,1.526,0.0,0.0,2.288,0.0,0.0,0.0,0.0,0.0
-4.493,-4.952,2,CD8.TEX,1.0,0.0,1.747,0.762,0.0,2.057,0.762,0.0,0.0,1.936,0.762,0.0,0.0,1.163,2.161,0.703,0.0,0.0,0.0,0.703,0.0,0.0,0.0,0.762,0.703
6.535,-5.188,9,CD8.TEMRA,1.0,0.0,1.158,0.0,0.0,2.183,0.0,1.244,0.0,1.35,0.0,1.722,0.0,0.0,2.096,0.767,1.655,0.472,0.302,1.466,0.422,0.0,0.0,0.0,1.183
-1.225,-3.537,1,CD8.CM,1.0,0.0,1.682,0.0,0.0,2.648,0.0,2.648,0.0,1.682,1.682,0.0,0.0,2.278,0.0,3.13,0.0,0.0,1.682,1.682,0.0,0.0,0.0,0.0,0.0
0.408,-2.122,10,CD8.EM,0.9,0.0,1.764,0.453,0.0,0.74,0.0,0.528,0.0,1.141,0.0,0.686,0.0,0.203,0.286,0.688,0.422,0.544,0.223,0.88,0.0,0.0,0.0,0.246,0.14
1.634,4.716,15,CD8.CM,1.0,0.107,0.447,0.178,0.0,1.074,0.262,0.334,0.0,1.821,0.096,0.437,0.071,0.224,1.688,0.129,0.501,0.246,0.353,0.908,0.296,0.071,0.114,1.202,0.096
7.624,3.773,1,CD8.NaiveLike,1.0,0.0,0.927,0.0,0.0,0.0,0.0,0.0,0.0,2.582,0.0,3.038,1.4,0.0,0.0,2.156,0.0,0.0,1.72,0.927,0.0,0.0,0.0,0.0,0.0
4.901,5.188,3,CD8.NaiveLike,1.0,0.0,0.456,0.0,0.0,0.614,0.0,0.0,0.0,3.295,0.456,0.817,0.614,0.0,0.0,1.1,0.0,1.07,1.286,0.362,0.0,1.404,0.0,0.0,0.0
4.493,4.952,4,CD8.NaiveLike,1.0,0.0,1.282,0.373,0.0,0.0,0.0,1.279,0.0,3.155,0.373,0.91,0.785,0.0,0.0,0.381,0.0,0.0,0.686,0.0,0.0,0.412,0.0,0.516,0.0
2.314,4.009,5,CD8.CM,1.0,0.0,2.243,0.308,0.0,0.445,0.0,1.033,0.0,2.998,0.301,0.993,0.301,0.0,0.0,0.835,0.264,0.605,0.0,0.0,0.264,0.264,0.565,0.909,0.0
6.671,-4.48,27,CD8.TEMRA,0.926,0.0,0.842,0.0,0.0,2.441,0.108,1.204,0.049,1.157,0.367,0.769,0.057,0.176,2.237,0.533,0.555,0.417,0.126,0.945,0.361,0.057,0.115,0.106,0.789
-3.131,7.781,5,CD8.MAIT,1.0,0.276,2.757,0.999,0.0,0.264,0.0,1.676,0.0,2.909,1.475,1.245,0.0,0.264,0.357,1.568,1.176,0.0,0.478,0.312,0.276,0.276,0.0,0.0,0.445
-2.314,-1.179,2,CD8.EM,1.0,0.0,1.823,0.625,0.0,2.164,0.625,0.895,1.198,0.0,0.0,0.0,0.625,0.625,1.3,2.395,1.52,0.0,0.0,1.069,0.0,0.0,0.625,0.0,0.625
-5.99,-4.716,21,CD8.TEX,1.0,0.052,1.297,0.878,0.734,3.002,0.666,1.433,0.217,0.402,1.2,0.079,0.0,0.914,2.055,2.112,0.749,0.069,0.283,0.641,0.061,0.0,0.137,0.052,0.665
1.906,4.716,6,CD8.CM,1.0,0.0,0.169,0.0,0.251,0.859,0.0,0.662,0.169,2.285,0.647,0.305,0.0,0.53,0.0,0.214,0.587,0.0,0.251,0.169,0.0,0.804,0.0,0.499,0.382
1.225,0.707,3,CD8.CM,1.0,0.436,2.118,0.493,0.0,0.815,0.0,1.329,0.619,2.319,0.0,1.329,0.0,0.0,0.0,2.131,1.112,0.0,1.505,0.683,0.0,1.295,0.0,0.0,1.732
2.859,3.537,1,CD8.CM,1.0,0.0,1.812,1.484,0.0,2.057,0.0,0.0,0.0,3.652,0.996,2.057,0.0,0.0,2.894,1.812,0.996,0.0,1.812,1.484,0.0,0.996,0.0,2.057,0.0
-3.267,-2.358,1,CD8.EM,1.0,0.0,3.391,0.0,0.0,0.0,1.166,0.0,0.0,0.0,1.166,0.0,0.0,0.0,0.0,2.488,1.166,0.0,1.166,1.166,1.166,0.0,0.0,1.689,1.166
-4.901,-0.472,1,CD8.TEX,1.0,0.0,1.769,0.964,0.0,2.514,0.964,0.964,0.0,0.964,0.0,0.0,0.0,1.445,0.0,1.445,0.0,0.0,0.0,0.964,0.0,0.0,0.964,0.0,0.0
-2.451,8.017,4,CD8.MAIT,1.0,0.0,3.055,0.589,0.0,0.433,0.0,0.79,0.3,2.966,0.0,0.0,0.0,0.0,0.92,1.61,1.167,0.3,0.0,0.66,0.559,0.648,0.0,0.0,0.433
0.408,3.537,3,CD8.CM,0.667,0.0,2.292,0.409,0.346,2.447,0.0,1.305,0.0,3.547,0.634,0.858,0.449,0.0,2.386,0.512,1.291,0.0,0.92,1.031,0.0,0.0,0.0,0.512,0.346
-6.807,-5.188,3,CD8.TEX,1.0,0.0,2.141,1.493,0.0,2.483,0.0,1.667,0.81,0.961,1.098,0.0,0.0,1.353,1.217,2.411,0.492,0.0,0.0,1.049,0.919,0.0,0.492,0.0,0.427
-1.361,8.017,3,CD8.MAIT,0.667,0.0,2.258,0.0,0.0,0.5,0.0,1.008,0.0,2.735,0.0,1.2,0.0,0.0,1.199,0.5,0.5,0.0,0.0,0.5,0.0,0.0,0.0,0.0,0.0
5.718,-3.301,7,CD8.TEMRA,1.0,0.0,2.469,0.0,0.0,1.308,0.0,1.669,0.242,1.208,0.562,2.64,0.0,0.157,1.803,1.141,0.502,0.242,0.248,0.46,0.172,0.408,0.53,0.491,1.671
-0.408,-3.065,8,CD8.EM,0.875,0.0,1.411,0.232,0.0,0.0,0.0,0.323,0.0,0.0,0.232,0.587,0.0,0.232,0.591,0.862,0.0,0.0,0.201,0.232,0.0,0.0,0.0,0.344,0.0
2.587,4.009,2,CD8.CM,1.0,0.683,1.554,0.0,0.0,0.683,0.0,2.314,0.0,3.729,0.0,2.141,0.683,0.605,1.27,0.683,1.554,0.0,0.0,0.0,0.683,0.605,0.0,0.683,0.0
-5.854,-2.122,6,CD8.TPEX,0.833,0.0,0.552,0.633,0.895,0.275,0.232,0.659,0.154,2.334,0.643,0.0,0.0,0.517,0.48,1.148,0.782,0.146,0.378,0.474,0.0,0.81,0.19,0.922,0.45
-0.408,0.236,1,CD8.CM,1.0,0.0,2.458,2.458,0.0,1.847,0.0,0.0,0.0,0.0,0.0,0.0,0.0,0.0,1.847,1.847,1.847,0.0,0.0,0.0,0.0,0.0,0.0,0.0,0.0
-1.361,8.489,1,CD8.MAIT,1.0,0.0,4.372,0.967,0.0,0.0,0.0,0.0,0.0,2.752,0.967,0.0,0.0,0.0,0.0,0.967,0.0,0.0,0.0,0.967,0.0,0.0,0.0,0.0,0.0
-2.723,7.546,1,CD8.MAIT,1.0,0.0,2.315,0.0,0.0,1.397,0.0,0.0,0.0,4.021,0.0,0.0,0.0,0.0,0.0,1.397,0.0,0.0,0.0,1.397,0.0,0.0,0.0,0.0,0.0
-7.488,-4.009,1,CD8.TEX,1.0,0.0,2.567,1.301,0.0,2.754,0.0,2.338,0.0,1.612,2.039,0.849,0.0,1.301,2.039,2.338,0.0,0.0,0.0,1.301,0.0,0.0,0.0,0.0,1.848
-2.723,-3.773,1,CD8.TEX,1.0,0.0,2.022,1.287,0.0,0.838,0.0,0.0,0.0,2.441,1.287,0.0,0.0,0.0,0.838,1.831,0.0,0.0,1.596,1.831,0.838,0.0,0.838,0.0,0.0
-2.178,-1.415,6,CD8.EM,1.0,0.265,0.691,0.987,0.0,0.909,0.622,0.676,0.0,0.718,1.036,0.289,0.0,1.015,1.735,2.458,1.053,0.0,0.373,0.805,0.0,0.0,0.695,0.201,0.458
5.854,-5.423,1,CD8.TEMRA,1.0,0.0,2.666,0.0,0.0,2.04,0.0,0.0,0.0,0.0,0.0,1.469,0.0,0.0,2.401,0.0,0.0,0.0,0.0,0.0,0.0,0.0,0.0,0.0,0.0
0.681,4.009,4,CD8.CM,1.0,0.0,0.47,0.332,0.0,3.644,0.332,0.756,0.438,3.183,0.305,0.305,0.0,0.0,2.128,0.623,0.0,0.305,0.0,0.7,0.305,0.0,0.0,1.032,0.318
3.676,4.48,1,CD8.CM,1.0,0.0,1.795,0.0,0.0,0.0,0.0,1.255,0.0,3.885,0.0,1.795,1.795,0.0,1.255,2.401,1.795,1.255,0.0,1.255,1.795,1.255,0.0,2.143,0.0
-2.314,8.253,1,CD8.MAIT,1.0,0.0,1.593,0.0,0.0,0.0,0.835,1.593,0.0,3.554,1.284,0.0,0.835,0.0,0.0,2.019,1.284,0.0,0.0,0.0,0.835,0.0,0.0,0.0,1.284
3.812,4.244,3,CD8.CM,1.0,0.0,1.158,0.0,0.0,0.0,0.0,0.404,0.0,3.057,0.0,0.404,0.404,0.581,0.4,0.697,0.0,0.804,0.692,0.0,0.804,0.982,0.0,0.0,0.4
-4.901,-2.83,2,CD8.TEX,1.0,0.0,0.0,0.0,0.0,0.0,0.0,0.0,2.561,0.545,1.093,0.0,0.0,0.8,0.968,1.696,0.8,0.0,0.0,0.8,0.0,0.968,0.0,0.0,1.15
6.807,-3.301,1,CD8.CM,1.0,0.0,2.652,0.0,0.0,0.0,0.0,0.0,0.0,3.702,0.0,0.0,0.0,0.0,0.0,0.0,0.0,0.0,0.0,0.0,0.0,0.0,0.0,0.0,0.0
-3.676,-2.122,1,CD8.EM,1.0,0.0,2.402,0.0,0.0,0.0,0.0,0.0,0.0,0.0,0.0,2.402,0.0,0.0,2.402,3.718,0.0,0.0,0.0,0.0,0.0,0.0,2.402,2.402,0.0
-2.995,-2.358,1,CD8.EM,1.0,0.0,0.0,0.0,0.0,0.0,0.0,0.0,0.0,0.0,0.0,0.0,0.0,0.0,0.0,0.0,0.0,0.0,0.0,0.0,0.0,0.0,0.0,0.0,0.0
-5.582,-0.236,1,CD8.TPEX,1.0,0.0,2.156,0.0,0.0,0.0,0.0,2.156,2.156,2.156,2.156,2.156,0.0,0.0,2.156,0.0,2.156,0.0,0.0,0.0,0.0,2.156,0.0,2.156,0.0
0.136,-2.122,11,CD8.EM,1.0,0.0,1.909,0.158,0.0,0.188,0.0,0.931,0.0,0.32,0.0,0.28,0.0,0.549,0.248,0.725,0.38,0.0,0.0,0.674,0.4,0.0,0.237,0.453,0.191
2.042,3.537,17,CD8.CM,1.0,0.072,2.549,0.095,0.0,0.568,0.0,0.642,0.103,2.11,0.223,0.426,0.185,0.248,0.362,0.774,0.482,0.171,0.37,0.363,0.163,0.095,0.0,0.809,0.164
6.262,5.188,6,CD8.NaiveLike,1.0,0.0,1.763,0.177,0.556,0.0,0.0,0.677,0.0,2.206,0.396,0.873,0.648,0.0,0.0,0.766,1.067,0.356,1.058,1.033,0.211,1.335,0.177,0.206,0.0
-3.54,-2.83,1,CD8.EM,1.0,0.0,0.0,2.335,0.0,0.0,0.0,0.0,0.0,0.0,0.0,0.0,0.0,2.335,2.335,0.0,0.0,0.0,0.0,0.0,0.0,0.0,0.0,0.0,0.0
1.498,4.952,5,CD8.CM,1.0,0.0,1.88,0.0,0.0,1.26,0.0,0.987,0.0,1.066,0.39,0.0,0.0,0.0,0.609,0.359,0.681,0.0,0.0,0.808,0.0,0.359,0.0,1.028,0.514
-5.309,-2.594,1,CD8.TEX,1.0,0.0,2.488,0.0,0.0,0.0,0.0,0.0,0.0,0.0,0.0,0.0,0.0,2.488,2.488,3.139,0.0,0.0,0.0,0.0,0.0,0.0,0.0,0.0,0.0
0.136,0.707,1,CD8.TEX,1.0,0.0,3.217,0.0,0.0,0.0,0.0,0.0,0.0,0.0,0.0,0.0,0.0,0.0,0.0,0.0,0.0,0.0,0.0,0.0,0.0,0.0,0.0,0.0,2.563
-3.131,-2.122,1,CD8.TEX,1.0,0.0,2.661,0.0,0.0,0.0,0.0,0.0,0.0,0.0,0.0,2.661,0.0,0.0,0.0,2.661,0.0,0.0,0.0,0.0,0.0,0.0,0.0,0.0,0.0
-3.676,-2.594,3,CD8.EM,0.667,0.0,0.419,0.538,0.0,1.672,1.331,0.787,0.0,0.0,0.599,0.0,0.0,1.25,1.87,2.823,0.599,0.0,0.0,0.0,0.0,0.0,1.87,0.912,0.0
-2.995,-1.886,1,CD8.EM,1.0,0.0,3.772,0.0,0.0,0.0,0.0,2.251,0.0,0.0,0.0,2.251,0.0,2.251,0.0,0.0,0.0,0.0,0.0,0.0,0.0,0.0,0.0,0.0,0.0
-4.356,-3.773,4,CD8.TEX,1.0,0.0,0.716,1.688,0.655,2.371,0.709,0.324,0.0,0.384,1.614,0.53,0.0,1.243,2.248,0.772,0.0,0.0,0.0,0.979,0.324,0.259,0.584,0.0,0.582
-2.723,-1.886,2,CD8.EM,1.0,0.0,1.508,2.472,0.569,1.508,0.0,0.0,0.0,0.0,0.828,0.0,0.0,0.0,1.768,2.556,2.004,0.0,0.0,0.0,0.0,0.0,0.828,0.569,0.0
2.859,0.236,9,CD8.EM,0.444,0.159,0.501,0.0,0.0,0.16,0.0,0.356,0.222,1.109,0.0,1.11,0.0,0.525,0.453,0.83,0.64,0.107,0.0,0.452,0.107,0.6,0.317,0.271,0.196
2.587,4.952,1,CD8.CM,1.0,0.0,0.0,0.0,0.0,0.0,0.0,0.0,2.559,3.212,0.0,0.0,0.0,0.0,0.0,0.0,0.0,0.0,0.0,0.0,0.0,0.0,2.559,0.0,0.0
2.995,0.472,7,CD8.CM,0.714,0.0,2.084,0.0,0.0,0.779,0.0,0.868,0.0,2.657,0.0,0.828,0.498,0.216,0.784,0.849,0.667,0.325,0.24,0.655,0.0,0.486,0.0,0.0,0.216
2.178,4.716,3,CD8.CM,1.0,0.0,1.018,0.0,0.0,0.0,0.0,0.717,0.0,2.733,0.0,0.604,0.0,0.495,1.018,0.523,0.0,0.0,0.686,0.686,0.0,0.0,0.0,0.839,0.0
2.723,0.0,3,CD8.EM,1.0,0.0,1.758,0.0,0.0,0.0,0.0,0.85,0.0,0.85,0.0,1.506,0.0,0.0,0.85,0.0,0.0,0.0,0.47,0.893,0.0,0.47,0.381,0.777,0.984
6.262,-5.188,27,CD8.TEMRA,0.963,0.096,0.704,0.0,0.0,2.546,0.159,0.957,0.051,0.469,0.061,1.696,0.0,0.041,1.941,0.484,1.346,0.542,0.0,1.366,0.096,0.14,0.119,0.138,0.82
0.953,-0.707,1,CD8.CM,1.0,0.0,3.034,0.0,0.0,0.0,0.0,1.245,0.0,0.0,0.0,3.34,1.245,0.0,1.245,0.0,0.0,0.0,2.131,1.783,0.0,1.245,1.245,0.0,1.245
2.859,0.707,4,CD8.CM,1.0,0.207,0.513,0.207,0.0,1.235,0.0,0.688,0.0,2.486,0.0,1.034,0.0,0.0,0.0,0.207,0.207,0.946,0.454,0.37,0.0,0.43,0.37,0.404,0.577
-0.817,-3.301,1,CD8.EM,1.0,0.0,1.995,0.0,0.0,0.0,0.0,0.0,0.0,0.0,1.995,2.617,0.0,0.0,0.0,1.995,0.0,0.0,0.0,0.0,1.995,0.0,0.0,0.0,0.0
1.77,4.952,3,CD8.CM,1.0,0.0,1.165,0.0,0.0,1.009,0.0,0.0,0.0,3.155,0.0,0.0,0.0,0.0,1.066,0.0,0.375,0.0,0.0,0.744,0.0,0.375,0.0,1.181,0.0
2.042,4.952,3,CD8.CM,1.0,0.0,1.249,0.0,0.0,0.0,0.0,0.726,0.523,2.92,0.763,0.0,0.0,0.0,1.688,0.0,0.0,0.0,0.839,0.564,0.726,0.0,0.0,0.531,0.0
2.995,0.0,10,CD8.TEX,0.6,0.0,1.59,0.229,0.0,1.981,0.322,0.861,0.0,0.131,0.615,0.867,0.0,1.069,1.017,1.682,0.749,0.0,0.0,0.208,0.0,0.0,0.0,0.437,0.762
1.906,-0.472,2,CD8.CM,0.5,0.0,1.72,0.846,0.0,0.0,0.0,1.287,0.0,0.704,0.0,0.985,0.0,0.846,1.568,2.274,0.704,0.0,0.0,0.0,0.0,0.704,0.0,0.0,0.0
3.131,0.707,1,CD8.NaiveLike,1.0,0.0,0.0,0.0,0.0,0.0,0.0,0.0,0.0,3.624,0.0,2.957,0.0,0.0,0.0,0.0,0.0,2.747,0.0,0.0,0.0,0.0,0.0,0.0,0.0
6.807,-3.773,12,CD8.TEMRA,1.0,0.0,1.116,0.186,0.0,2.699,0.322,0.889,0.0,0.441,0.0,1.968,0.146,0.0,2.2,0.0,0.283,0.77,0.196,1.192,0.146,0.0,0.0,0.275,1.123
-2.178,7.074,2,CD8.CM,0.5,0.0,1.705,0.0,0.0,0.0,0.0,0.0,0.0,1.762,0.0,0.0,0.0,0.0,1.241,0.0,0.0,0.0,0.0,0.0,0.0,0.0,0.0,0.0,0.0
7.079,-4.244,3,CD8.TEMRA,1.0,0.0,0.0,0.0,0.0,3.241,0.0,0.0,0.0,2.336,0.719,1.512,0.0,0.0,2.486,0.0,0.0,0.0,0.0,0.0,0.0,0.0,0.0,0.0,1.172
6.535,5.188,1,CD8.NaiveLike,1.0,0.0,0.0,0.0,0.0,0.0,0.0,0.0,0.0,4.23,1.561,2.776,1.561,0.0,0.0,0.0,0.0,1.561,2.776,0.0,0.0,0.0,0.0,0.0,0.0
2.587,1.179,1,CD8.CM,1.0,0.0,0.0,0.0,0.0,0.0,0.0,1.48,0.0,3.337,0.0,1.48,0.0,1.48,0.0,2.052,1.48,0.0,0.0,0.0,0.0,0.0,0.0,2.414,0.0
0.408,2.594,2,CD8.EM,0.5,0.0,0.0,0.8,0.0,2.126,0.0,0.0,0.0,0.917,0.0,1.277,0.0,0.0,1.445,0.0,0.645,0.0,0.0,1.445,0.0,0.645,0.0,0.8,1.094
-4.22,-1.651,5,CD8.TPEX,1.0,0.0,0.244,0.232,1.424,0.0,0.0,0.865,0.42,2.401,1.45,0.351,0.0,1.09,0.573,0.758,0.351,0.0,0.0,0.702,0.0,1.264,0.476,0.693,0.232
1.089,1.886,2,CD8.CM,1.0,0.0,0.0,0.0,0.827,1.164,0.0,0.0,0.997,0.997,0.864,0.0,0.0,0.568,0.0,0.0,0.0,0.0,0.0,0.0,0.0,0.0,0.0,1.499,0.827
2.178,4.244,1,CD8.CM,1.0,0.0,1.713,0.0,0.0,3.066,1.484,1.713,0.0,1.484,1.186,0.759,0.759,0.0,1.186,0.0,1.713,0.0,1.484,0.759,0.0,0.0,0.0,0.0,0.0
-1.634,-3.301,6,CD8.EM,0.833,0.0,0.465,0.147,0.0,0.833,0.0,0.0,0.147,1.506,0.269,1.055,0.184,0.588,0.649,0.27,0.487,0.184,0.454,0.619,0.224,0.408,0.502,0.326,0.178
-1.089,0.0,1,CD8.EM,1.0,1.204,1.734,0.0,1.734,0.0,0.0,0.0,0.0,1.734,0.0,0.0,0.0,0.0,0.0,0.0,0.0,0.0,0.0,0.0,0.0,2.335,0.0,0.0,0.0
-2.451,-3.301,2,CD8.CM,0.5,0.0,1.235,0.0,0.0,2.108,0.696,1.526,0.0,1.751,1.083,0.976,0.0,0.0,0.891,1.478,0.622,0.0,0.461,1.099,0.461,0.976,0.696,0.0,0.0
-3.676,-1.179,1,CD8.TPEX,1.0,0.0,0.0,0.0,1.719,0.0,0.0,1.191,0.0,1.191,0.0,1.719,0.0,0.0,0.0,2.063,1.719,0.0,0.0,0.0,0.0,1.191,1.191,0.0,0.0
-4.901,-2.358,3,CD8.TPEX,0.667,0.0,0.0,0.281,0.921,0.312,0.0,0.578,0.0,2.23,0.955,0.0,0.0,0.281,1.867,1.063,0.744,0.0,0.312,0.0,0.281,0.98,0.98,0.0,1.13
-4.356,-2.83,2,CD8.TPEX,1.0,0.0,0.0,0.576,0.576,0.0,0.0,0.0,0.576,2.05,1.562,0.0,0.0,0.0,0.0,0.559,0.576,0.0,0.986,0.576,0.576,1.396,0.559,0.559,0.0
-5.037,-2.594,1,CD8.TPEX,1.0,0.0,1.19,1.19,1.718,1.19,0.0,1.19,0.0,2.689,1.19,0.0,0.0,1.19,0.0,0.0,0.0,0.0,0.0,1.718,0.0,0.0,0.0,0.0,0.0
-3.131,-2.594,1,CD8.TEX,1.0,0.0,1.524,1.028,0.0,0.0,0.0,2.466,0.0,1.524,2.102,0.0,0.0,1.854,0.0,0.0,1.028,0.0,0.0,1.028,0.0,1.524,0.0,0.0,1.524
-4.22,-2.594,1,CD8.TPEX,1.0,0.0,1.204,1.204,1.204,0.0,0.0,0.0,0.0,3.091,0.0,0.0,0.0,0.0,0.0,1.204,0.0,0.0,1.204,0.0,0.0,0.0,0.0,0.0,0.0
-4.084,-1.886,1,CD8.TPEX,1.0,0.0,0.0,0.0,1.154,0.0,0.0,0.0,0.0,3.022,0.0,0.0,0.0,0.0,0.0,0.0,1.154,0.0,1.154,0.0,1.676,1.154,0.0,0.0,0.0
-4.629,-0.943,1,CD8.CM,1.0,0.0,0.0,0.0,2.06,0.0,0.0,1.487,0.0,2.06,0.998,0.0,0.0,0.0,0.0,0.0,0.0,0.0,1.487,0.998,0.0,2.258,0.0,0.998,0.998
-3.131,-4.009,2,CD8.EM,0.5,0.0,0.968,0.0,0.0,1.611,0.0,1.182,0.0,0.0,1.182,0.689,0.0,0.689,0.968,1.661,0.0,0.0,0.0,1.146,0.0,0.0,0.0,0.0,0.881
-2.314,7.31,1,CD8.MAIT,1.0,0.0,2.628,2.005,0.0,0.0,0.0,0.0,2.005,3.009,0.0,0.0,0.0,0.0,0.0,0.0,0.0,0.0,0.0,0.0,0.0,0.0,0.0,0.0,0.0
-6.399,-5.423,2,CD8.TEX,1.0,0.0,2.303,1.766,0.0,2.681,0.84,1.893,0.0,0.0,2.303,0.0,0.0,0.0,2.054,3.846,1.225,0.0,0.0,1.334,0.0,0.0,0.0,0.0,1.595
-0.136,-3.065,3,CD8.EM,1.0,0.0,0.0,0.0,0.0,1.02,0.0,0.535,0.804,0.731,0.535,0.0,1.126,0.0,1.61,0.0,0.0,0.0,0.535,0.731,0.591,0.0,0.535,0.0,0.0
0.272,2.358,1,CD8.CM,1.0,1.514,2.091,0.0,0.0,0.0,0.0,2.091,0.0,2.091,0.0,0.0,0.0,0.0,0.0,1.514,0.0,0.0,0.0,1.514,1.514,0.0,0.0,0.0,1.514
-1.906,8.489,1,CD8.MAIT,1.0,0.0,2.388,0.0,0.0,0.0,0.0,0.0,3.34,3.035,0.0,0.0,0.0,0.0,1.245,2.388,0.0,0.0,0.0,1.245,0.0,0.0,0.0,0.0,1.245
-7.079,-4.716,1,CD8.TEX,1.0,0.0,1.948,1.611,1.1,1.1,0.0,0.0,0.0,1.948,0.0,0.0,0.0,1.611,0.0,2.199,0.0,0.0,0.0,0.0,0.0,0.0,0.0,0.0,1.1
-3.404,-2.122,1,CD8.TEX,1.0,0.0,2.429,2.429,0.0,3.291,1.821,2.635,0.0,0.0,1.278,0.0,0.0,1.278,1.821,3.807,0.0,0.0,0.0,0.0,0.0,0.0,0.0,0.0,1.278
-7.352,-4.244,1,CD8.TEX,1.0,0.0,2.308,0.0,1.182,2.052,0.0,2.511,0.0,0.0,1.182,0.0,0.0,1.709,0.0,3.554,0.0,0.0,0.0,0.0,0.0,0.0,0.0,0.0,0.0
6.671,-3.537,9,CD8.TEMRA,1.0,0.0,0.653,0.198,0.0,1.441,0.0,1.389,0.0,0.139,0.0,1.458,0.0,0.0,1.639,0.0,0.408,0.517,0.164,0.726,0.494,0.363,0.139,0.0,0.233
-6.943,-4.952,4,CD8.TEX,1.0,0.251,1.791,0.606,1.111,2.51,1.62,0.803,0.251,0.702,0.702,0.251,0.374,1.728,1.336,3.021,1.022,0.0,0.0,0.369,0.0,0.0,0.713,0.251,1.247
-7.215,-4.48,2,CD8.TEX,1.0,0.0,1.918,1.22,0.0,2.742,0.565,0.666,0.0,1.911,2.238,0.0,0.0,1.659,1.119,2.504,0.0,0.0,0.0,0.823,0.666,0.565,0.0,0.0,0.823
-2.859,-1.179,1,CD8.TPEX,1.0,0.0,1.352,1.352,0.0,1.352,0.0,1.352,0.0,0.0,0.0,2.522,1.352,1.352,0.0,2.261,1.352,1.352,0.0,2.522,0.0,0.0,0.0,0.0,1.352
0.545,0.943,3,CD8.CM,0.667,0.0,2.537,0.0,0.0,1.0,0.0,0.419,0.404,0.271,0.404,1.177,0.0,0.0,1.0,0.271,0.823,0.271,0.404,0.419,0.419,0.271,0.0,0.0,0.853
-2.859,-4.009,1,CD8.EM,1.0,0.0,2.394,2.394,1.788,0.0,0.0,0.0,0.0,0.0,0.0,0.0,1.788,0.0,1.788,1.788,1.788,0.0,0.0,1.788,0.0,0.0,0.0,0.0,1.788
6.262,-3.301,1,CD8.TEMRA,1.0,0.0,4.258,0.0,0.0,2.273,0.0,2.273,0.0,0.0,0.0,3.45,0.0,0.0,3.126,0.0,1.678,0.0,1.678,0.0,0.0,0.0,0.0,0.0,0.0
2.587,-0.236,1,CD8.EM,1.0,0.0,0.0,0.0,0.0,2.038,0.0,1.468,0.0,0.0,0.0,0.0,0.0,0.0,2.038,0.0,0.0,0.0,0.0,0.0,0.0,0.0,2.038,0.0,1.468
2.314,-0.236,1,CD8.EM,1.0,0.0,3.065,0.0,0.0,0.0,0.0,0.0,0.0,0.0,0.0,2.418,0.0,1.483,1.483,0.0,1.483,0.0,0.0,0.0,0.0,0.0,0.0,0.0,0.0
6.943,3.065,2,CD8.NaiveLike,1.0,0.0,1.421,0.0,0.0,0.598,0.0,0.597,0.0,2.685,0.0,2.197,1.632,0.0,0.0,1.035,0.0,0.598,2.426,0.0,0.0,1.46,0.598,0.0,0.0
2.859,-0.236,1,CD8.TEX,1.0,1.531,0.0,2.74,2.11,1.531,1.531,3.515,0.0,0.0,2.11,0.0,0.0,2.95,2.11,4.193,1.531,0.0,0.0,1.531,0.0,0.0,2.11,0.0,0.0
5.446,-5.188,2,CD8.CM,0.5,0.0,0.831,0.0,0.0,1.9,0.0,0.0,0.405,1.137,0.0,0.989,0.405,0.778,2.218,1.533,0.625,0.976,1.236,1.457,0.976,0.0,1.001,0.405,0.625
2.723,0.472,1,CD8.CM,1.0,0.0,1.466,0.0,0.0,0.0,0.0,2.662,0.0,2.397,0.0,0.0,0.0,1.466,0.0,2.871,1.466,0.0,0.0,1.466,0.0,1.466,0.0,0.0,1.466
0.545,-2.358,3,CD8.EM,1.0,0.0,2.149,0.0,0.0,1.544,0.0,0.539,0.0,1.953,0.0,0.539,0.539,0.67,0.858,1.854,0.539,0.0,0.778,0.0,0.0,0.0,0.539,0.0,1.122
-1.498,-0.236,1,CD8.EM,1.0,0.0,1.186,1.186,0.0,0.0,0.0,1.186,0.0,1.714,1.186,0.0,0.0,0.0,0.0,2.684,1.714,0.0,1.714,1.714,1.186,0.0,1.714,0.0,1.714
-2.314,-0.707,1,CD8.EM,1.0,0.0,2.446,0.0,0.0,2.757,1.134,0.0,0.0,0.0,0.0,0.0,1.134,1.134,1.652,2.244,1.134,0.0,0.0,1.134,0.0,0.0,1.652,0.0,0.0
0.0,1.415,1,CD8.EM,1.0,1.273,1.273,1.273,0.0,2.799,0.0,1.816,0.0,3.184,1.273,0.0,0.0,0.0,2.424,1.816,0.0,0.0,1.273,0.0,1.273,0.0,0.0,0.0,1.273
4.629,-4.244,1,CD8.EM,1.0,0.0,1.176,2.671,0.0,2.502,2.3,0.0,0.0,0.0,0.0,2.671,0.0,2.671,3.053,0.0,1.176,0.0,0.0,0.0,0.0,0.0,1.176,0.0,1.176
-3.54,-3.301,1,CD8.TEX,1.0,0.0,1.524,2.102,0.0,0.0,1.524,0.0,0.0,0.0,1.028,0.0,1.028,0.0,2.466,2.3,0.0,0.0,0.0,1.854,0.0,0.0,1.524,0.0,0.0
-6.943,-0.236,1,CD8.TPEX,1.0,0.0,0.709,1.818,0.0,5.319,0.0,1.12,1.41,0.0,2.107,0.0,0.0,0.709,2.594,2.594,1.12,0.0,0.0,0.709,0.0,0.0,0.0,2.737,1.634
0.953,-2.122,2,CD8.EM,0.5,0.0,1.217,0.0,0.0,2.2,0.0,1.217,0.0,0.0,0.0,2.2,0.0,0.0,0.0,0.0,1.541,0.0,0.0,0.0,0.0,0.0,0.0,0.0,0.0
0.953,-1.651,1,CD8.CM,1.0,0.0,0.0,0.0,0.0,0.0,0.0,0.0,0.0,0.0,0.0,0.0,0.0,0.0,0.0,0.0,2.087,0.0,0.0,0.0,0.0,0.0,0.0,0.0,0.0
5.446,-3.301,3,CD8.TEMRA,0.667,0.0,1.875,1.184,0.0,0.0,0.0,2.672,0.627,0.557,1.184,2.584,0.0,0.0,2.261,0.0,1.056,0.557,0.0,0.0,0.0,0.0,0.627,1.12,1.254
1.089,-1.886,1,CD8.CM,1.0,0.0,1.969,0.0,0.0,0.0,0.0,1.969,0.0,0.0,0.0,0.0,0.0,0.0,0.0,2.59,2.59,0.0,0.0,1.969,0.0,0.0,0.0,0.0,0.0
6.126,-5.423,4,CD8.TEMRA,1.0,0.0,0.463,0.0,0.0,2.277,0.0,0.326,0.0,1.78,0.0,0.395,0.0,0.395,1.199,0.234,1.005,0.352,1.395,0.433,0.326,0.234,0.0,0.616,1.834
0.408,1.179,1,CD8.CM,1.0,0.0,2.069,2.069,0.0,0.0,0.0,2.069,0.0,0.0,0.0,2.697,0.0,0.0,0.0,0.0,0.0,0.0,0.0,0.0,2.069,2.069,0.0,2.069,2.069
0.408,3.065,1,CD8.CM,1.0,0.0,0.0,0.0,0.0,2.589,0.0,1.406,0.0,0.0,0.0,1.406,0.0,1.406,0.0,0.0,0.0,0.0,0.0,1.968,0.0,0.0,0.0,0.0,1.406
-4.084,0.0,1,CD8.EM,1.0,0.0,1.87,0.0,0.0,2.86,0.0,0.0,3.348,0.0,0.0,1.87,0.0,0.0,0.0,0.0,1.87,0.0,0.0,0.0,0.0,0.0,0.0,2.483,1.87
6.943,-3.537,2,CD8.TEMRA,1.0,0.0,0.658,0.0,0.0,0.932,0.0,1.108,0.0,0.0,0.658,1.692,0.0,0.0,1.692,0.0,0.0,0.658,0.0,0.0,0.0,0.0,0.0,0.0,2.471
2.723,4.244,1,CD8.CM,1.0,0.0,0.0,0.0,0.0,2.275,0.0,0.0,0.0,2.275,0.0,0.0,0.0,0.0,1.68,0.0,0.0,0.0,0.0,1.68,0.0,2.645,0.0,0.0,0.0
-4.493,0.236,1,CD8.TPEX,1.0,0.0,0.0,0.0,0.0,0.0,0.0,0.0,2.001,0.0,0.0,2.001,0.0,0.0,1.435,0.0,0.0,0.0,0.0,0.0,0.0,0.0,0.0,3.394,2.36
1.361,0.0,1,CD8.CM,1.0,0.0,0.0,0.0,0.0,0.0,0.0,0.0,0.0,2.266,0.0,3.294,0.0,0.0,0.0,2.528,1.356,1.356,0.0,0.0,0.0,0.0,0.0,0.0,1.356
0.545,1.415,1,CD8.CM,1.0,0.0,1.38,0.0,0.0,1.38,0.0,0.0,0.0,1.38,0.0,1.938,0.0,0.0,0.0,0.0,2.295,0.0,0.0,0.0,0.0,0.0,0.0,0.0,0.0
3.676,2.122,1,CD8.EM,1.0,0.0,2.698,0.0,0.0,0.0,0.0,3.357,0.0,0.0,0.0,0.0,0.0,0.0,0.0,0.0,2.07,0.0,0.0,0.0,0.0,0.0,0.0,0.0,0.0
-4.765,-0.236,1,CD8.TPEX,1.0,0.0,2.826,0.0,0.0,1.294,1.84,0.0,0.0,0.0,0.0,0.0,0.0,0.0,2.191,1.294,0.0,0.0,0.0,0.0,0.0,0.0,1.294,0.0,0.0
-1.498,6.838,1,CD8.CM,1.0,0.0,1.473,0.0,0.0,0.0,0.0,0.0,0.0,2.88,0.0,0.0,0.0,0.0,1.473,0.0,0.0,0.0,0.0,0.0,0.0,0.0,0.0,1.473,0.0
-3.267,-3.301,1,CD8.EM,1.0,0.0,2.318,1.718,0.0,2.69,0.0,0.0,0.0,0.0,1.718,1.19,0.0,1.718,2.062,0.0,1.19,0.0,1.19,1.19,1.19,0.0,1.19,0.0,0.0
0.817,1.415,2,CD8.CM,1.0,0.0,1.963,0.636,0.0,0.819,0.0,0.0,0.0,2.834,0.0,0.0,0.636,0.0,0.0,1.592,0.908,0.636,1.114,0.819,0.819,0.0,0.0,0.0,0.0
-3.404,-3.537,1,CD8.TEX,1.0,0.0,1.903,0.0,1.349,2.519,1.349,0.0,0.0,0.0,1.903,0.0,0.0,1.349,0.0,2.258,0.0,0.0,1.349,1.349,1.349,0.0,0.0,0.0,1.903
5.309,-3.065,1,CD8.CM,1.0,0.0,3.172,0.0,0.0,0.0,0.0,2.787,0.0,2.154,0.0,0.0,0.0,0.0,1.57,1.57,0.0,0.0,0.0,0.0,0.0,0.0,0.0,0.0,1.57
7.76,4.009,1,CD8.NaiveLike,1.0,0.0,1.377,0.0,0.0,0.0,0.0,1.377,0.0,1.377,0.0,0.0,0.0,0.0,0.0,0.0,0.0,0.0,2.292,0.0,0.0,0.0,0.0,0.0,0.0
-3.676,-4.48,2,CD8.TEX,0.5,0.0,0.0,0.0,0.0,1.196,0.0,1.196,0.873,0.0,1.5,0.607,0.0,0.607,0.607,0.0,0.0,0.0,0.0,0.873,0.0,0.0,0.0,0.607,1.046
7.352,3.301,1,CD8.NaiveLike,1.0,0.988,1.475,0.0,0.0,0.0,0.0,0.0,0.0,0.988,0.0,1.475,1.475,0.0,0.0,2.882,0.0,0.988,1.475,0.0,0.0,0.988,0.0,0.988,0.0
-5.854,-5.423,1,CD8.TEX,1.0,0.0,0.0,0.0,0.0,3.827,0.0,0.0,0.0,0.0,0.0,0.0,0.0,0.0,2.215,1.963,1.112,0.0,0.0,1.626,0.0,0.0,0.0,0.0,1.626
-2.723,-3.301,1,CD8.TEX,1.0,0.0,0.867,0.0,0.0,2.695,0.0,0.867,0.0,0.0,0.867,0.0,0.0,1.324,0.867,1.324,1.324,0.0,0.0,1.637,0.0,0.0,0.0,0.0,1.875
