hex_x,hex_y,n_cells,state,state_purity,BCL6,CD69,CXCR6,ENTPD1,GZMB,HAVCR2,ID2,ID3,IL7R,ITGAE,KLF2,LEF1,PDCD1,PRF1,RGS1,RUNX3,S1PR1,SELL,SELPLG,SLAMF6,TCF7,TOX,XCL1,ZEB2
7.171,2.484,175,CD8_c3_Tn,0.983,0.011,0.483,0.032,0.044,0.166,0.013,0.367,0.156,1.157,0.053,0.767,0.285,0.046,0.111,0.348,0.314,0.13,0.627,0.228,0.142,0.533,0.061,0.024,0.0
7.028,2.733,91,CD8_c3_Tn,0.934,0.055,0.298,0.081,0.114,0.265,0.105,0.495,0.086,0.734,0.147,0.352,0.18,0.13,0.408,0.47,0.155,0.048,0.42,0.199,0.037,0.486,0.059,0.039,0.05
7.315,2.733,184,CD8_c3_Tn,0.995,0.03,0.518,0.074,0.037,0.195,0.076,0.567,0.186,0.979,0.149,0.555,0.469,0.0,0.243,0.236,0.278,0.063,0.705,0.174,0.055,0.615,0.008,0.036,0.027
7.171,2.981,310,CD8_c3_Tn,0.987,0.0,0.587,0.063,0.039,0.16,0.019,0.483,0.124,0.956,0.087,0.469,0.29,0.032,0.243,0.219,0.189,0.088,0.429,0.128,0.102,0.382,0.051,0.02,0.136
-1.004,2.733,82,CD8_c0_t-Teff,1.0,0.037,0.316,0.338,0.0,0.147,0.027,0.379,0.112,1.286,0.196,0.736,0.051,0.344,0.554,0.527,0.533,0.249,0.254,0.44,0.26,0.295,0.128,0.046,0.221
8.319,2.484,36,CD8_c3_Tn,1.0,0.0,0.394,0.0,0.0,0.0,0.105,0.527,0.0,0.983,0.194,0.753,0.557,0.0,0.043,0.0,0.101,0.046,0.81,0.03,0.07,0.31,0.0,0.0,0.0
7.315,2.236,160,CD8_c3_Tn,0.994,0.014,0.526,0.031,0.015,0.031,0.015,0.344,0.076,1.4,0.103,0.746,0.398,0.01,0.065,0.193,0.223,0.221,0.854,0.209,0.078,0.718,0.052,0.063,0.03
-4.016,3.975,228,CD8_c2_Teff,0.991,0.008,0.509,0.069,0.011,1.432,0.028,1.496,0.003,1.081,0.216,0.722,0.048,0.092,1.061,0.123,0.433,0.302,0.141,0.293,0.116,0.192,0.039,0.0,0.729
-3.442,1.49,99,CD8_c2_Teff,0.97,0.019,0.815,0.117,0.035,1.602,0.071,1.148,0.018,0.661,0.224,1.076,0.124,0.109,1.569,0.207,0.481,0.549,0.403,0.972,0.602,0.197,0.152,0.146,0.816
2.008,1.987,205,CD8_c0_t-Teff,0.868,0.102,1.291,0.238,0.027,0.442,0.04,1.13,0.114,1.455,0.254,0.861,0.077,0.364,0.468,1.533,1.123,0.21,0.215,0.647,0.103,0.395,0.143,0.222,0.688
8.462,2.236,113,CD8_c3_Tn,1.0,0.0,0.303,0.0,0.0,0.0,0.0,0.435,0.048,0.973,0.174,0.751,0.565,0.0,0.104,0.0,0.125,0.039,0.77,0.169,0.041,0.711,0.0,0.0,0.051
0.861,4.471,179,CD8_c6_Tcm,0.994,0.009,0.685,0.334,0.003,0.194,0.005,0.285,0.019,0.788,0.192,0.318,0.058,0.087,0.308,0.923,0.608,0.07,0.08,0.218,0.149,0.234,0.153,0.032,0.245
6.884,2.981,38,CD8_c3_Tn,0.895,0.0,0.298,0.223,0.04,0.521,0.046,0.779,0.0,0.99,0.113,0.269,0.0,0.093,0.848,0.618,0.619,0.0,0.224,0.416,0.296,0.327,0.12,0.055,0.185
6.741,2.733,7,CD8_c3_Tn,0.714,0.339,0.485,0.0,0.0,0.736,0.347,0.439,0.0,1.215,0.391,0.493,0.0,0.0,0.483,1.307,0.301,0.253,0.253,0.0,0.347,0.0,0.0,0.253,0.0
7.028,2.236,53,CD8_c3_Tn,0.981,0.066,0.698,0.033,0.021,0.267,0.0,0.434,0.177,1.712,0.0,0.278,0.407,0.038,0.346,0.394,0.412,0.154,0.187,0.225,0.22,0.486,0.039,0.0,0.068
-3.012,0.745,36,CD8_c10_Teff_CD244,0.861,0.16,1.173,0.25,0.167,1.074,0.115,0.98,0.038,0.715,0.152,0.572,0.075,0.434,1.104,0.438,0.375,0.551,0.359,0.599,0.373,0.505,0.169,0.044,0.362
6.884,1.49,270,CD8_c3_Tn,1.0,0.056,0.785,0.072,0.024,0.058,0.012,0.515,0.102,2.366,0.148,0.993,0.467,0.055,0.158,0.532,0.334,0.453,1.023,0.364,0.134,0.612,0.058,0.024,0.092
6.311,0.994,196,CD8_c3_Tn,0.99,0.056,1.05,0.114,0.037,0.114,0.059,0.773,0.128,2.522,0.2,1.275,0.515,0.083,0.385,0.507,0.519,0.551,1.03,0.657,0.176,0.72,0.027,0.045,0.052
6.454,1.242,211,CD8_c3_Tn,0.995,0.039,1.329,0.053,0.044,0.056,0.01,0.863,0.175,2.628,0.123,1.211,0.663,0.065,0.139,0.627,0.464,0.557,1.124,0.587,0.121,0.791,0.043,0.024,0.049
6.167,1.242,154,CD8_c3_Tn,0.994,0.025,1.543,0.011,0.027,0.068,0.031,0.752,0.078,2.476,0.184,1.301,0.645,0.049,0.132,0.848,0.424,0.712,1.098,0.506,0.116,0.89,0.02,0.012,0.048
6.741,1.242,382,CD8_c3_Tn,0.997,0.041,0.811,0.107,0.019,0.068,0.029,0.611,0.075,2.476,0.178,1.075,0.509,0.068,0.185,0.622,0.357,0.486,1.098,0.475,0.118,0.673,0.037,0.069,0.087
6.597,1.49,110,CD8_c3_Tn,1.0,0.049,0.994,0.028,0.045,0.01,0.026,0.695,0.147,2.594,0.116,1.226,0.452,0.034,0.223,0.786,0.425,0.381,1.18,0.399,0.213,0.696,0.071,0.037,0.059
4.016,0.0,43,CD8_c0_t-Teff,0.86,0.0,1.016,0.573,0.049,0.904,0.139,0.884,0.03,3.183,0.291,0.646,0.169,0.108,0.979,0.744,0.531,0.404,0.513,0.735,0.111,0.734,0.0,0.556,0.033
7.028,1.739,166,CD8_c3_Tn,0.994,0.031,0.748,0.021,0.047,0.021,0.035,0.491,0.161,2.168,0.155,1.012,0.418,0.043,0.253,0.559,0.284,0.399,1.174,0.419,0.124,0.67,0.03,0.042,0.042
0.143,3.229,77,CD8_c0_t-Teff,0.714,0.055,0.634,0.28,0.045,0.346,0.059,0.388,0.014,2.342,0.265,0.389,0.064,0.187,0.629,0.797,0.691,0.578,0.621,0.882,0.148,0.446,0.132,0.173,0.476
7.171,1.49,225,CD8_c3_Tn,1.0,0.027,0.859,0.025,0.045,0.03,0.042,0.6,0.167,1.996,0.158,1.124,0.711,0.025,0.09,0.378,0.409,0.372,1.261,0.364,0.139,0.754,0.037,0.025,0.042
6.024,0.994,249,CD8_c3_Tn,1.0,0.051,1.424,0.042,0.025,0.024,0.008,0.832,0.148,2.22,0.171,1.399,0.785,0.043,0.226,0.488,0.492,0.623,1.308,0.784,0.149,0.754,0.028,0.014,0.071
0.861,2.484,136,CD8_c0_t-Teff,0.963,0.188,1.203,0.432,0.032,0.468,0.024,0.865,0.036,1.135,0.3,0.514,0.07,0.444,0.5,1.581,0.981,0.136,0.222,0.641,0.145,0.331,0.199,0.09,0.442
-1.434,-1.987,254,CD8_c9_Tsen,0.996,0.038,1.032,0.377,0.207,1.137,0.267,1.207,0.145,0.935,0.338,0.369,0.032,0.229,0.797,0.951,0.553,0.085,0.101,0.274,0.279,0.163,0.17,0.215,0.402
1.147,-2.484,218,CD8_c4_Tstr,0.977,0.094,1.698,0.183,0.057,0.6,0.052,1.476,0.233,1.759,0.361,0.844,0.091,0.254,0.378,1.305,0.917,0.073,0.118,0.2,0.093,0.434,0.103,0.475,0.331
7.171,1.987,151,CD8_c3_Tn,1.0,0.014,0.794,0.084,0.035,0.03,0.001,0.44,0.175,1.835,0.185,0.723,0.496,0.023,0.082,0.401,0.157,0.151,0.998,0.234,0.151,0.811,0.029,0.059,0.048
6.597,0.994,295,CD8_c3_Tn,0.997,0.041,0.692,0.248,0.05,0.282,0.022,0.851,0.066,2.545,0.254,1.074,0.34,0.069,0.492,0.671,0.38,0.366,0.711,0.444,0.157,0.588,0.021,0.072,0.086
7.458,1.987,121,CD8_c3_Tn,1.0,0.0,0.823,0.042,0.0,0.024,0.0,0.451,0.129,1.443,0.105,1.011,0.654,0.012,0.115,0.253,0.338,0.128,1.199,0.314,0.077,1.04,0.014,0.0,0.0
7.028,1.242,179,CD8_c3_Tn,1.0,0.01,0.69,0.061,0.026,0.022,0.082,0.436,0.164,1.833,0.189,1.119,0.543,0.065,0.152,0.463,0.412,0.36,1.086,0.325,0.133,0.856,0.081,0.021,0.063
-0.717,2.733,140,CD8_c0_t-Teff,1.0,0.055,0.366,0.287,0.031,0.132,0.018,0.294,0.106,1.474,0.264,0.568,0.127,0.224,0.494,0.6,0.442,0.23,0.394,0.342,0.226,0.532,0.188,0.047,0.268
-3.155,-6.459,158,CD8_c1_Tex,0.994,0.104,0.935,0.118,0.139,1.359,0.303,1.172,0.513,0.491,0.429,0.113,0.096,0.341,1.041,0.767,0.495,0.027,0.187,0.082,0.274,0.426,0.429,2.273,0.516
4.303,0.0,5,CD8_c0_t-Teff,0.8,0.0,0.7,0.223,0.281,0.393,0.0,1.564,0.0,3.208,1.028,0.223,0.326,0.0,0.765,0.423,0.42,0.281,0.236,0.842,0.0,0.0,0.0,0.0,0.0
6.741,1.739,34,CD8_c3_Tn,0.941,0.0,0.952,0.185,0.1,0.084,0.002,0.639,0.0,2.154,0.0,1.109,0.17,0.043,0.314,0.586,0.573,0.382,0.464,0.493,0.211,0.677,0.0,0.203,0.137
-3.872,-6.21,122,CD8_c1_Tex,0.984,0.061,0.711,1.326,0.861,1.731,0.28,1.571,0.108,1.361,1.069,0.075,0.024,0.842,0.577,2.14,0.636,0.021,0.242,0.443,0.172,0.04,0.381,0.523,0.788
-4.016,-5.962,199,CD8_c1_Tex,0.995,0.061,0.909,1.131,1.068,2.263,0.591,1.596,0.164,0.956,1.108,0.089,0.052,0.814,0.848,2.151,0.913,0.008,0.133,0.417,0.124,0.051,0.359,0.385,0.846
1.004,-2.733,574,CD8_c4_Tstr,0.998,0.074,1.178,0.17,0.091,0.491,0.17,1.103,0.251,1.384,0.283,0.635,0.046,0.317,0.49,1.155,0.739,0.096,0.143,0.264,0.142,0.344,0.144,0.311,0.383
3.299,-0.248,216,CD8_c0_t-Teff,0.995,0.105,1.521,0.697,0.102,1.45,0.104,1.687,0.052,2.315,0.661,0.47,0.116,0.22,1.031,1.355,0.999,0.087,0.122,0.517,0.244,0.292,0.161,1.114,0.425
-1.147,-1.987,59,CD8_c9_Tsen,0.966,0.114,1.296,0.227,0.186,0.424,0.059,1.377,0.115,1.716,0.254,0.171,0.045,0.346,0.471,1.391,0.586,0.122,0.069,0.256,0.269,0.301,0.224,0.247,0.165
0.43,-2.236,86,CD8_c4_Tstr,0.977,0.013,1.247,0.255,0.184,0.828,0.21,1.237,0.487,0.575,0.347,0.613,0.033,0.491,0.691,1.513,0.679,0.06,0.135,0.254,0.082,0.207,0.299,0.145,0.271
0.43,2.733,134,CD8_c0_t-Teff,0.978,0.083,0.976,0.344,0.044,0.303,0.009,0.519,0.056,1.656,0.282,0.28,0.08,0.25,0.657,1.392,0.689,0.319,0.278,0.492,0.146,0.414,0.257,0.136,0.625
0.717,-2.236,203,CD8_c4_Tstr,0.936,0.1,1.554,0.214,0.086,0.592,0.076,1.425,0.207,1.006,0.416,0.931,0.078,0.269,0.401,1.52,0.663,0.074,0.278,0.255,0.191,0.316,0.259,0.365,0.301
7.458,1.49,143,CD8_c3_Tn,1.0,0.043,1.152,0.004,0.037,0.017,0.022,0.514,0.185,2.033,0.113,1.367,0.991,0.0,0.111,0.199,0.263,0.287,1.361,0.419,0.127,1.058,0.01,0.013,0.0
4.159,1.242,80,CD8_c0_t-Teff,0.862,0.093,1.224,0.084,0.035,0.065,0.097,0.867,0.107,1.969,0.066,1.102,0.305,0.193,0.225,0.996,1.056,0.217,0.643,0.289,0.023,0.641,0.014,0.054,0.125
1.004,-2.236,158,CD8_c4_Tstr,0.956,0.138,1.834,0.36,0.03,0.632,0.1,1.526,0.237,1.27,0.213,0.829,0.034,0.196,0.598,1.272,0.85,0.094,0.076,0.28,0.174,0.367,0.18,0.486,0.318
6.597,1.987,4,CD8_c3_Tn,1.0,0.404,1.076,0.349,0.0,0.0,0.0,0.276,0.276,2.749,0.349,0.0,0.276,0.395,0.883,0.637,0.349,0.893,0.404,0.395,0.0,0.276,0.0,0.0,0.0
4.59,0.994,41,CD8_c0_t-Teff,0.659,0.051,1.836,0.077,0.0,0.0,0.0,0.903,0.177,2.417,0.168,1.165,0.16,0.066,0.161,0.662,0.66,0.196,0.624,0.384,0.058,0.645,0.053,0.153,0.036
4.303,0.994,66,CD8_c0_t-Teff,0.818,0.089,1.715,0.034,0.003,0.065,0.031,1.217,0.123,2.305,0.145,1.48,0.489,0.088,0.196,0.822,0.674,0.341,0.596,0.249,0.147,0.547,0.016,0.124,0.079
6.311,1.49,31,CD8_c3_Tn,1.0,0.039,1.398,0.0,0.127,0.0,0.0,0.557,0.142,2.32,0.039,1.309,0.673,0.093,0.0,0.538,0.518,0.292,1.043,0.415,0.187,0.336,0.069,0.0,0.0
3.729,0.994,220,CD8_c0_t-Teff,0.986,0.145,1.171,0.17,0.024,0.677,0.069,1.237,0.151,2.448,0.236,0.879,0.135,0.176,0.401,0.933,0.953,0.263,0.248,0.407,0.089,0.464,0.027,0.166,0.334
8.319,1.987,61,CD8_c3_Tn,1.0,0.0,0.454,0.06,0.024,0.04,0.026,0.583,0.125,1.116,0.193,0.798,0.794,0.0,0.082,0.046,0.259,0.05,1.003,0.076,0.147,0.607,0.0,0.045,0.0
8.032,1.987,52,CD8_c3_Tn,1.0,0.029,0.44,0.0,0.028,0.091,0.0,0.56,0.148,1.263,0.108,0.899,0.653,0.026,0.125,0.049,0.136,0.097,0.859,0.12,0.052,0.864,0.0,0.026,0.0
5.88,1.242,90,CD8_c3_Tn,0.956,0.0,1.759,0.03,0.042,0.067,0.032,1.15,0.104,2.411,0.075,1.466,0.776,0.04,0.246,0.613,0.541,0.435,1.204,0.732,0.171,0.848,0.004,0.048,0.052
8.175,2.236,101,CD8_c3_Tn,1.0,0.0,0.321,0.032,0.0,0.022,0.0,0.476,0.112,0.788,0.105,0.709,0.507,0.0,0.073,0.057,0.087,0.077,0.625,0.123,0.0,0.379,0.0,0.0,0.03
0.574,-2.981,28,CD8_c4_Tstr,0.929,0.05,1.004,0.4,0.411,1.271,0.686,0.971,0.347,0.557,0.44,0.306,0.0,0.765,0.83,2.143,0.919,0.107,0.138,0.124,0.053,0.104,0.42,0.327,0.56
3.442,1.49,92,CD8_c0_t-Teff,1.0,0.04,1.299,0.408,0.032,0.08,0.035,0.931,0.106,2.711,0.2,0.769,0.202,0.226,0.271,1.047,0.934,0.635,0.326,0.379,0.065,0.487,0.056,0.063,0.303
6.884,0.994,76,CD8_c3_Tn,0.987,0.031,0.399,0.176,0.035,0.083,0.11,0.457,0.223,1.797,0.284,0.824,0.41,0.091,0.24,0.537,0.217,0.363,1.023,0.403,0.066,0.597,0.046,0.0,0.021
0.0,-5.962,257,CD8_c5_Tisg,0.992,0.069,1.391,0.14,0.075,0.076,0.076,0.71,0.171,1.994,0.128,0.78,0.367,0.139,0.128,1.318,0.299,0.231,0.959,0.466,0.143,0.652,0.069,0.02,0.036
8.175,1.739,88,CD8_c3_Tn,1.0,0.015,0.779,0.0,0.004,0.021,0.012,0.471,0.123,1.582,0.185,1.243,1.111,0.0,0.038,0.09,0.304,0.171,1.173,0.274,0.048,1.098,0.0,0.019,0.053
-2.295,-6.459,141,CD8_c1_Tex,1.0,0.118,0.946,0.337,0.134,0.45,0.23,0.656,0.133,0.79,0.316,0.221,0.071,0.299,0.728,1.374,0.317,0.062,0.106,0.354,0.401,0.361,0.284,0.141,0.239
5.593,1.242,83,CD8_c3_Tn,1.0,0.099,1.794,0.008,0.027,0.069,0.031,1.138,0.232,2.506,0.152,1.587,0.689,0.028,0.147,0.876,0.667,0.491,1.213,0.539,0.177,0.838,0.02,0.01,0.027
5.45,1.49,6,CD8_c3_Tn,1.0,0.0,1.357,0.0,0.0,0.0,0.0,1.171,0.0,2.57,0.0,0.473,0.176,0.129,0.553,0.426,1.062,0.161,0.881,0.29,0.0,0.176,0.0,0.0,0.0
1.147,-2.981,77,CD8_c4_Tstr,1.0,0.102,1.04,0.252,0.092,0.425,0.089,1.213,0.207,2.399,0.345,0.479,0.177,0.217,0.332,1.195,0.753,0.148,0.332,0.274,0.124,0.282,0.074,0.265,0.156
5.307,1.242,91,CD8_c3_Tn,0.978,0.123,1.824,0.058,0.034,0.085,0.008,1.209,0.168,2.579,0.095,1.618,0.638,0.069,0.107,0.989,0.692,0.595,1.165,0.435,0.18,0.784,0.014,0.015,0.044
5.88,0.745,66,CD8_c3_Tn,1.0,0.031,1.09,0.022,0.019,0.029,0.0,0.788,0.198,1.955,0.104,1.404,0.474,0.014,0.335,0.306,0.36,0.434,1.04,0.632,0.211,0.893,0.031,0.0,0.054
5.02,1.242,63,CD8_c3_Tn,0.762,0.125,1.439,0.061,0.019,0.017,0.051,1.108,0.05,2.581,0.121,1.45,0.552,0.127,0.058,1.148,0.746,0.518,0.933,0.371,0.114,0.55,0.022,0.058,0.017
0.717,-2.733,283,CD8_c4_Tstr,0.989,0.08,1.048,0.143,0.151,0.557,0.232,1.177,0.35,0.684,0.296,0.555,0.012,0.463,0.526,1.349,0.743,0.057,0.117,0.252,0.173,0.248,0.258,0.268,0.305
4.016,0.994,132,CD8_c0_t-Teff,0.977,0.093,1.394,0.102,0.012,0.28,0.059,1.026,0.144,2.371,0.092,1.299,0.331,0.17,0.293,0.777,0.754,0.22,0.384,0.359,0.059,0.505,0.023,0.163,0.201
3.155,0.497,178,CD8_c0_t-Teff,0.978,0.031,1.694,0.464,0.188,0.809,0.026,1.683,0.141,2.519,0.463,0.559,0.205,0.21,0.492,1.644,0.996,0.133,0.236,0.376,0.171,0.557,0.049,0.7,0.398
1.291,-1.242,14,CD8_c0_t-Teff,0.643,0.113,2.108,0.334,0.13,1.489,0.124,1.587,0.11,1.297,0.355,0.292,0.14,0.305,0.742,1.986,0.894,0.0,0.236,0.22,0.224,0.145,0.394,0.639,0.445
1.291,-2.236,105,CD8_c4_Tstr,0.924,0.133,2.262,0.256,0.04,1.107,0.014,1.59,0.235,2.147,0.351,0.814,0.091,0.275,0.576,1.556,1.134,0.043,0.145,0.31,0.159,0.326,0.103,0.952,0.287
0.287,-0.994,49,CD8_c4_Tstr,0.796,0.058,1.113,0.481,0.203,1.554,0.12,1.341,0.127,1.169,0.608,0.179,0.038,0.293,0.896,0.794,0.415,0.0,0.035,0.342,0.182,0.088,0.195,0.753,0.118
2.008,0.497,182,CD8_c0_t-Teff,0.973,0.135,2.09,0.208,0.065,0.381,0.059,1.355,0.185,1.426,0.287,1.006,0.165,0.199,0.394,1.463,0.851,0.154,0.201,0.379,0.143,0.53,0.148,0.237,0.575
2.868,0.994,141,CD8_c0_t-Teff,0.986,0.097,1.537,0.152,0.04,0.42,0.055,1.139,0.04,1.877,0.152,1.065,0.236,0.141,0.424,1.127,1.13,0.28,0.468,0.393,0.201,0.424,0.099,0.286,0.402
4.446,1.242,87,CD8_c0_t-Teff,0.862,0.181,1.416,0.034,0.039,0.047,0.037,0.793,0.189,2.38,0.096,1.485,0.382,0.094,0.166,0.829,0.728,0.522,0.881,0.224,0.028,0.48,0.016,0.04,0.145
0.0,-1.49,87,CD8_c4_Tstr,0.966,0.031,0.998,0.391,0.06,0.927,0.072,0.951,0.255,0.547,0.425,0.446,0.015,0.305,0.469,0.97,0.35,0.069,0.188,0.501,0.204,0.17,0.21,0.188,0.247
0.43,-1.739,191,CD8_c4_Tstr,0.969,0.065,1.745,0.206,0.016,0.694,0.142,1.316,0.375,1.176,0.404,0.807,0.106,0.227,0.402,1.041,0.504,0.11,0.241,0.27,0.224,0.191,0.151,0.41,0.196
2.725,1.242,119,CD8_c0_t-Teff,0.966,0.223,1.279,0.193,0.07,0.349,0.063,0.933,0.051,1.879,0.224,0.987,0.231,0.14,0.434,1.147,0.878,0.312,0.386,0.582,0.201,0.549,0.092,0.238,0.59
-0.143,-1.739,9,CD8_c9_Tsen,0.444,0.114,1.662,0.488,0.115,0.615,0.188,2.212,0.616,0.992,0.671,1.009,0.0,0.179,0.751,1.668,0.478,0.329,0.0,0.39,0.736,0.139,0.414,0.785,0.267
5.45,0.994,93,CD8_c3_Tn,0.957,0.049,1.947,0.086,0.019,0.05,0.054,1.196,0.263,2.251,0.13,1.548,0.638,0.086,0.121,0.566,0.626,0.603,1.159,0.6,0.08,0.866,0.012,0.025,0.024
1.291,-2.733,200,CD8_c4_Tstr,0.995,0.063,1.908,0.27,0.035,0.657,0.125,1.599,0.179,2.401,0.337,0.71,0.039,0.168,0.533,1.355,1.006,0.079,0.123,0.183,0.115,0.292,0.089,0.45,0.389
3.872,1.242,91,CD8_c0_t-Teff,0.956,0.138,1.338,0.073,0.021,0.066,0.057,0.839,0.25,2.431,0.184,1.018,0.257,0.224,0.285,1.103,0.941,0.303,0.451,0.367,0.074,0.368,0.021,0.052,0.23
-3.299,-6.21,132,CD8_c1_Tex,0.985,0.091,0.912,0.696,0.742,1.747,0.37,1.33,0.378,1.09,0.794,0.056,0.12,0.43,0.754,1.595,0.56,0.024,0.17,0.256,0.184,0.303,0.482,1.609,0.533
6.454,0.745,57,CD8_c3_Tn,0.965,0.036,0.621,0.734,0.063,1.002,0.057,0.995,0.156,2.888,0.606,0.887,0.19,0.137,0.886,0.779,0.522,0.174,0.535,0.381,0.112,0.491,0.058,0.221,0.117
3.586,1.242,107,CD8_c0_t-Teff,1.0,0.152,1.242,0.164,0.074,0.213,0.052,1.133,0.195,2.347,0.258,0.988,0.151,0.292,0.246,0.924,0.828,0.442,0.421,0.472,0.042,0.542,0.047,0.111,0.246
-0.574,2.981,84,CD8_c0_t-Teff,0.988,0.076,0.328,0.212,0.0,0.101,0.0,0.25,0.14,1.764,0.335,0.584,0.158,0.26,0.468,0.622,0.639,0.444,0.298,0.484,0.167,0.441,0.127,0.015,0.321
-3.299,-5.714,154,CD8_c1_Tex,0.994,0.191,0.986,0.838,1.027,1.967,1.135,1.696,0.5,0.475,0.966,0.105,0.049,0.96,1.505,2.083,0.752,0.004,0.131,0.594,0.276,0.117,0.84,0.631,0.785
0.717,-1.739,182,CD8_c4_Tstr,0.967,0.054,2.417,0.344,0.05,0.677,0.055,1.863,0.667,1.458,0.451,1.223,0.177,0.142,0.431,1.413,0.633,0.092,0.362,0.277,0.248,0.329,0.126,0.515,0.169
3.299,0.745,213,CD8_c0_t-Teff,0.991,0.169,1.529,0.228,0.078,0.77,0.055,1.496,0.164,2.377,0.271,0.783,0.221,0.093,0.555,1.295,1.14,0.263,0.318,0.427,0.086,0.513,0.048,0.406,0.359
3.586,0.745,277,CD8_c0_t-Teff,0.993,0.134,1.207,0.381,0.018,1.132,0.065,1.38,0.2,2.539,0.34,0.469,0.124,0.164,0.794,1.007,0.939,0.269,0.197,0.393,0.087,0.469,0.029,0.338,0.354
3.012,0.745,171,CD8_c0_t-Teff,0.971,0.135,1.658,0.241,0.068,0.495,0.026,1.194,0.135,2.082,0.243,0.886,0.263,0.083,0.449,1.067,0.967,0.281,0.455,0.483,0.147,0.496,0.051,0.295,0.345
4.733,1.242,45,CD8_c3_Tn,0.533,0.11,1.77,0.042,0.045,0.12,0.037,0.828,0.066,2.47,0.035,1.498,0.341,0.219,0.283,1.029,0.98,0.466,0.668,0.188,0.157,0.366,0.045,0.03,0.066
0.143,-1.242,81,CD8_c4_Tstr,0.889,0.042,1.25,0.239,0.07,0.742,0.138,0.925,0.098,1.54,0.649,0.244,0.026,0.25,0.562,0.599,0.578,0.057,0.406,0.444,0.195,0.331,0.244,0.522,0.233
3.155,0.994,148,CD8_c0_t-Teff,0.993,0.188,1.52,0.145,0.072,0.469,0.05,1.251,0.121,2.211,0.344,0.99,0.152,0.204,0.427,1.255,1.204,0.261,0.328,0.452,0.099,0.613,0.035,0.358,0.421
-1.434,0.497,145,CD8_c0_t-Teff,0.621,0.077,1.485,0.788,0.09,0.966,0.22,1.286,0.116,0.564,0.499,0.36,0.093,0.413,0.971,1.262,0.744,0.052,0.332,0.722,0.349,0.2,0.256,0.199,0.307
-0.43,3.229,19,CD8_c0_t-Teff,0.895,0.0,0.353,0.285,0.0,0.218,0.0,0.074,0.376,1.673,0.123,0.222,0.133,0.213,0.461,0.421,0.619,0.555,0.257,0.969,0.125,0.791,0.0,0.0,0.0
4.016,1.49,14,CD8_c0_t-Teff,0.857,0.0,0.923,0.0,0.0,0.077,0.097,1.135,0.12,2.34,0.185,0.368,0.146,0.045,0.368,0.877,0.57,1.263,0.603,0.427,0.103,0.505,0.0,0.0,0.178
-1.147,2.981,1,CD8_c0_t-Teff,1.0,0.0,0.833,0.0,0.0,0.0,0.0,0.0,0.0,2.728,0.0,0.0,0.0,0.0,2.015,1.589,0.833,0.833,0.833,0.833,0.0,0.833,0.0,0.0,0.833
3.012,0.248,153,CD8_c0_t-Teff,1.0,0.137,1.887,0.5,0.297,0.855,0.08,1.882,0.073,2.239,0.431,0.555,0.168,0.16,0.687,1.835,1.047,0.079,0.189,0.527,0.159,0.442,0.092,1.004,0.464
6.884,1.987,16,CD8_c3_Tn,0.938,0.182,1.088,0.035,0.263,0.371,0.044,0.727,0.0,2.105,0.069,1.106,0.439,0.0,0.349,0.575,0.309,0.2,0.463,0.765,0.319,0.431,0.012,0.225,0.433
1.721,0.0,138,CD8_c0_t-Teff,0.949,0.121,2.361,0.252,0.099,0.597,0.093,2.0,0.215,1.27,0.266,0.971,0.052,0.115,0.629,1.61,1.021,0.12,0.199,0.441,0.286,0.404,0.16,0.888,0.656
2.582,0.994,125,CD8_c0_t-Teff,0.976,0.095,1.44,0.131,0.008,0.344,0.033,0.956,0.053,1.707,0.196,0.933,0.168,0.207,0.372,1.056,0.933,0.234,0.283,0.595,0.155,0.427,0.086,0.203,0.444
3.299,0.248,227,CD8_c0_t-Teff,0.974,0.106,1.765,0.442,0.115,1.135,0.06,1.615,0.096,2.482,0.512,0.507,0.229,0.238,0.848,1.466,1.057,0.176,0.226,0.459,0.158,0.503,0.069,1.112,0.468
-1.721,1.987,243,CD8_c0_t-Teff,0.963,0.0,0.967,0.31,0.118,1.858,0.405,0.603,0.038,0.089,0.26,0.103,0.022,0.504,1.25,0.646,0.367,0.046,0.18,0.523,0.195,0.073,0.261,0.068,0.132
-0.43,-0.745,89,CD8_c4_Tstr,0.753,0.026,0.834,0.269,0.046,0.227,0.059,0.684,0.055,0.872,0.276,0.2,0.026,0.262,0.451,0.708,0.446,0.023,0.218,0.44,0.233,0.282,0.223,0.054,0.111
0.861,-2.484,383,CD8_c4_Tstr,0.982,0.079,1.321,0.179,0.086,0.484,0.077,1.207,0.189,1.119,0.23,0.733,0.028,0.281,0.385,1.222,0.716,0.085,0.181,0.208,0.209,0.324,0.155,0.377,0.344
0.574,-1.987,147,CD8_c4_Tstr,0.952,0.076,1.721,0.265,0.081,0.856,0.152,1.596,0.241,0.852,0.391,0.933,0.072,0.312,0.545,1.351,0.554,0.06,0.136,0.239,0.196,0.281,0.138,0.401,0.238
-0.143,-1.242,113,CD8_c4_Tstr,0.956,0.011,1.263,0.105,0.07,0.637,0.091,1.075,0.235,0.804,0.285,0.44,0.059,0.212,0.488,0.948,0.379,0.052,0.226,0.295,0.239,0.324,0.205,0.245,0.183
0.574,-2.484,160,CD8_c4_Tstr,0.956,0.074,1.354,0.328,0.083,0.629,0.251,1.268,0.314,0.626,0.293,0.55,0.011,0.393,0.653,1.685,0.762,0.055,0.188,0.191,0.323,0.211,0.304,0.186,0.33
-0.574,-0.994,91,CD8_c4_Tstr,0.934,0.043,0.994,0.263,0.0,0.311,0.095,0.519,0.223,1.015,0.296,0.266,0.071,0.111,0.4,0.658,0.529,0.073,0.344,0.44,0.273,0.19,0.119,0.163,0.163
-0.861,-0.497,157,CD8_c4_Tstr,0.459,0.053,1.047,0.312,0.08,0.342,0.076,0.703,0.091,0.637,0.383,0.389,0.075,0.262,0.678,1.004,0.637,0.126,0.185,0.419,0.274,0.283,0.254,0.145,0.222
0.861,-2.981,152,CD8_c4_Tstr,1.0,0.039,0.749,0.313,0.377,1.234,0.393,0.916,0.399,0.649,0.794,0.178,0.075,0.665,0.467,1.666,0.533,0.029,0.144,0.247,0.151,0.1,0.448,0.357,0.431
0.287,-1.987,80,CD8_c4_Tstr,0.912,0.053,1.401,0.267,0.102,0.507,0.1,1.062,0.19,0.845,0.426,0.827,0.038,0.285,0.409,1.299,0.596,0.122,0.199,0.164,0.38,0.255,0.26,0.218,0.236
1.434,-2.484,159,CD8_c4_Tstr,0.981,0.083,1.805,0.393,0.063,1.198,0.108,1.685,0.185,2.464,0.37,0.561,0.077,0.248,0.553,1.542,1.192,0.052,0.111,0.248,0.07,0.316,0.081,0.612,0.415
-0.287,-0.994,149,CD8_c4_Tstr,0.886,0.056,0.89,0.212,0.035,0.419,0.039,0.624,0.172,0.808,0.378,0.256,0.062,0.233,0.293,0.452,0.382,0.02,0.206,0.379,0.241,0.222,0.14,0.091,0.12
-0.43,-1.242,15,CD8_c4_Tstr,0.933,0.0,1.637,0.0,0.034,0.815,0.251,1.282,0.0,0.59,0.522,0.137,0.0,0.0,0.357,0.531,0.453,0.0,0.383,0.76,0.868,0.0,0.208,0.294,0.284
-1.004,-0.745,12,CD8_c4_Tstr,0.667,0.171,1.31,0.432,0.149,0.379,0.0,0.856,0.175,0.762,0.149,0.486,0.0,0.478,0.419,0.716,0.706,0.117,0.159,0.431,0.418,0.282,0.165,0.0,0.377
0.143,-1.739,60,CD8_c4_Tstr,0.9,0.0,1.802,0.177,0.085,0.512,0.285,1.118,0.373,0.643,0.431,0.586,0.177,0.345,0.609,1.243,0.502,0.159,0.252,0.22,0.33,0.437,0.286,0.251,0.168
-0.717,-0.745,239,CD8_c4_Tstr,0.925,0.057,0.558,0.13,0.059,0.226,0.029,0.485,0.075,0.714,0.299,0.193,0.077,0.191,0.436,0.395,0.565,0.055,0.142,0.322,0.187,0.308,0.12,0.104,0.2
-1.147,-0.497,213,CD8_c11_Teff_SEMA4A,0.911,0.021,1.215,0.642,0.132,0.841,0.374,0.743,0.14,0.436,0.353,0.314,0.022,0.521,0.808,1.237,0.432,0.046,0.182,0.526,0.357,0.21,0.39,0.058,0.222
-0.861,-1.49,39,CD8_c9_Tsen,0.846,0.099,1.035,0.167,0.058,0.4,0.05,0.661,0.085,1.229,0.348,0.306,0.041,0.265,0.783,0.586,0.774,0.289,0.349,0.47,0.265,0.313,0.149,0.348,0.241
-1.434,0.0,68,CD8_c0_t-Teff,0.529,0.05,1.219,0.637,0.215,1.22,0.276,0.912,0.048,0.462,0.801,0.362,0.058,0.402,1.007,1.311,0.626,0.133,0.307,0.716,0.278,0.253,0.326,0.174,0.332
-0.717,0.745,117,CD8_c0_t-Teff,0.957,0.063,1.656,0.268,0.022,0.469,0.088,1.084,0.046,0.605,0.327,0.612,0.062,0.157,0.896,1.218,0.693,0.102,0.418,0.479,0.188,0.373,0.296,0.335,0.472
-1.004,0.248,80,CD8_c0_t-Teff,0.5,0.041,1.878,0.469,0.022,0.53,0.153,1.072,0.026,0.474,0.275,0.439,0.0,0.178,0.969,1.174,0.408,0.096,0.339,0.563,0.348,0.312,0.376,0.43,0.318
-1.004,-0.248,133,CD8_c4_Tstr,0.444,0.062,1.269,0.388,0.079,0.326,0.1,0.615,0.073,0.629,0.326,0.458,0.084,0.384,0.853,0.928,0.664,0.152,0.215,0.516,0.331,0.415,0.345,0.159,0.267
1.004,-3.229,5,CD8_c4_Tstr,1.0,0.0,0.303,1.18,0.593,0.445,0.276,1.156,0.0,2.348,0.204,0.204,0.204,0.183,0.0,2.937,0.579,0.0,0.0,0.0,0.0,0.0,0.593,0.0,0.303
-1.147,0.0,67,CD8_c4_Tstr,0.388,0.011,1.495,0.597,0.026,0.741,0.168,0.94,0.053,0.573,0.343,0.384,0.04,0.391,0.9,1.064,0.486,0.04,0.318,0.69,0.351,0.186,0.373,0.266,0.307
0.287,-1.49,98,CD8_c4_Tstr,0.959,0.074,1.587,0.362,0.085,0.997,0.146,1.574,0.469,1.077,0.47,0.521,0.064,0.248,0.621,1.375,0.537,0.179,0.24,0.426,0.223,0.173,0.257,0.333,0.197
-1.291,1.242,312,CD8_c0_t-Teff,0.856,0.044,1.32,0.578,0.03,0.891,0.131,0.853,0.058,0.571,0.43,0.435,0.068,0.351,1.047,1.157,0.743,0.107,0.221,0.555,0.353,0.288,0.316,0.244,0.352
0.43,-1.242,68,CD8_c4_Tstr,0.882,0.045,1.426,0.528,0.068,1.373,0.054,1.348,0.122,1.351,0.74,0.481,0.095,0.423,0.662,0.805,0.78,0.038,0.166,0.585,0.226,0.255,0.138,0.511,0.188
-1.721,0.497,171,CD8_c7_p-Tex,0.421,0.049,1.307,0.642,0.127,0.967,0.319,0.871,0.075,0.372,0.486,0.431,0.038,0.436,1.131,1.196,0.734,0.074,0.269,0.72,0.307,0.243,0.259,0.139,0.385
3.729,1.49,27,CD8_c0_t-Teff,0.963,0.093,1.569,0.111,0.142,0.236,0.061,0.968,0.205,2.807,0.39,1.165,0.351,0.302,0.236,1.559,0.517,0.625,0.382,0.357,0.0,0.287,0.095,0.074,0.245
1.004,-1.739,23,CD8_c4_Tstr,0.696,0.0,2.879,0.539,0.0,0.939,0.0,2.058,0.0,1.66,0.456,0.632,0.234,0.184,0.367,1.819,0.998,0.0,0.076,0.43,0.153,0.375,0.074,1.049,0.22
1.721,-1.987,6,CD8_c4_Tstr,1.0,0.0,1.462,0.498,0.0,2.76,0.0,0.776,0.0,2.37,1.174,0.544,0.383,0.818,1.364,1.967,1.193,0.218,0.158,0.211,0.0,0.158,0.0,0.411,0.456
1.147,-0.497,24,CD8_c0_t-Teff,0.958,0.192,2.738,0.507,0.147,1.223,0.22,1.974,0.016,0.897,0.38,0.258,0.0,0.351,0.785,1.356,0.462,0.078,0.196,0.352,0.22,0.066,0.457,1.509,0.854
0.574,2.484,132,CD8_c0_t-Teff,0.962,0.097,0.955,0.34,0.012,0.348,0.055,0.601,0.065,1.327,0.309,0.545,0.143,0.217,0.619,1.128,0.844,0.33,0.441,0.623,0.222,0.461,0.14,0.113,0.485
-3.442,2.981,294,CD8_c2_Teff,0.99,0.066,1.474,0.057,0.023,1.902,0.087,1.505,0.011,0.894,0.223,1.069,0.058,0.107,1.385,0.559,0.768,0.212,0.281,0.53,0.129,0.201,0.085,0.072,0.988
1.147,-1.987,55,CD8_c4_Tstr,0.764,0.2,2.523,0.338,0.056,0.831,0.128,1.871,0.138,1.664,0.42,0.868,0.019,0.12,0.429,1.613,0.92,0.08,0.141,0.335,0.176,0.159,0.114,0.783,0.455
-0.861,-1.987,14,CD8_c9_Tsen,1.0,0.0,1.357,0.144,0.078,0.26,0.108,1.836,0.213,1.723,0.859,0.369,0.106,0.374,0.291,1.339,0.451,0.0,0.0,0.426,0.207,0.0,0.0,0.515,0.089
3.586,0.248,325,CD8_c0_t-Teff,0.982,0.068,1.386,0.41,0.053,1.33,0.084,1.457,0.111,2.578,0.436,0.48,0.125,0.207,0.888,1.298,1.005,0.188,0.335,0.562,0.116,0.396,0.048,0.814,0.371
1.578,-2.236,26,CD8_c4_Tstr,0.885,0.0,1.755,0.424,0.0,1.82,0.0,1.719,0.046,2.632,0.28,0.199,0.0,0.321,0.86,1.786,1.031,0.0,0.066,0.169,0.141,0.188,0.045,0.575,0.558
0.861,-1.987,115,CD8_c4_Tstr,0.974,0.09,2.23,0.265,0.08,0.678,0.067,1.702,0.334,1.462,0.258,1.371,0.134,0.246,0.596,1.409,0.661,0.099,0.231,0.255,0.134,0.154,0.189,0.552,0.239
1.434,-1.987,17,CD8_c4_Tstr,0.706,0.073,1.727,0.703,0.12,0.914,0.0,1.605,0.107,2.229,0.157,0.738,0.257,0.298,0.945,1.211,0.813,0.257,0.268,0.346,0.075,0.25,0.0,0.995,0.411
0.574,0.994,231,CD8_c0_t-Teff,1.0,0.048,1.951,0.32,0.059,0.391,0.108,1.258,0.07,0.57,0.229,0.597,0.053,0.344,0.71,1.886,0.963,0.025,0.176,0.351,0.246,0.309,0.378,0.276,0.484
0.43,0.745,216,CD8_c0_t-Teff,0.981,0.07,2.082,0.282,0.07,0.221,0.096,1.399,0.11,0.395,0.271,0.538,0.036,0.221,0.583,1.899,0.813,0.016,0.107,0.192,0.288,0.305,0.327,0.402,0.554
0.574,-0.994,20,CD8_c0_t-Teff,0.8,0.0,2.117,0.875,0.159,1.307,0.164,1.56,0.204,0.994,0.621,0.211,0.0,0.104,1.204,1.477,0.413,0.262,0.195,0.361,0.056,0.301,0.318,0.553,0.228
1.864,-1.739,2,CD8_c4_Tstr,1.0,0.0,1.392,1.664,0.544,3.363,0.697,1.288,0.0,1.392,0.0,0.0,0.0,1.242,2.635,2.087,1.522,0.0,0.0,0.978,0.0,0.0,0.544,0.0,0.0
2.295,0.994,165,CD8_c0_t-Teff,0.988,0.086,1.434,0.163,0.022,0.269,0.052,0.846,0.123,1.277,0.201,0.984,0.154,0.226,0.466,1.18,1.108,0.154,0.228,0.342,0.104,0.397,0.122,0.192,0.68
0.717,3.229,82,CD8_c6_Tcm,0.671,0.095,1.153,0.589,0.071,0.72,0.107,0.654,0.119,1.152,0.543,0.289,0.059,0.356,0.95,1.471,0.778,0.191,0.357,0.966,0.193,0.445,0.29,0.292,0.655
6.024,1.49,15,CD8_c3_Tn,0.933,0.0,1.683,0.0,0.0,0.0,0.0,1.13,0.382,2.574,0.073,1.368,0.817,0.0,0.07,0.96,0.483,0.205,0.681,0.235,0.089,1.26,0.109,0.071,0.0
2.725,0.745,112,CD8_c0_t-Teff,0.955,0.127,1.924,0.152,0.023,0.406,0.105,1.45,0.058,2.015,0.21,1.258,0.373,0.078,0.517,1.187,0.864,0.306,0.499,0.503,0.139,0.702,0.03,0.383,0.326
0.574,-1.49,100,CD8_c4_Tstr,0.92,0.062,2.275,0.288,0.044,0.838,0.068,1.537,0.596,1.244,0.336,0.656,0.125,0.217,0.521,1.207,0.48,0.217,0.237,0.414,0.196,0.163,0.14,0.835,0.155
-1.291,-0.248,94,CD8_c11_Teff_SEMA4A,0.766,0.079,1.27,0.658,0.091,0.865,0.194,0.812,0.1,0.617,0.441,0.483,0.026,0.607,1.177,1.184,0.739,0.143,0.467,0.713,0.309,0.377,0.471,0.166,0.289
0.861,-1.49,31,CD8_c4_Tstr,0.71,0.054,2.728,0.246,0.07,0.89,0.103,1.713,0.154,1.712,0.263,0.984,0.211,0.148,0.667,1.298,0.515,0.147,0.283,0.18,0.257,0.573,0.061,0.791,0.31
1.291,-0.248,112,CD8_c0_t-Teff,0.982,0.151,2.544,0.213,0.077,0.693,0.018,2.079,0.113,1.03,0.322,1.028,0.139,0.199,0.744,1.477,0.979,0.083,0.125,0.382,0.146,0.467,0.129,1.149,0.571
1.147,0.0,221,CD8_c0_t-Teff,0.973,0.109,2.597,0.265,0.045,0.701,0.064,1.769,0.167,0.901,0.335,1.013,0.082,0.193,0.626,1.72,0.995,0.109,0.135,0.412,0.291,0.405,0.293,0.961,0.757
2.295,0.497,107,CD8_c0_t-Teff,0.944,0.145,2.178,0.128,0.068,0.378,0.074,1.581,0.219,2.017,0.217,1.369,0.194,0.1,0.322,1.479,1.138,0.212,0.344,0.426,0.207,0.538,0.095,0.179,0.424
-2.725,1.242,222,CD8_c2_Teff,0.761,0.048,1.31,0.315,0.028,0.49,0.073,0.867,0.019,0.701,0.245,0.719,0.113,0.215,0.968,0.845,0.564,0.326,0.394,0.55,0.274,0.316,0.306,0.213,0.342
0.861,0.0,168,CD8_c0_t-Teff,0.982,0.112,2.442,0.259,0.024,0.642,0.134,1.719,0.186,0.666,0.21,0.82,0.028,0.112,0.794,1.499,0.885,0.106,0.077,0.361,0.192,0.291,0.28,1.155,0.918
0.861,-0.994,15,CD8_c0_t-Teff,0.6,0.125,1.623,0.676,0.0,1.18,0.0,2.054,0.0,1.253,0.414,0.119,0.131,0.153,1.396,0.754,0.205,0.138,0.0,0.407,0.163,0.26,0.0,0.284,0.162
1.434,0.0,231,CD8_c0_t-Teff,0.974,0.146,2.521,0.158,0.035,0.495,0.069,1.846,0.254,0.897,0.239,1.185,0.035,0.171,0.519,1.708,0.983,0.081,0.125,0.297,0.152,0.483,0.191,0.978,0.693
-1.291,0.248,96,CD8_c0_t-Teff,0.594,0.008,1.517,0.598,0.045,1.106,0.344,1.422,0.129,0.465,0.546,0.31,0.046,0.553,1.225,1.431,0.705,0.015,0.137,0.657,0.283,0.206,0.338,0.249,0.395
1.147,-1.49,12,CD8_c0_t-Teff,0.583,0.0,2.71,0.0,0.027,1.168,0.261,2.08,0.191,1.252,0.163,1.007,0.21,0.0,0.712,1.469,0.511,0.0,0.415,0.195,0.276,0.447,0.226,0.685,0.153
-0.287,-1.49,3,CD8_c4_Tstr,1.0,0.0,2.407,0.0,0.227,1.349,1.019,1.272,0.293,0.0,0.404,0.986,0.0,0.872,1.557,1.379,0.0,0.0,0.0,1.216,0.094,0.369,0.0,0.0,0.0
-0.574,-1.49,7,CD8_c9_Tsen,0.429,0.0,0.813,0.275,0.0,0.686,0.0,0.822,0.0,1.099,0.195,0.283,0.0,0.0,0.773,0.615,0.668,0.453,0.0,0.515,0.0,0.959,0.224,0.435,0.528
-3.012,-5.217,94,CD8_c1_Tex,1.0,0.111,1.295,0.914,0.87,2.448,1.236,1.964,0.374,0.558,0.695,0.183,0.0,1.132,1.618,2.718,0.64,0.017,0.126,0.557,0.26,0.144,0.615,0.451,0.57
-0.861,0.0,51,CD8_c0_t-Teff,0.51,0.077,1.631,0.522,0.107,0.403,0.11,1.213,0.137,0.859,0.268,0.403,0.091,0.364,0.778,1.373,0.361,0.049,0.071,0.351,0.249,0.372,0.312,0.441,0.163
1.864,0.745,213,CD8_c0_t-Teff,0.962,0.178,1.816,0.137,0.029,0.25,0.039,1.153,0.108,1.265,0.214,1.092,0.057,0.123,0.357,1.585,1.051,0.129,0.188,0.218,0.125,0.331,0.228,0.173,0.57
2.582,-0.497,176,CD8_c0_t-Teff,0.966,0.113,2.094,0.42,0.036,0.543,0.055,1.582,0.068,1.935,0.471,0.381,0.228,0.255,0.581,1.466,0.745,0.043,0.187,0.456,0.2,0.384,0.156,1.151,0.286
-4.303,-5.962,113,CD8_c1_Tex,0.973,0.094,0.722,1.452,0.919,1.933,0.689,1.693,0.16,1.038,1.166,0.083,0.007,0.59,0.738,2.384,0.59,0.017,0.083,0.473,0.191,0.073,0.515,0.2,0.673
3.012,1.242,108,CD8_c0_t-Teff,0.981,0.062,1.307,0.228,0.013,0.412,0.0,0.944,0.087,2.284,0.275,1.127,0.195,0.207,0.428,1.097,0.948,0.396,0.406,0.544,0.103,0.56,0.051,0.231,0.433
3.155,1.49,144,CD8_c0_t-Teff,0.993,0.125,1.335,0.551,0.011,0.355,0.08,1.021,0.158,2.292,0.316,0.759,0.213,0.274,0.444,1.297,0.967,0.561,0.466,0.508,0.067,0.433,0.047,0.224,0.441
-0.287,-5.962,311,CD8_c5_Tisg,1.0,0.127,1.56,0.336,0.141,0.213,0.09,0.908,0.125,1.727,0.214,0.734,0.28,0.258,0.303,1.639,0.536,0.18,0.656,0.589,0.183,0.48,0.118,0.026,0.085
0.861,1.49,233,CD8_c0_t-Teff,0.996,0.09,1.732,0.278,0.072,0.46,0.076,1.024,0.086,0.561,0.216,0.563,0.029,0.39,0.56,1.932,0.966,0.044,0.173,0.402,0.235,0.374,0.241,0.237,0.567
3.155,-0.994,108,CD8_c0_t-Teff,0.991,0.04,1.89,0.764,0.018,2.79,0.271,1.702,0.057,1.087,0.655,0.503,0.09,0.243,1.237,1.689,0.75,0.057,0.234,0.536,0.238,0.132,0.14,0.18,0.399
3.586,1.739,7,CD8_c0_t-Teff,1.0,0.0,0.997,0.0,0.0,0.0,0.0,0.589,0.0,2.463,0.145,0.766,0.245,0.484,0.0,0.982,0.337,0.931,0.656,0.655,0.197,0.314,0.0,0.0,0.0
-4.446,-5.714,408,CD8_c1_Tex,1.0,0.054,1.061,1.385,1.1,2.64,0.956,1.895,0.38,0.337,1.187,0.036,0.018,0.704,1.108,2.545,0.681,0.019,0.076,0.413,0.193,0.055,0.463,0.173,0.609
-4.016,-5.465,265,CD8_c1_Tex,0.996,0.075,1.042,1.206,0.98,2.383,1.091,1.697,0.226,0.4,1.213,0.053,0.038,0.776,1.39,2.332,0.787,0.008,0.134,0.471,0.227,0.045,0.534,0.217,0.687
3.299,1.242,190,CD8_c0_t-Teff,0.995,0.094,1.168,0.359,0.053,0.394,0.055,1.119,0.23,2.294,0.263,0.699,0.163,0.213,0.327,1.146,0.973,0.389,0.269,0.414,0.052,0.497,0.05,0.152,0.416
3.442,0.994,296,CD8_c0_t-Teff,0.993,0.103,1.156,0.261,0.049,0.777,0.053,1.263,0.234,2.278,0.264,0.556,0.207,0.202,0.566,0.968,1.048,0.283,0.36,0.449,0.073,0.473,0.024,0.251,0.35
-3.299,-6.707,56,CD8_c1_Tex,0.982,0.099,0.821,0.18,0.214,0.973,0.111,0.693,0.353,0.385,0.362,0.112,0.273,0.502,0.465,0.779,0.377,0.045,0.244,0.13,0.058,0.384,0.391,0.517,0.298
4.016,0.497,23,CD8_c0_t-Teff,0.826,0.068,1.893,0.257,0.0,0.564,0.0,1.621,0.0,2.673,0.243,0.934,0.291,0.061,0.907,0.975,0.746,0.295,0.672,0.556,0.0,0.46,0.113,0.061,0.215
3.299,1.739,19,CD8_c0_t-Teff,1.0,0.0,1.097,0.179,0.0,0.0,0.0,0.877,0.09,2.456,0.062,0.558,0.512,0.0,0.31,0.802,0.569,0.745,0.427,0.778,0.063,0.634,0.0,0.0,0.1
-4.159,-5.714,350,CD8_c1_Tex,0.994,0.07,1.006,1.274,1.004,2.421,0.868,1.758,0.263,0.535,1.202,0.06,0.036,0.841,1.081,2.173,0.735,0.005,0.121,0.469,0.223,0.078,0.486,0.241,0.712
2.438,1.242,134,CD8_c0_t-Teff,0.978,0.052,1.235,0.175,0.051,0.442,0.058,1.11,0.073,1.391,0.195,0.906,0.142,0.29,0.317,1.264,0.885,0.185,0.259,0.429,0.121,0.381,0.141,0.141,0.567
-4.733,-5.714,313,CD8_c1_Tex,0.994,0.048,1.012,1.274,0.928,2.531,0.841,1.933,0.227,0.209,0.941,0.039,0.01,0.551,1.14,2.481,0.67,0.021,0.055,0.338,0.17,0.048,0.314,0.13,0.673
-3.442,-6.459,1,CD8_c1_Tex,1.0,0.0,0.763,0.0,0.763,0.0,0.0,2.69,0.763,0.0,0.0,0.0,0.0,0.0,0.0,0.0,0.0,0.0,1.489,0.0,0.0,0.0,0.0,0.0,0.763
3.012,1.739,67,CD8_c0_t-Teff,1.0,0.13,1.164,0.483,0.08,0.274,0.049,0.956,0.144,2.247,0.4,0.511,0.199,0.3,0.429,1.266,0.714,0.594,0.26,0.66,0.072,0.335,0.059,0.071,0.325
-4.59,-5.465,502,CD8_c1_Tex,1.0,0.049,1.038,1.299,0.981,2.939,1.123,1.941,0.245,0.259,1.137,0.029,0.023,0.704,1.532,2.274,0.705,0.014,0.086,0.463,0.216,0.052,0.406,0.107,0.496
5.163,1.49,5,CD8_c0_t-Teff,0.6,0.0,1.19,0.0,0.0,0.0,0.0,0.587,0.438,2.496,0.243,0.26,1.245,0.0,0.277,1.068,0.646,0.26,1.132,0.537,0.0,0.243,0.0,0.0,0.0
2.438,-0.248,139,CD8_c0_t-Teff,1.0,0.158,2.461,0.434,0.031,0.642,0.114,1.704,0.103,2.056,0.456,0.554,0.171,0.125,0.757,1.503,0.8,0.066,0.099,0.425,0.333,0.399,0.115,1.279,0.345
1.864,0.248,161,CD8_c0_t-Teff,0.925,0.139,2.288,0.221,0.044,0.552,0.09,1.945,0.149,1.35,0.178,1.09,0.149,0.196,0.446,1.926,0.984,0.06,0.141,0.271,0.166,0.422,0.188,0.344,0.529
2.868,1.49,115,CD8_c0_t-Teff,0.983,0.083,1.125,0.281,0.026,0.262,0.078,1.075,0.162,2.192,0.223,1.129,0.15,0.299,0.447,1.247,0.811,0.465,0.441,0.767,0.075,0.683,0.094,0.24,0.489
2.582,0.497,129,CD8_c0_t-Teff,0.899,0.112,2.221,0.164,0.07,0.404,0.068,1.555,0.141,1.964,0.38,1.168,0.279,0.129,0.39,1.303,1.076,0.192,0.436,0.478,0.213,0.62,0.092,0.395,0.304
4.59,1.49,6,CD8_c0_t-Teff,0.667,0.0,0.714,0.0,0.0,0.0,0.0,0.765,0.411,1.638,0.0,1.017,0.453,0.0,0.288,1.272,0.414,0.305,0.788,0.549,0.0,0.541,0.0,0.0,0.0
-4.016,-4.968,210,CD8_c1_Tex,0.99,0.051,0.99,1.286,0.779,2.634,1.324,1.532,0.274,0.204,1.062,0.067,0.021,1.027,1.644,1.945,0.874,0.005,0.066,0.693,0.265,0.073,0.504,0.085,0.575
5.737,1.49,7,CD8_c3_Tn,1.0,0.322,0.892,0.0,0.0,0.0,0.0,0.281,0.0,2.785,0.2,1.056,0.281,0.0,0.0,1.183,0.317,0.725,0.654,0.0,0.372,0.469,0.804,0.0,0.0
-0.574,-0.497,70,CD8_c11_Teff_SEMA4A,0.4,0.144,1.275,0.302,0.044,0.39,0.066,1.068,0.059,0.602,0.394,0.502,0.012,0.419,0.47,1.243,0.515,0.031,0.124,0.355,0.346,0.235,0.441,0.143,0.33
0.287,1.987,229,CD8_c0_t-Teff,0.978,0.075,1.496,0.407,0.036,0.285,0.046,0.646,0.042,0.878,0.215,0.667,0.12,0.364,0.612,1.45,0.657,0.147,0.394,0.464,0.271,0.404,0.323,0.158,0.315
0.287,3.478,173,CD8_c6_Tcm,0.844,0.101,0.727,0.414,0.043,0.394,0.024,0.502,0.061,1.716,0.462,0.22,0.027,0.304,0.75,0.918,0.799,0.345,0.354,0.856,0.203,0.528,0.277,0.189,0.613
7.601,2.236,43,CD8_c3_Tn,1.0,0.041,0.494,0.037,0.0,0.099,0.064,0.475,0.117,1.362,0.134,0.624,0.592,0.072,0.094,0.083,0.158,0.17,0.911,0.222,0.0,0.465,0.072,0.0,0.0
-0.861,2.981,39,CD8_c0_t-Teff,1.0,0.041,0.289,0.294,0.035,0.227,0.0,0.273,0.218,1.642,0.338,0.768,0.183,0.122,0.296,0.381,0.367,0.273,0.417,0.592,0.332,0.591,0.14,0.078,0.25
2.582,1.49,140,CD8_c0_t-Teff,0.993,0.053,1.192,0.191,0.001,0.439,0.02,1.024,0.245,1.52,0.194,0.972,0.096,0.12,0.526,1.156,0.877,0.193,0.263,0.581,0.051,0.509,0.033,0.209,0.494
6.597,2.981,71,CD8_c12_Trm,0.704,0.048,0.745,0.319,0.0,0.216,0.0,0.753,0.0,1.236,0.268,0.062,0.0,0.117,0.26,0.731,0.357,0.0,0.043,0.272,0.185,0.302,0.194,0.035,0.03
9.036,1.739,346,CD8_c3_Tn,1.0,0.029,0.441,0.0,0.004,0.016,0.019,0.674,0.128,1.13,0.124,0.835,0.771,0.006,0.061,0.044,0.156,0.096,1.047,0.148,0.023,0.713,0.007,0.0,0.003
8.892,1.987,245,CD8_c3_Tn,1.0,0.0,0.327,0.0,0.002,0.012,0.006,0.554,0.081,1.082,0.151,0.765,0.646,0.0,0.051,0.022,0.116,0.06,0.959,0.09,0.034,0.603,0.0,0.0,0.013
8.605,1.987,122,CD8_c3_Tn,1.0,0.0,0.291,0.0,0.0,0.0,0.0,0.432,0.05,1.055,0.095,0.617,0.613,0.0,0.075,0.044,0.128,0.044,0.794,0.107,0.042,0.488,0.0,0.0,0.0
8.749,2.236,83,CD8_c3_Tn,1.0,0.0,0.348,0.0,0.0,0.016,0.0,0.464,0.089,0.934,0.178,0.618,0.529,0.023,0.017,0.102,0.035,0.037,1.063,0.017,0.036,0.64,0.0,0.0,0.0
7.745,1.49,181,CD8_c3_Tn,1.0,0.038,1.076,0.006,0.025,0.037,0.014,0.682,0.182,1.871,0.135,1.223,1.037,0.012,0.078,0.173,0.325,0.22,1.328,0.354,0.082,1.106,0.002,0.0,0.027
9.322,1.739,124,CD8_c3_Tn,1.0,0.0,0.395,0.0,0.0,0.012,0.0,0.579,0.08,0.849,0.211,0.739,0.662,0.0,0.066,0.021,0.152,0.0,0.886,0.152,0.047,0.591,0.016,0.011,0.0
1.434,0.497,196,CD8_c0_t-Teff,1.0,0.147,2.044,0.169,0.093,0.377,0.025,1.458,0.169,0.845,0.353,0.928,0.033,0.345,0.431,1.703,0.825,0.068,0.183,0.336,0.221,0.431,0.283,0.364,0.56
7.888,2.733,145,CD8_c3_Tn,1.0,0.0,0.346,0.0,0.0,0.033,0.009,0.439,0.043,0.887,0.087,0.518,0.563,0.0,0.025,0.031,0.113,0.043,0.66,0.076,0.021,0.545,0.0,0.0,0.024
5.593,0.745,13,CD8_c3_Tn,0.923,0.0,1.07,0.0,0.0,0.185,0.0,1.009,0.0,2.109,0.078,1.495,0.458,0.0,0.335,0.162,0.701,0.273,0.746,0.38,0.0,0.885,0.181,0.0,0.078
7.888,2.236,60,CD8_c3_Tn,1.0,0.0,0.262,0.0,0.0,0.021,0.0,0.478,0.097,1.131,0.186,0.879,0.607,0.0,0.0,0.043,0.079,0.071,0.823,0.07,0.026,0.385,0.0,0.0,0.043
8.749,1.739,87,CD8_c3_Tn,1.0,0.0,0.589,0.006,0.001,0.049,0.014,0.496,0.1,1.352,0.248,1.066,1.11,0.005,0.166,0.123,0.255,0.078,1.354,0.269,0.061,0.777,0.017,0.0,0.032
8.319,1.49,107,CD8_c3_Tn,1.0,0.042,1.055,0.007,0.055,0.01,0.034,0.579,0.127,1.693,0.241,1.167,1.09,0.0,0.07,0.167,0.322,0.297,1.419,0.41,0.079,1.153,0.016,0.0,0.027
7.888,1.739,114,CD8_c3_Tn,0.991,0.01,0.592,0.0,0.032,0.0,0.0,0.303,0.15,1.76,0.14,1.209,0.825,0.0,0.053,0.064,0.231,0.13,1.465,0.271,0.033,1.085,0.011,0.0,0.0
8.032,2.484,117,CD8_c3_Tn,1.0,0.0,0.334,0.0,0.0,0.015,0.015,0.517,0.077,1.02,0.179,0.654,0.452,0.0,0.037,0.013,0.081,0.037,0.615,0.107,0.03,0.48,0.014,0.015,0.0
8.032,1.49,151,CD8_c3_Tn,1.0,0.006,0.878,0.009,0.034,0.032,0.001,0.69,0.143,1.624,0.225,1.19,1.027,0.012,0.089,0.103,0.34,0.202,1.465,0.427,0.072,1.176,0.009,0.018,0.018
7.745,2.981,93,CD8_c3_Tn,1.0,0.0,0.342,0.0,0.0,0.022,0.0,0.401,0.134,0.986,0.162,0.423,0.553,0.0,0.017,0.0,0.115,0.056,0.61,0.036,0.0,0.405,0.0,0.0,0.0
9.179,1.987,80,CD8_c3_Tn,1.0,0.0,0.257,0.0,0.0,0.035,0.017,0.57,0.111,0.894,0.094,0.612,0.605,0.0,0.017,0.0,0.113,0.096,0.993,0.165,0.054,0.624,0.0,0.0,0.0
7.458,2.484,71,CD8_c3_Tn,1.0,0.0,0.435,0.0,0.0,0.027,0.053,0.387,0.101,0.981,0.214,0.907,0.654,0.043,0.043,0.146,0.248,0.092,0.716,0.121,0.059,0.771,0.0,0.034,0.024
8.749,1.242,140,CD8_c3_Tn,1.0,0.042,1.242,0.014,0.019,0.054,0.019,0.718,0.228,1.6,0.172,1.091,1.107,0.007,0.126,0.339,0.278,0.354,1.297,0.508,0.081,1.146,0.014,0.003,0.029
7.745,1.987,55,CD8_c3_Tn,1.0,0.026,0.742,0.044,0.033,0.066,0.012,0.573,0.075,1.238,0.168,1.378,0.821,0.0,0.081,0.031,0.244,0.108,1.194,0.176,0.067,0.842,0.0,0.0,0.052
9.036,1.242,120,CD8_c3_Tn,1.0,0.0,0.759,0.0,0.01,0.0,0.01,0.95,0.149,1.292,0.317,1.081,0.908,0.012,0.096,0.092,0.271,0.088,1.283,0.31,0.061,0.836,0.035,0.0,0.0
8.462,1.739,93,CD8_c3_Tn,1.0,0.0,0.66,0.0,0.0,0.009,0.005,0.464,0.21,1.412,0.169,1.315,0.902,0.0,0.027,0.067,0.285,0.151,1.249,0.252,0.044,1.021,0.013,0.0,0.011
9.179,1.49,372,CD8_c3_Tn,1.0,0.0,0.511,0.0,0.0,0.019,0.021,0.931,0.092,1.102,0.189,0.864,0.855,0.0,0.107,0.035,0.204,0.086,1.195,0.179,0.038,0.689,0.014,0.0,0.007
7.315,1.739,200,CD8_c3_Tn,0.995,0.015,0.874,0.017,0.011,0.025,0.02,0.54,0.178,1.667,0.136,1.025,0.809,0.029,0.111,0.305,0.317,0.295,1.056,0.315,0.045,0.909,0.039,0.0,0.014
8.605,1.49,123,CD8_c3_Tn,1.0,0.036,0.983,0.0,0.017,0.006,0.025,0.435,0.105,1.609,0.174,1.258,0.985,0.042,0.105,0.168,0.248,0.171,1.446,0.35,0.127,1.053,0.0,0.0,0.013
5.737,0.994,147,CD8_c3_Tn,0.993,0.07,1.475,0.012,0.026,0.026,0.031,0.97,0.159,2.219,0.172,1.466,0.78,0.108,0.271,0.605,0.651,0.726,1.201,0.806,0.084,0.808,0.002,0.005,0.047
8.605,0.994,179,CD8_c3_Tn,0.994,0.077,1.619,0.015,0.009,0.009,0.041,1.07,0.298,1.506,0.18,1.425,0.921,0.01,0.138,0.308,0.45,0.197,1.218,0.373,0.106,1.249,0.019,0.0,0.011
8.462,1.242,144,CD8_c3_Tn,1.0,0.024,1.516,0.012,0.008,0.024,0.082,0.725,0.258,1.786,0.191,1.37,1.035,0.023,0.042,0.468,0.389,0.249,1.241,0.395,0.15,1.152,0.002,0.013,0.008
4.876,0.994,32,CD8_c3_Tn,0.5,0.049,1.7,0.0,0.014,0.0,0.044,1.263,0.245,2.313,0.159,1.211,0.519,0.033,0.299,0.778,0.654,0.411,0.978,0.431,0.158,0.637,0.0,0.072,0.0
7.601,1.739,145,CD8_c3_Tn,1.0,0.037,0.89,0.017,0.038,0.027,0.06,0.54,0.111,1.804,0.161,1.314,0.828,0.0,0.061,0.141,0.275,0.236,1.354,0.408,0.081,1.012,0.0,0.013,0.022
7.315,1.242,41,CD8_c3_Tn,1.0,0.015,2.0,0.0,0.02,0.0,0.075,0.948,0.188,2.359,0.128,1.496,0.921,0.069,0.068,0.783,0.404,0.267,1.574,0.341,0.33,0.909,0.0,0.021,0.033
7.601,1.242,74,CD8_c3_Tn,0.986,0.076,1.806,0.0,0.014,0.016,0.037,0.636,0.131,2.036,0.119,1.846,0.747,0.0,0.088,0.484,0.334,0.334,1.175,0.411,0.134,0.918,0.023,0.0,0.105
8.175,1.242,128,CD8_c3_Tn,1.0,0.02,1.789,0.0,0.054,0.0,0.021,0.843,0.174,1.842,0.216,1.653,1.035,0.0,0.101,0.425,0.346,0.3,1.44,0.338,0.095,1.086,0.007,0.012,0.043
7.601,2.733,120,CD8_c3_Tn,1.0,0.025,0.377,0.0,0.0,0.014,0.0,0.42,0.195,0.976,0.093,0.596,0.458,0.0,0.054,0.121,0.133,0.037,0.589,0.107,0.043,0.555,0.014,0.0,0.0
7.458,2.981,219,CD8_c3_Tn,1.0,0.007,0.307,0.027,0.01,0.026,0.016,0.385,0.093,0.77,0.164,0.51,0.45,0.0,0.027,0.03,0.088,0.084,0.516,0.036,0.02,0.533,0.0,0.0,0.0
2.868,0.497,146,CD8_c0_t-Teff,0.945,0.1,1.881,0.324,0.085,0.592,0.082,1.583,0.109,2.18,0.441,0.745,0.168,0.107,0.404,1.586,0.942,0.164,0.324,0.443,0.151,0.658,0.04,0.599,0.48
5.163,0.994,49,CD8_c3_Tn,0.878,0.143,2.16,0.035,0.017,0.0,0.113,1.298,0.128,2.504,0.221,1.68,0.812,0.143,0.199,0.919,0.658,0.235,0.983,0.667,0.124,0.827,0.015,0.072,0.026
7.745,2.484,47,CD8_c3_Tn,1.0,0.0,0.611,0.0,0.0,0.0,0.0,0.572,0.09,1.246,0.167,0.735,0.74,0.0,0.08,0.101,0.303,0.164,0.611,0.084,0.049,0.74,0.0,0.0,0.0
8.319,0.994,173,CD8_c3_Tn,1.0,0.051,1.596,0.008,0.027,0.034,0.019,1.035,0.255,1.536,0.231,1.701,0.982,0.012,0.122,0.322,0.446,0.22,1.167,0.273,0.057,1.184,0.001,0.007,0.016
7.888,1.242,102,CD8_c3_Tn,1.0,0.018,1.771,0.035,0.009,0.036,0.052,0.756,0.204,1.954,0.17,1.59,0.946,0.0,0.085,0.372,0.581,0.301,1.462,0.468,0.057,0.961,0.015,0.015,0.075
3.442,0.497,278,CD8_c0_t-Teff,0.989,0.131,1.55,0.413,0.032,1.223,0.085,1.599,0.16,2.509,0.45,0.484,0.195,0.256,0.761,1.326,1.03,0.178,0.232,0.438,0.159,0.378,0.039,0.723,0.31
7.315,3.229,23,CD8_c3_Tn,1.0,0.0,0.361,0.0,0.115,0.089,0.0,0.101,0.0,1.514,0.115,0.508,0.597,0.0,0.0,0.0,0.068,0.077,0.23,0.076,0.0,0.748,0.0,0.0,0.0
2.438,0.248,113,CD8_c0_t-Teff,0.912,0.091,2.274,0.161,0.16,0.828,0.038,1.901,0.105,1.838,0.302,0.65,0.12,0.154,0.503,1.429,1.202,0.176,0.271,0.31,0.14,0.424,0.066,0.609,0.389
-2.725,0.745,125,CD8_c10_Teff_CD244,0.792,0.018,0.853,0.17,0.107,0.688,0.198,1.097,0.066,0.706,0.175,0.404,0.123,0.288,0.968,0.888,0.454,0.172,0.269,0.522,0.276,0.231,0.207,0.119,0.285
6.167,0.745,35,CD8_c3_Tn,0.971,0.0,1.11,0.199,0.043,0.248,0.052,0.653,0.2,2.208,0.386,0.897,0.436,0.0,0.515,0.482,0.462,0.579,0.938,0.577,0.154,0.889,0.013,0.152,0.057
2.725,-0.745,176,CD8_c0_t-Teff,0.989,0.082,1.713,0.453,0.052,0.871,0.083,1.641,0.036,1.851,0.605,0.39,0.156,0.124,0.615,1.186,0.594,0.099,0.232,0.511,0.154,0.307,0.05,0.842,0.219
3.729,0.0,269,CD8_c0_t-Teff,0.989,0.056,1.284,0.601,0.03,1.463,0.08,1.326,0.087,2.764,0.465,0.462,0.12,0.212,0.917,1.072,0.848,0.21,0.352,0.516,0.21,0.374,0.046,0.685,0.332
2.151,1.739,196,CD8_c0_t-Teff,0.883,0.099,1.44,0.215,0.0,0.365,0.014,1.143,0.104,1.549,0.187,1.324,0.11,0.232,0.488,1.353,1.239,0.181,0.166,0.496,0.056,0.53,0.113,0.211,0.696
2.438,1.739,153,CD8_c0_t-Teff,0.961,0.126,1.459,0.27,0.038,0.342,0.056,0.978,0.1,1.754,0.236,1.135,0.089,0.32,0.483,1.438,1.179,0.261,0.339,0.572,0.058,0.52,0.139,0.261,0.516
4.303,1.49,15,CD8_c0_t-Teff,0.733,0.122,1.74,0.0,0.0,0.188,0.068,0.748,0.135,1.995,0.0,0.563,0.567,0.0,0.0,1.487,1.268,0.403,0.613,0.267,0.068,0.451,0.222,0.0,0.274
8.175,0.745,19,CD8_c3_Tn,1.0,0.04,1.33,0.026,0.0,0.054,0.037,1.42,0.396,1.706,0.224,2.176,0.993,0.087,0.131,0.287,0.425,0.141,0.948,0.523,0.124,1.528,0.094,0.0,0.047
8.462,0.745,49,CD8_c3_Tn,1.0,0.056,1.585,0.0,0.0,0.015,0.014,1.62,0.536,1.673,0.283,2.245,1.171,0.029,0.106,0.083,0.509,0.122,1.18,0.365,0.044,1.413,0.031,0.0,0.0
7.028,3.229,9,CD8_c3_Tn,0.889,0.0,0.432,0.0,0.255,0.64,0.0,0.193,0.0,1.276,0.0,0.244,0.0,0.244,1.536,0.0,0.244,0.922,0.482,0.0,0.244,0.0,0.255,0.0,0.529
8.032,0.994,35,CD8_c3_Tn,1.0,0.054,1.707,0.0,0.0,0.0,0.026,0.763,0.154,1.532,0.079,1.675,0.829,0.0,0.046,0.217,0.387,0.269,1.321,0.33,0.032,1.191,0.022,0.0,0.0
-4.446,-2.733,223,CD8_c1_Tex,0.969,0.054,0.784,0.261,0.15,1.334,0.381,0.821,0.11,0.323,0.335,0.275,0.083,0.338,1.168,0.741,0.586,0.106,0.374,0.508,0.252,0.183,0.243,0.054,0.134
2.295,0.0,200,CD8_c0_t-Teff,0.99,0.112,2.623,0.306,0.12,0.741,0.032,1.943,0.112,2.053,0.456,0.479,0.085,0.231,0.588,1.881,0.942,0.085,0.086,0.323,0.221,0.315,0.157,1.182,0.352
2.295,1.49,164,CD8_c0_t-Teff,0.976,0.12,1.375,0.162,0.032,0.418,0.033,0.87,0.157,1.673,0.141,1.134,0.135,0.274,0.532,1.446,1.154,0.296,0.298,0.478,0.161,0.493,0.199,0.144,0.636
2.582,0.0,204,CD8_c0_t-Teff,0.971,0.119,2.316,0.232,0.064,0.807,0.029,1.886,0.068,2.319,0.491,0.416,0.134,0.162,0.645,1.628,0.9,0.086,0.128,0.43,0.256,0.432,0.186,0.952,0.366
8.892,1.49,158,CD8_c3_Tn,1.0,0.015,0.714,0.006,0.003,0.017,0.013,0.774,0.135,1.373,0.15,0.94,0.917,0.006,0.125,0.115,0.246,0.104,1.254,0.406,0.102,0.915,0.01,0.004,0.012
8.175,2.733,1,CD8_c3_Tn,1.0,0.0,0.0,0.0,0.0,0.0,0.0,0.0,0.0,1.874,0.0,0.0,0.0,0.0,0.0,0.0,0.0,0.0,1.874,0.0,0.0,0.0,0.0,0.0,0.0
9.036,2.236,2,CD8_c3_Tn,1.0,0.0,0.0,0.0,0.0,0.0,0.0,0.734,0.0,0.734,0.0,0.679,0.679,0.0,0.0,0.0,0.679,0.0,0.0,0.0,0.0,0.679,0.0,0.0,0.0
8.892,0.994,33,CD8_c3_Tn,1.0,0.064,1.094,0.0,0.0,0.043,0.079,0.671,0.466,1.097,0.199,1.399,1.026,0.017,0.246,0.127,0.482,0.171,1.478,0.785,0.0,1.525,0.056,0.0,0.028
3.872,0.745,67,CD8_c0_t-Teff,0.97,0.128,1.371,0.164,0.0,0.657,0.0,1.257,0.2,2.32,0.248,0.737,0.131,0.162,0.703,0.982,0.745,0.206,0.471,0.481,0.106,0.54,0.094,0.325,0.159
7.745,0.994,20,CD8_c3_Tn,0.95,0.0,1.751,0.0,0.048,0.131,0.0,0.535,0.405,2.085,0.266,1.143,0.9,0.0,0.0,1.049,0.179,0.147,1.251,0.201,0.012,0.906,0.0,0.122,0.0
0.287,-5.962,225,CD8_c5_Tisg,0.987,0.042,1.271,0.055,0.018,0.088,0.067,0.455,0.188,2.128,0.129,0.641,0.553,0.077,0.137,0.818,0.265,0.353,1.211,0.322,0.132,0.764,0.063,0.035,0.016
2.725,0.248,160,CD8_c0_t-Teff,0.975,0.13,2.183,0.169,0.175,0.761,0.066,1.875,0.093,2.445,0.494,0.838,0.241,0.132,0.486,1.573,1.096,0.172,0.312,0.5,0.146,0.692,0.064,0.771,0.406
2.438,0.745,97,CD8_c0_t-Teff,0.969,0.052,2.039,0.175,0.045,0.315,0.04,1.291,0.108,2.012,0.315,0.988,0.238,0.115,0.534,1.174,0.993,0.182,0.347,0.487,0.173,0.45,0.026,0.423,0.572
7.458,0.994,4,CD8_c3_Tn,1.0,0.0,2.212,0.0,0.0,0.0,0.0,0.281,0.0,1.354,0.0,1.414,1.454,0.0,0.0,0.281,0.213,0.0,1.635,0.494,0.0,1.302,0.213,0.0,0.0
-1.291,-2.236,37,CD8_c9_Tsen,1.0,0.0,1.178,0.282,0.261,1.279,0.231,1.523,0.0,0.641,0.352,0.178,0.059,0.242,0.62,1.305,0.534,0.112,0.066,0.13,0.144,0.117,0.254,0.13,0.332
0.43,1.242,230,CD8_c0_t-Teff,0.987,0.066,1.851,0.32,0.029,0.291,0.104,1.026,0.09,0.472,0.249,0.533,0.055,0.373,0.627,1.863,1.043,0.079,0.162,0.366,0.324,0.358,0.322,0.288,0.36
4.159,0.745,14,CD8_c0_t-Teff,0.857,0.0,1.819,0.0,0.0,0.167,0.0,0.901,0.0,2.59,0.177,1.432,0.679,0.185,0.261,1.123,1.142,0.503,0.577,0.504,0.086,0.731,0.107,0.128,0.0
8.749,0.745,1,CD8_c3_Tn,1.0,0.0,2.264,0.0,0.0,0.0,0.0,1.149,0.0,0.0,0.0,2.01,1.149,0.0,0.0,0.0,0.0,0.0,1.669,0.0,0.0,1.149,0.0,0.0,0.0
2.151,0.248,127,CD8_c0_t-Teff,0.961,0.113,2.317,0.275,0.06,0.74,0.082,1.85,0.127,1.834,0.423,0.682,0.126,0.078,0.555,1.508,0.952,0.08,0.206,0.337,0.19,0.462,0.032,0.58,0.353
1.578,0.248,246,CD8_c0_t-Teff,0.967,0.114,2.338,0.099,0.062,0.38,0.062,1.735,0.143,0.987,0.226,1.181,0.074,0.228,0.411,1.645,1.08,0.052,0.153,0.301,0.196,0.385,0.208,0.391,0.544
0.861,0.994,211,CD8_c0_t-Teff,0.995,0.088,1.983,0.285,0.046,0.372,0.073,1.232,0.134,0.434,0.241,0.592,0.029,0.302,0.525,2.013,1.096,0.058,0.136,0.274,0.171,0.332,0.231,0.363,0.583
0.143,-5.217,1,CD8_c5_Tisg,1.0,1.553,3.822,2.134,0.0,0.0,0.0,2.134,0.0,3.298,0.0,4.462,0.0,0.0,1.553,4.878,2.499,0.0,0.0,0.0,0.0,1.553,0.0,0.0,0.0
-0.143,-5.217,27,CD8_c5_Tisg,0.963,0.112,1.432,0.206,0.109,0.649,0.096,0.858,0.17,1.811,0.083,1.18,0.043,0.235,0.949,1.64,0.264,0.281,0.098,0.434,0.55,0.574,0.076,0.129,0.139
-0.717,1.242,217,CD8_c0_t-Teff,0.977,0.056,1.431,0.415,0.011,0.624,0.091,0.991,0.071,0.566,0.317,0.628,0.084,0.292,0.91,1.12,0.728,0.145,0.267,0.552,0.268,0.378,0.189,0.254,0.419
-1.578,0.248,124,CD8_c7_p-Tex,0.54,0.104,1.486,0.835,0.082,1.324,0.215,1.108,0.064,0.426,0.765,0.29,0.111,0.607,1.232,1.538,0.968,0.13,0.219,0.882,0.377,0.192,0.447,0.18,0.489
9.753,0.0,104,CD8_c13_Tn_TCF7,0.99,0.0,0.054,0.0,0.0,0.017,0.0,0.247,0.08,1.13,0.031,0.855,0.768,0.0,0.05,0.0,0.202,0.084,1.19,0.516,0.055,1.733,0.022,0.018,0.015
9.896,0.248,499,CD8_c13_Tn_TCF7,0.99,0.009,0.088,0.0,0.008,0.043,0.004,0.283,0.027,1.408,0.063,1.534,0.861,0.0,0.067,0.0,0.415,0.128,1.67,0.46,0.104,2.092,0.004,0.0,0.004
9.753,0.497,133,CD8_c13_Tn_TCF7,0.992,0.018,0.182,0.0,0.0,0.032,0.0,0.321,0.058,1.458,0.065,1.59,0.906,0.0,0.049,0.023,0.464,0.185,1.714,0.547,0.102,1.907,0.0,0.0,0.0
9.036,0.745,14,CD8_c13_Tn_TCF7,0.5,0.0,0.695,0.0,0.0,0.0,0.0,0.617,0.098,1.48,0.285,1.177,1.787,0.136,0.146,0.413,0.802,0.708,1.362,0.034,0.143,1.863,0.125,0.0,0.0
9.466,0.497,74,CD8_c13_Tn_TCF7,0.905,0.0,0.221,0.0,0.0,0.029,0.024,0.588,0.023,1.375,0.17,1.438,1.135,0.0,0.022,0.03,0.494,0.154,1.788,0.576,0.09,2.068,0.0,0.0,0.0
3.729,0.497,190,CD8_c0_t-Teff,0.995,0.101,1.258,0.429,0.04,1.318,0.062,1.292,0.141,2.708,0.308,0.503,0.153,0.168,0.914,0.961,0.942,0.301,0.358,0.461,0.121,0.508,0.008,0.401,0.354
10.04,0.0,43,CD8_c13_Tn_TCF7,1.0,0.0,0.0,0.0,0.0,0.0,0.056,0.29,0.032,1.884,0.112,1.571,0.554,0.0,0.071,0.0,0.621,0.102,1.91,0.285,0.053,2.16,0.0,0.0,0.0
9.322,0.745,23,CD8_c13_Tn_TCF7,0.652,0.0,0.842,0.0,0.084,0.0,0.082,0.354,0.0,1.509,0.082,1.606,0.912,0.0,0.25,0.18,0.48,0.458,1.616,0.69,0.197,1.786,0.0,0.0,0.073
9.466,0.994,1,CD8_c3_Tn,1.0,0.0,0.0,0.0,0.0,0.0,0.0,0.0,1.881,1.881,0.0,1.881,0.0,0.0,0.0,0.0,1.881,0.0,0.0,0.0,0.0,0.0,0.0,0.0,0.0
6.884,2.484,9,CD8_c3_Tn,0.889,0.0,0.0,0.0,0.0,0.0,0.0,0.839,0.229,1.635,0.276,0.593,0.133,0.0,0.0,0.581,0.627,0.0,0.695,0.947,0.836,0.249,0.229,0.0,0.0
9.609,0.248,33,CD8_c13_Tn_TCF7,0.848,0.0,0.389,0.0,0.0,0.0,0.0,0.424,0.0,1.37,0.0,1.345,1.049,0.0,0.283,0.0,0.297,0.171,1.404,0.397,0.0,2.155,0.0,0.0,0.0
9.179,0.497,3,CD8_c3_Tn,0.667,0.0,1.773,0.0,0.0,0.0,0.0,0.794,0.0,1.628,0.422,1.395,1.011,0.0,0.274,0.813,0.737,0.0,2.292,0.274,0.0,1.011,0.77,0.0,0.0
9.179,0.994,9,CD8_c3_Tn,0.889,0.0,0.267,0.0,0.0,0.482,0.0,0.613,0.163,1.717,0.0,1.938,0.667,0.0,0.0,0.381,0.848,0.449,1.95,0.345,0.0,2.022,0.109,0.0,0.0
0.143,-5.714,76,CD8_c5_Tisg,0.974,0.088,1.504,0.046,0.046,0.3,0.06,0.738,0.074,1.639,0.236,0.904,0.156,0.18,0.199,0.967,0.369,0.22,0.809,0.266,0.094,0.731,0.096,0.088,0.163
2.868,0.0,222,CD8_c0_t-Teff,0.977,0.16,2.106,0.318,0.097,0.761,0.13,1.854,0.062,2.269,0.45,0.489,0.198,0.251,0.722,1.491,0.911,0.08,0.14,0.506,0.256,0.436,0.113,1.325,0.301
6.024,2.981,134,CD8_c12_Trm,0.963,0.071,0.76,0.345,0.097,0.484,0.086,1.199,0.142,1.746,0.213,0.096,0.037,0.142,0.428,1.098,0.439,0.017,0.049,0.425,0.145,0.289,0.125,0.329,0.118
2.582,-0.994,59,CD8_c0_t-Teff,0.983,0.161,2.053,0.712,0.178,1.738,0.253,1.648,0.093,0.676,0.807,0.295,0.101,0.343,1.082,1.321,1.071,0.022,0.059,0.743,0.337,0.174,0.342,0.866,0.342
1.578,-0.248,75,CD8_c0_t-Teff,1.0,0.093,2.577,0.44,0.09,0.649,0.057,1.839,0.13,1.09,0.257,0.75,0.111,0.15,0.636,1.256,0.781,0.097,0.176,0.298,0.195,0.378,0.252,0.919,0.389
6.167,3.229,327,CD8_c12_Trm,0.985,0.062,0.878,0.343,0.018,0.295,0.12,0.856,0.032,1.729,0.21,0.102,0.047,0.228,0.326,1.048,0.461,0.009,0.043,0.209,0.238,0.263,0.156,0.066,0.146
4.733,0.745,4,CD8_c3_Tn,0.5,0.0,1.834,0.0,0.0,0.0,0.0,1.856,0.379,2.25,0.391,0.731,0.493,0.416,0.0,1.116,0.729,0.0,0.352,0.379,0.0,0.58,0.0,0.0,0.0
3.012,-0.248,203,CD8_c0_t-Teff,0.985,0.092,2.014,0.54,0.073,0.844,0.059,1.762,0.053,2.183,0.686,0.532,0.185,0.17,0.69,1.506,0.924,0.119,0.219,0.479,0.266,0.375,0.099,1.467,0.375
-3.299,-2.236,292,CD8_c7_p-Tex,0.993,0.058,1.176,0.203,0.069,0.106,1.026,0.092,0.536,0.263,0.683,0.739,0.719,0.12,0.361,0.534,0.617,0.195,0.856,0.513,0.459,1.21,0.323,0.026,0.082
-4.303,-2.981,382,CD8_c1_Tex,0.992,0.088,1.201,0.528,0.239,1.276,0.565,0.945,0.115,0.171,0.385,0.221,0.078,0.521,1.298,1.435,0.721,0.053,0.33,0.551,0.321,0.133,0.372,0.056,0.214
-3.012,-6.707,7,CD8_c1_Tex,1.0,0.0,1.548,0.48,0.0,1.221,0.27,1.169,0.668,1.191,0.278,0.0,0.182,0.374,0.711,0.642,1.08,0.234,0.335,0.0,0.0,0.962,0.245,0.627,0.443
1.004,2.236,248,CD8_c0_t-Teff,0.984,0.098,1.271,0.341,0.04,0.255,0.046,0.726,0.061,0.9,0.216,0.645,0.021,0.278,0.563,1.761,1.152,0.148,0.291,0.528,0.156,0.397,0.236,0.11,0.511
0.43,4.223,149,CD8_c6_Tcm,0.993,0.035,0.46,0.481,0.004,0.08,0.019,0.433,0.063,1.068,0.284,0.319,0.032,0.185,0.678,0.844,0.4,0.144,0.259,0.246,0.297,0.399,0.155,0.046,0.13
4.159,0.248,15,CD8_c0_t-Teff,0.733,0.064,1.53,0.42,0.0,0.388,0.164,1.209,0.0,2.914,0.16,1.249,0.592,0.0,0.961,0.642,0.449,0.547,1.182,0.263,0.108,0.608,0.0,0.202,0.216
-0.861,1.49,272,CD8_c0_t-Teff,0.985,0.04,1.387,0.402,0.059,0.654,0.081,0.971,0.058,0.689,0.319,0.395,0.062,0.267,0.904,1.081,0.645,0.177,0.346,0.46,0.318,0.272,0.235,0.178,0.341
1.004,-1.242,21,CD8_c0_t-Teff,0.619,0.063,1.484,0.606,0.11,1.741,0.331,1.924,0.0,0.655,0.597,0.467,0.0,0.225,0.893,0.658,0.773,0.0,0.0,0.351,0.131,0.207,0.23,0.607,0.058
-1.291,0.745,194,CD8_c0_t-Teff,0.794,0.025,1.436,0.479,0.043,0.799,0.129,1.13,0.025,0.569,0.427,0.496,0.067,0.355,1.059,1.174,0.844,0.137,0.293,0.535,0.413,0.289,0.284,0.254,0.515
-1.434,1.49,221,CD8_c0_t-Teff,0.914,0.043,1.14,0.549,0.082,0.9,0.073,0.913,0.023,0.558,0.307,0.349,0.054,0.288,1.033,0.763,0.644,0.13,0.24,0.608,0.247,0.274,0.274,0.144,0.334
3.299,-0.745,205,CD8_c0_t-Teff,0.985,0.037,1.496,0.976,0.094,2.332,0.215,1.461,0.104,1.673,0.729,0.402,0.069,0.197,1.116,1.378,0.833,0.081,0.205,0.6,0.228,0.136,0.117,0.261,0.375
-1.434,0.994,236,CD8_c0_t-Teff,0.801,0.019,1.397,0.515,0.046,0.967,0.19,0.994,0.059,0.476,0.339,0.389,0.075,0.363,1.027,1.028,0.563,0.137,0.216,0.572,0.389,0.288,0.237,0.185,0.34
2.008,1.49,163,CD8_c0_t-Teff,0.939,0.112,1.457,0.27,0.077,0.437,0.018,1.136,0.131,1.557,0.211,1.189,0.121,0.183,0.467,1.542,1.253,0.194,0.331,0.494,0.152,0.354,0.186,0.228,0.736
-1.147,1.987,271,CD8_c0_t-Teff,0.982,0.027,1.025,0.352,0.015,0.381,0.054,0.658,0.045,0.667,0.219,0.404,0.072,0.206,0.731,0.823,0.437,0.12,0.263,0.438,0.272,0.255,0.222,0.134,0.149
6.454,3.229,31,CD8_c12_Trm,0.935,0.0,1.292,0.069,0.0,0.208,0.0,0.47,0.0,2.078,0.079,0.128,0.0,0.084,0.088,0.731,0.511,0.0,0.096,0.244,0.217,0.34,0.0,0.293,0.141
-0.574,-1.987,5,CD8_c9_Tsen,0.8,0.0,1.104,0.0,0.0,0.493,0.0,1.079,0.324,0.49,0.0,0.546,0.324,0.0,0.626,0.321,0.762,0.0,0.324,0.305,0.0,0.736,0.0,0.565,0.0
-3.155,-6.956,3,CD8_c1_Tex,1.0,0.0,0.692,0.928,0.0,1.979,0.0,0.997,0.0,0.596,0.23,0.23,0.0,0.23,0.0,1.369,0.365,0.23,0.0,0.23,0.0,0.365,0.0,0.0,0.0
6.311,2.981,41,CD8_c12_Trm,0.829,0.046,0.612,0.333,0.0,0.156,0.0,0.702,0.109,1.77,0.223,0.15,0.101,0.174,0.157,0.736,0.61,0.0,0.04,0.158,0.209,0.097,0.052,0.391,0.123
-0.143,-2.236,1,CD8_c4_Tstr,1.0,0.0,3.013,0.0,0.0,0.0,0.0,1.583,0.0,3.464,0.0,0.0,0.0,0.0,1.583,0.0,2.168,0.0,0.0,0.0,0.0,0.0,0.0,0.0,0.0
-1.147,0.994,189,CD8_c0_t-Teff,0.831,0.031,1.488,0.552,0.017,0.985,0.159,1.015,0.053,0.466,0.433,0.424,0.065,0.368,0.953,1.243,0.818,0.17,0.23,0.55,0.342,0.271,0.289,0.224,0.315
-1.291,-1.242,53,CD8_c9_Tsen,0.868,0.04,1.596,0.461,0.062,0.968,0.159,1.313,0.076,0.516,0.494,0.392,0.15,0.181,1.196,1.314,0.778,0.143,0.27,0.838,0.425,0.32,0.283,0.418,0.473
2.725,1.739,130,CD8_c0_t-Teff,1.0,0.09,1.229,0.344,0.016,0.329,0.0,1.256,0.136,2.387,0.354,0.713,0.161,0.244,0.426,1.201,1.032,0.469,0.363,0.678,0.08,0.481,0.084,0.189,0.36
-2.151,0.745,236,CD8_c10_Teff_CD244,0.805,0.059,1.336,0.388,0.082,0.806,0.166,1.051,0.097,0.618,0.263,0.588,0.109,0.306,1.121,0.731,0.585,0.269,0.223,0.667,0.34,0.348,0.292,0.241,0.336
0.287,-2.484,12,CD8_c4_Tstr,0.833,0.296,1.131,0.216,0.344,1.033,0.415,1.537,0.567,0.396,1.082,0.522,0.0,0.169,0.584,2.395,0.529,0.0,0.0,0.0,0.0,0.168,0.414,0.414,0.6
-0.717,-0.248,114,CD8_c11_Teff_SEMA4A,0.693,0.068,1.506,0.426,0.083,0.347,0.162,0.807,0.166,0.9,0.291,0.514,0.054,0.471,0.672,1.4,0.838,0.115,0.338,0.544,0.293,0.352,0.36,0.182,0.279
1.434,0.994,225,CD8_c0_t-Teff,0.987,0.138,1.837,0.221,0.029,0.263,0.104,1.153,0.063,0.709,0.265,0.786,0.043,0.198,0.548,1.712,1.002,0.06,0.208,0.286,0.207,0.414,0.292,0.226,0.591
2.151,1.242,154,CD8_c0_t-Teff,0.981,0.086,1.185,0.188,0.025,0.421,0.03,0.983,0.125,1.489,0.176,1.147,0.114,0.362,0.552,1.484,1.273,0.201,0.231,0.468,0.11,0.452,0.163,0.231,0.656
-0.717,-1.739,22,CD8_c9_Tsen,0.864,0.147,1.988,0.333,0.028,0.63,0.123,1.714,0.238,1.108,0.569,0.759,0.094,0.351,0.584,1.561,0.974,0.096,0.199,0.206,0.235,0.347,0.283,0.524,0.154
1.864,-0.248,85,CD8_c0_t-Teff,1.0,0.102,2.576,0.241,0.016,0.59,0.06,1.732,0.158,1.818,0.377,0.53,0.22,0.068,0.373,1.508,0.791,0.098,0.219,0.444,0.206,0.31,0.208,1.908,0.348
-3.586,1.739,123,CD8_c2_Teff,0.992,0.0,0.851,0.169,0.019,1.582,0.101,1.269,0.011,0.695,0.129,1.096,0.067,0.082,1.602,0.274,0.549,0.329,0.302,0.701,0.415,0.296,0.199,0.094,0.721
-1.434,-1.49,299,CD8_c9_Tsen,0.95,0.092,1.47,0.463,0.105,0.826,0.209,1.316,0.071,0.708,0.408,0.426,0.083,0.366,1.015,1.307,0.727,0.128,0.273,0.595,0.346,0.368,0.375,0.167,0.523
-4.159,-2.733,45,CD8_c1_Tex,0.844,0.136,1.62,0.594,0.034,0.823,0.374,0.899,0.15,0.527,0.443,0.318,0.156,0.328,0.915,1.157,0.594,0.276,0.646,0.697,0.372,0.413,0.356,0.097,0.265
-1.291,-1.739,314,CD8_c9_Tsen,0.943,0.071,1.424,0.366,0.103,0.639,0.209,1.01,0.071,1.039,0.29,0.541,0.118,0.318,0.729,1.169,0.748,0.166,0.295,0.542,0.304,0.368,0.219,0.192,0.386
2.008,0.0,131,CD8_c0_t-Teff,0.985,0.097,2.362,0.354,0.099,0.748,0.03,2.139,0.193,1.57,0.444,0.504,0.073,0.133,0.492,1.665,1.004,0.042,0.104,0.273,0.197,0.399,0.097,1.011,0.474
-1.147,-1.49,71,CD8_c9_Tsen,0.873,0.093,1.862,0.324,0.038,0.518,0.076,1.506,0.129,0.901,0.298,0.653,0.124,0.359,0.758,1.624,0.846,0.099,0.167,0.373,0.363,0.339,0.28,0.413,0.577
2.151,-0.248,129,CD8_c0_t-Teff,0.992,0.1,2.289,0.418,0.042,0.577,0.053,2.032,0.041,1.439,0.452,0.502,0.135,0.195,0.652,1.472,0.866,0.02,0.069,0.512,0.21,0.398,0.173,1.27,0.328
2.008,-0.994,65,CD8_c0_t-Teff,0.985,0.084,1.815,0.498,0.049,1.117,0.215,1.82,0.159,0.822,0.492,0.458,0.209,0.125,0.78,1.178,0.63,0.158,0.185,0.764,0.158,0.383,0.075,0.514,0.26
-1.291,1.739,231,CD8_c0_t-Teff,0.974,0.021,1.002,0.329,0.055,0.613,0.101,0.763,0.14,0.682,0.276,0.541,0.046,0.32,0.975,0.715,0.451,0.172,0.272,0.415,0.267,0.257,0.174,0.174,0.242
-1.004,-1.739,26,CD8_c9_Tsen,0.962,0.089,1.767,0.242,0.068,0.378,0.123,1.375,0.155,1.391,0.523,0.515,0.07,0.183,0.54,1.563,0.51,0.165,0.373,0.532,0.253,0.343,0.19,0.574,0.306
-1.147,2.484,84,CD8_c0_t-Teff,0.976,0.056,0.527,0.296,0.0,0.612,0.018,0.58,0.089,1.115,0.24,0.573,0.073,0.218,0.922,0.404,0.544,0.151,0.269,0.401,0.253,0.347,0.059,0.016,0.281
1.434,2.484,253,CD8_c0_t-Teff,0.98,0.085,1.014,0.341,0.023,0.284,0.017,0.801,0.078,1.2,0.322,0.462,0.058,0.226,0.501,1.507,1.083,0.35,0.206,0.797,0.1,0.432,0.117,0.096,0.621
1.721,-1.49,3,CD8_c0_t-Teff,0.667,0.519,2.831,0.405,0.405,0.519,0.0,1.946,0.0,2.382,0.405,0.0,0.0,0.0,0.698,2.176,2.046,0.0,0.0,0.405,0.495,0.0,0.924,0.0,0.0
1.291,-0.745,12,CD8_c0_t-Teff,1.0,0.0,1.941,0.444,0.138,1.254,0.138,1.919,0.0,0.774,0.181,0.461,0.061,0.391,0.568,1.577,0.974,0.0,0.0,0.388,0.101,0.518,0.061,0.0,0.286
2.438,-1.242,31,CD8_c0_t-Teff,0.935,0.048,2.441,0.656,0.098,1.539,0.217,1.286,0.0,0.853,1.14,0.346,0.085,0.156,1.433,1.509,0.712,0.0,0.101,0.912,0.188,0.277,0.191,0.816,0.205
3.442,-0.497,244,CD8_c0_t-Teff,0.984,0.065,1.409,0.925,0.119,2.258,0.165,1.548,0.071,1.993,0.696,0.425,0.019,0.524,1.135,1.65,1.102,0.088,0.113,0.449,0.144,0.167,0.059,0.476,0.43
-0.43,-1.739,8,CD8_c9_Tsen,0.75,0.198,2.466,0.169,0.18,0.0,0.0,1.848,0.353,0.968,0.18,1.857,0.0,0.0,0.0,1.471,0.584,0.0,0.0,0.0,0.169,0.256,0.18,0.494,0.438
-1.864,0.745,229,CD8_c10_Teff_CD244,0.45,0.056,1.349,0.385,0.028,0.773,0.086,0.805,0.063,0.702,0.365,0.563,0.073,0.184,1.149,0.782,0.649,0.248,0.43,0.759,0.367,0.313,0.274,0.249,0.373
-1.004,-1.242,18,CD8_c9_Tsen,0.389,0.0,1.249,0.183,0.0,0.485,0.309,1.102,0.126,0.754,0.414,0.0,0.0,0.353,0.902,0.713,0.639,0.0,0.27,0.265,0.211,0.138,0.289,0.438,0.607
6.454,2.733,2,CD8_c12_Trm,0.5,0.0,0.0,0.0,0.0,0.927,0.0,0.927,0.0,3.348,1.887,0.0,0.0,0.0,0.0,0.0,0.0,0.0,0.0,0.0,0.0,0.0,0.0,1.268,0.0
-2.438,-6.21,358,CD8_c1_Tex,0.989,0.119,1.346,0.451,0.206,0.467,0.208,0.698,0.157,0.605,0.583,0.223,0.083,0.579,0.846,1.403,0.589,0.052,0.221,0.442,0.396,0.414,0.643,0.24,0.348
0.0,-1.987,5,CD8_c9_Tsen,0.6,0.0,1.97,0.535,0.743,0.535,0.616,2.479,0.616,0.632,0.0,0.271,0.0,0.26,0.729,2.626,0.922,0.0,0.0,0.0,0.271,0.811,0.356,0.356,0.0
-1.721,1.49,130,CD8_c0_t-Teff,0.677,0.043,1.115,0.406,0.122,0.916,0.058,0.861,0.029,0.664,0.225,0.45,0.083,0.284,1.154,0.621,0.629,0.182,0.202,0.38,0.236,0.27,0.183,0.105,0.32
-1.864,1.739,90,CD8_c0_t-Teff,0.8,0.06,0.974,0.201,0.118,1.682,0.188,0.814,0.074,0.305,0.298,0.236,0.0,0.158,1.094,0.592,0.561,0.066,0.341,0.432,0.294,0.092,0.268,0.062,0.25
1.721,-0.994,49,CD8_c0_t-Teff,0.959,0.021,2.017,0.468,0.101,1.197,0.176,1.508,0.066,0.71,0.367,0.213,0.175,0.202,0.674,0.956,0.579,0.108,0.5,0.53,0.351,0.289,0.169,0.472,0.22
-1.147,-0.994,1,CD8_c4_Tstr,1.0,0.0,1.457,0.0,0.0,0.0,0.0,1.457,0.0,0.0,0.0,1.457,0.0,0.0,0.0,0.0,1.457,0.0,0.0,1.457,0.0,0.0,0.0,0.0,0.0
1.291,1.242,196,CD8_c0_t-Teff,0.995,0.092,1.55,0.324,0.054,0.45,0.123,1.026,0.085,0.697,0.288,0.72,0.03,0.277,0.587,1.745,1.15,0.124,0.165,0.339,0.23,0.458,0.257,0.161,0.707
0.0,-0.994,28,CD8_c4_Tstr,0.679,0.054,1.034,0.617,0.362,1.262,0.101,0.921,0.119,0.924,0.523,0.276,0.0,0.198,0.702,0.803,0.487,0.116,0.056,0.499,0.469,0.371,0.361,0.44,0.128
-1.578,0.745,201,CD8_c0_t-Teff,0.498,0.067,1.396,0.437,0.088,1.006,0.135,1.023,0.115,0.475,0.434,0.56,0.136,0.311,1.085,0.876,0.629,0.124,0.354,0.661,0.366,0.392,0.287,0.211,0.401
0.574,1.49,187,CD8_c0_t-Teff,0.995,0.1,1.395,0.269,0.065,0.377,0.107,1.01,0.053,0.766,0.252,0.475,0.073,0.335,0.636,1.805,0.883,0.054,0.247,0.349,0.197,0.467,0.246,0.299,0.544
1.291,-1.739,10,CD8_c4_Tstr,0.8,0.0,2.498,0.0,0.0,1.196,0.165,1.856,0.287,1.538,0.14,0.0,0.0,0.13,0.603,2.456,0.9,0.0,0.165,0.325,0.274,0.19,0.0,0.63,0.952
-2.868,0.994,43,CD8_c2_Teff,0.465,0.0,0.737,0.211,0.018,1.222,0.001,1.242,0.0,0.869,0.176,0.883,0.161,0.148,1.066,0.296,0.775,0.471,0.46,0.77,0.212,0.335,0.143,0.206,0.629
0.43,-2.733,37,CD8_c4_Tstr,0.973,0.097,1.094,0.316,0.399,1.395,0.605,2.169,0.529,0.085,0.179,1.102,0.0,0.501,0.859,2.215,0.535,0.0,0.055,0.135,0.279,0.137,0.343,0.186,0.328
1.291,0.248,211,CD8_c0_t-Teff,0.981,0.187,2.252,0.215,0.058,0.676,0.053,1.64,0.093,0.771,0.294,1.007,0.056,0.235,0.514,1.799,1.045,0.075,0.21,0.277,0.239,0.38,0.239,0.477,0.671
2.151,0.745,155,CD8_c0_t-Teff,0.968,0.161,1.755,0.171,0.016,0.336,0.036,1.276,0.125,1.377,0.287,1.149,0.16,0.135,0.474,1.473,1.089,0.139,0.188,0.272,0.098,0.481,0.114,0.178,0.593
-1.721,0.994,139,CD8_c0_t-Teff,0.662,0.024,1.174,0.39,0.016,1.148,0.094,0.852,0.063,0.717,0.362,0.489,0.081,0.226,1.255,0.766,0.623,0.199,0.378,0.74,0.355,0.397,0.2,0.281,0.437
0.143,0.248,268,CD8_c0_t-Teff,0.978,0.05,1.795,0.201,0.016,0.371,0.059,1.521,0.092,0.413,0.247,0.57,0.045,0.189,0.793,1.608,0.713,0.069,0.128,0.329,0.233,0.331,0.403,0.906,0.635
-0.143,-0.745,8,CD8_c4_Tstr,0.5,0.0,0.945,0.747,0.0,0.573,0.148,1.208,0.0,1.262,0.514,0.317,0.0,0.0,0.797,1.106,0.807,0.246,0.481,0.258,0.287,0.465,0.508,0.269,0.278
0.717,0.248,219,CD8_c0_t-Teff,0.982,0.094,2.168,0.229,0.035,0.413,0.09,1.796,0.132,0.57,0.226,0.895,0.063,0.174,0.763,1.792,0.975,0.067,0.15,0.352,0.306,0.366,0.307,0.848,0.794
-0.717,-1.242,24,CD8_c4_Tstr,0.542,0.174,0.287,0.067,0.018,0.136,0.0,0.847,0.07,0.706,0.391,0.137,0.139,0.0,0.195,0.0,0.605,0.0,0.092,0.377,0.139,0.319,0.294,0.671,0.14
-2.295,0.994,125,CD8_c10_Teff_CD244,0.632,0.035,1.205,0.251,0.05,0.876,0.015,1.05,0.06,0.833,0.266,0.941,0.132,0.224,1.376,0.438,0.675,0.359,0.49,0.752,0.366,0.302,0.222,0.232,0.466
-2.008,0.994,164,CD8_c10_Teff_CD244,0.604,0.076,1.414,0.323,0.054,0.649,0.047,1.038,0.081,1.112,0.287,0.767,0.193,0.15,1.136,0.573,0.636,0.344,0.554,0.724,0.416,0.542,0.257,0.24,0.492
-4.016,-2.981,175,CD8_c1_Tex,0.96,0.097,1.225,0.747,0.293,1.209,0.984,0.773,0.253,0.127,0.405,0.207,0.126,0.696,1.528,1.781,0.726,0.058,0.288,0.69,0.448,0.146,0.535,0.055,0.19
0.574,3.975,356,CD8_c6_Tcm,0.983,0.057,0.817,0.406,0.014,0.147,0.027,0.369,0.094,1.313,0.302,0.397,0.042,0.244,0.571,0.995,0.535,0.226,0.372,0.4,0.277,0.477,0.237,0.077,0.305
-2.151,-4.223,38,CD8_c1_Tex,0.842,0.071,1.73,0.621,0.386,1.103,0.878,1.588,0.178,0.112,0.357,0.497,0.055,0.755,1.397,2.815,1.052,0.054,0.054,0.753,0.307,0.103,0.48,0.111,0.262
1.578,-1.242,11,CD8_c0_t-Teff,0.636,0.178,2.13,0.618,0.162,1.688,0.286,1.839,0.106,1.248,0.694,0.071,0.093,0.548,1.028,1.91,0.929,0.0,0.25,0.093,0.541,0.0,0.0,0.604,0.379
-0.861,-0.994,6,CD8_c4_Tstr,0.833,0.0,1.049,0.0,0.0,0.602,0.0,0.551,0.0,0.247,0.0,0.353,0.0,0.353,1.119,0.816,0.935,0.318,0.0,0.569,0.285,0.531,0.504,0.547,0.285
-3.729,0.0,399,CD8_c8_Teff_KLRG1,0.945,0.09,1.48,0.396,0.03,0.482,0.051,0.969,0.057,0.963,0.259,0.645,0.081,0.319,1.013,1.009,0.65,0.319,0.222,0.663,0.391,0.396,0.315,0.264,0.485
-3.155,-3.975,271,CD8_c1_Tex,0.956,0.078,1.464,0.564,0.675,0.934,1.431,1.753,0.274,0.3,0.358,0.418,0.039,0.756,1.321,2.528,1.167,0.003,0.059,0.351,0.383,0.191,0.553,0.049,0.385
-3.729,-2.981,13,CD8_c1_Tex,0.615,0.092,1.051,0.597,0.082,0.97,1.166,1.641,0.246,0.0,0.347,0.379,0.0,0.73,1.629,1.903,0.869,0.0,0.362,0.666,0.341,0.082,0.327,0.0,0.254
2.868,-0.994,50,CD8_c0_t-Teff,0.9,0.021,2.069,0.737,0.053,2.482,0.392,1.618,0.065,0.64,0.639,0.373,0.105,0.384,1.658,1.393,1.001,0.025,0.221,0.611,0.219,0.259,0.234,0.453,0.258
3.872,0.248,77,CD8_c0_t-Teff,0.948,0.014,1.04,0.53,0.0,0.742,0.084,0.933,0.168,2.803,0.342,0.606,0.17,0.141,0.667,0.631,0.725,0.374,0.355,0.514,0.167,0.441,0.03,0.273,0.195
-1.147,1.49,272,CD8_c0_t-Teff,0.971,0.038,1.357,0.504,0.058,0.728,0.109,0.925,0.035,0.763,0.29,0.395,0.057,0.321,0.944,1.03,0.564,0.134,0.185,0.527,0.382,0.328,0.236,0.218,0.358
-1.147,0.497,136,CD8_c0_t-Teff,0.765,0.028,1.526,0.5,0.104,0.819,0.129,1.411,0.107,0.683,0.463,0.38,0.044,0.372,0.858,1.162,0.652,0.182,0.188,0.57,0.357,0.421,0.248,0.4,0.473
1.578,1.739,181,CD8_c0_t-Teff,0.983,0.099,1.54,0.284,0.07,0.379,0.074,1.326,0.102,1.012,0.154,1.101,0.053,0.325,0.442,1.869,1.376,0.126,0.273,0.471,0.13,0.381,0.252,0.29,0.813
2.725,-0.248,177,CD8_c0_t-Teff,0.977,0.103,1.96,0.442,0.045,0.694,0.035,1.717,0.059,2.141,0.627,0.258,0.109,0.143,0.756,1.505,0.89,0.065,0.127,0.383,0.25,0.364,0.077,1.272,0.257
1.434,1.987,251,CD8_c0_t-Teff,0.972,0.177,1.533,0.23,0.048,0.361,0.08,1.406,0.046,0.997,0.271,0.888,0.037,0.351,0.485,1.901,1.441,0.103,0.163,0.439,0.144,0.344,0.178,0.191,0.726
-2.868,3.478,55,CD8_c2_Teff,0.964,0.079,1.081,0.257,0.073,1.798,0.105,1.143,0.023,0.847,0.243,0.553,0.08,0.207,1.146,0.896,0.868,0.309,0.016,0.512,0.069,0.23,0.022,0.152,0.74
1.721,-2.484,1,CD8_c4_Tstr,1.0,0.0,1.502,0.0,0.0,1.831,0.0,2.44,0.0,3.365,0.0,2.582,0.0,0.0,0.0,0.0,2.44,0.0,1.502,0.0,0.0,0.0,0.0,0.0,0.0
-1.721,0.0,113,CD8_c7_p-Tex,0.655,0.053,1.292,0.697,0.184,1.492,0.344,1.104,0.086,0.292,0.627,0.281,0.045,0.536,1.279,1.477,0.851,0.074,0.298,0.94,0.452,0.165,0.437,0.174,0.34
-0.143,-6.21,246,CD8_c5_Tisg,1.0,0.091,1.116,0.466,0.391,0.124,0.218,0.787,0.187,1.255,0.208,0.655,0.268,0.233,0.233,2.084,0.457,0.179,0.932,0.621,0.21,0.345,0.154,0.023,0.078
3.155,-0.497,122,CD8_c0_t-Teff,0.984,0.063,1.567,0.805,0.156,1.523,0.108,1.585,0.103,1.746,0.664,0.275,0.104,0.227,0.918,1.403,0.796,0.092,0.182,0.641,0.253,0.271,0.093,1.21,0.342
-1.434,-0.497,57,CD8_c11_Teff_SEMA4A,0.877,0.076,1.005,0.703,0.271,1.405,0.699,1.083,0.243,0.511,0.636,0.338,0.0,0.91,1.293,1.48,0.596,0.052,0.291,0.684,0.545,0.14,0.473,0.064,0.334
1.864,-1.242,17,CD8_c0_t-Teff,0.941,0.0,1.604,1.101,0.285,2.05,0.3,1.87,0.119,1.29,1.037,0.142,0.0,0.416,1.322,1.052,0.816,0.0,0.251,0.908,0.211,0.327,0.251,0.48,0.362
0.717,-1.242,26,CD8_c0_t-Teff,0.577,0.066,1.757,0.722,0.198,1.399,0.026,1.249,0.582,1.445,0.377,0.135,0.069,0.195,1.139,1.275,0.432,0.0,0.157,0.287,0.053,0.21,0.124,0.477,0.27
5.02,0.745,1,CD8_c0_t-Teff,1.0,0.0,2.72,0.0,0.0,0.0,1.213,2.551,0.0,2.091,0.0,1.745,1.745,0.0,0.0,2.091,0.0,0.0,0.0,0.0,0.0,0.0,0.0,1.745,0.0
2.295,1.987,161,CD8_c0_t-Teff,0.901,0.086,1.142,0.372,0.02,0.36,0.002,1.067,0.14,1.577,0.396,0.923,0.099,0.27,0.416,1.393,1.049,0.333,0.245,0.715,0.086,0.565,0.086,0.311,0.662
-2.868,-5.962,105,CD8_c1_Tex,0.99,0.142,1.141,0.615,0.612,1.135,0.939,1.39,0.17,0.362,0.598,0.123,0.02,1.034,1.254,1.972,0.563,0.008,0.14,0.418,0.45,0.204,0.689,0.721,0.494
-2.295,0.497,130,CD8_c7_p-Tex,0.608,0.02,1.211,0.251,0.045,1.101,0.135,1.182,0.047,0.728,0.343,1.075,0.177,0.345,1.607,0.274,0.902,0.574,0.445,1.121,0.453,0.359,0.265,0.183,0.623
-0.43,0.248,202,CD8_c0_t-Teff,0.955,0.101,1.777,0.259,0.038,0.416,0.07,1.385,0.1,0.435,0.242,0.677,0.031,0.142,0.908,1.126,0.637,0.114,0.334,0.372,0.256,0.47,0.24,0.567,0.517
-2.438,-0.745,43,CD8_c7_p-Tex,0.86,0.034,1.062,0.518,0.297,0.837,0.453,0.993,0.209,0.115,0.539,0.213,0.106,0.587,1.127,1.521,0.634,0.021,0.348,0.742,0.151,0.189,0.573,0.029,0.37
-2.868,2.484,93,CD8_c2_Teff,0.935,0.01,1.041,0.113,0.0,1.257,0.116,1.082,0.024,0.367,0.187,0.8,0.04,0.038,1.343,0.523,0.739,0.208,0.143,0.465,0.189,0.136,0.184,0.149,0.837
-3.729,-2.484,16,CD8_c7_p-Tex,0.938,0.0,1.38,0.439,0.0,0.188,0.808,0.282,0.584,0.135,0.629,0.492,0.354,0.081,0.593,0.993,0.554,0.442,0.819,1.122,0.414,1.195,0.0,0.0,0.073
7.171,0.994,1,CD8_c3_Tn,1.0,0.0,2.072,0.0,0.0,0.0,0.0,0.0,0.0,2.508,0.0,1.737,0.0,0.0,0.0,0.0,0.0,0.0,0.0,1.941,0.0,2.178,0.0,0.0,0.0
4.446,0.745,5,CD8_c0_t-Teff,0.8,0.0,2.021,0.481,0.0,0.0,0.0,0.564,0.0,1.867,0.0,0.0,0.0,0.0,0.281,1.158,0.0,0.0,0.0,0.0,0.0,0.281,0.0,1.149,0.366
-2.295,-0.497,60,CD8_c7_p-Tex,0.833,0.017,0.926,0.449,0.075,0.872,0.293,0.988,0.238,0.241,0.645,0.235,0.137,0.575,0.943,1.285,0.87,0.08,0.261,0.692,0.291,0.383,0.483,0.158,0.413
6.741,0.745,1,CD8_c3_Tn,1.0,0.0,2.293,0.0,0.0,0.0,0.0,2.114,0.0,2.427,0.0,0.0,0.0,0.0,0.0,0.0,0.0,0.0,1.588,0.0,0.0,1.76,0.0,0.0,0.0
-1.004,2.236,296,CD8_c0_t-Teff,0.99,0.032,1.007,0.376,0.009,0.207,0.038,0.557,0.042,0.905,0.218,0.352,0.094,0.3,0.692,0.981,0.452,0.146,0.247,0.393,0.225,0.355,0.153,0.067,0.242
2.008,0.994,167,CD8_c0_t-Teff,0.988,0.118,1.362,0.112,0.027,0.333,0.044,0.887,0.077,1.136,0.147,0.923,0.088,0.112,0.41,1.378,0.89,0.121,0.215,0.357,0.124,0.403,0.125,0.131,0.612
-0.287,0.0,88,CD8_c0_t-Teff,0.909,0.036,1.877,0.277,0.055,0.307,0.05,1.596,0.069,0.371,0.354,0.695,0.036,0.073,0.912,1.373,0.539,0.149,0.146,0.295,0.217,0.331,0.293,0.64,0.53
-3.442,0.497,10,CD8_c8_Teff_KLRG1,0.2,0.076,1.339,0.555,0.19,1.084,0.177,1.056,0.17,1.037,0.338,1.05,0.0,0.215,1.472,0.568,0.701,0.692,0.496,0.324,0.407,0.17,0.411,0.565,0.999
0.287,0.0,303,CD8_c0_t-Teff,0.99,0.036,1.913,0.247,0.044,0.537,0.053,1.603,0.156,0.506,0.256,0.72,0.032,0.135,0.932,1.251,0.721,0.06,0.101,0.283,0.263,0.392,0.363,1.262,0.726
-1.434,2.484,15,CD8_c0_t-Teff,0.867,0.124,1.102,0.235,0.0,0.427,0.0,0.873,0.123,1.655,0.149,0.545,0.131,0.154,0.816,0.234,0.356,0.272,0.265,0.561,0.126,0.995,0.0,0.099,0.567
-3.012,1.242,130,CD8_c2_Teff,0.877,0.066,1.225,0.293,0.011,0.775,0.042,0.846,0.029,0.773,0.209,0.719,0.094,0.089,1.012,0.783,0.73,0.32,0.362,0.575,0.31,0.309,0.152,0.124,0.484
1.864,2.236,244,CD8_c0_t-Teff,0.951,0.079,1.112,0.316,0.016,0.298,0.034,1.008,0.135,1.416,0.288,0.656,0.092,0.33,0.475,1.425,1.098,0.262,0.198,0.687,0.104,0.445,0.131,0.183,0.734
0.717,0.745,193,CD8_c0_t-Teff,0.995,0.144,1.93,0.194,0.032,0.317,0.091,1.423,0.081,0.526,0.293,0.746,0.069,0.244,0.512,1.878,0.91,0.014,0.15,0.281,0.311,0.434,0.274,0.309,0.552
-0.43,2.236,278,CD8_c0_t-Teff,0.993,0.024,1.283,0.307,0.031,0.221,0.073,0.509,0.079,0.961,0.21,0.47,0.115,0.305,0.65,0.938,0.504,0.129,0.395,0.397,0.247,0.504,0.253,0.119,0.271
-1.004,0.745,179,CD8_c0_t-Teff,0.899,0.07,1.432,0.454,0.047,0.784,0.129,1.208,0.062,0.488,0.338,0.583,0.071,0.24,0.939,1.122,0.727,0.046,0.279,0.512,0.402,0.261,0.202,0.215,0.497
-0.143,-0.248,20,CD8_c0_t-Teff,0.75,0.087,1.602,0.143,0.0,0.576,0.0,1.329,0.0,0.56,0.334,0.302,0.141,0.179,0.757,1.256,0.406,0.057,0.28,0.291,0.291,0.675,0.425,1.087,0.246
1.434,-0.994,31,CD8_c0_t-Teff,0.903,0.072,2.088,0.437,0.253,1.229,0.267,1.849,0.075,0.642,0.737,0.254,0.043,0.192,0.857,1.189,0.717,0.041,0.034,0.396,0.276,0.113,0.179,0.641,0.37
0.717,1.242,229,CD8_c0_t-Teff,0.987,0.081,1.693,0.168,0.076,0.441,0.104,1.117,0.062,0.722,0.28,0.608,0.026,0.267,0.572,1.893,1.286,0.059,0.128,0.363,0.246,0.338,0.19,0.177,0.6
-2.725,-3.726,127,CD8_c1_Tex,0.969,0.103,1.581,0.19,0.353,0.284,1.225,2.076,0.197,0.25,0.31,0.422,0.027,0.648,0.699,2.794,1.469,0.0,0.01,0.184,0.305,0.258,0.353,0.033,0.259
-3.299,-0.248,85,CD8_c8_Teff_KLRG1,0.553,0.138,2.083,0.427,0.058,0.598,0.107,1.379,0.24,0.989,0.129,1.015,0.038,0.308,0.738,1.395,1.026,0.105,0.111,0.526,0.221,0.278,0.34,0.811,0.672
0.143,-0.745,10,CD8_c0_t-Teff,0.9,0.173,1.231,0.0,0.043,0.68,0.003,1.846,0.0,0.167,0.371,0.291,0.0,0.327,1.408,1.457,0.462,0.0,0.0,0.632,0.351,0.573,0.078,0.825,0.18
5.307,0.745,1,CD8_c3_Tn,1.0,0.0,0.0,0.0,0.0,0.0,0.0,1.302,0.0,1.302,0.0,0.0,0.0,0.0,0.0,0.0,0.0,0.0,0.0,0.0,0.0,0.0,0.0,0.0,0.0
-3.155,1.49,111,CD8_c2_Teff,0.937,0.013,1.184,0.269,0.063,1.224,0.107,1.338,0.04,0.656,0.124,0.955,0.099,0.118,1.471,0.595,0.808,0.319,0.514,0.738,0.326,0.265,0.209,0.114,0.689
-3.299,-3.229,71,CD8_c7_p-Tex,0.845,0.073,0.702,0.911,0.329,0.484,1.116,0.47,0.424,0.16,0.66,0.083,0.15,0.869,1.284,1.345,0.604,0.036,0.214,0.431,0.361,0.115,0.552,0.142,0.198
-3.012,-2.733,20,CD8_c7_p-Tex,1.0,0.126,1.064,0.804,0.368,0.676,1.571,0.728,0.048,0.199,0.465,0.45,0.066,0.702,1.399,1.549,0.674,0.094,0.19,0.573,0.384,0.1,0.52,0.055,0.204
-3.155,-5.962,181,CD8_c1_Tex,0.989,0.164,0.982,0.855,0.613,1.662,0.738,1.517,0.338,0.694,0.871,0.119,0.04,0.856,1.067,1.979,0.531,0.011,0.139,0.438,0.313,0.217,0.69,0.837,0.513
-3.442,-3.478,106,CD8_c1_Tex,0.849,0.062,1.455,0.771,0.492,0.848,1.441,1.284,0.299,0.214,0.28,0.282,0.018,0.859,1.379,2.179,1.071,0.012,0.095,0.379,0.444,0.186,0.556,0.05,0.245
-0.717,2.236,289,CD8_c0_t-Teff,0.993,0.004,1.09,0.355,0.033,0.246,0.105,0.558,0.103,0.827,0.303,0.349,0.09,0.365,0.636,1.018,0.526,0.111,0.281,0.449,0.306,0.275,0.231,0.063,0.208
-3.012,-2.236,23,CD8_c7_p-Tex,0.957,0.09,0.926,0.788,0.153,0.492,0.661,0.255,0.0,0.056,0.486,0.554,0.201,0.909,0.838,0.965,0.687,0.124,0.753,0.586,0.399,0.269,0.374,0.0,0.109
-3.299,-2.733,48,CD8_c7_p-Tex,0.979,0.066,0.702,0.719,0.229,0.452,1.266,0.307,0.296,0.185,0.733,0.387,0.33,0.72,1.135,1.179,0.583,0.097,0.574,0.665,0.481,0.283,0.468,0.0,0.107
4.59,0.497,2,CD8_c3_Tn,1.0,0.0,1.11,0.815,0.0,0.0,0.0,0.815,0.0,2.799,0.0,0.56,0.815,0.0,0.56,0.0,0.0,0.818,1.113,0.0,0.0,0.0,0.0,0.0,0.0
-0.861,1.987,284,CD8_c0_t-Teff,0.993,0.044,1.244,0.395,0.074,0.28,0.044,0.608,0.056,0.741,0.336,0.423,0.085,0.322,0.748,1.045,0.545,0.131,0.282,0.525,0.306,0.255,0.277,0.147,0.209
6.454,1.739,3,CD8_c3_Tn,1.0,0.424,2.622,0.0,0.0,0.0,0.0,0.95,0.0,2.937,0.0,0.0,0.653,0.0,0.0,1.126,0.0,1.146,0.37,0.794,0.541,0.424,0.37,0.0,0.0
1.721,0.497,299,CD8_c0_t-Teff,0.96,0.215,1.859,0.096,0.071,0.344,0.036,1.407,0.201,0.987,0.259,0.889,0.08,0.161,0.45,1.629,0.986,0.088,0.202,0.383,0.184,0.403,0.288,0.243,0.566
1.434,-0.497,30,CD8_c0_t-Teff,1.0,0.097,2.652,0.494,0.211,1.015,0.171,1.794,0.045,0.911,0.423,0.098,0.095,0.335,0.826,2.054,0.985,0.106,0.146,0.738,0.222,0.17,0.235,1.163,0.461
2.151,-0.745,131,CD8_c0_t-Teff,0.985,0.125,2.159,0.349,0.074,0.631,0.098,1.506,0.044,1.468,0.405,0.583,0.367,0.165,0.583,1.112,0.625,0.195,0.373,0.755,0.354,0.479,0.039,0.628,0.208
-3.729,2.484,222,CD8_c2_Teff,0.977,0.048,1.025,0.129,0.025,1.818,0.107,1.461,0.039,0.658,0.229,1.022,0.053,0.108,1.828,0.343,0.739,0.441,0.353,0.72,0.363,0.163,0.225,0.139,0.873
3.872,-0.248,34,CD8_c0_t-Teff,0.971,0.084,1.179,0.624,0.041,1.505,0.184,1.675,0.047,3.089,0.848,0.513,0.042,0.209,0.985,0.789,0.621,0.166,0.254,0.428,0.322,0.464,0.102,0.408,0.187
3.442,0.0,303,CD8_c0_t-Teff,0.993,0.131,1.633,0.658,0.079,1.338,0.099,1.588,0.052,2.468,0.583,0.425,0.122,0.222,0.973,1.358,0.94,0.139,0.203,0.585,0.171,0.395,0.1,1.244,0.403
1.291,0.745,204,CD8_c0_t-Teff,0.99,0.113,1.849,0.232,0.044,0.357,0.061,1.248,0.079,0.562,0.259,0.649,0.043,0.292,0.406,1.875,0.864,0.043,0.071,0.315,0.156,0.309,0.284,0.251,0.647
0.717,4.223,137,CD8_c6_Tcm,0.978,0.03,0.81,0.299,0.0,0.182,0.031,0.432,0.045,0.979,0.249,0.254,0.047,0.123,0.525,0.996,0.619,0.139,0.212,0.287,0.189,0.215,0.1,0.065,0.224
-3.442,-5.962,274,CD8_c1_Tex,1.0,0.136,0.913,0.94,0.867,2.129,0.768,1.654,0.316,0.771,1.182,0.041,0.067,0.772,1.113,1.968,0.749,0.013,0.163,0.45,0.185,0.158,0.561,0.784,0.64
3.729,-0.497,95,CD8_c0_t-Teff,1.0,0.025,1.199,1.107,0.142,2.426,0.243,1.367,0.074,2.433,0.62,0.373,0.066,0.514,1.298,1.454,0.821,0.144,0.264,0.497,0.103,0.164,0.027,0.272,0.409
0.0,2.484,159,CD8_c0_t-Teff,0.981,0.042,1.184,0.369,0.009,0.151,0.024,0.366,0.084,1.56,0.343,0.864,0.31,0.261,0.632,0.795,0.585,0.367,0.738,0.608,0.258,0.493,0.232,0.077,0.254
-0.143,2.733,138,CD8_c0_t-Teff,0.993,0.072,1.154,0.224,0.019,0.15,0.072,0.374,0.144,1.832,0.293,0.746,0.213,0.264,0.507,0.874,0.569,0.389,0.66,0.648,0.21,0.648,0.189,0.118,0.299
3.586,-0.248,237,CD8_c0_t-Teff,0.983,0.083,1.401,0.78,0.089,1.846,0.17,1.472,0.109,2.429,0.497,0.395,0.072,0.399,1.183,1.343,0.984,0.082,0.235,0.546,0.196,0.252,0.053,0.623,0.316
2.438,-0.745,297,CD8_c0_t-Teff,0.993,0.089,2.048,0.376,0.038,0.712,0.093,1.568,0.062,1.473,0.482,0.404,0.165,0.128,0.653,1.371,0.621,0.126,0.189,0.395,0.261,0.417,0.092,0.925,0.216
2.295,-0.994,138,CD8_c0_t-Teff,0.993,0.04,1.968,0.656,0.075,1.306,0.101,1.51,0.028,0.862,0.595,0.291,0.199,0.241,0.993,1.363,0.717,0.137,0.197,0.598,0.225,0.222,0.119,0.698,0.175
-3.872,-5.217,188,CD8_c1_Tex,1.0,0.072,1.126,1.092,1.023,2.523,1.284,1.885,0.315,0.19,1.076,0.048,0.015,0.939,1.414,2.155,0.689,0.0,0.107,0.631,0.267,0.089,0.549,0.076,0.615
-3.299,1.739,93,CD8_c2_Teff,0.978,0.014,1.048,0.124,0.014,1.659,0.081,1.104,0.045,0.562,0.241,1.405,0.232,0.061,1.759,0.192,0.557,0.379,0.421,1.053,0.289,0.383,0.289,0.224,1.134
0.287,2.484,133,CD8_c0_t-Teff,0.94,0.065,1.25,0.379,0.0,0.295,0.036,0.62,0.094,1.27,0.36,0.608,0.177,0.239,0.646,1.275,0.673,0.218,0.507,0.56,0.245,0.416,0.229,0.069,0.448
-1.578,1.242,183,CD8_c0_t-Teff,0.874,0.023,1.045,0.445,0.082,0.984,0.155,0.959,0.057,0.478,0.352,0.464,0.042,0.228,1.014,0.841,0.611,0.121,0.139,0.634,0.386,0.276,0.21,0.147,0.401
-0.143,2.236,211,CD8_c0_t-Teff,0.981,0.067,1.371,0.257,0.039,0.239,0.029,0.578,0.048,1.247,0.238,0.582,0.137,0.309,0.621,1.011,0.582,0.191,0.407,0.398,0.28,0.474,0.216,0.089,0.294
-3.729,2.981,336,CD8_c2_Teff,0.991,0.034,1.073,0.079,0.019,1.908,0.084,1.407,0.025,0.858,0.159,1.108,0.061,0.072,1.632,0.41,0.585,0.319,0.28,0.659,0.238,0.219,0.097,0.073,0.99
-2.582,-6.459,56,CD8_c1_Tex,1.0,0.116,1.079,0.62,0.451,1.534,0.564,1.477,0.08,0.589,0.417,0.066,0.073,0.375,0.689,1.278,0.404,0.047,0.042,0.171,0.336,0.032,0.236,0.141,0.357
-2.438,-6.707,8,CD8_c1_Tex,1.0,0.0,1.48,0.324,0.0,0.75,0.0,1.944,0.0,1.391,0.186,0.0,0.0,0.0,0.599,1.29,0.0,0.272,0.0,0.288,0.335,0.0,0.186,0.495,0.98
-0.861,0.497,186,CD8_c0_t-Teff,0.925,0.08,1.565,0.291,0.041,0.391,0.062,1.161,0.095,0.651,0.3,0.654,0.085,0.161,0.926,0.966,0.642,0.136,0.357,0.487,0.327,0.503,0.176,0.422,0.517
2.295,-0.497,167,CD8_c0_t-Teff,1.0,0.103,2.468,0.397,0.032,0.635,0.101,1.59,0.091,1.527,0.46,0.56,0.179,0.105,0.573,1.438,0.648,0.145,0.269,0.501,0.233,0.413,0.111,1.045,0.238
-5.88,-6.21,122,CD8_c1_Tex,0.967,0.017,0.909,0.426,0.383,2.111,0.483,2.061,0.203,0.321,0.292,0.041,0.0,0.34,1.171,1.142,0.495,0.0,0.075,0.225,0.085,0.038,0.089,0.178,0.1
-5.593,-6.21,196,CD8_c1_Tex,0.995,0.011,0.88,0.508,0.551,2.645,0.934,2.3,0.231,0.077,0.524,0.024,0.012,0.537,1.47,1.572,0.528,0.0,0.025,0.19,0.179,0.071,0.175,0.155,0.162
-2.295,-3.975,16,CD8_c1_Tex,0.625,0.048,1.286,0.922,0.191,1.078,0.546,1.717,0.453,0.253,0.353,0.663,0.0,0.642,0.728,2.597,1.094,0.0,0.0,0.345,0.211,0.144,0.458,0.0,0.364
-0.143,1.242,193,CD8_c0_t-Teff,0.974,0.075,1.744,0.402,0.041,0.477,0.212,0.93,0.115,0.561,0.289,0.661,0.084,0.289,0.731,1.651,0.719,0.132,0.199,0.487,0.274,0.36,0.348,0.129,0.449
0.43,3.726,331,CD8_c6_Tcm,0.934,0.074,1.009,0.437,0.016,0.258,0.037,0.413,0.117,1.574,0.464,0.234,0.086,0.219,0.636,0.786,0.704,0.323,0.385,0.73,0.269,0.477,0.233,0.151,0.447
-4.159,-5.217,280,CD8_c1_Tex,1.0,0.031,1.009,1.343,0.966,2.667,1.132,1.697,0.191,0.305,1.095,0.054,0.024,0.944,1.595,2.147,0.799,0.006,0.105,0.544,0.284,0.063,0.491,0.141,0.578
-4.446,-5.217,308,CD8_c1_Tex,0.997,0.014,0.91,1.275,0.993,2.955,1.228,1.832,0.255,0.242,1.123,0.029,0.016,0.812,1.655,1.932,0.802,0.008,0.081,0.559,0.213,0.035,0.357,0.093,0.37
-3.872,-5.714,236,CD8_c1_Tex,1.0,0.056,1.252,1.005,1.157,2.65,0.919,1.642,0.36,0.632,1.369,0.082,0.045,0.67,1.207,2.344,0.912,0.012,0.165,0.664,0.232,0.07,0.495,0.505,0.815
-4.303,-5.465,383,CD8_c1_Tex,0.992,0.054,1.043,1.302,1.096,2.74,1.142,1.836,0.217,0.329,1.245,0.042,0.065,0.915,1.352,2.335,0.808,0.008,0.121,0.525,0.264,0.051,0.419,0.17,0.565
-3.442,2.484,204,CD8_c2_Teff,0.99,0.014,1.246,0.101,0.01,1.814,0.133,1.544,0.039,0.834,0.276,1.106,0.088,0.079,1.837,0.405,0.734,0.272,0.314,0.562,0.276,0.234,0.219,0.165,0.782
-1.004,-2.236,7,CD8_c9_Tsen,0.857,0.0,1.001,0.396,0.0,0.29,0.396,1.71,0.0,1.595,0.613,0.658,0.287,0.0,0.818,1.737,0.642,0.0,0.0,0.0,0.0,0.396,0.234,0.509,0.671
-0.717,1.739,252,CD8_c0_t-Teff,0.988,0.052,1.385,0.38,0.066,0.341,0.125,0.735,0.099,0.604,0.267,0.41,0.091,0.217,0.689,1.123,0.558,0.149,0.343,0.478,0.305,0.359,0.331,0.102,0.308
5.737,2.981,141,CD8_c12_Trm,0.915,0.034,1.571,0.552,0.044,0.581,0.039,1.423,0.036,1.592,0.443,0.045,0.0,0.095,0.471,1.352,0.636,0.0,0.025,0.386,0.245,0.293,0.059,0.499,0.178
0.287,1.49,244,CD8_c0_t-Teff,0.992,0.068,1.615,0.385,0.065,0.381,0.087,0.886,0.099,0.546,0.292,0.409,0.051,0.343,0.728,1.828,0.835,0.09,0.23,0.341,0.307,0.42,0.361,0.23,0.382
0.717,3.726,349,CD8_c6_Tcm,0.94,0.086,1.342,0.49,0.033,0.207,0.018,0.638,0.112,1.169,0.32,0.531,0.093,0.203,0.682,1.212,0.657,0.217,0.492,0.687,0.277,0.453,0.282,0.138,0.288
-3.586,-0.248,351,CD8_c8_Teff_KLRG1,0.883,0.185,1.74,0.366,0.055,0.393,0.144,1.078,0.105,0.757,0.341,0.706,0.081,0.39,0.652,1.593,0.979,0.136,0.175,0.548,0.314,0.392,0.46,0.289,0.734
-0.861,2.484,183,CD8_c0_t-Teff,0.995,0.039,0.706,0.367,0.019,0.22,0.029,0.401,0.073,1.232,0.284,0.451,0.126,0.22,0.419,0.609,0.536,0.233,0.374,0.46,0.279,0.387,0.113,0.045,0.255
3.012,-0.745,81,CD8_c0_t-Teff,1.0,0.098,1.693,0.711,0.081,1.889,0.218,1.584,0.05,1.089,0.662,0.187,0.133,0.245,0.811,1.717,1.004,0.061,0.229,0.629,0.269,0.248,0.114,0.87,0.409
-2.582,0.497,172,CD8_c7_p-Tex,0.75,0.052,0.973,0.138,0.029,1.254,0.045,1.371,0.014,1.151,0.367,1.321,0.307,0.18,1.767,0.137,0.744,0.657,0.761,1.23,0.53,0.467,0.269,0.19,0.864
2.008,-0.497,64,CD8_c0_t-Teff,1.0,0.106,2.524,0.46,0.019,0.89,0.09,1.748,0.111,1.43,0.237,0.354,0.224,0.169,0.826,1.413,0.576,0.089,0.331,0.669,0.246,0.369,0.07,0.963,0.467
-3.729,3.975,335,CD8_c2_Teff,0.997,0.028,0.827,0.057,0.009,1.334,0.052,1.234,0.013,1.378,0.198,0.803,0.032,0.028,1.028,0.398,0.558,0.235,0.131,0.222,0.129,0.146,0.04,0.01,0.904
-1.291,-0.745,15,CD8_c11_Teff_SEMA4A,0.933,0.134,0.763,0.385,0.258,1.83,1.085,0.974,0.43,0.136,0.583,0.141,0.0,1.16,1.415,1.781,0.529,0.077,0.466,0.14,0.604,0.1,0.332,0.0,0.237
-2.008,-4.471,5,CD8_c1_Tex,0.8,0.0,2.042,0.416,0.431,1.975,0.848,2.259,0.0,0.201,0.367,1.284,0.201,1.447,1.803,2.811,1.187,0.229,0.0,0.459,0.741,0.229,0.0,0.604,0.0
-2.868,-4.968,288,CD8_c1_Tex,0.99,0.029,1.603,0.908,0.776,3.043,1.483,2.108,0.519,0.188,0.653,0.075,0.012,0.717,1.655,2.771,0.598,0.008,0.092,0.43,0.192,0.11,0.598,0.195,0.463
-0.574,-5.465,503,CD8_c5_Tisg,0.994,0.11,1.41,0.375,0.104,1.095,0.246,1.181,0.102,0.831,0.363,0.549,0.081,0.226,1.186,1.333,0.711,0.146,0.402,0.577,0.29,0.289,0.209,0.278,0.325
-2.582,-4.471,208,CD8_c1_Tex,0.986,0.043,1.661,0.886,0.394,2.107,1.087,2.111,0.274,0.128,0.687,0.18,0.016,0.992,1.264,2.748,0.78,0.007,0.082,0.551,0.31,0.054,0.469,0.105,0.421
-1.864,-4.223,1,CD8_c4_Tstr,1.0,0.0,1.741,0.0,0.0,2.715,1.741,3.375,0.0,0.0,0.0,0.0,0.0,0.0,1.741,4.13,1.741,0.0,0.0,0.0,0.0,0.0,1.741,0.0,0.0
0.287,-2.981,1,CD8_c4_Tstr,1.0,0.0,2.828,0.0,0.0,2.192,0.0,0.0,0.0,0.0,0.0,0.0,0.0,0.0,2.192,4.483,0.0,0.0,0.0,0.0,0.0,0.0,0.0,0.0,0.0
-3.729,-4.471,147,CD8_c1_Tex,0.959,0.059,0.978,1.068,0.807,2.191,1.445,1.537,0.363,0.121,0.676,0.145,0.001,1.08,2.013,1.821,0.761,0.0,0.077,0.614,0.412,0.059,0.62,0.052,0.273
-3.442,-4.968,119,CD8_c1_Tex,0.975,0.084,1.106,1.035,0.853,2.153,1.286,1.824,0.437,0.154,0.951,0.088,0.008,1.004,1.419,2.149,0.737,0.012,0.087,0.571,0.268,0.081,0.612,0.221,0.733
1.578,-1.739,2,CD8_c4_Tstr,0.5,0.0,2.734,1.002,0.0,1.229,0.0,2.227,0.0,0.0,0.572,0.808,0.904,0.0,0.0,2.606,0.7,0.808,0.0,0.0,0.26,0.0,0.0,0.0,0.832
-3.729,-5.962,230,CD8_c1_Tex,0.991,0.121,1.019,1.131,1.05,2.212,0.592,1.647,0.295,1.091,1.303,0.032,0.07,0.783,0.883,1.99,0.778,0.021,0.178,0.472,0.2,0.165,0.374,0.754,0.743
2.151,-1.242,14,CD8_c0_t-Teff,0.786,0.14,2.264,0.966,0.077,1.181,0.334,1.516,0.0,0.686,0.661,0.259,0.063,0.413,1.13,1.236,0.901,0.0,0.158,0.669,0.16,0.232,0.151,0.715,0.0
-0.43,-0.248,32,CD8_c11_Teff_SEMA4A,0.531,0.169,1.461,0.375,0.139,0.178,0.088,1.398,0.315,0.947,0.341,0.7,0.067,0.457,0.511,1.62,0.629,0.0,0.129,0.484,0.296,0.55,0.55,0.473,0.137
-1.864,1.242,98,CD8_c0_t-Teff,0.735,0.011,0.867,0.388,0.017,0.927,0.065,1.056,0.046,0.705,0.244,0.612,0.071,0.199,1.137,0.365,0.612,0.181,0.344,0.515,0.302,0.314,0.181,0.24,0.278
0.43,2.236,185,CD8_c0_t-Teff,0.984,0.088,1.416,0.354,0.028,0.25,0.075,0.753,0.038,1.193,0.153,0.732,0.128,0.309,0.64,1.347,0.695,0.194,0.442,0.528,0.2,0.449,0.305,0.147,0.402
1.147,3.478,281,CD8_c6_Tcm,0.954,0.077,1.126,0.365,0.05,0.198,0.018,0.628,0.141,1.488,0.312,0.551,0.085,0.221,0.457,1.449,0.971,0.231,0.229,0.778,0.107,0.381,0.232,0.175,0.575
1.004,0.248,256,CD8_c0_t-Teff,0.988,0.075,2.29,0.281,0.052,0.599,0.167,1.666,0.142,0.569,0.229,0.793,0.089,0.298,0.628,1.925,0.872,0.061,0.093,0.391,0.249,0.31,0.259,0.632,0.627
0.574,1.987,185,CD8_c0_t-Teff,0.978,0.087,1.512,0.292,0.025,0.384,0.067,0.732,0.051,0.718,0.184,0.636,0.056,0.382,0.513,1.798,0.789,0.071,0.221,0.427,0.174,0.359,0.274,0.102,0.397
1.864,1.242,155,CD8_c0_t-Teff,0.948,0.167,1.411,0.261,0.041,0.469,0.04,1.099,0.102,1.192,0.218,1.34,0.116,0.185,0.399,1.522,1.2,0.129,0.183,0.324,0.152,0.434,0.189,0.225,0.776
-3.872,0.248,90,CD8_c8_Teff_KLRG1,0.956,0.018,1.148,0.214,0.012,1.218,0.036,1.131,0.038,0.659,0.232,1.172,0.048,0.17,1.604,0.523,0.698,0.549,0.377,0.937,0.465,0.329,0.209,0.197,0.888
-3.012,-6.21,134,CD8_c1_Tex,0.955,0.201,0.893,0.189,0.303,0.482,0.395,0.942,0.379,0.689,0.685,0.026,0.125,0.681,0.667,1.177,0.54,0.033,0.167,0.133,0.39,0.527,0.894,2.134,0.516
-3.872,1.739,178,CD8_c2_Teff,0.983,0.032,0.64,0.086,0.008,1.673,0.032,1.217,0.028,0.891,0.241,1.196,0.108,0.08,1.92,0.063,0.625,0.575,0.615,1.18,0.449,0.229,0.153,0.137,0.791
-2.295,-4.471,152,CD8_c1_Tex,0.98,0.151,1.817,0.717,0.234,1.446,0.596,1.807,0.193,0.179,0.329,0.325,0.033,0.815,1.349,2.661,0.921,0.041,0.135,0.654,0.298,0.139,0.491,0.221,0.384
-2.868,-5.465,100,CD8_c1_Tex,0.99,0.092,1.238,1.013,0.803,2.104,1.48,1.836,0.322,0.281,0.776,0.151,0.0,1.1,1.614,2.559,0.615,0.0,0.145,0.554,0.262,0.203,0.773,0.257,0.508
-0.287,2.484,183,CD8_c0_t-Teff,0.995,0.041,1.113,0.222,0.014,0.116,0.055,0.558,0.035,1.597,0.28,0.774,0.15,0.139,0.585,0.771,0.536,0.203,0.641,0.595,0.218,0.576,0.138,0.039,0.159
-3.155,-4.471,211,CD8_c1_Tex,0.953,0.062,1.387,0.68,0.697,2.063,1.439,1.818,0.327,0.215,0.675,0.247,0.021,1.017,1.635,2.401,0.836,0.024,0.059,0.58,0.347,0.116,0.751,0.17,0.485
-2.438,-4.223,117,CD8_c1_Tex,0.915,0.1,1.756,0.772,0.195,1.305,0.689,1.788,0.197,0.096,0.369,0.411,0.007,0.829,1.281,2.603,1.036,0.0,0.04,0.462,0.353,0.093,0.461,0.155,0.269
-3.012,-3.726,180,CD8_c1_Tex,0.922,0.117,1.833,0.297,0.474,0.469,1.276,1.811,0.122,0.281,0.301,0.459,0.015,0.528,0.952,2.671,1.45,0.004,0.051,0.252,0.327,0.28,0.477,0.071,0.275
-3.586,3.229,287,CD8_c2_Teff,1.0,0.047,1.193,0.082,0.009,2.019,0.133,1.411,0.009,1.035,0.192,1.181,0.061,0.101,1.496,0.523,0.692,0.236,0.255,0.605,0.217,0.225,0.098,0.134,0.998
-0.717,0.248,108,CD8_c0_t-Teff,0.769,0.061,1.822,0.348,0.05,0.467,0.042,1.306,0.139,0.335,0.383,0.575,0.054,0.273,0.916,1.273,0.76,0.11,0.342,0.612,0.264,0.461,0.403,0.444,0.612
1.147,1.987,281,CD8_c0_t-Teff,0.986,0.126,1.414,0.277,0.035,0.438,0.066,1.157,0.057,0.806,0.175,0.853,0.082,0.292,0.538,1.833,1.253,0.109,0.147,0.412,0.174,0.3,0.264,0.128,0.661
0.287,0.994,191,CD8_c0_t-Teff,1.0,0.085,1.933,0.361,0.041,0.349,0.098,1.131,0.105,0.659,0.313,0.671,0.058,0.345,0.744,1.828,0.786,0.134,0.238,0.345,0.416,0.521,0.415,0.42,0.482
1.578,-0.745,42,CD8_c0_t-Teff,1.0,0.178,2.252,0.374,0.21,0.897,0.214,1.4,0.044,0.38,0.554,0.224,0.202,0.149,0.937,1.15,0.651,0.045,0.308,0.626,0.325,0.375,0.044,0.446,0.377
2.008,-1.49,4,CD8_c0_t-Teff,0.75,0.0,0.806,0.0,0.487,2.063,0.347,0.781,0.0,1.716,1.606,0.586,0.0,0.347,1.793,0.694,1.12,0.0,0.862,0.973,0.0,0.398,0.0,0.0,0.375
0.0,1.987,260,CD8_c0_t-Teff,0.985,0.055,1.345,0.283,0.05,0.194,0.043,0.636,0.091,0.903,0.238,0.708,0.112,0.295,0.682,1.322,0.633,0.194,0.406,0.375,0.323,0.376,0.231,0.128,0.283
1.004,0.745,209,CD8_c0_t-Teff,0.995,0.174,2.058,0.211,0.052,0.308,0.087,1.361,0.159,0.679,0.231,0.59,0.034,0.352,0.445,1.9,1.099,0.051,0.157,0.335,0.25,0.382,0.256,0.391,0.607
-4.59,-4.968,118,CD8_c1_Tex,0.992,0.053,0.786,1.212,0.902,2.635,1.288,1.79,0.299,0.062,0.905,0.039,0.019,0.714,2.075,1.477,0.69,0.0,0.041,0.586,0.398,0.017,0.422,0.0,0.327
0.717,-3.229,25,CD8_c4_Tstr,1.0,0.06,0.718,0.627,0.703,1.415,0.59,1.042,0.445,0.406,0.976,0.0,0.0,0.847,0.569,1.633,0.918,0.0,0.12,0.143,0.203,0.051,0.808,0.381,0.725
4.876,1.49,4,CD8_c3_Tn,1.0,0.31,0.455,0.0,0.123,0.019,0.0,0.0,0.0,2.597,0.273,2.061,0.495,0.0,0.0,0.752,0.768,0.499,1.428,1.041,0.0,0.157,0.0,0.0,0.0
-2.582,1.49,60,CD8_c2_Teff,0.533,0.087,1.089,0.235,0.006,0.928,0.085,1.013,0.0,0.789,0.165,0.915,0.109,0.126,1.485,0.748,0.724,0.248,0.64,0.823,0.454,0.339,0.296,0.197,0.695
0.287,3.975,374,CD8_c6_Tcm,0.968,0.082,0.534,0.354,0.009,0.149,0.025,0.231,0.146,1.931,0.344,0.442,0.047,0.215,0.607,0.612,0.689,0.343,0.339,0.641,0.153,0.583,0.14,0.067,0.359
-2.725,-6.21,73,CD8_c1_Tex,1.0,0.106,1.097,0.479,0.409,1.083,0.732,1.292,0.296,0.492,0.756,0.026,0.136,0.832,1.09,1.212,0.562,0.046,0.265,0.428,0.333,0.167,0.863,0.673,0.262
-2.582,-5.962,147,CD8_c1_Tex,0.966,0.158,1.276,0.676,0.396,1.087,0.825,1.16,0.289,0.211,0.64,0.079,0.023,1.064,1.369,1.952,0.592,0.011,0.118,0.558,0.495,0.149,0.838,0.138,0.321
0.43,0.248,284,CD8_c0_t-Teff,0.993,0.059,1.783,0.212,0.027,0.433,0.086,1.522,0.132,0.384,0.17,0.732,0.055,0.135,0.714,1.618,0.733,0.057,0.104,0.296,0.197,0.442,0.439,0.852,0.763
0.0,-5.465,21,CD8_c5_Tisg,0.952,0.1,0.82,0.25,0.097,0.172,0.334,0.642,0.0,1.694,0.328,0.902,0.224,0.116,0.642,1.456,0.298,0.361,0.864,0.661,0.368,0.648,0.0,0.051,0.427
0.574,0.497,225,CD8_c0_t-Teff,0.978,0.105,1.874,0.215,0.077,0.545,0.151,1.606,0.082,0.413,0.231,0.546,0.038,0.199,0.772,1.586,0.942,0.038,0.101,0.233,0.153,0.201,0.276,0.565,0.499
-2.008,1.49,50,CD8_c0_t-Teff,0.52,0.005,0.672,0.396,0.011,1.173,0.056,1.36,0.013,0.615,0.231,0.683,0.028,0.199,1.089,0.331,0.474,0.177,0.291,0.323,0.136,0.254,0.223,0.022,0.464
-0.574,2.484,239,CD8_c0_t-Teff,0.992,0.032,0.906,0.318,0.018,0.221,0.022,0.455,0.083,1.118,0.233,0.48,0.124,0.282,0.505,0.816,0.524,0.199,0.371,0.467,0.179,0.435,0.159,0.088,0.204
0.143,-6.21,6,CD8_c5_Tisg,1.0,0.0,1.015,0.0,0.281,0.0,0.0,0.722,0.0,1.793,0.134,1.609,0.516,0.32,0.134,0.835,0.281,0.311,0.969,1.127,0.0,1.003,0.0,0.0,0.0
-1.578,-1.242,48,CD8_c9_Tsen,0.833,0.041,1.095,0.778,0.199,0.933,0.165,1.225,0.181,0.245,0.503,0.492,0.201,0.489,1.0,0.97,0.839,0.043,0.245,0.775,0.364,0.237,0.242,0.251,0.435
1.147,0.994,242,CD8_c0_t-Teff,0.992,0.153,1.931,0.307,0.109,0.4,0.071,1.173,0.068,0.556,0.291,0.691,0.031,0.262,0.514,2.049,0.936,0.058,0.179,0.374,0.138,0.372,0.357,0.175,0.67
-3.442,-2.981,34,CD8_c7_p-Tex,0.971,0.064,0.934,1.118,0.469,0.936,1.726,0.669,0.177,0.073,0.999,0.422,0.285,0.789,1.679,1.542,0.886,0.071,0.286,0.687,0.561,0.268,0.486,0.043,0.026
-3.586,-3.229,48,CD8_c1_Tex,0.562,0.102,1.055,1.211,0.449,0.873,1.185,0.591,0.178,0.07,0.521,0.11,0.082,0.406,1.639,1.634,0.872,0.03,0.209,0.412,0.459,0.124,0.507,0.057,0.169
1.434,1.49,194,CD8_c0_t-Teff,0.995,0.157,1.658,0.264,0.072,0.415,0.103,1.072,0.075,1.108,0.253,0.953,0.054,0.289,0.483,1.923,1.375,0.096,0.243,0.482,0.156,0.295,0.262,0.272,0.776
1.864,-0.745,78,CD8_c0_t-Teff,0.987,0.133,2.062,0.402,0.068,0.606,0.017,1.375,0.0,0.996,0.498,0.216,0.249,0.13,0.729,1.396,0.814,0.106,0.331,0.689,0.347,0.35,0.147,0.422,0.27
-3.012,-4.223,174,CD8_c1_Tex,0.966,0.053,1.484,0.624,0.544,1.486,1.336,1.822,0.398,0.124,0.466,0.461,0.014,0.92,1.287,2.582,0.914,0.006,0.064,0.392,0.244,0.141,0.612,0.238,0.387
-2.151,0.248,62,CD8_c7_p-Tex,0.742,0.066,1.011,0.393,0.042,1.312,0.216,1.15,0.027,0.409,0.391,0.716,0.056,0.366,1.801,0.696,0.778,0.327,0.607,1.059,0.34,0.278,0.391,0.229,0.554
-3.872,2.733,234,CD8_c2_Teff,0.991,0.032,1.073,0.1,0.008,1.969,0.086,1.49,0.014,0.637,0.211,0.979,0.12,0.11,1.705,0.417,0.609,0.444,0.416,0.73,0.295,0.154,0.12,0.166,0.905
-2.151,-0.248,125,CD8_c7_p-Tex,0.76,0.043,1.022,0.437,0.152,1.36,0.228,0.896,0.192,0.319,0.46,0.396,0.09,0.413,1.081,0.937,0.69,0.11,0.258,0.607,0.338,0.198,0.357,0.158,0.318
0.574,4.471,26,CD8_c6_Tcm,1.0,0.0,0.738,0.32,0.068,0.0,0.076,0.45,0.056,1.255,0.236,0.075,0.045,0.117,0.541,1.401,0.414,0.0,0.321,0.465,0.169,0.259,0.0,0.056,0.133
2.868,-0.497,131,CD8_c0_t-Teff,0.977,0.08,2.031,0.477,0.056,0.928,0.062,1.63,0.118,1.893,0.572,0.545,0.223,0.166,0.75,1.048,0.856,0.12,0.254,0.593,0.24,0.408,0.105,1.224,0.273
-0.574,0.994,191,CD8_c0_t-Teff,1.0,0.07,1.483,0.355,0.065,0.446,0.056,1.144,0.05,0.786,0.314,0.545,0.107,0.2,0.982,1.345,0.707,0.18,0.204,0.38,0.298,0.406,0.158,0.209,0.385
-3.586,-6.21,92,CD8_c1_Tex,0.978,0.098,0.586,0.726,0.853,1.493,0.157,1.357,0.113,1.858,1.312,0.02,0.071,0.586,0.652,1.378,0.7,0.036,0.337,0.474,0.108,0.348,0.446,1.766,0.669
0.574,3.478,158,CD8_c6_Tcm,0.873,0.1,0.994,0.56,0.028,0.381,0.028,0.473,0.154,1.191,0.337,0.234,0.047,0.271,0.682,1.102,0.82,0.183,0.325,0.731,0.203,0.429,0.286,0.216,0.565
-3.299,2.236,175,CD8_c2_Teff,0.966,0.019,1.059,0.164,0.021,1.676,0.11,1.463,0.012,0.55,0.169,1.366,0.123,0.109,1.973,0.315,0.709,0.35,0.36,0.718,0.449,0.234,0.166,0.159,0.904
-1.004,1.739,291,CD8_c0_t-Teff,0.986,0.056,1.184,0.373,0.045,0.417,0.036,0.794,0.068,0.716,0.286,0.444,0.096,0.304,0.715,0.759,0.424,0.196,0.282,0.449,0.318,0.353,0.235,0.128,0.283
-3.155,-4.968,189,CD8_c1_Tex,0.995,0.046,1.375,0.932,0.946,2.652,1.496,1.986,0.378,0.208,0.642,0.108,0.009,1.013,1.744,2.511,0.73,0.0,0.074,0.369,0.196,0.128,0.631,0.36,0.459
-3.299,3.229,247,CD8_c2_Teff,0.992,0.092,1.531,0.045,0.012,1.947,0.164,1.597,0.019,1.044,0.275,1.24,0.047,0.113,1.221,0.755,0.942,0.277,0.13,0.468,0.207,0.191,0.089,0.072,1.167
-3.729,1.49,63,CD8_c2_Teff,0.952,0.022,0.843,0.151,0.09,1.703,0.0,1.299,0.0,0.935,0.481,1.032,0.106,0.024,1.841,0.315,0.725,0.742,0.614,1.27,0.651,0.116,0.237,0.235,0.767
-4.59,-2.981,6,CD8_c1_Tex,1.0,0.342,1.08,0.425,0.767,1.59,1.123,1.29,0.446,0.517,0.0,0.517,0.0,0.337,0.382,0.926,0.454,0.0,0.0,0.337,0.774,0.0,0.394,0.0,0.0
-4.159,-4.72,200,CD8_c1_Tex,0.98,0.032,0.758,0.803,0.757,2.667,1.328,1.677,0.45,0.028,0.789,0.075,0.011,1.204,2.209,1.725,0.63,0.014,0.054,0.586,0.354,0.049,0.449,0.025,0.334
-4.303,-4.968,217,CD8_c1_Tex,0.982,0.078,0.813,1.202,0.957,2.852,1.397,1.734,0.293,0.145,0.943,0.119,0.012,0.908,2.031,1.86,0.744,0.006,0.062,0.731,0.257,0.011,0.453,0.048,0.44
-4.733,-2.733,6,CD8_c1_Tex,1.0,0.0,0.0,0.0,0.0,2.688,0.0,1.325,0.0,0.0,0.375,0.0,0.0,0.57,1.876,0.468,0.0,0.0,0.0,0.83,0.0,0.455,0.738,0.528,0.0
-1.578,2.236,69,CD8_c0_t-Teff,0.899,0.085,1.009,0.262,0.004,0.75,0.105,0.744,0.0,0.863,0.166,0.387,0.014,0.635,0.781,0.668,0.314,0.062,0.337,0.491,0.293,0.206,0.154,0.063,0.165
-1.864,2.236,116,CD8_c0_t-Teff,0.879,0.056,0.962,0.105,0.083,1.639,0.219,0.71,0.036,0.346,0.252,0.298,0.053,0.461,1.523,0.55,0.497,0.101,0.261,0.247,0.234,0.042,0.061,0.026,0.191
-0.287,-0.497,10,CD8_c0_t-Teff,0.9,0.0,1.803,0.865,0.0,0.0,0.0,1.271,0.0,0.0,0.079,0.376,0.0,0.452,0.364,1.479,0.177,0.0,0.198,0.0,0.26,0.0,0.0,0.314,0.309
-0.287,-2.484,1,CD8_c9_Tsen,1.0,0.0,0.0,0.0,0.0,2.959,0.0,0.0,0.0,0.0,0.0,0.0,0.0,0.0,2.689,2.959,2.317,0.0,0.0,0.0,0.0,0.0,2.317,0.0,0.0
1.004,-0.248,150,CD8_c0_t-Teff,0.987,0.066,2.56,0.273,0.06,1.268,0.242,1.816,0.198,0.64,0.433,0.778,0.04,0.323,1.02,1.23,0.809,0.073,0.126,0.27,0.213,0.307,0.28,1.223,0.578
0.0,0.0,302,CD8_c0_t-Teff,0.98,0.016,1.96,0.269,0.012,0.294,0.046,1.673,0.109,0.293,0.234,0.763,0.032,0.104,1.024,1.169,0.629,0.041,0.128,0.303,0.236,0.419,0.426,1.047,0.603
-4.016,2.484,171,CD8_c2_Teff,0.988,0.011,0.852,0.048,0.007,1.72,0.056,1.488,0.0,0.508,0.221,1.149,0.165,0.106,1.936,0.258,0.667,0.608,0.412,1.024,0.284,0.133,0.16,0.078,0.844
-4.446,2.733,140,CD8_c2_Teff,0.979,0.012,0.574,0.016,0.001,1.791,0.087,1.316,0.012,0.725,0.348,1.444,0.241,0.066,2.2,0.059,0.858,0.706,0.691,1.494,0.382,0.127,0.095,0.08,1.025
-4.159,2.733,238,CD8_c2_Teff,1.0,0.011,0.673,0.055,0.005,1.784,0.084,1.439,0.011,0.712,0.247,1.013,0.084,0.101,1.887,0.125,0.632,0.55,0.433,0.954,0.345,0.217,0.12,0.118,0.854
-4.59,2.484,113,CD8_c2_Teff,1.0,0.015,0.549,0.0,0.0,1.756,0.044,1.298,0.0,0.805,0.345,1.399,0.215,0.03,2.21,0.029,0.766,0.881,0.863,1.424,0.522,0.112,0.11,0.203,1.155
-4.016,0.497,67,CD8_c8_Teff_KLRG1,0.896,0.021,0.876,0.211,0.024,1.815,0.019,1.336,0.019,0.535,0.26,1.342,0.226,0.151,1.969,0.15,0.678,0.83,0.367,1.209,0.569,0.223,0.391,0.174,1.163
-4.303,2.981,175,CD8_c2_Teff,1.0,0.009,0.454,0.018,0.0,1.67,0.031,1.413,0.014,0.989,0.254,0.846,0.086,0.064,1.54,0.124,0.658,0.486,0.355,0.807,0.264,0.141,0.126,0.087,0.779
-4.303,0.497,210,CD8_c8_Teff_KLRG1,0.971,0.057,0.759,0.084,0.011,2.035,0.047,1.172,0.008,1.034,0.36,1.294,0.196,0.11,2.015,0.168,0.717,0.716,0.371,1.123,0.518,0.158,0.208,0.119,1.103
-4.446,2.236,130,CD8_c2_Teff,1.0,0.012,0.823,0.022,0.0,1.993,0.0,1.337,0.011,0.89,0.336,1.52,0.141,0.088,2.197,0.025,0.683,1.026,0.675,1.623,0.557,0.113,0.062,0.169,1.324
-0.43,-5.217,144,CD8_c5_Tisg,0.965,0.077,1.322,0.231,0.022,0.98,0.132,1.237,0.082,1.213,0.306,0.915,0.153,0.127,1.215,1.027,0.822,0.216,0.577,0.805,0.318,0.36,0.146,0.19,0.554
-4.59,2.981,7,CD8_c2_Teff,1.0,0.0,0.612,0.0,0.0,2.336,0.0,1.479,0.0,1.511,0.0,1.775,0.27,0.0,2.017,0.328,1.411,0.969,1.201,1.629,0.247,0.0,0.0,0.0,0.758
-4.016,1.987,144,CD8_c2_Teff,0.979,0.012,0.812,0.129,0.003,1.877,0.082,1.359,0.0,0.964,0.27,1.271,0.211,0.087,1.846,0.211,0.692,0.701,0.683,1.187,0.45,0.268,0.139,0.19,0.866
-3.155,2.484,145,CD8_c2_Teff,0.952,0.036,1.172,0.133,0.058,1.838,0.112,1.363,0.054,0.693,0.222,1.032,0.067,0.089,1.775,0.428,0.709,0.26,0.289,0.553,0.292,0.238,0.161,0.205,0.865
-4.016,0.994,8,CD8_c2_Teff,0.625,0.0,1.711,0.243,0.0,1.872,0.0,1.742,0.0,0.297,0.228,1.398,0.0,0.0,2.131,0.557,1.18,0.867,0.261,1.535,0.43,0.108,0.585,0.0,0.642
-3.155,1.987,128,CD8_c2_Teff,0.961,0.015,0.903,0.188,0.047,1.605,0.0,1.316,0.026,0.316,0.423,0.923,0.056,0.1,1.865,0.259,0.796,0.423,0.281,0.88,0.293,0.267,0.288,0.099,0.884
-3.729,1.987,161,CD8_c2_Teff,0.994,0.042,0.892,0.075,0.017,1.88,0.038,1.423,0.021,0.721,0.166,1.212,0.089,0.073,1.768,0.27,0.644,0.421,0.461,0.739,0.273,0.192,0.087,0.136,0.975
-3.586,2.236,173,CD8_c2_Teff,0.994,0.018,1.288,0.087,0.012,1.903,0.081,1.551,0.017,0.61,0.218,0.946,0.104,0.12,1.89,0.404,0.659,0.476,0.389,0.824,0.348,0.188,0.268,0.198,0.775
-4.159,1.739,136,CD8_c2_Teff,0.993,0.034,0.73,0.042,0.0,1.948,0.018,1.159,0.0,1.125,0.33,1.492,0.24,0.096,2.127,0.041,0.8,1.049,0.607,1.463,0.479,0.201,0.177,0.089,1.059
-4.159,3.229,246,CD8_c2_Teff,0.992,0.021,0.74,0.077,0.015,1.741,0.008,1.423,0.0,1.011,0.142,0.927,0.126,0.09,1.479,0.262,0.598,0.418,0.23,0.633,0.192,0.114,0.101,0.068,0.653
-4.446,1.739,164,CD8_c2_Teff,0.988,0.028,0.858,0.106,0.0,2.218,0.01,1.122,0.008,1.176,0.288,1.284,0.418,0.098,2.128,0.01,0.713,1.043,0.221,1.437,0.653,0.244,0.15,0.028,1.059
-4.446,0.745,262,CD8_c8_Teff_KLRG1,0.939,0.037,0.653,0.043,0.007,2.024,0.058,1.2,0.0,0.646,0.316,1.458,0.133,0.091,2.175,0.117,0.688,0.84,0.518,1.525,0.646,0.092,0.131,0.109,1.211
-4.159,2.236,153,CD8_c2_Teff,0.993,0.03,0.677,0.024,0.005,1.905,0.057,1.225,0.011,0.647,0.262,1.299,0.134,0.04,2.084,0.101,0.658,0.831,0.659,1.398,0.42,0.103,0.144,0.117,1.261
-3.155,0.994,20,CD8_c2_Teff,0.6,0.0,1.061,0.096,0.0,1.449,0.075,1.094,0.113,0.838,0.246,0.936,0.349,0.176,1.789,0.083,0.694,0.613,0.455,1.101,0.507,0.515,0.162,0.305,0.523
-4.303,1.987,135,CD8_c2_Teff,0.985,0.024,0.76,0.091,0.0,1.928,0.062,1.437,0.0,1.017,0.389,1.387,0.218,0.049,2.139,0.039,0.812,0.939,0.577,1.443,0.685,0.12,0.11,0.069,1.101
-4.016,2.981,275,CD8_c2_Teff,0.993,0.018,0.716,0.097,0.027,1.872,0.033,1.472,0.011,0.953,0.236,1.059,0.147,0.082,1.663,0.236,0.687,0.474,0.297,0.66,0.253,0.206,0.071,0.066,0.833
-3.442,1.987,100,CD8_c2_Teff,1.0,0.03,0.938,0.094,0.0,1.701,0.177,1.324,0.036,0.42,0.278,1.231,0.238,0.178,1.899,0.412,0.636,0.421,0.483,0.956,0.23,0.281,0.325,0.169,1.199
-4.303,2.484,185,CD8_c2_Teff,0.989,0.028,0.629,0.016,0.002,1.967,0.074,1.425,0.0,0.636,0.234,1.37,0.177,0.067,2.228,0.108,0.787,0.867,0.746,1.353,0.441,0.091,0.115,0.15,1.126
-4.159,0.248,36,CD8_c8_Teff_KLRG1,1.0,0.0,0.854,0.186,0.025,1.606,0.08,0.925,0.0,0.966,0.192,0.975,0.048,0.158,1.786,0.48,0.987,0.643,0.463,1.052,0.43,0.294,0.183,0.141,0.785
-4.159,0.745,90,CD8_c8_Teff_KLRG1,0.833,0.054,1.092,0.096,0.017,2.122,0.105,1.327,0.0,0.375,0.117,1.453,0.104,0.065,2.189,0.262,0.738,0.807,0.402,1.164,0.647,0.177,0.399,0.12,1.521
-4.59,1.987,243,CD8_c2_Teff,0.996,0.034,0.752,0.109,0.006,2.26,0.008,1.296,0.0,1.481,0.272,1.348,0.258,0.081,2.194,0.022,0.783,1.03,0.19,1.452,0.66,0.214,0.165,0.051,1.156
-0.717,-5.217,285,CD8_c5_Tisg,0.972,0.057,1.271,0.544,0.107,2.088,0.307,1.35,0.081,0.527,0.37,0.411,0.048,0.316,1.583,1.337,0.765,0.134,0.315,0.613,0.184,0.175,0.186,0.176,0.444
-3.299,2.733,181,CD8_c2_Teff,0.994,0.043,1.286,0.107,0.032,1.903,0.155,1.453,0.062,0.737,0.193,1.203,0.105,0.091,1.427,0.526,0.802,0.208,0.335,0.572,0.256,0.245,0.145,0.21,0.931
-0.861,-4.968,42,CD8_c5_Tisg,0.81,0.093,1.159,0.651,0.1,2.563,0.684,1.65,0.125,0.346,0.341,0.232,0.0,0.456,1.812,1.602,0.897,0.056,0.167,0.552,0.445,0.136,0.334,0.156,0.481
-2.868,1.987,102,CD8_c2_Teff,0.804,0.014,1.047,0.241,0.063,1.105,0.067,1.325,0.021,0.294,0.276,0.843,0.057,0.093,1.365,0.521,0.579,0.294,0.264,0.691,0.292,0.176,0.245,0.221,0.712
-1.578,-1.739,50,CD8_c9_Tsen,0.94,0.034,0.794,1.024,0.412,1.381,0.757,1.669,0.149,0.225,0.683,0.253,0.166,0.548,1.316,1.35,1.045,0.036,0.081,0.537,0.475,0.159,0.304,0.152,0.287
-3.012,2.236,155,CD8_c2_Teff,0.948,0.026,0.989,0.07,0.014,1.575,0.044,1.349,0.046,0.462,0.3,1.099,0.03,0.085,1.503,0.29,0.653,0.348,0.325,0.484,0.334,0.331,0.17,0.166,0.838
-2.868,1.49,74,CD8_c2_Teff,0.824,0.02,1.031,0.152,0.031,1.331,0.041,1.06,0.028,0.808,0.225,1.073,0.124,0.166,1.473,0.45,0.731,0.412,0.284,0.741,0.468,0.348,0.2,0.3,0.692
-3.872,2.236,174,CD8_c2_Teff,0.983,0.063,1.04,0.07,0.013,1.86,0.057,1.377,0.028,0.784,0.197,1.091,0.173,0.142,1.947,0.359,0.717,0.618,0.444,0.975,0.353,0.22,0.119,0.147,0.978
-3.012,1.739,49,CD8_c2_Teff,0.816,0.065,1.025,0.211,0.024,1.38,0.112,1.139,0.0,0.727,0.304,0.969,0.053,0.147,1.956,0.187,0.728,0.378,0.247,0.799,0.451,0.171,0.286,0.425,0.819
-2.582,0.994,116,CD8_c10_Teff_CD244,0.629,0.061,0.929,0.334,0.075,1.189,0.052,1.084,0.021,0.761,0.249,0.724,0.196,0.115,1.32,0.427,0.731,0.37,0.47,0.637,0.284,0.297,0.261,0.308,0.427
-3.299,1.242,46,CD8_c2_Teff,0.87,0.03,0.902,0.105,0.057,1.574,0.123,1.229,0.0,0.878,0.26,1.019,0.156,0.04,1.575,0.21,0.525,0.895,0.459,1.035,0.427,0.354,0.172,0.181,1.094
-4.303,0.994,32,CD8_c2_Teff,0.625,0.047,1.136,0.057,0.032,2.098,0.101,1.32,0.0,0.773,0.284,1.551,0.11,0.363,2.318,0.439,0.719,0.86,0.525,0.98,0.397,0.06,0.209,0.167,1.178
-4.733,2.236,40,CD8_c2_Teff,1.0,0.044,0.678,0.095,0.0,2.184,0.0,0.932,0.0,1.546,0.226,1.279,0.144,0.089,2.239,0.0,0.827,0.757,0.098,1.567,0.456,0.226,0.048,0.0,1.183
-3.586,2.733,308,CD8_c2_Teff,0.997,0.036,1.112,0.086,0.011,1.918,0.071,1.459,0.021,0.832,0.2,1.245,0.08,0.118,1.718,0.405,0.734,0.335,0.351,0.649,0.298,0.173,0.12,0.146,0.899
-4.016,3.478,241,CD8_c2_Teff,0.988,0.03,0.674,0.067,0.017,1.711,0.066,1.326,0.007,1.128,0.229,0.884,0.122,0.063,1.439,0.184,0.654,0.277,0.229,0.599,0.263,0.193,0.103,0.072,0.792
-4.303,3.478,252,CD8_c2_Teff,0.98,0.0,0.481,0.047,0.007,1.359,0.026,1.26,0.011,0.89,0.162,0.547,0.103,0.087,1.197,0.141,0.47,0.242,0.189,0.485,0.116,0.134,0.073,0.059,0.551
-3.872,3.229,339,CD8_c2_Teff,0.991,0.044,0.972,0.072,0.022,1.818,0.077,1.346,0.013,1.179,0.212,1.143,0.085,0.086,1.577,0.474,0.629,0.432,0.335,0.624,0.231,0.182,0.149,0.08,0.967
-2.438,2.236,40,CD8_c2_Teff,0.625,0.057,0.976,0.558,0.062,1.55,0.24,1.156,0.149,0.232,0.33,0.577,0.079,0.272,1.785,0.775,0.488,0.219,0.204,0.591,0.33,0.099,0.056,0.078,0.387
-3.729,0.994,3,CD8_c2_Teff,0.667,0.0,1.312,0.0,0.0,2.382,0.562,1.369,0.0,0.0,0.0,0.482,0.482,0.562,2.197,0.0,0.0,0.593,0.651,0.718,0.562,0.0,0.0,0.0,0.69
-2.438,0.745,144,CD8_c10_Teff_CD244,0.847,0.031,0.962,0.415,0.094,1.318,0.222,1.253,0.085,0.43,0.237,0.432,0.084,0.266,1.45,0.683,0.557,0.246,0.212,0.561,0.249,0.196,0.288,0.084,0.327
-0.574,0.497,211,CD8_c0_t-Teff,0.986,0.051,1.633,0.2,0.055,0.208,0.059,1.137,0.082,0.649,0.233,0.64,0.092,0.105,0.774,1.018,0.699,0.146,0.383,0.53,0.325,0.437,0.235,0.32,0.505
-2.868,0.497,4,CD8_c7_p-Tex,0.5,0.0,0.501,0.0,0.0,1.964,0.0,1.307,0.0,1.794,0.501,0.904,0.423,0.423,2.694,0.0,1.73,0.91,1.124,1.47,0.446,0.0,0.0,0.0,1.451
-2.725,1.739,54,CD8_c2_Teff,0.63,0.028,1.147,0.241,0.036,1.263,0.031,1.48,0.031,0.71,0.237,1.119,0.107,0.025,1.605,0.184,0.821,0.317,0.325,0.711,0.3,0.343,0.289,0.153,0.849
-4.303,1.49,14,CD8_c2_Teff,0.929,0.0,0.756,0.115,0.0,2.072,0.0,0.826,0.0,1.3,0.327,1.068,0.452,0.244,1.943,0.0,0.445,1.096,0.25,1.279,0.557,0.543,0.109,0.115,0.921
-1.578,1.739,138,CD8_c0_t-Teff,0.949,0.0,0.94,0.34,0.075,1.11,0.122,0.828,0.029,0.434,0.326,0.504,0.045,0.237,1.125,0.635,0.445,0.161,0.262,0.59,0.206,0.178,0.178,0.101,0.374
-1.004,1.242,203,CD8_c0_t-Teff,0.956,0.026,1.484,0.451,0.036,0.806,0.108,1.193,0.051,0.62,0.305,0.56,0.058,0.329,1.026,1.224,0.609,0.164,0.197,0.672,0.41,0.264,0.229,0.164,0.357
-4.159,3.726,221,CD8_c2_Teff,0.995,0.039,0.458,0.085,0.03,1.595,0.034,1.268,0.009,1.059,0.134,0.569,0.053,0.123,1.352,0.153,0.566,0.236,0.142,0.412,0.09,0.195,0.068,0.005,0.61
-1.434,1.987,190,CD8_c0_t-Teff,0.942,0.03,0.741,0.356,0.012,0.777,0.067,0.842,0.047,0.607,0.259,0.468,0.03,0.223,0.693,0.728,0.476,0.146,0.138,0.428,0.236,0.132,0.144,0.132,0.267
-3.872,0.745,10,CD8_c8_Teff_KLRG1,0.6,0.0,0.67,0.0,0.0,1.803,0.118,0.881,0.0,0.566,0.106,1.291,0.504,0.0,1.639,0.088,0.747,0.725,0.59,0.524,0.466,0.134,0.296,0.269,1.454
-4.016,1.49,13,CD8_c2_Teff,1.0,0.0,1.247,0.0,0.0,1.936,0.0,1.385,0.0,1.01,0.0,1.655,0.241,0.0,2.242,0.087,0.619,0.848,0.512,1.624,1.05,0.0,0.23,0.124,0.585
-2.008,2.484,13,CD8_c0_t-Teff,0.615,0.0,0.772,0.297,0.0,0.984,0.176,0.535,0.176,0.959,0.297,0.0,0.0,0.0,1.304,0.62,0.524,0.0,0.389,0.443,0.41,0.63,0.544,0.37,0.502
-2.725,2.236,50,CD8_c2_Teff,0.8,0.134,1.333,0.196,0.0,1.359,0.07,1.303,0.04,0.54,0.135,1.239,0.047,0.116,1.415,0.514,0.899,0.065,0.228,0.308,0.305,0.152,0.165,0.206,0.736
-2.438,1.739,51,CD8_c0_t-Teff,0.51,0.0,0.901,0.146,0.067,0.929,0.069,1.238,0.0,0.54,0.2,0.518,0.038,0.228,0.724,0.468,0.725,0.075,0.153,0.268,0.248,0.373,0.186,0.149,0.535
-3.729,3.478,322,CD8_c2_Teff,1.0,0.022,1.0,0.053,0.018,1.845,0.061,1.396,0.021,1.253,0.208,1.113,0.045,0.102,1.489,0.534,0.802,0.354,0.165,0.557,0.125,0.191,0.078,0.067,0.921
-2.438,1.242,69,CD8_c2_Teff,0.493,0.054,1.134,0.266,0.064,0.708,0.063,0.901,0.014,0.983,0.287,1.133,0.055,0.078,1.186,0.549,0.579,0.608,0.54,0.481,0.38,0.428,0.206,0.173,0.712
-2.151,1.739,38,CD8_c2_Teff,0.579,0.0,1.137,0.33,0.004,1.101,0.058,1.295,0.046,0.433,0.216,0.806,0.091,0.186,1.049,0.477,0.646,0.163,0.28,0.292,0.127,0.078,0.167,0.0,0.356
-3.586,0.248,60,CD8_c8_Teff_KLRG1,0.883,0.064,1.117,0.22,0.025,0.963,0.024,1.061,0.0,0.718,0.342,1.071,0.088,0.117,1.547,0.765,0.924,0.618,0.326,1.03,0.538,0.574,0.301,0.395,0.623
-3.729,0.497,16,CD8_c8_Teff_KLRG1,0.562,0.026,1.481,0.242,0.102,1.26,0.0,0.965,0.0,0.791,0.269,1.209,0.306,0.209,1.527,0.41,0.993,0.761,0.335,1.196,0.587,0.137,0.46,0.305,0.681
-3.442,3.478,331,CD8_c2_Teff,0.991,0.087,1.28,0.046,0.008,2.062,0.096,1.313,0.021,1.158,0.202,1.285,0.046,0.092,1.147,0.733,0.869,0.336,0.201,0.623,0.117,0.215,0.07,0.095,1.006
-0.861,0.994,192,CD8_c0_t-Teff,0.964,0.053,1.579,0.511,0.039,0.578,0.168,1.156,0.098,0.554,0.393,0.403,0.084,0.249,0.768,1.244,0.644,0.112,0.258,0.503,0.301,0.359,0.225,0.243,0.327
-3.012,2.733,119,CD8_c2_Teff,0.958,0.033,1.441,0.133,0.033,1.827,0.123,1.633,0.036,0.613,0.203,0.927,0.047,0.131,1.326,0.531,0.839,0.166,0.146,0.436,0.118,0.151,0.066,0.131,0.611
-2.582,1.987,68,CD8_c2_Teff,0.676,0.091,1.168,0.119,0.017,1.126,0.104,1.124,0.033,0.568,0.131,0.886,0.033,0.08,1.529,0.33,0.577,0.199,0.386,0.555,0.389,0.086,0.097,0.176,0.722
-4.446,3.726,46,CD8_c2_Teff,1.0,0.0,0.48,0.056,0.0,1.337,0.0,0.915,0.0,1.102,0.132,0.565,0.039,0.0,1.247,0.212,0.185,0.149,0.161,0.294,0.131,0.104,0.185,0.057,0.519
-2.295,1.49,44,CD8_c0_t-Teff,0.545,0.0,1.146,0.106,0.046,0.976,0.027,1.141,0.04,0.786,0.217,0.821,0.046,0.125,1.664,0.506,0.678,0.121,0.361,0.627,0.298,0.353,0.221,0.224,0.661
-2.008,0.497,133,CD8_c7_p-Tex,0.414,0.021,1.245,0.552,0.18,1.17,0.281,1.162,0.152,0.448,0.61,0.674,0.188,0.524,1.561,0.756,0.684,0.247,0.422,0.813,0.502,0.301,0.386,0.123,0.387
-2.725,2.733,42,CD8_c2_Teff,0.786,0.067,1.389,0.283,0.114,1.529,0.226,1.287,0.083,0.564,0.179,0.717,0.047,0.098,1.469,0.748,1.057,0.138,0.083,0.192,0.031,0.39,0.0,0.124,0.545
-0.574,-4.968,86,CD8_c5_Tisg,0.849,0.031,1.024,0.182,0.114,1.891,0.305,1.441,0.067,0.865,0.265,0.816,0.051,0.168,1.884,0.929,0.793,0.366,0.573,0.828,0.414,0.148,0.122,0.091,0.634
-3.012,3.229,112,CD8_c2_Teff,0.973,0.122,1.245,0.158,0.0,1.852,0.162,1.402,0.032,0.595,0.293,1.093,0.009,0.11,1.052,0.729,0.993,0.231,0.136,0.583,0.073,0.172,0.106,0.137,1.065
-3.872,3.726,338,CD8_c2_Teff,0.994,0.019,0.831,0.108,0.007,1.757,0.076,1.372,0.011,1.382,0.17,0.859,0.103,0.161,1.353,0.402,0.631,0.291,0.173,0.445,0.191,0.205,0.112,0.028,0.86
-3.155,2.981,170,CD8_c2_Teff,1.0,0.099,1.526,0.146,0.018,1.982,0.135,1.602,0.021,0.95,0.192,1.323,0.038,0.126,1.485,0.761,0.867,0.199,0.183,0.472,0.157,0.171,0.064,0.149,0.98
-2.438,0.248,141,CD8_c7_p-Tex,0.915,0.013,1.102,0.276,0.022,0.948,0.065,1.386,0.054,0.86,0.355,1.393,0.27,0.188,1.697,0.157,0.792,0.644,0.575,1.236,0.564,0.54,0.26,0.07,0.759
-3.586,1.242,15,CD8_c2_Teff,0.933,0.0,0.582,0.09,0.0,2.219,0.0,0.794,0.0,0.585,0.218,1.095,0.0,0.0,2.01,0.0,0.901,0.505,0.38,1.503,0.479,0.385,0.225,0.15,1.262
-2.008,1.987,52,CD8_c0_t-Teff,0.846,0.035,0.836,0.393,0.0,2.517,0.356,0.768,0.046,0.195,0.402,0.484,0.0,0.482,1.921,0.91,0.684,0.0,0.086,0.601,0.118,0.14,0.382,0.0,0.326
-4.446,3.229,44,CD8_c2_Teff,1.0,0.0,0.105,0.111,0.0,1.175,0.0,1.6,0.0,0.354,0.315,0.534,0.099,0.12,1.307,0.099,0.542,0.234,0.266,0.76,0.112,0.217,0.049,0.105,0.514
-4.59,0.994,1,CD8_c2_Teff,1.0,0.0,1.631,0.0,0.0,2.106,0.0,1.631,0.0,0.0,0.0,1.944,0.0,0.0,2.529,0.0,0.0,0.0,0.0,1.944,0.0,0.0,1.631,0.0,2.212
0.574,0.0,162,CD8_c0_t-Teff,0.963,0.04,2.112,0.258,0.052,0.654,0.123,1.754,0.229,0.53,0.332,0.896,0.043,0.133,0.813,1.452,0.843,0.075,0.074,0.338,0.201,0.354,0.265,1.194,0.781
-3.872,1.242,3,CD8_c2_Teff,1.0,0.0,2.3,0.0,0.0,2.305,0.0,1.151,0.0,0.71,0.0,0.546,0.0,0.819,2.188,1.077,0.819,0.635,0.0,0.925,0.516,0.0,1.046,0.0,0.71
-2.295,1.987,33,CD8_c2_Teff,0.545,0.116,0.867,0.234,0.043,1.819,0.128,0.776,0.0,0.395,0.099,0.57,0.094,0.068,1.676,0.169,0.385,0.118,0.511,0.303,0.126,0.145,0.162,0.206,0.6
-3.442,0.994,28,CD8_c2_Teff,0.714,0.049,1.115,0.355,0.122,1.836,0.039,1.242,0.137,0.877,0.4,0.735,0.291,0.069,1.589,0.468,0.773,0.421,0.099,0.787,0.406,0.385,0.129,0.459,0.731
-0.143,0.248,209,CD8_c0_t-Teff,0.976,0.053,1.901,0.229,0.03,0.31,0.024,1.554,0.063,0.434,0.265,0.542,0.052,0.091,0.711,1.519,0.724,0.081,0.195,0.332,0.289,0.33,0.261,0.655,0.562
-3.586,0.745,4,CD8_c8_Teff_KLRG1,0.75,0.0,1.484,0.0,0.0,1.621,0.0,2.077,0.471,1.621,0.906,0.0,0.481,0.0,2.31,0.502,0.0,1.027,1.109,0.993,0.869,0.481,0.0,0.346,0.471
0.717,-0.248,58,CD8_c0_t-Teff,0.966,0.108,2.366,0.092,0.033,1.095,0.139,1.786,0.07,0.466,0.206,0.783,0.06,0.204,0.907,1.265,0.933,0.167,0.117,0.461,0.297,0.275,0.288,1.144,0.761
-4.59,3.478,13,CD8_c2_Teff,1.0,0.0,0.263,0.0,0.0,0.506,0.0,1.225,0.0,0.933,0.0,0.325,0.0,0.119,0.578,0.212,0.0,0.315,0.0,0.873,0.208,0.119,0.0,0.0,0.186
-3.299,0.745,3,CD8_c2_Teff,0.333,0.0,2.251,0.0,0.0,1.332,0.0,0.917,0.0,1.733,0.314,0.473,0.0,0.0,1.522,0.314,1.994,0.0,0.0,0.661,0.0,0.314,0.0,0.473,0.473
-4.303,3.975,39,CD8_c2_Teff,1.0,0.0,0.414,0.104,0.034,1.235,0.037,0.862,0.0,1.033,0.179,0.545,0.057,0.165,1.642,0.251,0.664,0.118,0.254,0.298,0.22,0.346,0.055,0.055,0.594
-2.582,2.484,38,CD8_c2_Teff,0.868,0.0,1.425,0.291,0.047,1.366,0.122,1.648,0.096,0.616,0.194,0.874,0.034,0.233,1.246,0.877,0.905,0.19,0.066,0.298,0.287,0.466,0.221,0.295,0.403
-2.868,2.981,69,CD8_c2_Teff,0.971,0.07,1.45,0.225,0.032,1.293,0.045,1.309,0.019,0.48,0.093,0.829,0.0,0.035,1.215,0.658,0.641,0.15,0.097,0.205,0.032,0.115,0.117,0.134,0.792
-4.876,1.987,19,CD8_c2_Teff,1.0,0.096,0.619,0.088,0.0,2.358,0.0,1.174,0.0,2.045,0.369,1.601,0.715,0.0,2.268,0.0,0.844,0.918,0.177,1.483,0.508,0.271,0.0,0.102,1.023
-4.446,1.242,5,CD8_c2_Teff,1.0,0.0,1.399,0.0,0.0,2.246,0.0,1.472,0.0,1.329,0.226,0.593,0.434,0.242,2.053,0.084,0.644,0.396,0.349,0.758,1.307,0.0,0.0,0.0,1.56
-3.586,3.726,340,CD8_c2_Teff,0.985,0.035,1.126,0.117,0.027,1.755,0.077,1.282,0.015,1.493,0.228,0.997,0.046,0.091,1.18,0.526,0.739,0.353,0.187,0.404,0.177,0.19,0.066,0.024,1.019
3.155,0.0,209,CD8_c0_t-Teff,0.986,0.168,1.749,0.535,0.091,0.901,0.105,1.782,0.102,2.198,0.636,0.328,0.153,0.141,0.77,1.406,0.861,0.131,0.235,0.69,0.238,0.404,0.059,1.302,0.465
-2.295,2.484,27,CD8_c0_t-Teff,0.593,0.0,0.716,0.281,0.013,1.288,0.252,1.184,0.211,0.486,0.255,0.588,0.015,0.111,1.168,0.494,0.525,0.217,0.136,0.697,0.217,0.156,0.049,0.075,0.466
-2.725,3.229,22,CD8_c2_Teff,0.864,0.177,1.018,0.493,0.0,1.463,0.124,1.356,0.0,0.707,0.236,0.511,0.0,0.368,1.239,1.061,0.917,0.103,0.094,0.469,0.057,0.182,0.071,0.098,0.901
-3.442,3.975,81,CD8_c2_Teff,0.975,0.023,0.707,0.038,0.0,1.139,0.019,1.07,0.0,1.156,0.273,0.585,0.033,0.063,0.627,0.516,0.59,0.196,0.0,0.339,0.107,0.253,0.056,0.17,0.708
-2.151,1.242,47,CD8_c0_t-Teff,0.553,0.0,1.146,0.338,0.006,1.267,0.211,0.991,0.069,0.522,0.355,0.839,0.103,0.117,1.651,0.339,0.663,0.246,0.329,0.806,0.306,0.205,0.293,0.228,0.662
-4.733,1.739,15,CD8_c2_Teff,0.933,0.0,1.335,0.102,0.0,2.039,0.0,1.131,0.0,1.747,0.344,1.19,0.226,0.211,2.141,0.0,0.48,1.156,0.309,1.058,0.785,0.311,0.203,0.0,1.08
-1.721,2.484,9,CD8_c0_t-Teff,0.667,0.0,1.447,0.236,0.0,1.516,0.0,1.588,0.0,1.11,0.497,0.187,0.0,0.302,0.692,1.076,0.788,0.241,0.0,0.0,0.0,0.198,0.0,0.302,0.682
-3.299,3.726,144,CD8_c2_Teff,0.951,0.043,0.968,0.198,0.041,1.588,0.069,1.16,0.0,1.259,0.272,0.878,0.016,0.052,1.026,0.593,0.823,0.357,0.096,0.393,0.193,0.19,0.044,0.043,1.042
-2.008,2.981,1,CD8_c0_t-Teff,1.0,0.0,0.0,0.0,0.0,0.0,0.0,0.0,0.0,0.0,0.0,0.0,0.0,0.0,1.576,1.576,0.0,0.0,0.0,0.0,1.576,0.0,0.0,0.0,0.0
-3.872,4.223,157,CD8_c2_Teff,0.994,0.023,0.466,0.032,0.0,0.801,0.033,1.109,0.024,0.764,0.169,0.718,0.025,0.009,0.423,0.21,0.521,0.127,0.074,0.165,0.027,0.217,0.047,0.0,0.883
-3.155,3.478,194,CD8_c2_Teff,0.99,0.078,1.206,0.095,0.019,2.021,0.143,1.346,0.011,1.059,0.234,0.884,0.042,0.091,1.328,0.686,0.944,0.381,0.091,0.587,0.103,0.168,0.054,0.208,1.038
-0.574,0.0,47,CD8_c0_t-Teff,0.66,0.042,2.015,0.556,0.156,0.514,0.104,1.401,0.188,0.386,0.132,0.523,0.049,0.19,1.065,1.168,0.683,0.077,0.153,0.435,0.396,0.41,0.316,0.649,0.384
0.143,1.242,232,CD8_c0_t-Teff,0.996,0.067,1.748,0.427,0.066,0.386,0.133,1.2,0.065,0.52,0.284,0.405,0.037,0.329,0.851,1.771,0.842,0.061,0.19,0.395,0.318,0.416,0.324,0.264,0.403
1.004,3.229,221,CD8_c6_Tcm,0.86,0.122,1.122,0.516,0.046,0.406,0.079,0.665,0.101,0.965,0.457,0.324,0.041,0.306,0.758,1.53,0.922,0.2,0.273,0.765,0.162,0.428,0.181,0.155,0.679
0.143,2.733,139,CD8_c0_t-Teff,0.986,0.058,0.904,0.38,0.054,0.512,0.001,0.607,0.039,1.672,0.394,0.328,0.122,0.259,0.69,0.957,0.657,0.408,0.332,0.573,0.189,0.413,0.189,0.23,0.583
-2.438,3.229,7,CD8_c2_Teff,1.0,0.0,0.653,0.45,0.0,1.32,0.153,0.914,0.0,1.187,0.248,0.0,0.0,0.0,1.618,0.946,1.334,0.55,0.0,0.153,0.0,0.248,0.0,0.196,1.025
-0.861,-5.465,346,CD8_c5_Tisg,0.994,0.062,1.485,0.686,0.415,1.918,0.821,1.673,0.29,0.258,0.513,0.176,0.021,0.701,1.601,2.111,0.658,0.027,0.174,0.387,0.33,0.093,0.41,0.143,0.344
1.721,1.987,243,CD8_c0_t-Teff,0.971,0.14,1.585,0.229,0.026,0.373,0.01,1.313,0.148,1.185,0.314,1.037,0.045,0.279,0.405,1.843,1.341,0.146,0.21,0.542,0.131,0.383,0.214,0.21,0.879
-1.721,-1.49,17,CD8_c9_Tsen,0.882,0.086,1.085,0.662,0.426,1.942,0.586,1.534,0.155,0.125,0.198,0.351,0.0,0.853,1.515,1.155,1.1,0.0,0.146,0.277,0.351,0.222,0.252,0.124,0.336
-2.582,2.981,12,CD8_c2_Teff,0.833,0.0,1.439,0.0,0.0,0.988,0.0,1.294,0.0,1.303,0.135,0.977,0.0,0.0,0.954,0.962,0.856,0.263,0.225,0.469,0.0,0.243,0.106,0.326,0.463
1.004,3.726,223,CD8_c6_Tcm,0.955,0.089,1.191,0.334,0.027,0.148,0.02,0.557,0.096,1.309,0.199,0.568,0.099,0.138,0.359,1.194,0.713,0.308,0.33,0.508,0.205,0.547,0.24,0.209,0.344
-2.438,2.733,22,CD8_c2_Teff,0.545,0.0,0.914,0.439,0.0,1.187,0.159,1.19,0.0,0.517,0.191,0.341,0.0,0.287,1.64,0.699,0.649,0.092,0.293,0.799,0.0,0.136,0.267,0.285,0.518
-3.012,3.726,13,CD8_c2_Teff,1.0,0.088,0.481,0.0,0.0,1.532,0.0,0.475,0.16,1.024,0.1,0.273,0.0,0.1,0.633,1.136,0.737,0.246,0.238,0.758,0.129,0.118,0.0,0.231,0.387
5.88,3.229,121,CD8_c12_Trm,0.934,0.02,1.185,0.444,0.083,0.59,0.202,1.352,0.066,1.099,0.272,0.131,0.0,0.134,0.489,1.145,0.603,0.025,0.045,0.115,0.221,0.17,0.131,0.231,0.328
-0.43,2.733,136,CD8_c0_t-Teff,1.0,0.079,0.935,0.143,0.013,0.196,0.017,0.419,0.052,1.679,0.309,0.657,0.194,0.198,0.54,0.696,0.362,0.337,0.851,0.613,0.291,0.571,0.081,0.06,0.234
-1.291,2.236,132,CD8_c0_t-Teff,0.977,0.035,0.608,0.371,0.026,0.637,0.01,0.672,0.049,0.728,0.189,0.469,0.02,0.181,0.859,0.531,0.439,0.21,0.112,0.38,0.182,0.28,0.115,0.04,0.188
-1.864,-1.242,5,CD8_c9_Tsen,0.6,0.0,1.247,0.423,0.0,1.623,1.016,0.46,0.0,0.0,0.0,0.0,0.0,1.06,1.453,1.026,0.644,0.0,0.459,1.104,0.563,0.339,0.526,0.0,0.42
-0.43,1.242,191,CD8_c0_t-Teff,0.953,0.065,1.429,0.545,0.034,0.669,0.148,1.117,0.098,0.589,0.365,0.499,0.01,0.356,0.929,1.246,0.71,0.153,0.227,0.379,0.239,0.343,0.297,0.189,0.318
-2.725,3.726,7,CD8_c2_Teff,1.0,0.368,0.398,0.318,0.0,0.975,0.0,0.936,0.277,0.742,0.0,0.368,0.0,0.277,0.952,1.015,0.749,0.0,0.199,0.509,0.0,0.0,0.0,0.0,0.704
-4.876,-5.465,186,CD8_c1_Tex,0.995,0.037,1.2,1.014,0.773,2.722,0.947,2.1,0.305,0.209,0.998,0.016,0.0,0.497,1.536,2.142,0.622,0.01,0.045,0.318,0.146,0.094,0.354,0.167,0.485
-2.582,3.478,80,CD8_c2_Teff,1.0,0.066,0.905,0.573,0.0,1.528,0.06,1.361,0.117,0.383,0.152,0.339,0.034,0.448,1.017,1.474,0.634,0.113,0.0,0.332,0.019,0.075,0.0,0.239,0.561
2.725,-1.242,9,CD8_c0_t-Teff,0.889,0.0,1.754,0.87,0.0,2.302,0.206,1.672,0.0,0.665,1.113,0.0,0.0,0.427,1.046,1.585,0.562,0.0,0.0,0.199,0.292,0.139,0.0,0.0,0.204
-2.438,3.726,26,CD8_c2_Teff,0.962,0.069,0.533,0.552,0.0,0.79,0.0,0.861,0.0,0.434,0.318,0.138,0.044,0.432,0.958,2.269,0.694,0.0,0.077,0.16,0.0,0.305,0.078,0.044,0.416
1.291,1.739,243,CD8_c0_t-Teff,1.0,0.158,1.565,0.215,0.065,0.301,0.101,1.049,0.065,0.848,0.203,1.011,0.101,0.283,0.488,1.815,1.235,0.132,0.242,0.426,0.214,0.335,0.231,0.185,0.714
1.147,0.497,249,CD8_c0_t-Teff,0.988,0.186,2.127,0.227,0.05,0.536,0.094,1.485,0.148,0.579,0.239,0.709,0.065,0.229,0.628,1.999,1.07,0.076,0.105,0.345,0.299,0.323,0.204,0.357,0.711
-2.295,3.478,60,CD8_c2_Teff,0.883,0.065,0.891,0.535,0.174,1.797,0.238,1.25,0.103,0.066,0.088,0.078,0.0,0.54,0.816,2.329,1.056,0.033,0.0,0.351,0.0,0.093,0.0,0.101,0.414
1.434,3.478,15,CD8_c6_Tcm,0.8,0.0,1.15,0.116,0.0,0.089,0.0,0.424,0.068,1.523,0.276,0.907,0.303,0.347,0.471,1.197,0.716,0.662,0.482,0.184,0.183,0.489,0.235,0.145,0.695
1.291,2.236,257,CD8_c0_t-Teff,0.988,0.072,1.284,0.288,0.031,0.417,0.018,1.014,0.066,1.145,0.298,0.631,0.046,0.335,0.478,1.92,1.233,0.175,0.237,0.506,0.186,0.384,0.227,0.148,0.639
1.147,1.49,201,CD8_c0_t-Teff,0.995,0.178,1.67,0.278,0.029,0.393,0.082,1.05,0.08,0.882,0.23,0.657,0.082,0.312,0.629,1.819,1.208,0.092,0.253,0.41,0.253,0.364,0.32,0.128,0.701
-2.151,2.733,3,CD8_c0_t-Teff,1.0,0.0,1.512,0.716,0.0,1.381,0.0,0.712,0.0,0.0,0.674,0.0,0.0,0.716,1.908,1.104,0.837,0.0,0.712,0.81,0.674,0.882,0.0,0.0,0.0
0.43,1.739,219,CD8_c0_t-Teff,0.995,0.066,1.566,0.283,0.062,0.372,0.054,0.889,0.113,0.783,0.243,0.557,0.103,0.29,0.77,1.586,0.838,0.122,0.249,0.363,0.293,0.376,0.276,0.097,0.519
-0.143,1.739,243,CD8_c0_t-Teff,0.992,0.093,1.411,0.307,0.016,0.322,0.076,0.72,0.06,0.76,0.173,0.568,0.054,0.278,0.587,1.371,0.808,0.104,0.317,0.329,0.234,0.289,0.259,0.127,0.274
1.864,1.739,174,CD8_c0_t-Teff,0.937,0.099,1.559,0.349,0.042,0.68,0.065,1.194,0.154,1.16,0.351,1.068,0.132,0.401,0.529,1.656,1.285,0.165,0.189,0.463,0.12,0.371,0.127,0.174,0.72
1.004,1.242,221,CD8_c0_t-Teff,1.0,0.15,1.711,0.337,0.023,0.385,0.096,1.058,0.078,0.656,0.258,0.701,0.074,0.309,0.561,1.897,1.018,0.014,0.132,0.301,0.242,0.398,0.317,0.171,0.523
-2.008,3.478,2,CD8_c2_Teff,1.0,0.0,1.017,0.0,0.0,1.017,0.0,0.0,0.0,0.0,0.0,0.0,0.0,0.0,2.133,2.445,0.0,0.0,0.0,0.0,0.0,0.0,1.116,0.0,1.33
-3.586,-3.726,193,CD8_c1_Tex,0.969,0.06,1.162,0.87,0.663,1.696,1.267,1.528,0.326,0.089,0.377,0.298,0.025,0.863,1.776,2.158,1.059,0.004,0.14,0.542,0.328,0.119,0.543,0.031,0.291
0.143,3.726,124,CD8_c6_Tcm,0.75,0.091,0.62,0.371,0.011,0.249,0.018,0.286,0.068,1.972,0.525,0.251,0.071,0.242,0.748,0.669,0.808,0.456,0.339,0.791,0.244,0.573,0.175,0.134,0.53
-2.151,2.236,33,CD8_c0_t-Teff,0.576,0.0,1.427,0.392,0.0,1.919,0.057,1.072,0.065,0.52,0.115,0.696,0.0,0.182,1.791,0.802,0.773,0.061,0.244,0.595,0.406,0.308,0.265,0.274,0.227
0.0,1.49,213,CD8_c0_t-Teff,0.986,0.022,1.528,0.315,0.062,0.419,0.081,0.94,0.039,0.682,0.259,0.505,0.068,0.219,0.759,1.516,0.71,0.084,0.242,0.364,0.333,0.375,0.309,0.176,0.449
-4.159,-4.223,25,CD8_c1_Tex,0.96,0.0,0.574,0.958,0.383,2.626,1.34,1.079,0.903,0.054,0.494,0.0,0.0,0.979,2.099,1.245,0.644,0.043,0.14,0.673,0.425,0.0,0.693,0.0,0.238
-0.574,1.49,214,CD8_c0_t-Teff,0.995,0.032,1.345,0.491,0.054,0.747,0.126,0.767,0.052,0.734,0.303,0.424,0.122,0.302,0.96,1.232,0.636,0.122,0.25,0.508,0.38,0.303,0.267,0.142,0.363
-4.159,-3.229,126,CD8_c1_Tex,1.0,0.065,1.006,0.851,0.549,2.042,1.08,1.296,0.281,0.105,0.551,0.166,0.011,0.679,1.79,1.685,0.889,0.003,0.182,0.616,0.346,0.037,0.522,0.04,0.372
1.578,0.745,216,CD8_c0_t-Teff,0.981,0.15,1.891,0.139,0.05,0.277,0.091,1.206,0.177,0.822,0.258,0.993,0.052,0.201,0.414,1.665,0.989,0.064,0.189,0.31,0.205,0.39,0.271,0.209,0.527
-2.582,-0.994,29,CD8_c7_p-Tex,0.966,0.052,0.921,0.324,0.326,0.625,0.626,0.631,0.07,0.403,0.523,0.55,0.189,0.381,1.229,1.195,0.86,0.101,0.833,0.631,0.382,0.222,0.549,0.102,0.371
-4.159,1.242,4,CD8_c2_Teff,1.0,0.0,1.498,0.0,0.0,1.273,0.0,1.248,0.0,0.969,0.0,1.291,0.42,0.0,2.059,1.083,1.225,1.124,0.121,1.545,0.232,0.785,0.375,0.232,1.473
-4.733,-4.72,142,CD8_c1_Tex,0.979,0.002,0.283,0.705,0.704,1.134,0.78,1.61,0.53,0.1,0.737,0.043,0.0,0.715,1.745,1.329,0.642,0.0,0.03,0.386,0.485,0.051,0.478,0.0,0.33
-1.004,-5.217,173,CD8_c5_Tisg,0.96,0.074,1.531,0.869,0.467,2.378,0.974,1.708,0.286,0.283,0.51,0.237,0.034,0.508,1.801,2.018,0.802,0.036,0.161,0.624,0.394,0.176,0.374,0.176,0.358
0.717,-0.745,7,CD8_c0_t-Teff,0.857,0.0,2.179,0.0,0.0,0.326,0.0,1.099,0.129,0.501,0.0,0.24,0.143,0.698,1.429,1.814,0.914,0.383,0.367,0.636,0.26,0.143,0.0,0.601,0.887
0.143,0.745,146,CD8_c0_t-Teff,0.959,0.067,2.117,0.404,0.089,0.423,0.112,1.348,0.043,0.436,0.275,0.504,0.024,0.284,0.674,1.795,0.78,0.066,0.098,0.412,0.258,0.27,0.295,0.52,0.615
-0.143,0.745,137,CD8_c0_t-Teff,0.978,0.082,1.797,0.364,0.037,0.385,0.097,1.319,0.095,0.542,0.25,0.566,0.047,0.198,0.686,1.683,0.762,0.09,0.17,0.465,0.315,0.373,0.381,0.352,0.499
-0.287,0.497,115,CD8_c0_t-Teff,0.939,0.073,1.78,0.227,0.098,0.408,0.049,1.572,0.147,0.674,0.292,0.655,0.069,0.167,0.715,1.483,0.735,0.144,0.268,0.473,0.37,0.454,0.27,0.55,0.625
0.0,0.497,148,CD8_c0_t-Teff,0.966,0.08,2.01,0.312,0.054,0.452,0.059,1.526,0.094,0.417,0.181,0.454,0.056,0.182,0.969,1.473,0.731,0.153,0.176,0.312,0.345,0.313,0.422,0.473,0.494
0.861,0.497,224,CD8_c0_t-Teff,0.987,0.065,2.271,0.272,0.021,0.541,0.079,1.601,0.112,0.546,0.221,0.765,0.029,0.184,0.597,1.938,0.94,0.032,0.14,0.358,0.239,0.376,0.28,0.478,0.702
-1.434,-0.994,6,CD8_c9_Tsen,0.5,0.201,1.589,0.547,0.097,0.871,0.539,1.321,0.0,0.421,0.707,0.0,0.278,0.516,1.068,0.997,0.9,0.406,1.053,1.158,0.725,0.262,0.802,0.087,0.657
0.717,1.739,253,CD8_c0_t-Teff,0.988,0.07,1.564,0.356,0.035,0.466,0.075,0.804,0.062,0.664,0.269,0.554,0.076,0.295,0.576,1.796,0.975,0.118,0.205,0.424,0.196,0.369,0.314,0.166,0.483
0.143,1.739,259,CD8_c0_t-Teff,0.981,0.06,1.488,0.218,0.075,0.247,0.043,0.76,0.088,0.846,0.243,0.718,0.101,0.362,0.513,1.588,0.819,0.125,0.345,0.372,0.318,0.458,0.336,0.172,0.391
-3.872,-0.248,24,CD8_c8_Teff_KLRG1,0.917,0.0,1.237,0.481,0.031,0.209,0.02,0.696,0.0,1.038,0.121,0.507,0.052,0.504,0.708,1.031,0.401,0.09,0.198,0.536,0.484,0.144,0.059,0.166,0.274
-0.43,-5.714,355,CD8_c5_Tisg,0.994,0.113,1.454,0.458,0.059,0.52,0.121,1.161,0.103,1.447,0.223,0.752,0.215,0.261,0.786,1.546,0.613,0.137,0.637,0.441,0.251,0.415,0.163,0.143,0.168
0.0,0.994,161,CD8_c0_t-Teff,0.994,0.069,1.844,0.341,0.065,0.334,0.075,1.324,0.056,0.52,0.259,0.43,0.076,0.362,0.702,1.693,0.778,0.07,0.187,0.32,0.176,0.296,0.314,0.401,0.341
0.861,3.478,250,CD8_c6_Tcm,0.868,0.13,1.25,0.326,0.054,0.302,0.099,0.609,0.067,1.268,0.314,0.425,0.039,0.29,0.654,1.422,0.943,0.183,0.407,0.709,0.231,0.391,0.197,0.17,0.449
-0.287,0.994,155,CD8_c0_t-Teff,0.968,0.111,1.61,0.275,0.038,0.564,0.167,1.166,0.054,0.608,0.29,0.466,0.096,0.282,0.903,1.502,0.585,0.081,0.308,0.361,0.386,0.326,0.215,0.201,0.469
-2.008,0.0,144,CD8_c7_p-Tex,0.812,0.057,1.182,0.441,0.143,1.289,0.368,0.938,0.147,0.316,0.545,0.427,0.086,0.524,1.32,1.063,0.79,0.128,0.335,0.84,0.292,0.171,0.335,0.113,0.435
-0.287,1.987,253,CD8_c0_t-Teff,0.992,0.061,1.219,0.272,0.017,0.194,0.088,0.521,0.041,0.833,0.265,0.426,0.079,0.309,0.524,1.067,0.488,0.129,0.388,0.374,0.302,0.432,0.331,0.106,0.294
-0.43,0.745,128,CD8_c0_t-Teff,0.961,0.051,1.727,0.439,0.048,0.475,0.182,1.244,0.054,0.43,0.317,0.455,0.106,0.325,0.846,1.523,0.849,0.176,0.291,0.405,0.22,0.438,0.189,0.293,0.653
-0.574,1.987,238,CD8_c0_t-Teff,0.992,0.053,1.245,0.299,0.029,0.321,0.098,0.649,0.122,0.864,0.315,0.521,0.097,0.372,0.79,1.0,0.586,0.119,0.205,0.384,0.341,0.375,0.298,0.236,0.246
0.861,1.987,228,CD8_c0_t-Teff,0.987,0.097,1.363,0.256,0.026,0.509,0.098,0.943,0.032,0.8,0.203,0.579,0.077,0.28,0.476,1.791,1.058,0.129,0.23,0.415,0.27,0.42,0.317,0.118,0.323
0.43,3.229,72,CD8_c6_Tcm,0.778,0.095,0.892,0.411,0.099,0.281,0.025,0.453,0.0,1.54,0.402,0.343,0.051,0.24,0.588,1.123,0.717,0.27,0.265,0.652,0.116,0.461,0.296,0.304,0.625
-3.299,0.248,11,CD8_c8_Teff_KLRG1,0.545,0.0,1.862,0.544,0.0,0.408,0.0,1.72,0.0,1.042,0.185,0.792,0.098,0.091,1.262,1.045,0.858,0.622,0.207,1.217,0.313,0.434,0.095,0.702,1.146
0.0,2.981,183,CD8_c0_t-Teff,0.989,0.098,0.56,0.196,0.025,0.404,0.0,0.483,0.061,2.267,0.321,0.316,0.076,0.161,0.651,0.578,0.702,0.502,0.399,0.763,0.153,0.534,0.077,0.143,0.535
-0.43,1.739,275,CD8_c0_t-Teff,0.989,0.076,1.301,0.358,0.028,0.378,0.044,0.743,0.14,0.728,0.185,0.417,0.111,0.314,0.681,1.415,0.55,0.065,0.24,0.344,0.266,0.27,0.302,0.175,0.275
0.143,2.236,201,CD8_c0_t-Teff,1.0,0.056,1.259,0.222,0.035,0.275,0.083,0.804,0.054,1.132,0.313,0.644,0.106,0.265,0.528,1.078,0.643,0.206,0.603,0.499,0.299,0.465,0.13,0.075,0.318
-4.016,0.0,27,CD8_c8_Teff_KLRG1,1.0,0.0,0.846,0.393,0.104,0.85,0.002,1.078,0.0,0.514,0.085,0.845,0.058,0.085,1.011,0.69,0.597,0.379,0.145,0.995,0.203,0.289,0.278,0.063,0.813
2.151,2.236,168,CD8_c0_t-Teff,0.976,0.096,1.084,0.431,0.024,0.308,0.015,0.776,0.181,1.658,0.358,0.373,0.092,0.234,0.384,1.269,0.903,0.527,0.238,0.665,0.054,0.57,0.142,0.112,0.579
-2.725,0.248,3,CD8_c8_Teff_KLRG1,0.667,0.0,1.248,0.0,0.0,0.0,0.0,2.117,0.0,1.356,0.0,1.055,0.373,0.0,0.946,1.034,1.221,0.0,0.593,0.835,0.0,1.348,0.0,0.0,0.462
-0.143,-5.714,178,CD8_c5_Tisg,1.0,0.054,1.328,0.204,0.068,0.206,0.064,0.981,0.205,1.867,0.245,0.737,0.336,0.113,0.251,1.291,0.494,0.214,0.684,0.509,0.157,0.52,0.113,0.105,0.118
0.287,0.497,196,CD8_c0_t-Teff,0.985,0.075,1.881,0.309,0.026,0.413,0.139,1.408,0.075,0.332,0.275,0.515,0.04,0.307,0.781,1.563,0.661,0.017,0.104,0.28,0.341,0.406,0.297,0.636,0.489
1.578,2.733,47,CD8_c0_t-Teff,0.83,0.107,0.894,0.189,0.0,0.217,0.023,0.786,0.083,1.552,0.31,0.527,0.179,0.283,0.759,1.251,0.918,0.289,0.46,0.912,0.144,0.443,0.061,0.121,0.896
-0.287,1.49,210,CD8_c0_t-Teff,0.99,0.059,1.491,0.453,0.058,0.382,0.105,0.774,0.063,0.554,0.3,0.414,0.056,0.298,0.755,1.511,0.573,0.095,0.285,0.444,0.317,0.281,0.35,0.162,0.236
-0.287,-5.465,178,CD8_c5_Tisg,0.989,0.1,1.443,0.306,0.069,0.535,0.076,1.05,0.083,1.577,0.276,0.678,0.143,0.215,0.691,1.328,0.707,0.228,0.567,0.529,0.215,0.565,0.123,0.277,0.258
1.291,3.229,221,CD8_c6_Tcm,0.932,0.078,1.027,0.346,0.013,0.202,0.011,0.679,0.17,1.252,0.287,0.428,0.044,0.175,0.511,1.297,0.964,0.31,0.229,0.716,0.054,0.448,0.107,0.248,0.644
-3.442,0.0,122,CD8_c8_Teff_KLRG1,0.623,0.058,1.616,0.367,0.055,0.564,0.111,1.057,0.084,0.826,0.335,0.576,0.05,0.253,1.11,1.065,0.72,0.229,0.282,0.75,0.481,0.378,0.348,0.512,0.587
6.741,2.236,2,CD8_c0_t-Teff,0.5,0.0,0.0,1.119,0.0,0.0,0.0,0.0,0.0,0.0,0.0,1.264,0.0,0.0,0.0,0.0,0.0,1.264,1.453,0.0,0.0,0.0,0.0,0.0,0.0
-0.717,-5.714,172,CD8_c5_Tisg,1.0,0.096,1.601,0.72,0.185,1.088,0.554,1.202,0.123,0.479,0.348,0.292,0.035,0.555,1.154,1.851,0.696,0.041,0.276,0.415,0.289,0.222,0.403,0.181,0.313
1.578,2.236,269,CD8_c0_t-Teff,0.981,0.13,1.258,0.297,0.04,0.417,0.039,1.098,0.112,1.046,0.333,0.772,0.059,0.335,0.444,1.752,1.192,0.158,0.208,0.49,0.119,0.332,0.24,0.208,0.655
0.717,2.236,180,CD8_c0_t-Teff,0.983,0.055,1.248,0.302,0.033,0.234,0.07,0.711,0.044,1.014,0.226,0.636,0.06,0.276,0.598,1.65,0.813,0.179,0.229,0.506,0.233,0.376,0.275,0.218,0.403
-0.43,-4.72,7,CD8_c5_Tisg,0.571,0.0,1.898,0.317,0.0,0.772,0.202,2.267,0.0,0.702,0.0,0.66,0.0,0.419,1.292,1.492,0.439,0.245,0.26,0.627,0.232,0.282,0.26,0.424,0.394
-1.864,0.248,156,CD8_c7_p-Tex,0.705,0.092,1.184,0.668,0.116,1.459,0.293,0.99,0.089,0.336,0.541,0.375,0.07,0.469,1.429,1.054,0.786,0.169,0.478,0.963,0.396,0.197,0.392,0.106,0.345
0.287,2.981,164,CD8_c0_t-Teff,0.951,0.064,0.752,0.224,0.057,0.349,0.029,0.582,0.044,2.002,0.297,0.339,0.041,0.255,0.603,0.864,0.885,0.361,0.401,0.662,0.122,0.539,0.139,0.257,0.749
0.861,3.975,85,CD8_c6_Tcm,0.976,0.164,1.114,0.18,0.019,0.11,0.044,0.618,0.028,1.025,0.196,0.36,0.103,0.235,0.473,1.148,0.607,0.183,0.266,0.436,0.248,0.375,0.263,0.291,0.652
-0.717,-4.72,6,CD8_c5_Tisg,0.5,0.0,0.698,0.0,0.0,1.667,0.479,1.614,0.0,0.382,0.538,0.281,0.0,0.763,1.972,0.638,0.488,0.565,0.0,1.162,0.528,0.281,0.209,0.33,0.434
1.721,2.981,11,CD8_c6_Tcm,0.545,0.222,0.876,0.4,0.118,0.0,0.011,0.875,0.0,1.991,0.252,1.04,0.108,0.57,1.098,1.501,0.895,0.264,0.545,1.11,0.084,1.126,0.0,0.251,0.401
0.143,-0.248,34,CD8_c0_t-Teff,0.971,0.047,2.547,0.374,0.072,0.242,0.002,1.792,0.132,0.466,0.208,0.862,0.066,0.036,1.027,1.365,0.617,0.051,0.083,0.189,0.254,0.504,0.539,1.257,0.635
-3.155,0.0,6,CD8_c0_t-Teff,0.667,0.0,1.758,0.946,0.0,0.335,0.0,1.643,0.0,0.0,0.284,0.594,0.0,0.293,1.994,0.0,0.0,0.0,0.0,0.589,1.007,0.533,0.9,0.461,0.033
5.593,2.733,28,CD8_c12_Trm,0.75,0.008,1.659,0.733,0.018,0.4,0.011,1.479,0.0,2.391,0.391,0.399,0.086,0.083,0.59,1.344,0.495,0.0,0.0,0.564,0.126,0.298,0.097,1.371,0.0
1.147,2.484,204,CD8_c0_t-Teff,0.98,0.057,1.113,0.331,0.041,0.283,0.016,0.706,0.073,1.145,0.309,0.384,0.044,0.341,0.615,1.559,1.041,0.217,0.188,0.766,0.111,0.395,0.129,0.121,0.544
0.717,2.733,54,CD8_c0_t-Teff,0.963,0.055,0.85,0.239,0.03,0.285,0.0,0.486,0.135,1.888,0.371,0.644,0.068,0.187,0.595,1.25,0.939,0.285,0.378,0.794,0.224,0.527,0.199,0.041,0.714
-2.295,0.0,22,CD8_c7_p-Tex,0.545,0.157,0.865,0.506,0.145,1.063,0.164,1.03,0.073,0.43,0.234,0.76,0.217,0.401,1.624,0.905,0.829,0.192,0.288,0.915,0.584,0.2,0.268,0.309,0.64
-3.155,-1.987,43,CD8_c7_p-Tex,0.93,0.032,1.034,0.038,0.004,0.106,0.675,0.066,0.57,0.46,0.804,0.562,0.378,0.37,0.843,0.738,0.549,0.241,1.003,0.645,0.374,1.061,0.55,0.037,0.064
2.582,1.987,101,CD8_c0_t-Teff,1.0,0.084,0.949,0.468,0.033,0.443,0.037,0.904,0.211,2.201,0.357,0.646,0.075,0.183,0.403,1.208,0.98,0.479,0.281,0.608,0.051,0.467,0.092,0.1,0.489
2.008,2.484,53,CD8_c0_t-Teff,0.962,0.109,1.044,0.433,0.0,0.248,0.025,0.572,0.235,1.736,0.471,0.17,0.132,0.141,0.514,1.14,0.752,0.482,0.251,0.622,0.164,0.586,0.103,0.068,0.612
3.872,1.739,1,CD8_c0_t-Teff,1.0,0.0,1.956,0.0,0.0,0.0,0.0,1.956,0.0,2.904,0.0,0.0,1.956,0.0,0.0,0.0,0.0,1.956,2.594,0.0,0.0,1.956,0.0,0.0,0.0
-1.864,-0.248,56,CD8_c7_p-Tex,0.714,0.098,1.217,0.652,0.159,1.258,0.461,1.337,0.151,0.351,0.793,0.363,0.187,0.933,1.224,1.278,1.055,0.077,0.433,1.09,0.492,0.407,0.311,0.207,0.551
1.578,3.229,24,CD8_c6_Tcm,1.0,0.104,0.926,0.187,0.028,0.256,0.023,1.004,0.265,1.592,0.383,0.287,0.043,0.458,0.207,1.303,0.834,0.209,0.197,0.886,0.0,0.545,0.184,0.313,0.677
1.004,1.739,271,CD8_c0_t-Teff,0.985,0.107,1.589,0.23,0.033,0.38,0.059,1.051,0.117,0.647,0.219,0.594,0.035,0.408,0.575,1.942,1.155,0.042,0.206,0.473,0.236,0.407,0.267,0.294,0.554
-1.578,-0.248,46,CD8_c11_Teff_SEMA4A,0.348,0.093,1.555,0.631,0.057,1.4,0.416,1.197,0.17,0.539,0.713,0.445,0.115,0.834,1.147,1.534,0.807,0.14,0.273,1.014,0.528,0.224,0.486,0.226,0.326
2.868,1.987,17,CD8_c0_t-Teff,0.941,0.0,0.471,0.171,0.17,0.12,0.074,0.845,0.244,2.594,0.215,0.272,0.187,0.172,0.236,0.755,0.599,1.211,0.687,0.626,0.057,0.326,0.074,0.057,0.424
-2.868,-3.478,16,CD8_c1_Tex,0.688,0.061,1.342,0.624,0.341,1.024,1.54,1.585,0.155,0.254,0.654,0.258,0.117,1.003,1.078,2.418,0.795,0.0,0.209,0.421,0.591,0.35,0.978,0.18,0.219
1.721,0.994,191,CD8_c0_t-Teff,0.979,0.126,1.609,0.13,0.032,0.277,0.048,1.211,0.115,1.141,0.21,1.064,0.174,0.315,0.426,1.597,1.109,0.084,0.263,0.368,0.141,0.442,0.207,0.291,0.606
-3.586,-2.733,22,CD8_c7_p-Tex,0.955,0.0,1.224,1.153,0.417,0.528,1.203,0.24,0.493,0.262,0.6,0.439,0.222,0.413,1.297,1.016,0.778,0.483,0.702,0.927,0.834,0.343,0.262,0.072,0.279
1.721,1.49,132,CD8_c0_t-Teff,0.985,0.081,1.474,0.174,0.016,0.366,0.07,1.124,0.055,1.07,0.172,1.058,0.048,0.267,0.423,1.732,1.416,0.131,0.204,0.352,0.082,0.364,0.16,0.221,0.754
-3.442,-2.484,65,CD8_c7_p-Tex,1.0,0.016,1.137,0.648,0.113,0.15,1.387,0.121,0.756,0.182,0.823,0.6,0.546,0.119,0.863,0.53,0.534,0.143,0.733,0.648,0.555,0.85,0.383,0.026,0.187
-2.151,-0.745,17,CD8_c7_p-Tex,0.824,0.231,1.212,0.875,0.367,1.026,0.626,0.887,0.191,0.77,0.613,0.0,0.121,0.89,0.991,1.692,0.746,0.1,0.639,1.045,0.33,0.323,0.588,0.113,0.541
-3.586,-2.236,4,CD8_c7_p-Tex,1.0,0.0,1.726,0.292,0.0,0.231,0.341,0.0,0.7,0.292,0.747,0.377,0.762,0.225,0.423,0.0,0.524,0.656,1.197,0.742,0.747,1.413,0.0,0.0,0.0
-3.872,-3.229,129,CD8_c1_Tex,0.953,0.145,1.408,0.778,0.494,1.3,1.255,1.238,0.187,0.165,0.511,0.173,0.062,0.752,1.388,2.09,0.99,0.014,0.184,0.592,0.446,0.178,0.604,0.044,0.197
1.147,2.981,93,CD8_c6_Tcm,0.72,0.144,1.201,0.38,0.057,0.41,0.069,0.755,0.068,1.411,0.223,0.56,0.027,0.275,0.825,1.424,1.024,0.245,0.322,0.826,0.192,0.447,0.177,0.392,0.59
-2.725,-4.223,167,CD8_c1_Tex,0.964,0.069,1.964,0.634,0.42,1.45,1.538,2.132,0.183,0.123,0.631,0.458,0.0,0.747,1.185,2.751,0.958,0.0,0.036,0.365,0.311,0.156,0.572,0.13,0.397
-3.299,-3.726,190,CD8_c1_Tex,0.926,0.034,1.526,0.654,0.457,0.851,1.476,1.513,0.164,0.27,0.341,0.252,0.042,0.74,1.157,2.229,1.337,0.007,0.111,0.371,0.303,0.171,0.492,0.059,0.265
-2.868,-4.471,235,CD8_c1_Tex,0.974,0.052,1.463,0.917,0.577,2.224,1.43,1.765,0.431,0.166,0.619,0.23,0.011,0.976,1.407,2.434,0.709,0.015,0.054,0.541,0.296,0.062,0.508,0.11,0.456
-3.442,-3.975,117,CD8_c1_Tex,0.897,0.056,0.994,0.865,0.699,1.659,1.331,1.439,0.242,0.102,0.578,0.203,0.052,1.039,1.638,2.028,1.056,0.007,0.113,0.543,0.422,0.048,0.554,0.041,0.25
-3.155,-2.484,47,CD8_c7_p-Tex,0.936,0.108,1.064,0.649,0.085,0.327,1.196,0.303,0.105,0.16,0.634,0.583,0.357,0.776,0.927,1.103,0.485,0.258,0.6,0.711,0.439,0.24,0.489,0.0,0.135
0.43,-0.248,39,CD8_c0_t-Teff,0.974,0.076,2.234,0.208,0.05,0.929,0.134,1.619,0.156,0.727,0.154,0.987,0.098,0.183,0.988,1.139,0.889,0.156,0.137,0.312,0.272,0.327,0.328,1.179,0.723
-3.442,-0.497,7,CD8_c8_Teff_KLRG1,0.429,0.0,1.759,0.446,0.0,0.647,0.241,1.442,0.0,0.729,0.435,0.662,0.0,0.441,0.731,1.092,0.689,0.0,0.437,0.595,0.236,0.158,0.272,0.57,0.259
1.004,2.733,68,CD8_c0_t-Teff,0.824,0.106,1.003,0.567,0.0,0.254,0.054,0.638,0.102,1.181,0.312,0.587,0.095,0.314,0.709,1.441,0.67,0.29,0.274,0.764,0.041,0.519,0.178,0.204,0.567
-3.442,-4.471,181,CD8_c1_Tex,0.967,0.086,1.109,0.796,0.9,2.018,1.422,1.699,0.347,0.109,0.547,0.225,0.02,1.035,2.076,2.055,0.928,0.007,0.124,0.599,0.387,0.076,0.668,0.11,0.574
-3.155,-3.478,50,CD8_c1_Tex,0.5,0.074,1.131,0.928,0.348,1.055,1.625,0.698,0.296,0.18,0.454,0.225,0.109,0.636,1.63,2.17,1.037,0.0,0.247,0.533,0.484,0.137,0.549,0.086,0.257
-2.725,-5.217,71,CD8_c1_Tex,1.0,0.115,1.566,1.005,0.877,2.019,1.426,1.839,0.337,0.212,0.734,0.137,0.022,1.134,1.376,2.715,0.673,0.036,0.051,0.587,0.436,0.184,0.912,0.223,0.654
-3.012,0.248,7,CD8_c7_p-Tex,0.286,0.0,1.939,0.801,0.0,0.858,0.0,1.137,0.0,1.336,0.0,1.467,0.0,0.0,1.427,0.8,1.027,0.536,0.0,1.064,0.38,0.533,0.509,0.477,0.922
-3.586,-4.223,104,CD8_c1_Tex,0.971,0.1,0.873,1.049,0.783,2.177,1.251,1.658,0.315,0.091,0.621,0.268,0.01,0.898,1.886,1.959,1.0,0.008,0.099,0.758,0.217,0.114,0.464,0.05,0.322
-2.868,-3.975,426,CD8_c1_Tex,0.988,0.064,2.027,0.287,0.5,0.56,1.371,2.15,0.225,0.309,0.228,0.533,0.009,0.722,0.895,2.942,1.396,0.004,0.018,0.235,0.301,0.25,0.476,0.121,0.287
-1.864,-0.745,14,CD8_c7_p-Tex,0.571,0.0,1.047,0.741,0.367,1.448,0.322,1.333,0.171,0.072,0.444,0.117,0.097,0.596,1.355,1.656,0.948,0.101,0.243,0.666,0.341,0.0,0.487,0.084,0.292
1.721,2.484,167,CD8_c0_t-Teff,0.97,0.111,1.03,0.36,0.04,0.2,0.007,0.705,0.119,1.381,0.289,0.472,0.035,0.214,0.581,1.321,0.789,0.389,0.262,0.855,0.096,0.503,0.135,0.158,0.708
-1.291,-4.72,1,CD8_c1_Tex,1.0,0.0,0.0,0.0,0.0,2.013,0.0,0.0,0.0,0.0,0.0,0.0,1.7,1.7,2.28,0.0,0.0,0.0,0.0,1.7,0.0,0.0,0.0,0.0,0.0
0.861,2.981,39,CD8_c6_Tcm,0.615,0.03,1.395,0.64,0.027,0.522,0.085,0.35,0.089,1.011,0.605,0.264,0.109,0.334,1.02,1.688,1.043,0.19,0.307,0.866,0.162,0.465,0.271,0.071,0.671
-3.729,-3.478,213,CD8_c1_Tex,0.991,0.079,1.417,0.638,0.476,1.14,1.352,1.518,0.282,0.186,0.393,0.341,0.065,0.745,1.388,2.356,1.106,0.009,0.112,0.397,0.469,0.11,0.586,0.055,0.263
1.147,3.975,12,CD8_c6_Tcm,1.0,0.22,1.23,0.0,0.063,0.438,0.069,0.634,0.0,1.203,0.187,0.0,0.0,0.0,0.46,0.749,0.872,0.0,0.272,0.022,0.0,0.391,0.279,0.223,0.41
-0.574,-5.962,10,CD8_c5_Tisg,1.0,0.181,1.957,0.915,0.0,0.884,0.365,1.764,0.185,1.58,0.538,0.857,0.266,0.269,1.065,2.673,1.118,0.194,0.76,0.783,0.375,0.104,0.373,0.0,0.509
-1.864,-5.217,28,CD8_c1_Tex,0.679,0.0,1.288,1.056,0.803,2.674,1.774,1.382,0.487,0.14,0.924,0.0,0.0,1.259,2.025,2.417,0.606,0.0,0.0,0.717,0.469,0.107,0.617,0.099,0.376
0.574,2.981,33,CD8_c0_t-Teff,0.576,0.158,1.176,0.521,0.057,0.465,0.065,0.648,0.078,1.474,0.577,0.461,0.0,0.361,0.702,1.423,0.907,0.188,0.482,0.828,0.275,0.452,0.079,0.271,0.73
-1.864,2.733,1,CD8_c0_t-Teff,1.0,0.0,0.0,0.0,0.0,0.0,0.0,2.084,0.0,2.685,0.0,0.0,0.0,0.0,2.252,0.0,0.0,0.0,0.0,2.084,1.761,0.0,0.0,0.0,0.0
1.291,2.733,72,CD8_c0_t-Teff,0.806,0.127,1.127,0.199,0.035,0.091,0.0,0.505,0.045,1.385,0.213,0.477,0.0,0.245,0.628,1.104,0.957,0.544,0.324,0.775,0.152,0.458,0.208,0.221,0.52
-2.725,-1.739,13,CD8_c7_p-Tex,0.846,0.0,1.305,0.649,0.233,0.903,1.149,1.05,0.272,0.0,0.81,0.13,0.23,0.751,1.16,2.024,1.5,0.0,0.51,0.46,0.297,0.119,0.337,0.25,0.305
-1.291,-5.217,178,CD8_c5_Tisg,0.899,0.015,1.308,0.821,0.492,2.386,1.501,1.827,0.315,0.21,0.439,0.151,0.025,0.821,1.67,2.265,0.737,0.019,0.157,0.371,0.411,0.096,0.496,0.17,0.308
-0.143,3.229,18,CD8_c0_t-Teff,0.889,0.126,0.548,0.313,0.153,0.502,0.105,0.535,0.177,2.07,0.422,0.249,0.093,0.293,0.67,0.633,0.772,0.629,0.457,0.412,0.308,0.472,0.259,0.165,0.342
-3.586,-4.72,178,CD8_c1_Tex,0.989,0.081,0.927,1.097,1.0,2.265,1.47,1.64,0.3,0.101,0.804,0.142,0.0,1.065,1.956,2.118,0.816,0.012,0.048,0.691,0.338,0.085,0.711,0.129,0.586
-3.586,-5.714,176,CD8_c1_Tex,0.994,0.081,1.136,1.105,1.04,2.47,1.026,1.805,0.383,0.486,1.286,0.069,0.031,1.055,1.366,2.146,0.712,0.016,0.102,0.493,0.235,0.067,0.618,0.584,0.736
-3.586,-5.217,91,CD8_c1_Tex,1.0,0.106,1.065,1.237,1.081,2.153,1.218,1.878,0.519,0.413,1.055,0.059,0.143,1.095,1.409,2.231,0.835,0.029,0.052,0.647,0.274,0.068,0.625,0.258,0.705
-4.159,-6.21,12,CD8_c1_Tex,1.0,0.0,0.729,1.648,1.136,2.184,0.386,1.613,0.355,1.467,1.144,0.0,0.0,0.887,1.104,1.798,0.522,0.0,0.0,0.478,0.287,0.159,0.263,0.362,1.305
-0.287,2.981,68,CD8_c0_t-Teff,0.985,0.08,0.577,0.152,0.022,0.21,0.027,0.309,0.046,2.024,0.334,0.519,0.073,0.112,0.388,0.557,0.521,0.31,0.468,0.637,0.11,0.595,0.098,0.103,0.422
0.0,3.478,26,CD8_c0_t-Teff,0.423,0.0,0.92,0.316,0.0,0.459,0.0,0.341,0.0,2.303,0.336,0.457,0.083,0.0,0.721,0.664,0.628,0.352,0.479,0.777,0.266,0.293,0.223,0.045,0.448
-1.578,-5.217,69,CD8_c5_Tisg,0.681,0.021,1.571,0.832,0.633,2.702,1.246,2.155,0.186,0.237,0.636,0.085,0.0,1.247,1.864,2.648,0.818,0.028,0.09,0.386,0.291,0.039,0.506,0.177,0.349
0.143,4.223,28,CD8_c6_Tcm,0.964,0.0,0.227,0.143,0.0,0.099,0.0,0.15,0.092,2.225,0.25,0.858,0.28,0.044,0.393,0.341,0.358,0.264,0.711,0.465,0.298,0.709,0.0,0.0,0.294
2.295,-1.49,1,CD8_c0_t-Teff,1.0,0.0,0.0,1.422,0.0,1.986,1.986,0.0,0.0,3.572,0.0,0.0,1.422,0.0,1.986,0.0,0.0,0.0,1.986,0.0,0.0,0.0,0.0,0.0,0.0
-0.143,3.726,24,CD8_c6_Tcm,0.417,0.091,0.762,0.401,0.0,0.379,0.056,0.273,0.086,1.854,0.353,0.356,0.201,0.101,0.282,0.508,0.946,0.442,0.402,0.953,0.238,0.852,0.359,0.109,0.43
-3.012,-5.714,82,CD8_c1_Tex,0.988,0.15,1.112,0.851,0.632,1.765,1.027,1.553,0.341,0.368,0.861,0.057,0.06,1.08,1.611,2.34,0.677,0.0,0.109,0.53,0.435,0.092,0.765,0.294,0.609
-3.729,-5.465,134,CD8_c1_Tex,1.0,0.039,1.338,1.106,1.065,2.409,1.106,1.838,0.328,0.307,1.278,0.062,0.024,1.028,1.539,2.367,0.791,0.0,0.062,0.52,0.331,0.085,0.621,0.235,0.786
-3.442,-5.465,61,CD8_c1_Tex,1.0,0.133,1.119,0.849,1.026,2.486,0.874,1.784,0.463,0.453,1.033,0.0,0.042,0.928,1.515,2.23,0.806,0.019,0.232,0.619,0.197,0.069,0.532,0.343,0.669
-3.729,-4.968,141,CD8_c1_Tex,0.972,0.063,1.051,1.248,1.061,2.359,1.413,1.584,0.334,0.197,0.885,0.099,0.02,1.085,1.632,1.837,0.794,0.027,0.087,0.487,0.38,0.042,0.58,0.158,0.57
-4.733,-5.217,151,CD8_c1_Tex,0.987,0.01,0.982,1.234,0.979,2.889,1.189,1.856,0.269,0.165,1.169,0.023,0.037,0.653,1.843,1.57,0.745,0.013,0.083,0.578,0.205,0.02,0.244,0.161,0.43
-4.59,-5.962,29,CD8_c1_Tex,0.966,0.08,1.185,1.142,0.991,2.913,0.61,1.801,0.514,0.632,0.992,0.0,0.064,0.608,0.711,2.767,0.438,0.046,0.134,0.44,0.13,0.068,0.333,0.046,0.558
0.0,3.975,132,CD8_c6_Tcm,0.917,0.036,0.375,0.207,0.0,0.148,0.013,0.162,0.229,2.372,0.463,0.606,0.154,0.138,0.46,0.282,0.495,0.598,0.395,0.816,0.121,0.806,0.139,0.043,0.402
1.291,3.726,8,CD8_c6_Tcm,0.875,0.0,0.936,0.205,0.0,0.0,0.0,0.76,0.0,1.86,0.771,0.0,0.0,0.165,0.583,1.43,1.22,0.165,0.325,0.69,0.0,1.352,0.0,0.247,0.398
4.303,0.497,1,CD8_c0_t-Teff,1.0,1.039,0.0,0.0,0.0,0.0,0.0,2.624,0.0,2.859,0.0,1.039,0.0,0.0,2.624,1.538,1.039,0.0,0.0,0.0,0.0,0.0,0.0,1.039,0.0
-3.299,-5.217,99,CD8_c1_Tex,0.99,0.103,1.312,0.739,0.763,2.39,1.21,1.957,0.421,0.359,0.878,0.039,0.043,0.995,1.542,2.476,0.883,0.037,0.136,0.397,0.348,0.123,0.617,0.578,0.59
1.434,2.981,79,CD8_c6_Tcm,0.684,0.11,0.977,0.365,0.028,0.319,0.027,0.621,0.181,1.231,0.481,0.485,0.084,0.146,0.618,1.317,0.991,0.247,0.296,0.879,0.107,0.458,0.143,0.112,0.698
1.578,1.242,184,CD8_c0_t-Teff,0.973,0.203,1.691,0.253,0.035,0.481,0.091,1.146,0.123,1.088,0.259,0.94,0.094,0.245,0.551,1.828,1.288,0.091,0.2,0.38,0.159,0.424,0.328,0.196,0.741
-1.147,-5.465,98,CD8_c5_Tisg,0.99,0.02,1.448,0.734,0.701,2.56,1.297,1.989,0.429,0.272,0.66,0.104,0.0,1.062,1.504,2.585,0.791,0.013,0.136,0.588,0.382,0.079,0.606,0.129,0.574
-1.004,3.229,1,CD8_c6_Tcm,1.0,0.0,0.0,0.0,0.0,1.996,0.0,0.821,0.821,1.572,0.0,0.0,0.0,0.0,2.522,0.0,0.0,0.821,1.807,1.266,0.821,1.572,0.0,0.0,1.996
2.295,2.484,4,CD8_c0_t-Teff,1.0,0.0,0.556,0.0,0.0,0.504,0.0,0.0,0.843,2.93,0.525,0.288,0.419,0.0,1.03,0.668,0.525,1.029,0.419,0.681,0.0,0.258,0.0,0.268,0.382
-2.868,-1.49,7,CD8_c7_p-Tex,1.0,0.185,0.299,0.0,0.325,0.967,0.172,0.354,0.091,0.0,0.575,0.273,0.39,0.527,0.723,0.306,0.906,0.0,0.765,0.339,0.5,1.037,0.929,0.11,0.244
-0.717,3.229,5,CD8_c0_t-Teff,1.0,0.0,0.497,0.222,0.0,0.0,0.0,0.0,0.0,1.997,0.21,0.692,0.266,0.0,0.56,0.181,0.486,1.078,0.602,0.21,0.274,0.706,0.181,0.0,0.0
3.442,-0.994,27,CD8_c0_t-Teff,1.0,0.0,1.212,1.074,0.076,2.835,0.401,1.188,0.155,1.623,0.834,0.433,0.07,0.286,1.426,1.176,0.798,0.131,0.275,0.609,0.178,0.04,0.075,0.326,0.749
-3.872,-2.733,11,CD8_c1_Tex,0.818,0.0,1.089,1.288,0.455,1.062,1.175,0.23,0.474,0.0,0.595,0.466,0.237,0.389,1.11,0.497,0.767,0.392,1.307,0.696,0.231,0.0,0.168,0.0,0.0
-0.287,3.975,1,CD8_c6_Tcm,1.0,0.0,0.0,0.0,0.0,0.0,0.0,0.0,0.994,2.252,0.994,0.0,1.809,0.0,0.0,0.0,0.0,2.252,0.0,1.482,0.0,0.994,0.0,0.0,0.0
-0.287,3.478,8,CD8_c6_Tcm,0.625,0.183,0.622,0.216,0.0,0.17,0.0,0.149,0.143,1.742,0.463,0.359,0.0,0.263,0.882,0.727,0.61,0.362,0.369,0.359,0.329,0.143,0.406,0.143,0.555
-1.147,-4.968,38,CD8_c5_Tisg,0.842,0.073,1.376,0.458,0.425,2.891,0.954,1.395,0.282,0.325,0.419,0.188,0.028,0.572,2.145,1.765,0.618,0.026,0.117,0.69,0.284,0.162,0.345,0.073,0.255
-1.291,2.733,7,CD8_c0_t-Teff,1.0,0.0,0.62,0.0,0.0,0.399,0.0,0.563,0.0,1.334,0.172,0.56,0.172,0.0,1.412,0.172,1.112,0.0,0.713,0.0,0.0,0.181,0.0,0.0,0.248
-1.721,-4.471,3,CD8_c5_Tisg,0.333,0.0,0.0,1.023,0.0,1.549,0.0,1.864,0.0,0.0,0.0,0.0,0.0,2.586,1.058,0.841,0.527,0.0,0.0,0.0,0.0,0.0,0.0,0.0,0.0
-1.578,-0.745,19,CD8_c11_Teff_SEMA4A,0.368,0.18,1.347,0.625,0.17,1.45,0.481,0.918,0.024,0.251,1.219,0.271,0.073,0.409,1.987,1.477,0.782,0.114,0.129,0.793,0.686,0.631,0.329,0.094,0.52
-4.016,-4.471,155,CD8_c1_Tex,0.974,0.038,0.571,0.825,0.678,2.151,1.193,1.299,0.415,0.078,0.541,0.094,0.015,1.153,2.12,1.193,0.665,0.011,0.087,0.546,0.4,0.026,0.653,0.039,0.199
1.004,4.223,21,CD8_c6_Tcm,0.952,0.0,0.736,0.127,0.081,0.291,0.0,0.145,0.187,1.472,0.11,0.103,0.0,0.449,0.618,0.679,0.916,0.112,0.295,0.404,0.114,0.389,0.168,0.097,0.271
-2.438,-4.72,296,CD8_c1_Tex,0.99,0.037,1.588,0.809,0.672,2.904,1.56,1.998,0.501,0.122,0.735,0.046,0.007,1.102,1.651,2.649,0.587,0.016,0.127,0.432,0.182,0.122,0.549,0.109,0.507
-2.725,-4.72,392,CD8_c1_Tex,0.99,0.028,1.429,0.888,0.702,2.757,1.632,2.06,0.441,0.19,0.702,0.105,0.007,1.099,1.599,2.8,0.586,0.0,0.057,0.452,0.187,0.145,0.632,0.144,0.42
-3.012,-4.72,329,CD8_c1_Tex,0.985,0.051,1.262,0.862,0.671,2.465,1.432,2.027,0.505,0.118,0.612,0.12,0.02,0.982,1.592,2.597,0.653,0.011,0.04,0.363,0.252,0.104,0.744,0.285,0.397
0.861,-0.497,32,CD8_c0_t-Teff,0.938,0.127,2.003,0.134,0.0,1.592,0.087,1.793,0.119,0.484,0.188,1.271,0.07,0.078,1.079,0.689,1.086,0.285,0.297,0.298,0.254,0.604,0.042,0.554,0.963
-2.008,-4.968,86,CD8_c1_Tex,0.86,0.024,1.389,0.994,0.841,3.125,1.562,2.209,0.448,0.104,0.628,0.049,0.0,1.018,1.846,2.381,0.57,0.008,0.133,0.453,0.303,0.122,0.495,0.166,0.242
-2.582,-4.968,134,CD8_c1_Tex,0.993,0.043,1.5,0.771,0.731,3.076,1.633,2.047,0.623,0.17,0.642,0.058,0.013,0.889,1.78,2.687,0.571,0.018,0.065,0.459,0.217,0.185,0.492,0.182,0.409
-2.295,-4.968,93,CD8_c1_Tex,0.957,0.047,1.348,0.868,0.849,3.173,1.599,2.15,0.498,0.114,0.555,0.061,0.0,0.966,1.89,2.313,0.592,0.0,0.072,0.329,0.093,0.085,0.606,0.052,0.24
-3.155,-5.465,98,CD8_c1_Tex,1.0,0.079,1.263,0.818,0.904,1.98,1.224,1.623,0.296,0.269,0.795,0.084,0.002,0.957,1.526,2.462,0.835,0.007,0.066,0.548,0.255,0.141,0.713,0.455,0.827
-2.582,-5.465,51,CD8_c1_Tex,1.0,0.091,1.6,0.895,0.812,2.237,1.585,2.021,0.197,0.128,0.686,0.143,0.017,1.269,1.509,2.56,0.883,0.026,0.141,0.377,0.408,0.157,0.805,0.177,0.373
0.574,-0.497,11,CD8_c0_t-Teff,0.818,0.043,2.334,0.39,0.02,0.94,0.225,1.456,0.409,0.561,0.384,1.086,0.105,0.0,0.932,2.196,0.71,0.021,0.152,0.745,0.512,0.118,0.299,0.492,0.906
-2.438,-5.217,15,CD8_c1_Tex,0.933,0.0,1.805,1.172,0.598,2.557,1.511,1.603,0.213,0.22,0.551,0.0,0.0,1.104,1.447,2.917,0.726,0.0,0.272,0.55,0.095,0.0,0.331,0.356,0.875
-3.299,-4.72,196,CD8_c1_Tex,0.969,0.09,1.066,1.019,0.875,2.149,1.401,1.712,0.454,0.158,0.606,0.125,0.014,1.136,1.848,2.066,0.889,0.013,0.105,0.489,0.41,0.06,0.751,0.246,0.448
-2.438,-3.726,22,CD8_c1_Tex,0.864,0.0,1.888,0.171,0.447,0.116,1.395,2.442,0.219,0.161,0.449,0.599,0.0,0.656,0.798,2.58,1.14,0.0,0.045,0.167,0.19,0.313,0.404,0.373,0.156
0.287,-0.497,9,CD8_c0_t-Teff,0.889,0.266,2.523,0.0,0.0,0.895,0.117,1.469,0.45,0.307,0.138,0.515,0.0,0.0,1.339,2.21,0.642,0.0,0.138,0.284,0.0,0.0,0.502,0.585,0.138
-1.578,-4.72,7,CD8_c1_Tex,0.571,0.0,1.495,0.574,0.216,1.802,0.145,0.711,0.0,0.253,0.806,0.0,0.0,0.551,1.258,1.68,1.316,0.0,0.0,0.833,0.482,0.0,0.176,0.302,0.426
-2.725,-5.714,97,CD8_c1_Tex,0.959,0.018,1.523,1.015,0.72,1.837,1.285,1.598,0.201,0.111,0.742,0.068,0.024,1.306,1.633,2.207,0.823,0.014,0.104,0.711,0.346,0.072,0.793,0.121,0.423
-2.151,-4.72,35,CD8_c1_Tex,1.0,0.078,1.34,0.936,0.443,3.272,1.548,1.799,0.46,0.002,0.757,0.099,0.0,1.237,2.02,2.364,0.373,0.0,0.044,0.498,0.28,0.037,0.485,0.112,0.201
-1.004,-5.714,18,CD8_c5_Tisg,1.0,0.235,1.033,0.906,0.783,1.094,0.978,1.254,0.154,0.509,0.498,0.211,0.049,1.011,1.396,2.672,1.413,0.0,0.238,0.548,0.271,0.064,0.447,0.0,0.485
-1.721,-4.968,62,CD8_c1_Tex,0.581,0.117,1.087,0.732,0.813,2.795,1.491,2.116,0.563,0.044,0.429,0.19,0.0,0.789,1.725,2.35,0.854,0.0,0.017,0.322,0.238,0.06,0.512,0.046,0.296
-4.303,-4.471,198,CD8_c1_Tex,0.975,0.017,0.581,0.627,0.644,2.864,1.216,1.144,0.465,0.029,0.287,0.095,0.0,1.171,2.639,0.83,0.599,0.006,0.102,0.645,0.288,0.014,0.677,0.0,0.279
3.586,-0.745,122,CD8_c0_t-Teff,0.992,0.049,1.243,1.223,0.192,2.413,0.189,1.285,0.071,2.186,0.953,0.341,0.06,0.383,1.386,1.274,0.919,0.075,0.153,0.548,0.133,0.111,0.032,0.239,0.402
2.438,2.236,46,CD8_c0_t-Teff,1.0,0.099,1.176,0.545,0.0,0.312,0.0,0.873,0.355,1.84,0.363,0.193,0.184,0.176,0.474,1.244,0.803,0.733,0.206,0.861,0.06,0.375,0.035,0.2,0.545
-4.016,-3.478,117,CD8_c1_Tex,1.0,0.033,1.009,0.837,0.625,2.053,1.479,1.408,0.331,0.072,0.475,0.113,0.018,1.086,1.715,1.901,0.819,0.0,0.219,0.629,0.427,0.106,0.588,0.066,0.336
1.864,2.733,6,CD8_c0_t-Teff,0.667,0.0,0.512,0.26,0.0,0.0,0.0,0.483,0.0,2.217,0.205,1.179,0.0,0.0,0.459,1.124,0.575,0.0,1.045,1.218,0.324,0.177,0.221,0.146,0.872
-2.438,-5.714,20,CD8_c1_Tex,0.9,0.0,1.442,0.737,0.316,1.637,1.156,1.564,0.305,0.11,0.579,0.22,0.0,0.763,1.261,2.132,1.101,0.0,0.166,0.507,0.267,0.113,1.075,0.0,0.331
-1.721,-0.497,24,CD8_c0_t-Teff,0.542,0.0,0.716,0.956,0.309,1.519,0.824,0.922,0.386,0.597,0.816,0.535,0.266,0.85,1.499,1.015,0.765,0.449,0.482,1.213,0.465,0.411,0.657,0.0,0.579
-3.872,-4.223,113,CD8_c1_Tex,0.938,0.027,0.726,1.243,0.708,2.417,1.482,1.064,0.739,0.153,0.549,0.05,0.011,1.05,2.012,1.275,0.967,0.0,0.226,0.817,0.384,0.059,0.525,0.0,0.161
-4.303,-3.975,14,CD8_c1_Tex,1.0,0.131,0.708,0.646,1.064,3.164,1.48,1.509,0.395,0.12,0.598,0.171,0.0,0.592,2.628,1.033,0.765,0.0,0.251,0.928,0.144,0.0,0.153,0.0,0.221
-4.446,-4.72,155,CD8_c1_Tex,0.981,0.022,0.496,0.694,0.709,2.534,1.166,1.49,0.583,0.049,0.592,0.038,0.038,1.061,2.283,1.229,0.517,0.012,0.071,0.528,0.29,0.0,0.652,0.0,0.171
-3.872,-3.726,135,CD8_c1_Tex,1.0,0.042,1.097,0.86,0.738,2.547,1.493,1.365,0.505,0.121,0.509,0.23,0.006,0.917,2.209,1.876,0.87,0.028,0.164,0.558,0.423,0.057,0.505,0.088,0.327
-5.02,-5.714,76,CD8_c1_Tex,0.987,0.03,0.806,0.962,0.894,2.406,0.882,1.997,0.181,0.027,0.451,0.0,0.0,0.856,1.184,2.19,0.38,0.0,0.0,0.192,0.039,0.0,0.145,0.0,0.252
-3.729,-3.975,119,CD8_c1_Tex,0.966,0.01,0.771,1.166,0.611,2.344,1.466,1.223,0.403,0.062,0.44,0.13,0.043,1.074,2.049,1.488,0.834,0.03,0.189,0.761,0.31,0.014,0.505,0.011,0.315
-3.872,-4.72,228,CD8_c1_Tex,0.982,0.039,0.8,0.75,0.739,2.631,1.26,1.546,0.492,0.121,0.604,0.134,0.01,1.003,2.071,1.618,0.695,0.004,0.083,0.65,0.299,0.038,0.468,0.084,0.394
-4.446,-4.223,7,CD8_c1_Tex,1.0,0.0,0.0,1.119,0.974,3.046,1.486,1.353,0.0,0.0,0.878,0.0,0.0,0.534,2.003,1.983,0.396,0.0,0.778,0.952,0.157,0.0,0.0,0.0,0.0
-2.151,-6.21,39,CD8_c1_Tex,0.795,0.204,1.407,0.126,0.078,0.074,0.075,0.522,0.155,1.075,0.256,0.49,0.053,0.364,0.694,1.166,0.677,0.265,0.32,0.866,0.397,0.496,0.652,0.414,0.402
-3.299,-4.223,176,CD8_c1_Tex,0.983,0.077,1.041,1.024,0.671,1.798,1.439,1.609,0.384,0.226,0.467,0.386,0.021,0.959,1.66,2.188,1.089,0.008,0.09,0.483,0.308,0.14,0.563,0.053,0.516
-4.876,-5.962,4,CD8_c1_Tex,1.0,0.0,0.47,0.623,1.018,1.371,1.171,1.411,0.0,0.0,0.47,0.0,0.0,1.82,0.548,2.449,0.0,0.0,0.0,0.52,0.0,0.0,0.0,0.0,0.0
-3.155,3.975,5,CD8_c2_Teff,0.8,0.315,0.0,0.0,0.0,1.136,0.0,0.393,0.0,0.611,0.315,0.0,0.0,0.296,0.0,0.0,1.369,0.611,0.0,0.431,0.0,0.0,0.0,0.0,0.728
-4.876,-4.968,12,CD8_c1_Tex,1.0,0.0,0.843,0.995,1.111,1.407,1.384,1.977,0.162,0.235,0.325,0.0,0.0,0.568,1.517,1.709,0.631,0.0,0.0,0.0,0.162,0.0,0.213,0.0,0.371
-4.59,-4.471,148,CD8_c1_Tex,0.966,0.0,0.48,0.484,0.402,2.882,0.821,1.198,0.551,0.0,0.238,0.029,0.023,1.154,2.624,0.825,0.6,0.0,0.056,0.472,0.298,0.0,0.512,0.0,0.173
-1.578,2.733,1,CD8_c0_t-Teff,1.0,0.0,2.177,0.0,0.0,3.197,0.0,0.0,0.0,0.0,0.0,0.0,0.0,0.0,1.591,2.177,0.0,0.0,0.0,1.591,0.0,0.0,0.0,0.0,1.591
-4.303,-3.478,23,CD8_c1_Tex,1.0,0.0,0.967,0.584,0.471,2.574,1.042,1.178,0.594,0.081,0.395,0.097,0.0,0.855,2.168,1.125,0.815,0.0,0.08,0.715,0.481,0.0,0.679,0.081,0.199
-4.159,-3.726,77,CD8_c1_Tex,0.987,0.018,0.684,0.548,0.646,2.788,1.167,1.312,0.668,0.07,0.307,0.171,0.014,1.337,2.651,0.882,0.775,0.0,0.125,0.784,0.296,0.0,0.644,0.0,0.151
-2.868,-0.994,1,CD8_c7_p-Tex,1.0,0.0,0.0,0.954,0.0,0.0,0.954,0.0,0.0,0.0,0.0,0.0,0.0,0.0,0.954,0.0,0.0,0.0,0.0,2.499,0.954,0.0,0.0,0.0,0.0
0.287,4.471,1,CD8_c6_Tcm,1.0,1.054,1.555,0.0,0.0,0.0,0.0,0.0,0.0,2.769,0.0,0.0,1.054,0.0,0.0,1.054,0.0,1.054,0.0,0.0,0.0,0.0,0.0,0.0,0.0
-1.721,-0.994,19,CD8_c9_Tsen,0.789,0.153,0.734,0.912,0.225,1.233,0.189,1.299,0.095,0.225,0.532,0.412,0.045,0.275,1.549,0.576,0.609,0.061,0.138,0.399,0.272,0.242,0.454,0.236,0.352
-2.725,-1.242,26,CD8_c7_p-Tex,0.923,0.12,0.551,0.311,0.156,0.367,0.401,0.419,0.174,0.091,0.658,0.313,0.133,0.526,0.784,0.716,0.185,0.017,0.262,0.388,0.084,0.501,0.428,0.071,0.097
0.574,-5.962,2,CD8_c5_Tisg,0.5,0.89,0.89,0.0,0.0,0.0,0.0,1.488,0.0,2.31,0.0,0.862,0.89,0.0,0.0,0.597,0.0,0.0,1.034,0.597,0.597,0.597,0.0,0.0,0.0
-3.012,-1.739,8,CD8_c7_p-Tex,0.75,0.0,0.895,0.0,0.142,0.0,0.09,0.844,0.0,0.447,0.61,0.637,0.653,0.299,0.168,0.738,0.309,0.309,0.0,0.176,0.438,0.996,0.26,0.115,0.257
1.434,-1.49,6,CD8_c0_t-Teff,0.5,0.0,1.699,0.0,0.0,1.812,0.199,1.069,0.0,2.013,0.199,0.486,0.0,0.399,0.854,1.267,1.105,0.0,0.508,0.573,0.0,0.328,0.0,0.577,0.521
1.147,-0.994,14,CD8_c0_t-Teff,1.0,0.135,1.635,1.064,0.0,1.636,0.078,1.297,0.0,0.414,0.651,0.0,0.078,0.425,1.12,0.859,0.392,0.0,0.0,0.718,0.21,0.266,0.227,0.229,0.201
-2.295,-0.994,10,CD8_c7_p-Tex,1.0,0.0,1.242,0.507,0.332,0.974,0.472,0.956,0.0,0.429,0.815,0.443,0.108,0.432,1.007,1.548,0.742,0.0,0.559,0.509,0.421,0.064,0.971,0.066,0.371
-2.008,-0.497,34,CD8_c7_p-Tex,0.735,0.091,1.302,0.787,0.295,1.258,0.719,1.37,0.292,0.268,0.503,0.21,0.177,0.949,1.277,1.516,0.887,0.0,0.149,0.772,0.644,0.322,0.624,0.156,0.321
-0.143,-4.72,3,CD8_c5_Tisg,1.0,0.0,2.449,1.588,0.0,0.0,0.0,0.738,0.0,0.0,0.542,2.995,0.0,1.588,0.542,3.734,3.016,0.0,0.0,2.018,0.0,0.0,0.0,2.018,0.0
-0.287,-4.968,17,CD8_c5_Tisg,0.824,0.31,1.626,0.494,0.0,0.493,0.076,1.454,0.076,0.849,0.171,2.115,0.0,0.302,0.866,2.553,1.252,0.128,0.245,0.143,0.292,0.482,0.0,0.0,0.0
-0.287,-6.459,3,CD8_c5_Tisg,1.0,0.0,0.0,0.0,0.0,0.0,0.781,2.493,0.0,2.573,0.0,3.449,0.0,0.0,0.0,3.582,2.573,0.0,0.781,0.781,0.781,0.0,0.0,0.0,0.0
-1.434,-4.968,43,CD8_c1_Tex,0.558,0.0,1.323,0.602,0.662,2.358,1.086,1.762,0.518,0.2,0.597,0.227,0.0,0.613,1.596,2.149,0.834,0.046,0.047,0.282,0.304,0.177,0.272,0.111,0.222
-2.582,-3.975,196,CD8_c1_Tex,0.985,0.07,1.502,0.426,0.552,0.798,1.273,2.193,0.549,0.138,0.348,1.044,0.0,0.629,1.256,2.741,1.069,0.012,0.043,0.187,0.246,0.205,0.533,0.184,0.259
-2.295,-5.465,2,CD8_c1_Tex,1.0,0.0,2.91,0.0,1.275,3.074,1.275,2.989,0.0,0.0,0.0,0.898,0.0,1.201,1.601,3.953,1.201,0.0,0.898,0.0,0.0,0.0,0.0,0.0,0.0
-2.725,-2.733,1,CD8_c0_t-Teff,1.0,0.0,0.0,2.828,0.0,0.0,0.0,2.192,0.0,0.0,0.0,0.0,0.0,0.0,0.0,0.0,0.0,0.0,0.0,0.0,0.0,0.0,0.0,0.0,0.0
1.004,-0.745,10,CD8_c0_t-Teff,0.8,0.413,1.956,0.173,0.151,0.446,0.0,1.509,0.342,0.608,0.233,0.617,0.253,0.0,0.69,1.443,0.405,0.0,0.266,0.398,0.077,0.512,0.0,1.042,0.237
-2.295,-5.962,21,CD8_c1_Tex,0.905,0.038,1.63,0.375,0.098,0.227,0.17,0.982,0.183,0.101,0.774,0.181,0.099,0.654,0.642,1.633,0.646,0.21,0.178,0.714,0.188,0.375,0.763,0.111,0.393
-2.582,-3.478,10,CD8_c1_Tex,0.5,0.181,1.42,0.743,0.259,0.955,0.984,1.598,0.283,0.123,0.532,0.123,0.0,1.087,1.096,2.838,1.281,0.0,0.0,0.212,0.556,0.0,0.528,0.0,0.443
-1.434,-5.465,8,CD8_c5_Tisg,0.75,0.0,1.256,0.6,0.532,1.916,1.134,1.157,0.271,0.0,1.227,0.0,0.0,0.533,0.262,1.54,1.39,0.0,0.0,0.51,0.362,0.0,0.262,0.0,0.0
1.721,-0.497,25,CD8_c0_t-Teff,0.96,0.156,2.0,0.52,0.155,0.803,0.24,1.496,0.085,1.061,0.409,0.61,0.241,0.251,0.892,1.064,1.015,0.258,0.263,0.389,0.086,0.629,0.125,0.653,0.409
-2.295,2.981,1,CD8_c0_t-Teff,1.0,0.0,0.0,0.0,0.0,2.326,0.0,0.0,0.0,2.969,0.0,0.0,0.0,0.0,2.326,0.0,0.0,0.0,0.0,0.0,2.326,2.326,0.0,0.0,0.0
5.45,2.981,8,CD8_c12_Trm,0.75,0.0,2.332,1.293,0.0,0.529,0.0,0.768,0.0,2.271,0.0,0.287,0.206,0.213,0.419,0.986,0.648,0.0,0.0,0.414,0.0,0.0,0.0,0.336,0.482
6.741,3.229,6,CD8_c12_Trm,1.0,0.386,0.941,0.0,0.0,0.0,0.487,0.0,0.0,1.013,0.4,0.0,0.422,0.0,0.0,0.987,0.0,0.0,0.0,0.422,0.0,0.0,0.0,0.0,0.0
4.303,1.987,1,CD8_c12_Trm,1.0,0.0,0.0,0.0,0.0,0.0,0.0,0.0,0.0,3.002,0.0,0.0,0.0,0.0,3.67,3.002,0.0,0.0,0.0,0.0,0.0,0.0,0.0,0.0,0.0
-5.163,-5.465,163,CD8_c1_Tex,1.0,0.055,2.618,0.574,1.174,1.356,0.299,2.318,0.878,0.38,0.668,0.08,0.0,0.013,1.044,2.856,1.213,0.0,0.0,0.167,0.12,0.319,0.406,0.144,0.975
0.43,-0.745,13,CD8_c0_t-Teff,1.0,0.0,1.816,0.12,0.143,0.933,0.0,1.356,0.114,1.232,0.12,0.211,0.257,0.0,0.386,1.419,0.273,0.0,0.256,0.0,0.11,0.1,0.0,0.548,0.11
3.012,-1.242,3,CD8_c0_t-Teff,1.0,0.0,1.173,1.587,0.674,2.416,0.0,1.902,0.0,0.0,0.881,0.0,0.0,0.0,1.956,1.711,0.399,0.0,0.0,0.623,0.0,0.0,0.628,0.0,0.548
-1.864,-4.72,30,CD8_c1_Tex,0.833,0.103,1.472,0.472,0.192,2.793,1.156,2.029,0.498,0.0,0.879,0.245,0.074,0.764,1.985,1.723,0.469,0.0,0.04,0.191,0.077,0.205,0.42,0.045,0.153
1.004,4.72,19,CD8_c6_Tcm,1.0,0.0,0.425,0.128,0.0,0.298,0.0,0.268,0.0,1.554,0.14,0.181,0.0,0.0,0.236,1.044,1.156,0.0,0.0,0.114,0.256,0.24,0.0,0.0,0.764
-2.868,-1.987,11,CD8_c7_p-Tex,0.818,0.0,1.217,0.389,0.217,0.177,0.362,0.577,0.067,0.195,0.509,0.494,0.0,1.07,1.042,1.548,0.496,0.043,0.18,0.352,0.477,0.12,0.528,0.0,0.0
-2.582,-1.49,12,CD8_c7_p-Tex,0.917,0.0,0.672,0.656,0.244,1.0,0.325,0.294,0.146,0.0,0.651,0.305,0.075,0.784,0.997,1.366,0.561,0.0,0.189,0.587,0.382,0.338,1.173,0.122,0.256
-2.438,-1.739,1,CD8_c0_t-Teff,1.0,0.0,1.15,1.15,0.0,0.0,0.0,0.0,0.0,1.15,0.0,3.017,0.0,2.266,1.15,1.15,0.0,2.468,0.0,0.0,1.671,1.671,0.0,0.0,0.0
-2.868,-2.484,6,CD8_c7_p-Tex,0.833,0.0,1.108,0.88,0.177,1.113,0.914,0.231,0.288,0.205,0.633,0.428,0.0,0.755,1.808,1.142,0.437,0.0,0.0,1.031,1.376,0.205,0.742,0.0,0.161
-3.012,-3.229,16,CD8_c7_p-Tex,0.688,0.231,1.297,1.105,0.561,0.856,0.783,0.775,0.23,0.356,0.404,0.288,0.0,0.539,1.529,1.471,0.894,0.0,0.073,0.722,0.745,0.03,0.734,0.106,0.356
-4.016,-3.975,59,CD8_c1_Tex,1.0,0.017,0.665,0.871,0.9,2.782,1.539,1.248,0.779,0.177,0.594,0.184,0.0,1.239,2.227,1.494,1.044,0.0,0.295,0.827,0.201,0.036,0.648,0.0,0.223
-1.578,-2.733,1,CD8_c0_t-Teff,1.0,0.0,2.351,0.0,0.0,0.0,1.216,2.094,0.0,2.555,0.0,2.724,0.0,0.0,1.216,0.0,1.216,0.0,1.216,0.0,0.0,0.0,0.0,0.0,1.216
-2.725,-3.229,5,CD8_c0_t-Teff,0.6,0.0,1.956,0.0,0.0,0.819,0.881,0.655,0.0,0.0,1.041,0.0,0.0,0.341,1.554,2.147,1.575,0.0,0.0,0.0,0.0,0.277,0.759,0.0,0.0
-0.43,-6.21,2,CD8_c5_Tisg,1.0,0.0,1.145,0.655,0.0,0.0,0.0,0.923,1.105,0.923,0.758,0.655,0.0,0.0,0.0,3.116,1.423,0.0,1.234,0.511,0.0,1.046,0.929,0.0,0.0
-3.155,-0.497,2,CD8_c8_Teff_KLRG1,0.5,0.0,1.984,0.0,0.0,0.0,0.0,1.061,0.0,1.061,0.503,0.503,0.503,0.0,0.503,1.984,0.503,0.0,0.503,0.0,0.0,0.503,0.503,0.0,1.061
0.0,-0.497,10,CD8_c0_t-Teff,1.0,0.0,1.4,0.271,0.0,0.242,0.0,1.873,0.309,1.215,0.0,0.435,0.129,0.0,0.956,1.4,0.313,0.0,0.29,0.661,0.212,0.655,0.119,1.015,0.0
-1.291,-5.714,4,CD8_c5_Tisg,0.75,0.0,2.188,0.187,1.215,0.187,0.736,0.349,0.0,0.594,0.862,0.349,0.0,0.787,0.293,2.317,1.897,0.0,0.367,0.0,0.0,0.37,0.803,0.511,0.349
-2.582,-1.987,1,CD8_c0_t-Teff,1.0,0.0,2.563,0.0,0.0,0.0,0.0,3.217,0.0,2.907,0.0,3.162,0.0,0.846,0.0,3.104,1.844,0.0,2.035,0.0,0.0,0.0,1.298,0.0,2.035
-3.155,-2.981,41,CD8_c7_p-Tex,0.854,0.035,0.625,0.823,0.33,0.547,0.951,0.383,0.403,0.119,0.502,0.118,0.197,0.655,1.389,1.26,0.644,0.024,0.206,0.559,0.477,0.116,0.609,0.0,0.0
-2.868,-2.981,3,CD8_c7_p-Tex,1.0,0.605,1.666,0.0,0.0,0.692,1.024,1.31,0.624,0.0,0.487,0.0,0.0,0.836,1.153,1.697,0.487,0.0,0.487,1.086,0.0,0.0,1.758,0.0,0.535
-2.151,-5.217,4,CD8_c1_Tex,1.0,0.0,0.984,1.164,0.59,1.597,1.471,2.393,0.461,0.0,1.312,0.0,0.0,1.737,1.573,2.755,1.158,0.0,0.0,1.552,0.745,0.0,1.576,0.0,1.212
-2.008,-0.994,3,CD8_c0_t-Teff,0.333,0.0,1.586,0.0,0.272,0.0,0.0,2.049,0.0,0.481,0.272,0.0,0.0,0.733,0.647,2.894,1.247,0.0,0.0,0.272,0.0,0.733,0.733,1.003,0.941
1.864,-2.236,1,CD8_c0_t-Teff,1.0,0.0,1.338,0.0,0.0,2.244,0.0,1.89,0.0,0.0,0.0,0.0,0.0,0.0,0.0,1.89,0.0,0.0,0.0,0.0,0.0,0.0,0.0,0.0,0.0
-4.446,-3.229,7,CD8_c1_Tex,1.0,0.122,1.748,0.322,0.619,2.105,0.481,1.08,0.428,0.276,0.35,0.197,0.0,0.855,1.759,1.443,0.577,0.0,0.0,0.533,0.0,0.0,0.519,0.0,0.742
-2.438,-0.248,2,CD8_c0_t-Teff,0.5,0.0,2.525,0.0,0.0,2.489,0.0,0.0,0.0,0.885,0.0,1.319,0.0,0.482,0.723,0.926,0.0,0.0,0.482,0.0,0.0,0.482,0.0,0.0,0.0
-2.725,-0.248,2,CD8_c8_Teff_KLRG1,0.5,0.0,1.878,0.0,0.147,0.0,0.194,1.488,0.0,0.0,0.0,0.0,0.0,0.0,0.762,1.485,0.634,0.0,0.0,1.336,0.601,0.514,0.927,0.0,0.0
-1.578,-2.236,27,CD8_c9_Tsen,0.963,0.0,0.818,0.9,0.904,2.486,0.941,2.36,0.44,0.274,0.375,0.075,0.0,0.751,0.975,1.74,0.359,0.0,0.0,0.079,0.124,0.013,0.386,0.082,0.162
-0.287,-1.987,1,CD8_c9_Tsen,1.0,0.0,0.0,0.0,0.644,0.0,0.0,2.751,0.0,0.0,0.0,0.0,0.0,0.0,0.0,0.0,0.0,0.0,0.0,0.0,0.191,0.0,0.0,0.0,2.274
-5.163,-5.962,15,CD8_c1_Tex,1.0,0.154,0.868,0.417,1.26,3.015,0.42,1.811,0.19,0.0,0.658,0.0,0.0,0.791,1.221,1.101,0.973,0.0,0.0,0.158,0.381,0.0,0.616,0.154,0.19
-0.861,-4.471,1,CD8_c4_Tstr,1.0,0.0,2.849,0.0,0.0,0.0,0.0,1.86,0.0,0.0,1.86,0.0,0.0,0.0,0.0,1.86,0.0,0.0,0.0,0.0,0.0,0.0,0.0,2.849,0.0
5.307,2.733,1,CD8_c0_t-Teff,1.0,0.0,0.0,0.0,0.0,0.0,0.0,2.11,0.0,2.11,0.0,0.0,0.0,0.0,0.0,0.0,2.74,2.11,0.0,2.11,0.0,0.0,0.0,0.0,2.11
-2.008,-5.465,2,CD8_c1_Tex,1.0,0.0,2.49,1.901,1.058,4.076,0.0,3.293,0.0,0.0,0.0,0.0,0.0,2.159,2.977,1.722,0.0,0.0,0.0,1.843,1.075,0.0,0.768,0.0,0.0
-5.02,-5.217,14,CD8_c1_Tex,0.786,0.0,1.597,0.834,0.913,1.715,0.808,1.738,0.174,0.532,0.385,0.0,0.02,0.22,1.17,1.692,1.264,0.0,0.0,0.0,0.508,0.0,0.152,0.0,0.739
-5.307,-5.217,1,CD8_c1_Tex,1.0,0.0,2.634,0.0,2.039,0.0,0.0,0.0,2.398,0.0,0.0,0.0,0.0,0.0,2.071,2.654,0.0,0.0,0.0,0.0,0.0,0.0,2.268,0.0,2.242
-2.725,-2.236,4,CD8_c7_p-Tex,1.0,0.0,0.858,1.155,0.0,1.067,1.156,0.85,1.192,0.417,0.223,0.489,0.0,1.716,1.997,1.714,1.288,0.0,1.084,0.655,0.277,0.338,1.375,0.0,0.55
-2.438,-1.242,7,CD8_c7_p-Tex,0.857,0.0,1.468,0.803,0.134,0.438,0.375,0.444,0.375,0.518,0.653,0.083,0.515,0.829,0.747,1.82,0.644,0.068,0.309,0.556,0.498,0.494,1.013,0.372,0.171
-4.446,-3.726,25,CD8_c1_Tex,1.0,0.0,0.279,0.178,0.408,2.881,0.766,1.217,1.089,0.0,0.176,0.0,0.0,0.698,2.724,0.824,0.559,0.0,0.0,0.656,0.0,0.0,0.299,0.0,0.094
-5.45,-5.962,73,CD8_c1_Tex,0.973,0.035,0.995,0.89,0.88,2.763,1.198,2.171,0.285,0.063,0.476,0.056,0.0,0.467,1.682,1.46,0.659,0.0,0.0,0.092,0.166,0.0,0.156,0.029,0.055
-5.307,-5.714,13,CD8_c1_Tex,1.0,0.0,1.096,1.164,1.142,3.097,1.14,2.631,0.347,0.0,0.175,0.0,0.154,0.503,2.036,1.197,0.567,0.0,0.0,0.0,0.192,0.0,0.396,0.0,0.149
-5.737,-5.962,1,CD8_c1_Tex,1.0,0.0,2.789,0.0,0.0,2.789,2.789,2.789,0.0,0.0,0.0,0.0,0.0,2.789,0.0,0.0,0.0,0.0,0.0,0.0,0.0,0.0,0.0,0.0,0.0
-1.434,-2.484,1,CD8_c9_Tsen,1.0,0.0,0.0,0.0,0.0,3.152,0.0,3.974,0.0,0.0,0.0,0.0,0.0,0.0,2.767,3.823,0.0,0.0,0.0,0.0,0.0,0.0,0.0,0.0,0.0
-0.574,-4.471,1,CD8_c5_Tisg,1.0,0.0,0.0,0.0,0.0,2.98,0.0,2.98,0.0,0.0,0.0,0.0,0.0,0.0,0.0,0.0,0.0,0.0,0.0,0.0,0.0,0.0,0.0,0.0,0.0
-2.868,-6.459,1,CD8_c1_Tex,1.0,0.0,0.0,0.0,3.247,3.247,2.223,2.223,2.223,0.0,0.0,0.0,0.0,0.0,2.223,3.525,2.223,0.0,0.0,0.0,0.0,0.0,0.0,0.0,0.0
-1.721,-5.465,1,CD8_c5_Tisg,1.0,0.0,3.169,2.784,0.0,2.784,3.841,3.446,0.0,0.0,2.151,0.0,0.0,0.0,2.151,2.784,0.0,0.0,2.151,2.151,0.0,0.0,0.0,0.0,0.0
-0.287,-4.471,1,CD8_c5_Tisg,1.0,0.0,2.727,0.0,0.0,3.781,0.0,0.0,0.0,0.0,0.0,0.0,0.0,0.0,0.0,0.0,0.0,0.0,0.0,2.097,2.097,0.0,0.0,0.0,0.0
-2.438,-2.236,1,CD8_c0_t-Teff,1.0,0.0,1.465,0.0,1.465,2.661,2.035,2.035,0.0,0.0,0.0,0.0,0.0,0.0,2.035,2.661,2.396,0.0,0.0,0.0,0.0,0.0,0.0,0.0,1.465
-2.582,-2.484,1,CD8_c7_p-Tex,1.0,0.0,1.918,1.362,1.362,1.918,2.273,2.534,0.0,1.918,1.362,0.0,0.0,0.0,1.918,3.187,1.362,0.0,0.0,1.362,0.0,0.0,0.0,0.0,0.0
0.143,-2.733,3,CD8_c4_Tstr,1.0,0.0,1.459,0.693,0.693,2.226,0.647,2.013,2.805,0.0,0.38,0.98,0.0,0.38,1.648,1.028,0.751,0.0,0.38,0.0,0.0,0.0,1.074,0.0,0.461
-3.586,4.223,34,CD8_c2_Teff,0.912,0.0,0.354,0.0,0.0,0.786,0.0,0.647,0.116,0.863,0.224,0.639,0.051,0.0,0.528,0.268,0.636,0.169,0.182,0.25,0.0,0.414,0.0,0.0,0.822
0.717,4.72,2,CD8_c6_Tcm,1.0,0.0,0.0,0.0,0.0,0.0,0.0,0.0,0.0,0.96,2.229,0.0,0.0,0.0,0.0,0.0,1.458,0.0,0.0,0.0,0.0,2.229,0.0,0.0,0.0
6.167,2.733,3,CD8_c3_Tn,0.667,0.0,0.0,0.0,0.0,0.0,0.0,0.925,0.0,2.423,0.716,0.716,0.0,0.0,1.294,1.053,0.0,0.0,0.0,0.0,0.0,0.716,0.0,0.0,0.0
-2.008,-3.975,1,CD8_c4_Tstr,1.0,0.0,2.307,0.0,1.882,2.18,2.166,2.247,0.0,0.0,0.0,0.0,0.0,1.967,2.227,2.094,1.152,0.0,0.0,2.004,0.0,1.747,0.0,0.0,0.0
0.143,-2.236,3,CD8_c0_t-Teff,0.667,0.0,1.929,0.714,0.0,0.0,0.0,0.816,0.0,0.0,0.0,0.841,0.0,0.71,0.0,1.583,0.659,0.0,0.0,0.0,0.816,0.0,0.0,0.0,0.0
-3.012,-0.248,1,CD8_c11_Teff_SEMA4A,1.0,0.0,1.75,0.0,0.0,1.786,1.684,1.804,1.649,0.0,0.0,0.0,0.578,0.0,1.688,1.95,0.872,0.0,0.0,0.0,1.581,1.4,1.516,0.0,0.0
-1.864,-1.739,1,CD8_c7_p-Tex,1.0,0.0,1.968,1.553,0.0,0.0,0.0,0.0,0.0,0.0,0.0,0.0,0.0,2.142,2.095,2.172,1.875,0.0,0.0,0.0,0.0,0.0,1.657,0.0,0.0
-4.876,-4.471,12,CD8_c1_Tex,1.0,0.0,0.331,0.891,0.354,0.397,0.686,1.169,1.106,0.0,0.656,0.0,0.0,1.268,0.623,1.068,0.539,0.0,0.0,0.468,0.0,0.0,0.534,0.0,0.188
-5.02,-4.72,3,CD8_c1_Tex,1.0,0.0,0.0,0.0,0.751,0.751,0.621,2.624,0.63,0.0,1.456,0.826,0.0,0.964,2.411,0.0,0.964,0.0,0.0,0.835,0.0,0.0,0.63,0.0,0.0
-4.733,-4.223,1,CD8_c0_t-Teff,1.0,0.0,0.0,0.0,0.0,0.0,1.963,0.0,0.0,0.0,0.0,0.0,0.0,1.963,0.0,0.0,2.583,0.0,0.0,0.0,0.0,0.0,1.963,0.0,0.0
-2.438,-3.229,1,CD8_c0_t-Teff,1.0,0.0,0.0,0.0,0.0,0.0,0.0,1.315,0.0,1.315,0.0,2.476,0.0,0.0,0.0,1.315,1.864,0.0,0.0,0.0,0.0,1.864,0.0,0.0,0.0
5.88,2.733,2,CD8_c12_Trm,0.5,0.0,0.0,1.283,0.0,0.0,0.0,0.0,0.0,2.828,1.023,0.737,0.0,0.0,0.0,1.023,0.737,0.0,0.0,0.0,0.0,0.0,0.0,0.737,0.0
3.155,1.987,1,CD8_c0_t-Teff,1.0,0.0,1.59,0.0,0.0,0.0,0.0,2.543,0.0,1.59,1.59,1.59,0.0,0.0,0.0,0.0,0.0,0.0,0.0,2.176,0.0,2.543,0.0,0.0,0.0
-3.729,4.471,1,CD8_c2_Teff,1.0,0.0,0.0,0.0,0.0,1.58,0.0,0.0,0.0,1.58,0.0,0.0,0.0,0.0,0.0,0.0,0.0,0.0,0.0,0.0,0.0,0.0,0.0,0.0,1.58
-4.159,4.223,1,CD8_c2_Teff,1.0,0.0,0.0,0.0,0.0,0.0,0.0,0.0,0.0,0.0,0.0,0.0,0.0,0.0,2.452,2.548,2.672,0.0,0.0,0.0,0.0,0.0,0.0,0.0,0.0
6.311,1.987,1,CD8_c0_t-Teff,1.0,0.0,0.0,0.0,0.0,0.0,0.0,0.0,0.0,3.282,0.0,0.0,0.0,0.0,1.813,0.0,0.0,2.421,0.0,0.0,1.813,0.0,0.0,0.0,0.0
