hex_x,hex_y,n_cells,state,state_purity,BCL6,CD69,CXCR6,ENTPD1,GZMB,HAVCR2,ID2,ID3,IL7R,ITGAE,KLF2,LEF1,PDCD1,PRF1,RGS1,RUNX3,S1PR1,SELL,SELPLG,SLAMF6,TCF7,TOX,XCL1,ZEB2
5.714,7.483,402,ITGAE+ Trm,0.306,0.051,1.763,0.927,0.244,1.505,0.251,1.064,0.072,1.254,0.939,0.306,0.072,0.313,1.38,1.312,0.827,0.094,0.314,0.771,0.282,0.087,0.287,0.359,0.561
6.968,10.138,531,XBP1+ Tex,0.878,0.085,0.709,0.624,0.201,2.299,0.308,1.553,0.003,0.243,0.273,0.828,0.053,0.214,2.239,0.283,0.866,0.253,0.03,1.128,0.329,0.033,0.47,0.579,0.267
8.222,9.897,183,Cycling T,0.661,0.018,1.218,0.379,0.241,2.018,0.35,1.539,0.019,0.355,0.317,0.854,0.083,0.113,1.67,0.179,0.674,0.266,0.116,1.011,0.151,0.021,0.222,0.281,0.159
6.132,8.69,510,XBP1+ Tex,0.549,0.048,1.242,0.8,0.256,1.675,0.358,1.131,0.033,0.759,0.54,0.521,0.059,0.2,1.416,0.506,0.67,0.181,0.209,0.98,0.211,0.051,0.195,0.272,0.283
7.247,10.621,297,XBP1+ Tex,0.97,0.117,0.799,0.222,0.134,2.746,0.322,1.865,0.003,0.078,0.208,1.442,0.12,0.221,2.735,0.292,1.223,0.444,0.021,1.095,0.387,0.01,0.661,0.716,0.507
6.829,10.379,439,XBP1+ Tex,0.681,0.075,0.898,0.571,0.166,2.374,0.33,1.6,0.006,0.163,0.238,0.98,0.058,0.157,2.342,0.194,0.889,0.309,0.036,1.087,0.346,0.009,0.363,0.815,0.337
5.574,10.138,751,ZNF683+ Teff,0.987,0.021,1.499,0.787,0.111,1.694,0.507,1.452,0.009,0.306,0.279,0.207,0.071,0.032,1.691,0.103,0.364,0.22,0.264,1.139,0.124,0.019,0.083,1.051,0.077
7.804,10.138,247,XBP1+ Tex,0.87,0.075,0.947,0.631,0.138,2.309,0.353,1.775,0.0,0.087,0.246,0.267,0.037,0.204,2.31,0.423,0.797,0.072,0.063,0.908,0.326,0.005,0.556,0.774,0.32
6.968,10.621,173,XBP1+ Tex,0.746,0.067,0.91,0.418,0.105,2.524,0.498,1.793,0.0,0.092,0.252,1.233,0.077,0.124,2.51,0.268,1.017,0.414,0.069,1.188,0.285,0.012,0.479,0.947,0.373
6.132,8.207,541,ITGAE+ Trm,0.296,0.03,1.468,1.073,0.353,1.4,0.345,1.136,0.037,1.374,0.933,0.317,0.083,0.359,1.184,1.259,0.652,0.094,0.188,0.97,0.278,0.084,0.366,0.218,0.457
3.902,9.172,59,ZNF683+ Teff,0.966,0.112,1.052,0.156,0.031,1.839,0.214,1.247,0.0,1.105,0.189,1.824,0.364,0.023,1.571,0.045,0.426,0.471,0.681,1.517,0.15,0.15,0.083,0.189,0.141
6.411,8.207,524,ITGAE+ Tex,0.405,0.056,1.513,1.081,0.543,1.735,0.455,1.145,0.086,1.131,1.075,0.234,0.097,0.455,1.205,1.284,0.782,0.059,0.159,0.882,0.221,0.063,0.383,0.27,0.565
6.271,10.379,509,ZNF683+ Teff,0.917,0.019,1.519,0.904,0.203,1.724,0.596,1.537,0.012,0.244,0.258,0.143,0.097,0.026,1.732,0.099,0.494,0.147,0.152,1.161,0.141,0.04,0.124,1.17,0.132
7.526,10.138,388,XBP1+ Tex,0.959,0.07,0.8,0.615,0.162,2.533,0.246,1.619,0.006,0.078,0.296,0.431,0.025,0.254,2.417,0.388,0.892,0.113,0.011,0.992,0.324,0.011,0.484,0.713,0.329
7.386,10.379,350,XBP1+ Tex,0.957,0.103,0.845,0.376,0.121,2.628,0.306,1.778,0.0,0.079,0.199,0.903,0.064,0.307,2.499,0.351,1.072,0.219,0.03,0.991,0.395,0.013,0.572,0.673,0.411
6.411,9.655,706,XBP1+ Tex,0.68,0.046,1.245,0.662,0.189,2.047,0.309,1.414,0.013,0.393,0.302,0.589,0.032,0.118,1.851,0.197,0.527,0.183,0.087,1.025,0.242,0.052,0.241,0.619,0.182
8.78,9.897,342,Cycling T,0.991,0.014,1.512,0.166,0.216,1.943,0.272,1.461,0.058,0.329,0.353,0.94,0.101,0.057,1.546,0.221,0.499,0.199,0.221,0.935,0.088,0.04,0.143,0.316,0.168
5.574,8.207,513,XBP1+ Tex,0.598,0.026,1.004,0.516,0.084,1.126,0.207,1.004,0.033,0.629,0.374,0.473,0.084,0.125,1.115,0.298,0.508,0.191,0.222,0.84,0.156,0.117,0.101,0.323,0.179
6.829,9.897,709,XBP1+ Tex,0.849,0.052,0.738,0.792,0.284,2.081,0.341,1.46,0.011,0.502,0.34,0.427,0.056,0.177,1.975,0.204,0.634,0.12,0.046,1.103,0.284,0.028,0.362,0.566,0.226
3.902,9.655,129,ZNF683+ Teff,0.992,0.0,1.869,0.416,0.055,1.902,0.272,1.513,0.0,0.765,0.169,0.9,0.153,0.043,1.628,0.075,0.364,0.549,0.683,1.337,0.176,0.102,0.1,0.398,0.091
7.526,10.621,181,XBP1+ Tex,0.939,0.086,1.005,0.38,0.12,2.514,0.374,1.882,0.006,0.047,0.238,0.829,0.076,0.217,2.564,0.293,1.151,0.252,0.024,1.032,0.362,0.012,0.701,0.788,0.48
4.181,7.724,147,MACF1+ T,0.626,0.044,1.757,0.146,0.043,0.825,0.073,0.892,0.061,1.349,0.165,1.102,0.123,0.09,1.666,0.319,0.529,0.498,0.725,1.196,0.522,0.398,0.331,0.181,0.817
5.435,8.448,542,XBP1+ Tex,0.52,0.023,1.0,0.498,0.091,1.306,0.225,1.049,0.006,0.775,0.339,0.495,0.122,0.12,1.11,0.207,0.547,0.212,0.254,0.94,0.19,0.111,0.099,0.33,0.117
6.829,10.862,128,ZNF683+ Teff,0.867,0.006,1.356,0.881,0.065,1.778,0.734,1.441,0.0,0.119,0.138,0.157,0.1,0.006,1.945,0.082,0.413,0.089,0.208,1.22,0.285,0.03,0.123,1.081,0.12
5.993,8.448,488,XBP1+ Tex,0.488,0.041,1.329,0.854,0.25,1.487,0.292,1.055,0.036,1.013,0.638,0.437,0.061,0.251,1.303,0.794,0.603,0.176,0.197,0.876,0.238,0.071,0.211,0.261,0.278
5.017,8.69,472,ZNF683+ Teff,0.614,0.038,1.017,0.427,0.108,1.795,0.279,1.233,0.012,0.918,0.247,0.928,0.07,0.126,1.508,0.148,0.519,0.387,0.277,1.175,0.181,0.127,0.153,0.308,0.131
7.247,10.138,424,XBP1+ Tex,0.936,0.072,0.667,0.593,0.206,2.4,0.243,1.463,0.008,0.189,0.292,0.697,0.038,0.223,2.327,0.378,0.833,0.175,0.022,1.081,0.324,0.027,0.495,0.605,0.317
7.526,9.655,674,XBP1+ Tex,0.948,0.038,0.639,0.718,0.399,2.26,0.259,1.223,0.011,0.279,0.354,0.291,0.012,0.26,1.99,0.491,0.514,0.072,0.033,1.025,0.287,0.034,0.46,0.27,0.272
3.484,9.897,43,ZNF683+ Teff,0.93,0.024,1.35,0.379,0.0,1.427,0.335,1.151,0.0,1.128,0.229,0.918,0.367,0.0,1.696,0.05,0.313,0.552,1.058,1.69,0.244,0.127,0.024,0.511,0.038
6.132,9.172,716,XBP1+ Tex,0.73,0.022,1.153,0.529,0.17,2.003,0.256,1.392,0.018,0.515,0.324,0.733,0.052,0.112,1.668,0.206,0.524,0.25,0.12,1.004,0.178,0.05,0.143,0.33,0.15
5.296,8.69,575,XBP1+ Tex,0.419,0.024,0.945,0.446,0.088,1.518,0.231,1.079,0.02,0.752,0.325,0.736,0.125,0.083,1.391,0.164,0.467,0.314,0.214,1.035,0.149,0.096,0.11,0.307,0.123
7.107,9.897,716,XBP1+ Tex,0.922,0.045,0.666,0.843,0.314,2.062,0.28,1.272,0.015,0.382,0.335,0.371,0.043,0.25,1.988,0.349,0.59,0.099,0.031,1.086,0.335,0.033,0.439,0.483,0.231
4.878,7.966,176,ZNF683+ Teff,0.403,0.016,1.548,0.508,0.204,1.031,0.173,1.123,0.102,0.926,0.529,0.591,0.073,0.129,1.31,0.711,0.588,0.291,0.246,0.881,0.256,0.164,0.303,0.378,0.299
7.107,9.414,737,XBP1+ Tex,0.887,0.05,0.738,0.821,0.386,1.883,0.305,1.091,0.016,0.502,0.478,0.328,0.027,0.308,1.727,0.439,0.51,0.094,0.051,1.077,0.264,0.059,0.412,0.348,0.23
5.017,10.621,725,ZNF683+ Teff,1.0,0.013,1.296,0.7,0.064,1.643,0.476,1.455,0.002,0.345,0.184,0.117,0.079,0.02,1.709,0.033,0.311,0.23,0.532,1.295,0.117,0.031,0.03,0.949,0.045
4.878,8.448,288,ZNF683+ Teff,0.736,0.042,1.048,0.49,0.104,1.518,0.173,1.031,0.027,1.295,0.353,0.885,0.099,0.071,1.42,0.211,0.503,0.301,0.291,1.058,0.236,0.181,0.129,0.322,0.116
6.968,9.655,872,XBP1+ Tex,0.904,0.049,0.751,0.82,0.325,2.1,0.281,1.348,0.023,0.492,0.371,0.419,0.024,0.212,1.931,0.305,0.548,0.09,0.046,1.123,0.315,0.041,0.401,0.4,0.213
6.271,8.931,590,XBP1+ Tex,0.688,0.036,1.159,0.6,0.219,1.856,0.285,1.309,0.02,0.621,0.478,0.719,0.066,0.199,1.586,0.417,0.579,0.223,0.193,1.019,0.241,0.078,0.208,0.319,0.152
4.878,9.897,714,ZNF683+ Teff,0.99,0.013,1.489,0.566,0.11,1.84,0.395,1.475,0.008,0.435,0.228,0.343,0.079,0.032,1.61,0.08,0.356,0.297,0.379,1.1,0.101,0.042,0.06,0.815,0.062
11.149,10.138,575,Cycling T,1.0,0.048,1.426,0.302,0.381,1.657,0.359,1.272,0.438,0.304,0.71,0.42,0.168,0.335,0.897,1.221,0.662,0.113,0.26,0.589,0.167,0.1,0.338,0.377,0.386
7.665,10.379,251,XBP1+ Tex,0.892,0.105,0.782,0.434,0.121,2.42,0.28,1.785,0.0,0.102,0.226,0.397,0.074,0.241,2.359,0.412,1.05,0.104,0.034,0.907,0.389,0.018,0.687,0.782,0.397
7.107,10.379,402,XBP1+ Tex,0.933,0.09,0.859,0.371,0.117,2.758,0.296,1.747,0.002,0.082,0.186,1.382,0.056,0.236,2.628,0.283,1.086,0.386,0.029,1.179,0.367,0.017,0.499,0.738,0.407
5.993,7.966,590,ITGAE+ Trm,0.295,0.061,1.679,1.091,0.392,1.328,0.338,1.101,0.047,1.375,1.037,0.304,0.091,0.413,1.158,1.325,0.698,0.103,0.166,0.912,0.292,0.089,0.327,0.253,0.516
4.041,2.172,907,Tcm,0.665,0.043,1.556,0.038,0.014,0.051,0.018,0.741,0.099,2.366,0.185,1.747,0.583,0.042,0.231,0.385,0.375,0.474,0.679,0.634,0.153,0.841,0.044,0.104,0.061
9.058,9.897,469,Cycling T,1.0,0.01,1.532,0.264,0.196,1.88,0.311,1.39,0.073,0.38,0.299,0.836,0.098,0.063,1.374,0.203,0.55,0.202,0.213,0.874,0.126,0.09,0.184,0.343,0.224
7.665,10.862,13,ZNF683+ Teff,0.538,0.051,0.792,0.526,0.147,1.807,0.333,1.846,0.0,0.077,0.249,0.626,0.0,0.13,2.189,0.211,1.111,0.222,0.504,1.363,0.207,0.114,0.663,1.102,0.088
9.895,7.483,193,GZMK+ Tex,0.596,0.024,1.141,0.556,0.368,1.819,0.757,1.069,0.768,0.166,0.471,0.195,0.064,0.78,1.538,1.525,0.558,0.076,0.178,0.535,0.246,0.141,0.652,0.826,0.303
6.968,7.724,812,ITGAE+ Tex,0.772,0.04,1.504,1.197,0.707,2.109,0.47,1.267,0.154,0.639,1.075,0.153,0.048,0.577,1.21,1.557,0.81,0.05,0.145,0.768,0.16,0.073,0.328,0.405,0.783
4.599,8.931,484,ZNF683+ Teff,0.899,0.024,1.07,0.426,0.103,1.937,0.29,1.302,0.003,1.042,0.249,1.162,0.133,0.123,1.566,0.131,0.538,0.453,0.278,1.256,0.188,0.101,0.173,0.336,0.113
7.944,10.379,64,XBP1+ Tex,0.547,0.087,0.855,0.436,0.117,2.018,0.325,1.573,0.0,0.241,0.196,0.229,0.051,0.149,2.068,0.175,0.788,0.329,0.333,1.096,0.202,0.04,0.443,0.935,0.334
7.665,9.897,432,XBP1+ Tex,0.921,0.057,0.809,0.677,0.243,2.442,0.343,1.444,0.018,0.118,0.303,0.306,0.023,0.185,2.241,0.449,0.649,0.066,0.04,0.957,0.301,0.012,0.426,0.418,0.255
6.689,10.138,607,XBP1+ Tex,0.684,0.041,0.93,0.728,0.198,2.268,0.371,1.539,0.007,0.223,0.28,0.707,0.06,0.132,2.142,0.2,0.718,0.215,0.077,1.11,0.315,0.035,0.324,0.695,0.217
6.411,8.69,488,XBP1+ Tex,0.572,0.034,1.151,0.81,0.359,1.738,0.364,1.087,0.046,0.835,0.715,0.49,0.072,0.292,1.366,0.625,0.689,0.161,0.206,0.982,0.222,0.065,0.234,0.269,0.296
6.689,9.172,678,XBP1+ Tex,0.827,0.024,0.96,0.694,0.303,2.013,0.303,1.363,0.015,0.549,0.499,0.573,0.038,0.204,1.67,0.339,0.632,0.155,0.076,0.974,0.222,0.05,0.243,0.308,0.232
7.386,9.897,603,XBP1+ Tex,0.954,0.049,0.69,0.797,0.309,2.123,0.266,1.216,0.008,0.277,0.414,0.306,0.029,0.278,2.082,0.455,0.634,0.089,0.038,1.003,0.343,0.025,0.464,0.445,0.317
7.944,9.897,181,XBP1+ Tex,0.735,0.04,0.953,0.565,0.277,2.344,0.394,1.535,0.044,0.229,0.362,0.461,0.038,0.203,1.98,0.277,0.579,0.142,0.089,0.986,0.274,0.056,0.455,0.479,0.267
6.829,9.414,788,XBP1+ Tex,0.873,0.045,0.893,0.806,0.345,2.028,0.327,1.394,0.026,0.502,0.456,0.506,0.045,0.175,1.864,0.304,0.565,0.131,0.062,1.009,0.234,0.056,0.306,0.339,0.203
4.041,9.414,154,ZNF683+ Teff,0.987,0.008,1.609,0.298,0.063,1.807,0.28,1.418,0.017,0.886,0.207,1.174,0.174,0.036,1.825,0.114,0.416,0.534,0.584,1.335,0.143,0.033,0.047,0.307,0.059
9.616,9.897,501,Cycling T,1.0,0.016,1.189,0.265,0.313,1.91,0.337,1.171,0.123,0.358,0.485,0.692,0.094,0.151,1.333,0.339,0.591,0.239,0.251,0.783,0.166,0.077,0.243,0.316,0.368
4.878,8.931,566,ZNF683+ Teff,0.792,0.024,1.104,0.433,0.089,1.952,0.232,1.365,0.007,0.835,0.228,1.116,0.073,0.099,1.645,0.11,0.521,0.475,0.272,1.216,0.203,0.113,0.146,0.267,0.099
10.87,11.104,565,Cycling T,1.0,0.038,1.114,0.205,0.466,1.453,0.33,1.501,0.07,0.469,0.553,1.087,0.05,0.115,1.303,0.34,0.615,0.424,0.328,0.98,0.187,0.041,0.265,0.304,0.22
5.714,7.966,451,XBP1+ Tex,0.277,0.075,1.567,0.96,0.299,1.495,0.332,0.904,0.051,1.304,0.954,0.392,0.083,0.282,1.316,0.91,0.73,0.145,0.271,0.901,0.29,0.064,0.272,0.284,0.541
6.689,10.621,311,ZNF683+ Teff,0.826,0.034,1.414,0.935,0.162,1.607,0.692,1.478,0.002,0.251,0.184,0.259,0.084,0.054,1.984,0.102,0.511,0.168,0.215,1.238,0.298,0.007,0.197,1.08,0.168
3.763,9.897,177,ZNF683+ Teff,0.989,0.019,1.699,0.296,0.042,1.69,0.403,1.437,0.007,0.855,0.202,0.65,0.177,0.006,1.516,0.064,0.407,0.496,0.716,1.513,0.167,0.061,0.012,0.571,0.034
9.198,10.138,294,Cycling T,1.0,0.018,1.352,0.25,0.173,1.645,0.344,1.206,0.083,0.521,0.407,0.709,0.197,0.044,1.433,0.215,0.475,0.275,0.36,1.047,0.102,0.099,0.106,0.399,0.21
5.574,8.69,624,XBP1+ Tex,0.625,0.027,1.005,0.521,0.092,1.227,0.222,0.994,0.005,0.666,0.32,0.455,0.078,0.091,1.172,0.251,0.412,0.226,0.203,0.85,0.166,0.094,0.141,0.295,0.122
7.386,7.966,732,ITGAE+ Tex,0.874,0.032,1.432,1.319,0.88,2.181,0.614,1.407,0.191,0.455,1.138,0.111,0.047,0.567,1.304,1.873,0.775,0.026,0.13,0.751,0.175,0.047,0.388,0.407,0.728
6.968,8.207,661,ITGAE+ Tex,0.685,0.031,1.293,1.283,0.897,2.019,0.539,1.25,0.138,0.626,1.203,0.141,0.057,0.551,1.214,1.398,0.773,0.047,0.135,0.893,0.177,0.054,0.412,0.237,0.756
6.689,7.724,757,ITGAE+ Tex,0.704,0.045,1.483,1.088,0.661,1.837,0.361,1.303,0.098,0.961,1.107,0.18,0.088,0.486,1.059,1.412,0.855,0.055,0.183,0.828,0.158,0.109,0.351,0.417,0.729
8.222,9.414,173,XBP1+ Tex,0.601,0.026,1.12,0.358,0.53,2.432,0.421,1.416,0.099,0.243,0.535,0.475,0.063,0.204,1.865,0.414,0.619,0.127,0.068,0.859,0.237,0.02,0.352,0.23,0.204
9.477,9.172,295,Cycling T,0.997,0.024,1.395,0.429,0.522,2.264,0.496,1.251,0.376,0.218,0.761,0.289,0.054,0.518,1.237,1.541,0.656,0.054,0.173,0.575,0.131,0.041,0.405,0.36,0.468
8.501,7.966,476,ITGAE+ Tex,0.847,0.028,1.339,0.75,0.694,2.786,0.855,1.214,0.524,0.15,0.823,0.141,0.061,0.853,1.636,2.004,0.605,0.031,0.129,0.529,0.17,0.05,0.538,0.292,0.517
9.616,7.966,217,GZMK+ Tex,0.461,0.009,1.025,0.344,0.313,2.226,0.49,1.056,0.457,0.298,0.481,0.259,0.067,0.571,1.436,1.029,0.558,0.075,0.268,0.443,0.183,0.084,0.421,0.796,0.412
6.271,7.966,528,ITGAE+ Tex,0.379,0.055,1.583,0.964,0.445,1.632,0.461,1.079,0.059,1.122,1.057,0.311,0.099,0.358,1.226,1.285,0.753,0.086,0.216,0.934,0.246,0.093,0.314,0.243,0.437
6.55,10.862,337,ZNF683+ Teff,0.982,0.019,1.544,1.048,0.158,1.583,0.819,1.398,0.003,0.172,0.161,0.083,0.109,0.002,1.825,0.043,0.401,0.164,0.348,1.239,0.21,0.039,0.135,1.117,0.111
8.083,10.138,78,Cycling T,0.577,0.057,1.077,0.554,0.236,2.119,0.263,1.536,0.0,0.203,0.294,0.44,0.021,0.147,1.933,0.192,0.604,0.125,0.263,1.046,0.227,0.049,0.259,0.828,0.165
10.313,11.104,121,Cycling T,1.0,0.067,0.862,0.369,0.451,1.28,0.399,1.273,0.126,0.463,0.474,0.714,0.018,0.224,1.248,0.537,0.624,0.197,0.253,0.919,0.236,0.032,0.34,0.426,0.35
4.32,9.414,443,ZNF683+ Teff,0.982,0.017,1.647,0.434,0.078,1.989,0.287,1.573,0.021,0.713,0.228,0.966,0.079,0.051,1.664,0.144,0.447,0.403,0.431,1.163,0.15,0.042,0.073,0.426,0.073
4.32,8.931,357,ZNF683+ Teff,0.975,0.024,0.79,0.301,0.11,2.002,0.294,1.434,0.002,1.382,0.208,1.415,0.2,0.101,1.636,0.086,0.557,0.583,0.334,1.405,0.263,0.161,0.229,0.256,0.092
3.623,10.138,251,ZNF683+ Teff,0.996,0.013,1.78,0.317,0.036,1.851,0.391,1.46,0.0,0.784,0.169,0.333,0.074,0.017,1.744,0.034,0.299,0.521,0.837,1.53,0.097,0.051,0.036,0.691,0.042
4.181,5.31,455,Early Tcm/Tem,0.286,0.046,1.394,0.207,0.042,0.812,0.056,0.941,0.086,1.455,0.339,0.917,0.118,0.121,0.792,0.644,0.729,0.306,0.326,0.507,0.194,0.29,0.152,0.367,0.455
3.763,9.414,45,ZNF683+ Teff,1.0,0.102,1.26,0.301,0.169,1.383,0.16,1.29,0.0,1.071,0.265,1.459,0.344,0.054,1.402,0.112,0.435,0.735,0.775,1.188,0.15,0.127,0.142,0.181,0.038
3.066,3.862,777,Early Tcm/Tem,0.927,0.017,1.081,0.055,0.032,0.583,0.034,1.247,0.029,2.193,0.169,1.264,0.373,0.032,0.795,0.242,0.405,0.468,0.561,0.814,0.272,0.448,0.136,0.594,0.135
7.107,8.931,542,XBP1+ Tex,0.683,0.031,0.899,0.963,0.612,2.088,0.407,1.163,0.041,0.493,0.834,0.269,0.03,0.441,1.565,0.764,0.653,0.068,0.093,0.95,0.247,0.044,0.365,0.209,0.314
6.968,11.104,22,ZNF683+ Teff,0.864,0.135,1.362,1.021,0.126,1.508,0.8,1.444,0.0,0.037,0.07,0.154,0.153,0.0,2.248,0.038,0.81,0.228,0.514,0.893,0.266,0.0,0.154,1.434,0.091
5.714,8.931,689,XBP1+ Tex,0.65,0.025,1.013,0.473,0.121,1.565,0.219,1.208,0.023,0.602,0.318,0.695,0.057,0.121,1.467,0.207,0.446,0.231,0.162,0.959,0.189,0.048,0.094,0.318,0.138
5.853,7.724,474,ITGAE+ Trm,0.333,0.058,1.876,0.933,0.266,1.433,0.249,1.105,0.068,1.3,1.035,0.318,0.084,0.387,1.257,1.472,0.806,0.142,0.198,0.846,0.254,0.042,0.337,0.3,0.6
4.599,9.414,561,ZNF683+ Teff,0.973,0.013,1.505,0.442,0.122,1.943,0.267,1.574,0.016,0.621,0.241,0.843,0.081,0.056,1.734,0.101,0.357,0.376,0.4,1.112,0.13,0.049,0.098,0.402,0.071
6.55,9.897,705,XBP1+ Tex,0.643,0.058,1.003,0.714,0.236,1.98,0.352,1.529,0.004,0.345,0.256,0.502,0.062,0.124,1.874,0.176,0.622,0.193,0.12,1.066,0.26,0.033,0.254,0.693,0.176
4.32,9.897,649,ZNF683+ Teff,1.0,0.012,1.66,0.486,0.081,1.798,0.385,1.619,0.007,0.519,0.17,0.38,0.049,0.036,1.725,0.071,0.36,0.38,0.544,1.354,0.104,0.048,0.047,0.81,0.033
6.689,9.655,833,XBP1+ Tex,0.825,0.052,0.966,0.773,0.263,1.959,0.362,1.411,0.022,0.516,0.312,0.429,0.047,0.156,1.863,0.197,0.549,0.141,0.08,1.117,0.228,0.051,0.31,0.484,0.173
4.878,9.414,620,ZNF683+ Teff,0.966,0.023,1.352,0.409,0.12,1.925,0.301,1.451,0.009,0.52,0.224,0.758,0.077,0.065,1.6,0.122,0.346,0.321,0.275,1.077,0.108,0.054,0.08,0.43,0.072
4.32,4.586,543,ITGAE+ Trm,0.543,0.08,1.368,0.154,0.037,0.544,0.042,0.854,0.122,2.049,0.281,0.967,0.22,0.126,0.672,0.596,0.68,0.445,0.359,0.56,0.153,0.396,0.104,0.371,0.374
6.132,9.655,607,XBP1+ Tex,0.517,0.041,1.278,0.657,0.147,1.911,0.331,1.486,0.012,0.359,0.376,0.542,0.076,0.085,1.67,0.232,0.471,0.208,0.1,1.0,0.215,0.039,0.211,0.609,0.096
5.017,10.138,790,ZNF683+ Teff,0.997,0.005,1.426,0.612,0.097,1.7,0.445,1.486,0.005,0.397,0.195,0.221,0.099,0.032,1.591,0.05,0.323,0.26,0.462,1.227,0.147,0.021,0.065,0.86,0.059
7.804,10.621,57,XBP1+ Tex,0.649,0.037,0.956,0.436,0.042,2.018,0.394,1.514,0.024,0.184,0.378,0.176,0.069,0.197,2.282,0.248,0.819,0.238,0.242,1.001,0.338,0.011,0.497,0.793,0.247
6.55,10.379,478,ZNF683+ Teff,0.682,0.045,1.2,0.778,0.149,1.896,0.507,1.524,0.003,0.203,0.248,0.394,0.065,0.095,1.978,0.116,0.555,0.154,0.145,1.134,0.272,0.027,0.27,0.938,0.165
7.386,10.862,36,XBP1+ Tex,0.833,0.055,0.868,0.226,0.039,2.419,0.416,1.863,0.0,0.111,0.303,1.181,0.064,0.109,2.587,0.205,1.057,0.505,0.289,1.332,0.408,0.0,0.684,0.718,0.67
6.271,9.414,786,XBP1+ Tex,0.721,0.023,1.233,0.594,0.185,2.124,0.305,1.521,0.019,0.374,0.321,0.795,0.062,0.12,1.786,0.196,0.544,0.188,0.076,0.989,0.192,0.05,0.167,0.426,0.164
3.623,10.621,681,ZNF683+ Teff,1.0,0.002,1.197,0.303,0.041,1.534,0.455,1.427,0.002,0.672,0.213,0.154,0.109,0.001,1.679,0.009,0.253,0.442,0.987,1.655,0.095,0.046,0.026,0.595,0.024
7.386,8.448,526,ITGAE+ Tex,0.753,0.023,1.245,1.148,0.763,2.315,0.649,1.291,0.144,0.361,1.125,0.141,0.047,0.557,1.461,1.513,0.78,0.033,0.097,0.841,0.194,0.025,0.392,0.207,0.536
3.763,8.931,31,ZNF683+ Teff,0.903,0.03,0.513,0.131,0.054,1.418,0.105,1.267,0.03,1.58,0.387,1.961,0.451,0.0,1.376,0.04,0.361,0.821,0.736,1.286,0.309,0.321,0.287,0.232,0.06
6.55,9.414,797,XBP1+ Tex,0.821,0.039,0.991,0.673,0.242,2.058,0.29,1.42,0.013,0.476,0.37,0.627,0.042,0.16,1.824,0.272,0.539,0.207,0.078,1.041,0.221,0.04,0.294,0.344,0.166
1.672,8.207,710,GNLY+ Temra,0.938,0.044,1.361,0.013,0.007,2.035,0.039,1.229,0.005,0.441,0.21,1.653,0.085,0.082,1.69,0.227,0.646,0.35,0.282,0.912,0.28,0.103,0.212,0.079,1.148
7.804,9.655,410,XBP1+ Tex,0.922,0.046,0.85,0.562,0.444,2.539,0.316,1.403,0.03,0.193,0.412,0.381,0.041,0.209,2.053,0.521,0.571,0.088,0.05,0.923,0.215,0.025,0.43,0.26,0.22
5.017,9.655,697,ZNF683+ Teff,0.98,0.007,1.316,0.464,0.08,1.803,0.33,1.404,0.006,0.508,0.216,0.448,0.108,0.038,1.543,0.09,0.361,0.247,0.377,1.124,0.131,0.067,0.088,0.651,0.058
7.247,9.655,831,XBP1+ Tex,0.942,0.05,0.657,0.798,0.391,1.92,0.259,1.096,0.016,0.441,0.468,0.279,0.021,0.357,1.856,0.457,0.511,0.065,0.031,1.023,0.284,0.042,0.451,0.311,0.265
6.55,8.448,475,ITGAE+ Tex,0.383,0.019,1.131,1.087,0.555,1.717,0.354,1.112,0.046,0.951,0.926,0.29,0.084,0.434,1.25,0.921,0.668,0.077,0.166,0.916,0.24,0.022,0.367,0.207,0.472
3.902,8.69,107,ZNF683+ Teff,0.944,0.038,0.315,0.172,0.051,1.507,0.252,1.318,0.0,1.687,0.208,1.702,0.411,0.062,1.388,0.083,0.504,0.846,0.432,1.492,0.214,0.248,0.27,0.13,0.081
4.32,7.0,357,GNLY+ Temra,0.499,0.046,1.785,0.178,0.061,0.614,0.07,0.8,0.154,1.513,0.357,0.674,0.229,0.079,0.768,0.712,0.612,0.326,0.37,0.747,0.097,0.324,0.193,0.376,0.444
7.944,6.517,710,ITGAE+ Tex,0.455,0.098,1.182,0.529,0.368,1.513,0.324,0.852,0.165,0.828,0.75,0.401,0.098,0.545,1.223,1.439,0.728,0.09,0.358,0.778,0.201,0.287,0.351,0.354,0.554
5.853,9.172,706,XBP1+ Tex,0.66,0.021,1.335,0.546,0.142,1.923,0.263,1.384,0.025,0.523,0.298,0.764,0.062,0.11,1.575,0.243,0.485,0.244,0.153,0.984,0.175,0.066,0.135,0.317,0.138
3.623,9.172,9,ZNF683+ Teff,1.0,0.088,0.885,0.236,0.0,1.373,0.103,0.657,0.124,1.451,0.316,1.986,0.222,0.0,1.338,0.0,0.223,0.644,0.426,1.433,0.649,0.374,0.256,0.101,0.0
7.247,7.724,723,ITGAE+ Tex,0.852,0.052,1.61,1.263,0.781,2.245,0.583,1.383,0.145,0.542,1.089,0.151,0.046,0.6,1.303,1.859,0.809,0.029,0.177,0.785,0.187,0.092,0.385,0.369,0.762
5.574,9.172,756,XBP1+ Tex,0.557,0.015,1.214,0.439,0.113,1.79,0.259,1.415,0.012,0.573,0.285,0.848,0.07,0.064,1.58,0.153,0.402,0.3,0.171,1.024,0.163,0.097,0.127,0.281,0.09
3.484,10.379,447,ZNF683+ Teff,1.0,0.013,1.408,0.305,0.044,1.648,0.403,1.486,0.007,0.821,0.161,0.259,0.128,0.006,1.794,0.017,0.287,0.478,0.992,1.693,0.082,0.041,0.02,0.684,0.015
7.247,8.207,631,ITGAE+ Tex,0.8,0.038,1.351,1.286,0.891,2.207,0.616,1.354,0.157,0.557,1.167,0.135,0.038,0.58,1.356,1.715,0.801,0.026,0.116,0.771,0.188,0.053,0.403,0.243,0.736
8.64,9.172,155,Cycling T,0.587,0.026,1.32,0.509,0.773,2.46,0.636,1.316,0.423,0.234,0.875,0.271,0.058,0.446,1.602,1.141,0.895,0.065,0.134,0.507,0.124,0.003,0.524,0.226,0.435
4.181,9.655,386,ZNF683+ Teff,0.99,0.021,1.555,0.486,0.074,1.817,0.375,1.624,0.004,0.71,0.241,0.664,0.078,0.039,1.672,0.079,0.432,0.471,0.562,1.345,0.13,0.044,0.047,0.591,0.047
4.181,8.207,140,ZNF683+ Teff,0.45,0.1,1.117,0.288,0.167,0.976,0.223,1.19,0.008,1.283,0.182,1.168,0.206,0.238,1.537,0.296,0.634,0.508,0.62,1.313,0.537,0.314,0.344,0.134,0.698
8.64,8.207,395,ITGAE+ Tex,0.792,0.019,1.355,0.62,0.687,2.753,0.787,1.28,0.546,0.169,0.836,0.145,0.037,0.728,1.655,1.837,0.643,0.047,0.119,0.596,0.193,0.029,0.473,0.278,0.469
6.271,8.448,528,XBP1+ Tex,0.347,0.045,1.339,1.093,0.409,1.581,0.335,1.152,0.061,1.136,0.855,0.342,0.062,0.329,1.329,0.995,0.68,0.105,0.132,0.965,0.261,0.05,0.37,0.183,0.441
5.156,8.931,665,ZNF683+ Teff,0.623,0.023,1.09,0.474,0.141,1.778,0.28,1.231,0.01,0.772,0.263,0.859,0.092,0.136,1.515,0.153,0.473,0.336,0.246,1.081,0.176,0.085,0.143,0.35,0.138
3.623,9.655,39,ZNF683+ Teff,1.0,0.049,1.325,0.401,0.0,1.158,0.293,1.242,0.1,1.121,0.188,1.142,0.168,0.0,1.319,0.0,0.435,0.599,0.958,1.53,0.119,0.173,0.1,0.517,0.054
11.288,10.862,334,Cycling T,1.0,0.041,1.121,0.255,0.378,1.522,0.339,1.39,0.108,0.288,0.678,0.507,0.069,0.23,1.25,0.605,0.618,0.226,0.294,0.886,0.163,0.056,0.289,0.382,0.27
5.714,8.448,544,XBP1+ Tex,0.61,0.032,1.079,0.605,0.155,1.26,0.207,1.008,0.032,0.621,0.426,0.378,0.078,0.134,1.043,0.366,0.561,0.166,0.295,0.814,0.16,0.076,0.135,0.349,0.171
9.198,9.655,316,Cycling T,0.994,0.028,1.266,0.316,0.364,2.113,0.325,1.343,0.146,0.249,0.621,0.698,0.081,0.176,1.47,0.513,0.557,0.184,0.182,0.853,0.127,0.058,0.257,0.287,0.287
7.944,8.931,323,ITGAE+ Tex,0.669,0.004,0.948,0.811,0.993,2.832,0.752,1.249,0.271,0.229,0.993,0.109,0.018,0.489,1.851,1.159,0.734,0.003,0.08,0.748,0.163,0.023,0.492,0.21,0.511
5.853,8.207,494,XBP1+ Tex,0.435,0.022,1.276,0.777,0.244,1.352,0.275,1.038,0.033,1.017,0.688,0.399,0.075,0.23,1.162,0.753,0.61,0.118,0.241,0.926,0.212,0.089,0.277,0.289,0.322
5.435,9.414,777,ZNF683+ Teff,0.723,0.017,1.371,0.554,0.119,1.693,0.33,1.432,0.013,0.536,0.282,0.613,0.093,0.077,1.553,0.135,0.415,0.22,0.205,1.012,0.157,0.057,0.131,0.399,0.114
6.829,7.966,719,ITGAE+ Tex,0.698,0.053,1.46,1.256,0.706,1.979,0.487,1.233,0.123,0.751,1.198,0.129,0.066,0.519,1.191,1.45,0.821,0.035,0.141,0.826,0.195,0.061,0.365,0.325,0.744
5.435,7.966,447,XBP1+ Tex,0.385,0.032,1.264,0.755,0.138,1.055,0.139,0.862,0.047,0.995,0.588,0.375,0.074,0.24,1.059,0.534,0.561,0.105,0.236,0.89,0.233,0.078,0.187,0.284,0.254
4.46,9.655,597,ZNF683+ Teff,0.99,0.007,1.56,0.395,0.105,1.796,0.332,1.542,0.007,0.61,0.234,0.571,0.059,0.028,1.639,0.074,0.357,0.364,0.438,1.228,0.103,0.032,0.053,0.608,0.052
5.156,8.448,440,ZNF683+ Teff,0.461,0.03,1.057,0.485,0.109,1.455,0.186,1.098,0.027,0.896,0.37,0.695,0.093,0.11,1.283,0.228,0.504,0.263,0.304,1.064,0.201,0.126,0.159,0.308,0.113
5.296,9.172,707,ZNF683+ Teff,0.636,0.026,1.27,0.428,0.118,1.723,0.25,1.388,0.022,0.557,0.245,0.736,0.077,0.058,1.523,0.126,0.448,0.264,0.233,0.975,0.158,0.068,0.122,0.368,0.089
5.993,7.483,422,ITGAE+ Tex,0.351,0.032,1.801,1.05,0.381,1.706,0.252,1.206,0.05,1.385,0.898,0.321,0.065,0.391,1.201,1.454,0.821,0.071,0.237,0.842,0.267,0.127,0.3,0.369,0.63
4.878,10.862,712,ZNF683+ Teff,1.0,0.005,1.137,0.546,0.05,1.61,0.536,1.428,0.007,0.357,0.186,0.126,0.108,0.014,1.703,0.017,0.254,0.363,0.621,1.397,0.138,0.053,0.026,0.876,0.045
11.01,9.897,561,Cycling T,1.0,0.046,1.404,0.242,0.37,1.659,0.38,1.156,0.488,0.223,0.674,0.422,0.098,0.417,0.841,1.271,0.754,0.094,0.217,0.542,0.125,0.076,0.368,0.412,0.399
9.477,10.138,448,Cycling T,0.998,0.024,1.192,0.255,0.203,1.476,0.301,1.149,0.109,0.456,0.336,0.63,0.214,0.052,1.347,0.167,0.524,0.241,0.44,0.924,0.134,0.128,0.144,0.427,0.261
4.041,8.931,162,ZNF683+ Teff,0.975,0.015,0.619,0.238,0.043,1.818,0.229,1.133,0.022,1.372,0.194,1.507,0.282,0.056,1.408,0.06,0.481,0.711,0.398,1.332,0.271,0.146,0.165,0.322,0.083
8.64,4.828,554,ITGB2+ Trm,0.39,0.058,1.84,0.424,0.066,0.754,0.163,0.673,0.078,0.252,0.431,0.516,0.068,0.445,1.004,1.582,0.697,0.095,0.273,0.768,0.296,0.166,0.557,0.162,0.318
5.296,8.207,469,XBP1+ Tex,0.422,0.02,1.059,0.504,0.049,1.203,0.171,0.925,0.056,0.792,0.314,0.48,0.106,0.14,1.149,0.257,0.502,0.19,0.239,0.917,0.167,0.18,0.143,0.414,0.15
6.271,10.862,503,ZNF683+ Teff,0.996,0.02,1.448,1.04,0.174,1.562,0.765,1.416,0.018,0.181,0.216,0.03,0.123,0.034,1.798,0.076,0.348,0.166,0.259,1.239,0.194,0.038,0.1,1.28,0.109
8.362,9.655,248,XBP1+ Tex,0.536,0.008,1.357,0.286,0.258,1.991,0.331,1.554,0.027,0.281,0.315,0.964,0.053,0.091,1.679,0.254,0.506,0.193,0.113,0.888,0.139,0.04,0.256,0.222,0.203
6.55,7.966,625,ITGAE+ Tex,0.571,0.041,1.436,1.076,0.606,1.829,0.454,1.159,0.146,0.958,1.055,0.134,0.052,0.504,1.208,1.319,0.814,0.044,0.14,0.9,0.188,0.086,0.357,0.342,0.676
8.362,7.724,543,ITGAE+ Tex,0.845,0.048,1.331,0.788,0.708,2.455,0.819,1.078,0.484,0.186,0.89,0.131,0.037,0.78,1.578,1.927,0.665,0.029,0.142,0.543,0.197,0.042,0.491,0.247,0.532
4.738,9.172,571,ZNF683+ Teff,0.921,0.023,1.353,0.46,0.131,1.997,0.241,1.477,0.011,0.81,0.251,1.024,0.087,0.081,1.645,0.127,0.438,0.395,0.252,1.184,0.168,0.075,0.109,0.361,0.082
10.452,11.345,54,Cycling T,1.0,0.068,1.36,0.434,0.453,0.958,0.41,1.237,0.208,0.295,0.472,0.937,0.082,0.313,1.546,0.875,0.701,0.337,0.268,1.036,0.382,0.049,0.769,0.281,0.437
6.411,10.138,571,ZNF683+ Teff,0.625,0.048,1.281,0.826,0.191,1.907,0.53,1.481,0.016,0.306,0.268,0.365,0.055,0.112,1.894,0.169,0.604,0.14,0.109,1.188,0.222,0.051,0.214,0.93,0.183
6.55,7.483,792,ITGAE+ Tex,0.678,0.082,1.565,1.056,0.556,1.872,0.323,1.244,0.108,0.958,1.045,0.183,0.08,0.423,1.016,1.44,0.847,0.07,0.183,0.822,0.165,0.107,0.245,0.46,0.696
5.296,9.655,697,ZNF683+ Teff,0.933,0.02,1.383,0.549,0.11,1.695,0.318,1.359,0.01,0.471,0.265,0.43,0.085,0.049,1.477,0.111,0.352,0.211,0.282,1.054,0.121,0.038,0.119,0.653,0.08
8.501,9.414,151,Cycling T,0.609,0.019,1.179,0.487,0.724,2.235,0.556,1.409,0.214,0.29,0.702,0.512,0.119,0.349,1.642,0.648,0.661,0.084,0.2,0.855,0.1,0.04,0.315,0.253,0.334
6.411,9.172,753,XBP1+ Tex,0.811,0.046,0.993,0.7,0.254,2.031,0.279,1.38,0.016,0.54,0.405,0.703,0.055,0.176,1.712,0.299,0.555,0.226,0.107,1.068,0.228,0.041,0.22,0.306,0.168
7.386,9.414,772,XBP1+ Tex,0.926,0.054,0.649,0.765,0.426,1.935,0.28,1.09,0.023,0.403,0.53,0.278,0.017,0.327,1.76,0.562,0.523,0.087,0.053,1.049,0.282,0.044,0.451,0.235,0.273
8.78,9.414,184,Cycling T,0.87,0.013,1.239,0.451,0.619,2.171,0.448,1.289,0.26,0.273,0.707,0.491,0.088,0.25,1.587,0.664,0.797,0.086,0.198,0.777,0.131,0.052,0.377,0.267,0.361
4.599,10.862,768,ZNF683+ Teff,1.0,0.006,1.142,0.541,0.078,1.62,0.507,1.447,0.005,0.42,0.2,0.125,0.117,0.007,1.703,0.017,0.301,0.382,0.719,1.492,0.13,0.041,0.029,0.797,0.038
5.017,5.31,835,ITGAE+ Trm,0.847,0.075,1.929,0.447,0.041,0.992,0.046,1.052,0.118,2.182,0.521,0.458,0.082,0.252,0.797,1.344,0.858,0.152,0.12,0.526,0.136,0.228,0.134,0.697,0.409
5.993,8.931,624,XBP1+ Tex,0.721,0.02,1.041,0.562,0.159,1.729,0.239,1.26,0.035,0.58,0.335,0.738,0.077,0.14,1.592,0.301,0.51,0.236,0.132,1.007,0.157,0.057,0.135,0.324,0.14
6.132,7.724,462,ITGAE+ Tex,0.348,0.064,1.754,1.011,0.391,1.657,0.353,1.115,0.109,1.204,0.955,0.233,0.066,0.384,1.23,1.33,0.794,0.079,0.239,0.832,0.252,0.066,0.326,0.248,0.59
9.477,9.655,346,Cycling T,1.0,0.02,1.311,0.295,0.479,1.915,0.369,1.272,0.154,0.331,0.569,0.629,0.072,0.201,1.405,0.601,0.669,0.123,0.159,0.735,0.138,0.074,0.269,0.274,0.359
7.944,7.966,652,ITGAE+ Tex,0.914,0.02,1.354,1.129,0.804,2.419,0.782,1.223,0.377,0.238,1.031,0.098,0.054,0.691,1.555,1.886,0.775,0.017,0.094,0.675,0.194,0.034,0.438,0.253,0.604
4.599,10.379,781,ZNF683+ Teff,0.999,0.006,1.295,0.546,0.068,1.601,0.466,1.495,0.003,0.473,0.166,0.222,0.122,0.01,1.649,0.033,0.259,0.331,0.642,1.373,0.147,0.045,0.04,0.836,0.033
9.337,9.897,458,Cycling T,0.996,0.011,1.283,0.244,0.228,1.821,0.29,1.343,0.083,0.413,0.397,0.841,0.13,0.074,1.391,0.251,0.544,0.241,0.238,0.863,0.125,0.076,0.194,0.346,0.273
3.902,10.138,596,ZNF683+ Teff,1.0,0.0,1.643,0.43,0.042,1.816,0.41,1.636,0.0,0.574,0.203,0.239,0.081,0.013,1.801,0.025,0.316,0.404,0.697,1.551,0.096,0.035,0.032,0.835,0.025
6.411,7.724,540,ITGAE+ Tex,0.594,0.05,1.454,0.992,0.519,1.781,0.384,1.158,0.117,1.023,1.027,0.228,0.12,0.454,1.133,1.232,0.824,0.07,0.21,0.883,0.171,0.112,0.304,0.365,0.656
8.919,9.172,164,Cycling T,0.896,0.003,1.302,0.59,0.646,2.455,0.7,1.401,0.317,0.255,0.951,0.31,0.06,0.547,1.502,1.359,0.81,0.076,0.194,0.623,0.215,0.037,0.497,0.361,0.482
6.968,9.172,601,XBP1+ Tex,0.864,0.03,0.781,0.841,0.38,1.926,0.303,1.16,0.029,0.534,0.637,0.425,0.04,0.278,1.636,0.427,0.602,0.099,0.098,1.062,0.229,0.046,0.299,0.29,0.22
5.574,10.621,710,ZNF683+ Teff,1.0,0.015,1.475,0.909,0.139,1.675,0.573,1.569,0.007,0.216,0.254,0.097,0.086,0.023,1.695,0.051,0.326,0.18,0.298,1.262,0.132,0.022,0.052,1.26,0.061
5.296,10.621,721,ZNF683+ Teff,0.999,0.006,1.393,0.771,0.092,1.633,0.549,1.568,0.004,0.308,0.178,0.128,0.088,0.015,1.661,0.026,0.353,0.258,0.434,1.355,0.142,0.037,0.056,1.082,0.054
5.435,8.931,688,XBP1+ Tex,0.503,0.017,1.096,0.502,0.113,1.567,0.22,1.232,0.02,0.673,0.26,0.686,0.052,0.094,1.376,0.133,0.417,0.234,0.188,0.948,0.146,0.087,0.131,0.325,0.13
6.689,8.207,557,ITGAE+ Tex,0.544,0.04,1.254,1.132,0.684,1.89,0.516,1.208,0.133,0.828,1.051,0.184,0.072,0.504,1.259,1.231,0.838,0.053,0.167,0.911,0.201,0.098,0.372,0.299,0.612
5.714,10.862,751,ZNF683+ Teff,0.996,0.003,1.394,0.913,0.101,1.636,0.633,1.442,0.005,0.244,0.21,0.078,0.085,0.016,1.752,0.031,0.364,0.188,0.296,1.321,0.159,0.027,0.091,1.263,0.067
8.222,8.931,212,ITGAE+ Tex,0.627,0.009,0.992,0.689,0.957,2.857,0.788,1.25,0.417,0.16,0.994,0.157,0.03,0.562,1.772,1.272,0.746,0.026,0.094,0.643,0.209,0.041,0.512,0.194,0.5
5.574,9.655,667,ZNF683+ Teff,0.841,0.017,1.364,0.613,0.141,1.686,0.351,1.415,0.012,0.401,0.273,0.511,0.065,0.059,1.561,0.122,0.388,0.234,0.213,1.019,0.177,0.046,0.107,0.645,0.077
7.247,9.172,632,XBP1+ Tex,0.826,0.045,0.687,0.889,0.589,1.961,0.301,1.078,0.045,0.42,0.706,0.228,0.029,0.366,1.619,0.585,0.559,0.058,0.073,0.987,0.268,0.032,0.375,0.203,0.304
4.181,8.69,449,ZNF683+ Teff,0.98,0.041,0.332,0.247,0.102,1.925,0.331,1.354,0.002,1.499,0.198,1.559,0.255,0.097,1.474,0.065,0.573,0.756,0.227,1.438,0.285,0.21,0.33,0.175,0.13
4.181,10.138,735,ZNF683+ Teff,1.0,0.014,1.536,0.489,0.071,1.801,0.413,1.594,0.004,0.489,0.164,0.265,0.093,0.013,1.687,0.023,0.325,0.354,0.622,1.443,0.109,0.033,0.037,0.919,0.049
4.46,8.69,398,ZNF683+ Teff,0.957,0.072,0.752,0.41,0.155,1.854,0.238,1.269,0.006,1.318,0.237,1.353,0.165,0.1,1.584,0.139,0.594,0.613,0.234,1.479,0.3,0.173,0.197,0.26,0.121
11.567,10.862,298,Cycling T,1.0,0.035,1.483,0.382,0.338,1.281,0.416,1.307,0.169,0.268,0.724,0.303,0.132,0.245,1.205,0.864,0.61,0.201,0.376,0.87,0.165,0.077,0.312,0.617,0.284
6.271,7.0,759,ITGAE+ Tex,0.46,0.066,1.952,1.009,0.392,1.96,0.266,1.36,0.092,0.927,1.027,0.178,0.072,0.483,0.965,1.667,0.936,0.046,0.123,0.743,0.159,0.077,0.239,0.584,0.72
7.107,10.862,40,XBP1+ Tex,0.65,0.061,0.862,0.491,0.128,2.422,0.51,1.924,0.0,0.194,0.264,1.016,0.123,0.079,2.452,0.22,1.027,0.413,0.184,1.34,0.262,0.032,0.516,0.739,0.406
6.271,7.483,548,ITGAE+ Tex,0.557,0.049,1.661,0.919,0.48,1.821,0.256,1.184,0.098,0.998,1.0,0.251,0.064,0.411,1.149,1.382,0.849,0.094,0.223,0.814,0.21,0.089,0.282,0.4,0.68
4.599,9.897,774,ZNF683+ Teff,0.996,0.007,1.579,0.491,0.085,1.761,0.39,1.524,0.0,0.453,0.204,0.391,0.072,0.021,1.608,0.053,0.276,0.346,0.535,1.209,0.088,0.045,0.07,0.838,0.059
10.591,6.759,993,GZMK+ Tex,0.995,0.005,0.708,0.61,0.572,0.873,1.269,1.385,0.506,0.024,0.334,0.032,0.008,1.108,1.525,1.319,0.436,0.006,0.019,0.39,0.33,0.01,1.03,0.346,0.15
9.616,6.517,491,GZMK+ Tex,0.892,0.022,1.436,0.767,0.395,1.758,1.073,0.947,0.354,0.106,0.533,0.251,0.022,0.906,1.618,2.005,0.744,0.021,0.095,0.589,0.301,0.028,0.806,0.224,0.281
3.345,10.138,55,ZNF683+ Teff,1.0,0.061,1.376,0.365,0.0,1.467,0.442,1.337,0.0,0.966,0.237,0.971,0.252,0.0,1.791,0.0,0.438,0.5,1.038,1.817,0.152,0.071,0.023,0.395,0.0
8.919,9.655,290,Cycling T,0.979,0.02,1.364,0.269,0.347,1.942,0.342,1.417,0.08,0.342,0.528,0.742,0.039,0.136,1.504,0.361,0.535,0.188,0.149,0.897,0.148,0.038,0.219,0.268,0.267
8.222,8.448,456,ITGAE+ Tex,0.857,0.022,1.214,0.926,1.012,2.935,0.822,1.298,0.399,0.16,1.04,0.133,0.039,0.62,1.735,1.888,0.705,0.021,0.116,0.564,0.159,0.018,0.507,0.25,0.566
6.689,7.241,714,ITGAE+ Tex,0.669,0.053,1.567,0.97,0.473,1.699,0.252,1.234,0.148,0.968,0.959,0.2,0.118,0.497,0.946,1.45,0.893,0.085,0.225,0.768,0.151,0.126,0.284,0.509,0.653
6.55,8.931,582,XBP1+ Tex,0.747,0.024,1.06,0.832,0.326,1.846,0.321,1.242,0.06,0.658,0.583,0.568,0.064,0.259,1.436,0.514,0.558,0.161,0.104,1.024,0.209,0.066,0.291,0.295,0.227
7.944,9.414,309,XBP1+ Tex,0.828,0.037,0.802,0.456,0.696,2.689,0.501,1.304,0.047,0.26,0.379,0.285,0.006,0.224,2.007,0.512,0.55,0.078,0.069,0.946,0.19,0.016,0.408,0.182,0.29
7.386,8.931,496,XBP1+ Tex,0.589,0.025,0.899,1.056,0.706,2.199,0.481,1.094,0.096,0.33,0.915,0.143,0.028,0.467,1.556,0.996,0.673,0.033,0.07,0.915,0.237,0.033,0.41,0.187,0.363
6.132,10.138,536,ZNF683+ Teff,0.866,0.031,1.466,0.918,0.189,1.8,0.563,1.525,0.016,0.301,0.248,0.2,0.103,0.063,1.802,0.133,0.409,0.179,0.194,1.161,0.226,0.028,0.147,1.095,0.143
8.362,9.172,148,ITGAE+ Tex,0.358,0.025,1.191,0.608,0.871,2.421,0.68,1.468,0.324,0.257,0.87,0.212,0.056,0.443,1.776,1.098,0.758,0.035,0.086,0.687,0.11,0.028,0.484,0.268,0.388
10.452,7.0,574,GZMK+ Tex,0.988,0.002,0.768,0.673,0.563,1.134,1.225,1.394,0.509,0.078,0.445,0.054,0.018,0.874,1.485,1.369,0.488,0.008,0.034,0.387,0.367,0.011,0.998,0.512,0.205
5.017,11.104,646,ZNF683+ Teff,1.0,0.008,1.136,0.576,0.046,1.508,0.476,1.362,0.009,0.387,0.174,0.11,0.108,0.004,1.727,0.007,0.288,0.395,0.704,1.44,0.142,0.022,0.049,0.748,0.051
1.254,7.966,766,GNLY+ Temra,0.88,0.035,1.187,0.012,0.008,2.013,0.064,1.144,0.004,0.432,0.177,1.676,0.079,0.073,1.828,0.207,0.607,0.418,0.257,0.905,0.328,0.118,0.195,0.107,1.142
6.271,9.897,575,ZNF683+ Teff,0.628,0.026,1.293,0.785,0.174,1.822,0.44,1.471,0.014,0.298,0.3,0.298,0.062,0.077,1.741,0.163,0.49,0.147,0.144,1.13,0.201,0.032,0.191,0.901,0.126
7.107,7.483,619,ITGAE+ Tex,0.766,0.05,1.47,1.071,0.621,1.998,0.436,1.27,0.173,0.682,1.014,0.156,0.067,0.622,1.178,1.61,0.801,0.04,0.201,0.809,0.186,0.095,0.282,0.438,0.671
9.755,9.172,387,Cycling T,1.0,0.016,1.2,0.505,0.38,2.111,0.616,1.138,0.541,0.186,0.725,0.322,0.055,0.643,1.262,1.564,0.576,0.056,0.173,0.547,0.133,0.056,0.452,0.337,0.401
10.313,9.655,508,Cycling T,1.0,0.036,1.192,0.273,0.385,1.575,0.31,0.887,0.364,0.389,0.605,0.474,0.106,0.333,0.902,0.97,0.603,0.151,0.297,0.583,0.11,0.108,0.32,0.385,0.388
4.46,3.862,826,ITGAE+ Trm,0.801,0.086,1.512,0.112,0.028,0.188,0.031,0.776,0.189,2.252,0.201,1.088,0.262,0.131,0.353,0.744,0.661,0.42,0.429,0.454,0.087,0.403,0.064,0.182,0.207
6.271,6.517,607,ITGAE+ Trm,0.389,0.078,1.915,0.833,0.27,1.557,0.212,1.162,0.107,1.03,0.835,0.243,0.079,0.484,0.826,1.476,0.901,0.103,0.165,0.696,0.119,0.144,0.227,0.539,0.63
11.428,11.586,315,Cycling T,1.0,0.036,0.524,0.211,0.466,1.461,0.193,1.138,0.011,0.47,0.51,0.698,0.088,0.162,1.432,0.342,0.669,0.432,0.206,1.045,0.256,0.052,0.473,0.357,0.184
4.32,10.862,738,ZNF683+ Teff,1.0,0.006,1.144,0.453,0.059,1.608,0.486,1.476,0.005,0.469,0.163,0.116,0.115,0.005,1.695,0.011,0.286,0.396,0.848,1.481,0.096,0.065,0.039,0.723,0.033
4.32,10.379,760,ZNF683+ Teff,0.996,0.012,1.277,0.449,0.054,1.663,0.464,1.479,0.003,0.415,0.2,0.176,0.071,0.022,1.668,0.03,0.301,0.316,0.722,1.405,0.128,0.046,0.038,0.707,0.036
8.222,10.379,45,Cycling T,0.756,0.018,0.917,0.376,0.044,1.789,0.464,1.409,0.0,0.284,0.333,0.147,0.066,0.067,1.646,0.154,0.508,0.33,0.653,1.196,0.225,0.031,0.184,1.044,0.1
5.993,9.897,626,ZNF683+ Teff,0.805,0.019,1.338,0.778,0.117,1.759,0.418,1.488,0.016,0.339,0.274,0.308,0.073,0.064,1.703,0.157,0.437,0.142,0.214,1.036,0.192,0.033,0.145,0.818,0.101
8.64,7.724,557,ITGAE+ Tex,0.856,0.03,1.392,0.659,0.555,2.596,0.83,1.167,0.638,0.117,0.769,0.223,0.026,0.805,1.595,2.04,0.633,0.026,0.096,0.51,0.153,0.027,0.48,0.265,0.52
6.968,8.69,497,XBP1+ Tex,0.525,0.047,0.991,1.201,0.614,1.978,0.464,1.22,0.093,0.554,0.981,0.282,0.044,0.425,1.352,0.876,0.684,0.072,0.12,0.928,0.231,0.04,0.326,0.22,0.401
5.017,9.172,651,ZNF683+ Teff,0.86,0.012,1.243,0.418,0.122,1.896,0.239,1.412,0.01,0.622,0.249,0.856,0.099,0.08,1.602,0.121,0.412,0.347,0.222,1.049,0.159,0.083,0.119,0.374,0.119
9.755,8.207,223,Cycling T,0.619,0.01,1.015,0.374,0.229,1.624,0.419,0.993,0.432,0.243,0.543,0.387,0.117,0.436,1.33,1.016,0.572,0.096,0.349,0.491,0.199,0.121,0.416,0.609,0.423
5.853,10.621,703,ZNF683+ Teff,0.996,0.014,1.519,0.946,0.122,1.744,0.674,1.574,0.002,0.235,0.256,0.087,0.106,0.021,1.743,0.048,0.4,0.149,0.31,1.258,0.147,0.029,0.095,1.305,0.082
4.738,8.69,414,ZNF683+ Teff,0.845,0.039,0.889,0.485,0.103,1.735,0.27,1.271,0.019,1.204,0.259,1.126,0.13,0.13,1.606,0.177,0.53,0.542,0.299,1.269,0.26,0.19,0.203,0.281,0.124
7.107,8.448,528,ITGAE+ Tex,0.644,0.022,1.135,1.109,0.723,2.181,0.481,1.154,0.131,0.542,1.119,0.167,0.061,0.537,1.287,1.251,0.78,0.066,0.142,0.814,0.233,0.044,0.446,0.153,0.515
4.041,8.448,169,ZNF683+ Teff,0.893,0.061,0.579,0.129,0.079,1.549,0.25,1.387,0.021,1.649,0.227,1.545,0.371,0.094,1.307,0.121,0.476,0.841,0.334,1.392,0.263,0.281,0.268,0.185,0.166
6.829,8.448,524,ITGAE+ Tex,0.492,0.027,1.08,1.177,0.643,1.928,0.386,1.152,0.116,0.775,1.055,0.247,0.078,0.43,1.26,0.994,0.758,0.066,0.151,0.865,0.201,0.077,0.395,0.224,0.514
11.567,10.379,552,Cycling T,1.0,0.052,1.547,0.347,0.31,1.447,0.444,1.289,0.467,0.203,0.684,0.367,0.182,0.417,0.98,1.37,0.608,0.094,0.24,0.626,0.159,0.104,0.366,0.434,0.313
4.599,7.483,535,ITGAE+ Trm,0.733,0.04,2.359,0.507,0.468,0.986,0.21,1.234,0.413,0.902,1.071,0.3,0.082,0.083,1.279,1.618,0.825,0.124,0.198,0.838,0.396,0.19,0.409,0.559,0.407
5.435,7.483,352,MACF1+ T,0.347,0.054,1.962,0.757,0.301,1.309,0.179,0.963,0.098,1.333,0.861,0.285,0.051,0.348,1.403,1.224,0.679,0.076,0.206,0.902,0.274,0.089,0.241,0.434,0.722
5.296,7.241,398,ITGAE+ Trm,0.44,0.07,2.012,0.773,0.188,1.209,0.181,0.968,0.112,1.244,0.797,0.226,0.077,0.272,1.225,1.27,0.777,0.102,0.232,0.761,0.238,0.151,0.264,0.601,0.609
11.01,10.862,619,Cycling T,1.0,0.023,1.183,0.233,0.427,1.526,0.352,1.451,0.083,0.369,0.554,0.878,0.065,0.137,1.162,0.389,0.61,0.374,0.293,0.916,0.16,0.058,0.269,0.345,0.231
4.878,11.345,433,ZNF683+ Teff,1.0,0.017,1.074,0.445,0.057,1.524,0.538,1.377,0.0,0.422,0.16,0.11,0.163,0.004,1.695,0.003,0.311,0.536,0.99,1.469,0.117,0.064,0.027,0.694,0.057
4.46,9.172,481,ZNF683+ Teff,0.973,0.014,1.426,0.364,0.072,2.002,0.283,1.465,0.007,0.824,0.23,1.066,0.104,0.066,1.626,0.139,0.486,0.423,0.385,1.16,0.138,0.074,0.134,0.303,0.065
7.665,8.448,563,ITGAE+ Tex,0.858,0.023,1.257,1.116,0.927,2.559,0.784,1.271,0.202,0.275,1.14,0.091,0.041,0.572,1.5,1.73,0.743,0.023,0.112,0.712,0.234,0.034,0.466,0.179,0.588
6.132,11.104,576,ZNF683+ Teff,1.0,0.012,1.354,0.881,0.133,1.475,0.598,1.371,0.0,0.21,0.156,0.064,0.131,0.007,1.738,0.012,0.304,0.184,0.309,1.408,0.162,0.044,0.071,1.232,0.082
5.853,9.655,646,ZNF683+ Teff,0.7,0.012,1.348,0.617,0.138,1.842,0.355,1.439,0.005,0.392,0.262,0.433,0.066,0.052,1.649,0.125,0.449,0.179,0.205,0.962,0.16,0.041,0.127,0.661,0.094
11.01,11.345,293,Cycling T,1.0,0.082,0.878,0.318,0.565,1.472,0.298,1.46,0.027,0.537,0.565,0.728,0.058,0.208,1.357,0.406,0.655,0.369,0.286,1.008,0.22,0.047,0.359,0.323,0.305
7.526,9.172,510,XBP1+ Tex,0.784,0.023,0.65,0.874,0.626,2.222,0.414,1.098,0.049,0.354,0.672,0.168,0.019,0.398,1.786,0.746,0.592,0.056,0.053,1.03,0.289,0.032,0.444,0.162,0.309
5.853,8.69,521,XBP1+ Tex,0.639,0.021,1.076,0.646,0.173,1.476,0.286,1.097,0.02,0.718,0.436,0.496,0.07,0.21,1.262,0.366,0.402,0.184,0.155,0.897,0.175,0.077,0.145,0.281,0.164
8.64,9.655,250,Cycling T,0.836,0.017,1.478,0.289,0.273,1.769,0.307,1.599,0.085,0.233,0.414,0.749,0.067,0.113,1.422,0.317,0.462,0.2,0.124,0.864,0.147,0.038,0.204,0.288,0.142
3.205,9.897,5,ZNF683+ Teff,1.0,0.0,1.059,0.805,0.0,1.42,0.491,0.495,0.0,1.057,0.207,2.056,0.0,0.0,1.46,0.0,0.207,1.071,1.235,1.694,0.207,0.207,0.0,0.175,0.0
7.944,8.448,564,ITGAE+ Tex,0.917,0.031,1.186,1.112,1.087,2.817,0.877,1.461,0.338,0.23,1.247,0.06,0.021,0.602,1.657,1.91,0.7,0.012,0.077,0.615,0.178,0.012,0.485,0.218,0.639
10.731,7.0,746,GZMK+ Tex,0.999,0.009,0.579,0.516,0.737,0.866,1.195,1.358,0.547,0.046,0.322,0.025,0.006,1.14,1.473,1.095,0.453,0.008,0.019,0.265,0.313,0.001,1.118,0.703,0.182
5.574,7.724,447,MACF1+ T,0.313,0.084,1.69,1.028,0.236,1.364,0.276,0.927,0.071,1.353,1.018,0.264,0.097,0.34,1.316,1.178,0.76,0.097,0.252,0.85,0.317,0.095,0.254,0.381,0.708
6.132,7.241,624,ITGAE+ Tex,0.511,0.053,1.756,1.05,0.417,1.869,0.278,1.27,0.09,1.11,1.029,0.245,0.045,0.465,1.083,1.61,0.931,0.077,0.157,0.813,0.192,0.083,0.249,0.424,0.697
8.501,9.897,237,Cycling T,0.941,0.011,1.465,0.295,0.227,1.943,0.286,1.649,0.024,0.466,0.264,1.075,0.102,0.055,1.675,0.144,0.627,0.274,0.184,1.016,0.128,0.051,0.145,0.382,0.135
9.755,8.69,237,Cycling T,0.979,0.031,1.182,0.449,0.278,1.787,0.597,0.802,0.433,0.129,0.595,0.423,0.078,0.576,1.325,1.398,0.623,0.08,0.248,0.548,0.155,0.08,0.47,0.402,0.41
4.181,9.172,190,ZNF683+ Teff,0.968,0.027,1.54,0.366,0.07,1.891,0.25,1.501,0.012,1.083,0.283,1.101,0.182,0.097,1.445,0.143,0.463,0.541,0.475,1.308,0.129,0.085,0.098,0.472,0.099
8.362,10.138,88,Cycling T,0.909,0.04,0.88,0.483,0.114,1.794,0.376,1.598,0.0,0.528,0.352,0.544,0.148,0.042,1.674,0.058,0.54,0.146,0.414,1.075,0.126,0.063,0.184,0.635,0.116
5.435,11.345,524,ZNF683+ Teff,1.0,0.012,1.073,0.598,0.053,1.482,0.58,1.261,0.0,0.324,0.162,0.087,0.143,0.009,1.685,0.008,0.312,0.404,0.771,1.427,0.17,0.05,0.075,0.903,0.063
9.337,10.379,88,Cycling T,1.0,0.011,1.101,0.201,0.204,1.459,0.352,1.059,0.008,0.535,0.483,0.658,0.171,0.167,1.374,0.29,0.562,0.282,0.561,0.921,0.151,0.153,0.204,0.347,0.327
11.288,11.345,647,Cycling T,1.0,0.043,0.847,0.271,0.581,1.546,0.299,1.347,0.051,0.39,0.623,0.818,0.06,0.198,1.416,0.389,0.661,0.421,0.265,0.984,0.215,0.042,0.365,0.303,0.265
3.902,10.621,771,ZNF683+ Teff,0.999,0.003,1.142,0.456,0.024,1.638,0.52,1.462,0.002,0.581,0.218,0.158,0.096,0.006,1.685,0.009,0.261,0.384,0.917,1.64,0.09,0.047,0.02,0.699,0.014
8.083,10.621,19,Cycling T,0.421,0.042,0.583,0.507,0.0,1.126,0.199,1.547,0.0,0.361,0.098,0.068,0.193,0.116,2.155,0.081,0.637,0.192,0.875,1.522,0.456,0.065,0.217,0.805,0.319
9.337,10.862,18,Cycling T,1.0,0.092,0.504,0.288,0.234,1.065,0.392,1.309,0.092,0.676,0.502,0.485,0.181,0.0,1.386,0.149,0.267,0.171,0.959,0.99,0.161,0.259,0.179,0.638,0.241
4.599,7.966,170,MACF1+ T,0.582,0.077,2.146,0.605,0.216,0.639,0.315,1.021,0.024,0.634,0.326,0.689,0.039,0.439,1.869,0.853,0.61,0.253,0.423,1.14,0.703,0.145,0.675,0.214,0.659
4.041,10.379,755,ZNF683+ Teff,1.0,0.003,1.333,0.434,0.045,1.645,0.411,1.47,0.006,0.5,0.189,0.207,0.096,0.007,1.633,0.026,0.259,0.37,0.729,1.491,0.089,0.054,0.036,0.813,0.029
8.083,9.172,245,XBP1+ Tex,0.465,0.011,1.05,0.653,0.943,2.801,0.729,1.502,0.215,0.195,0.866,0.157,0.022,0.453,1.929,0.817,0.827,0.049,0.083,0.775,0.197,0.018,0.527,0.182,0.402
4.46,8.207,130,ZNF683+ Teff,0.577,0.023,1.23,0.403,0.244,1.108,0.358,1.019,0.0,1.187,0.251,1.081,0.151,0.141,1.62,0.403,0.479,0.517,0.487,1.286,0.58,0.231,0.544,0.226,0.415
10.87,10.138,605,Cycling T,1.0,0.032,1.343,0.221,0.338,1.319,0.23,1.016,0.283,0.356,0.636,0.414,0.165,0.207,0.811,0.787,0.661,0.117,0.28,0.696,0.112,0.123,0.249,0.358,0.256
5.714,9.414,719,ZNF683+ Teff,0.548,0.018,1.307,0.547,0.147,1.781,0.307,1.386,0.025,0.441,0.294,0.624,0.067,0.093,1.58,0.166,0.38,0.254,0.178,0.972,0.147,0.046,0.175,0.463,0.109
11.428,11.104,361,Cycling T,1.0,0.026,1.075,0.257,0.461,1.53,0.353,1.327,0.102,0.248,0.65,0.602,0.067,0.191,1.32,0.452,0.684,0.345,0.249,0.869,0.202,0.034,0.294,0.464,0.244
7.526,8.69,472,ITGAE+ Tex,0.646,0.024,1.039,1.17,0.746,2.365,0.622,1.151,0.164,0.301,1.145,0.122,0.026,0.609,1.532,1.345,0.744,0.035,0.091,0.774,0.232,0.024,0.481,0.159,0.507
8.083,9.655,247,XBP1+ Tex,0.777,0.025,1.251,0.325,0.352,2.227,0.367,1.601,0.006,0.246,0.322,0.746,0.023,0.138,1.834,0.31,0.514,0.178,0.074,0.884,0.171,0.03,0.281,0.268,0.19
7.665,9.414,532,XBP1+ Tex,0.921,0.023,0.665,0.708,0.576,2.455,0.396,1.165,0.033,0.277,0.484,0.257,0.01,0.273,1.978,0.609,0.548,0.067,0.055,0.993,0.258,0.028,0.408,0.189,0.267
10.591,10.138,742,Cycling T,1.0,0.027,1.318,0.205,0.282,1.387,0.206,1.051,0.193,0.343,0.557,0.628,0.134,0.134,0.81,0.49,0.56,0.197,0.268,0.697,0.09,0.077,0.187,0.333,0.225
11.149,10.621,497,Cycling T,1.0,0.027,1.186,0.258,0.342,1.573,0.338,1.381,0.142,0.32,0.592,0.543,0.116,0.204,1.101,0.536,0.602,0.201,0.291,0.827,0.117,0.072,0.265,0.435,0.215
9.616,10.379,137,Cycling T,1.0,0.007,1.191,0.203,0.214,1.57,0.314,0.936,0.193,0.462,0.385,0.716,0.308,0.1,1.253,0.258,0.59,0.29,0.517,0.861,0.168,0.163,0.175,0.36,0.279
6.829,8.931,521,XBP1+ Tex,0.697,0.025,0.861,0.957,0.521,1.96,0.349,1.202,0.031,0.619,0.711,0.394,0.037,0.326,1.461,0.583,0.632,0.112,0.085,1.0,0.236,0.042,0.345,0.239,0.271
8.919,10.138,180,Cycling T,0.989,0.015,1.372,0.21,0.122,1.502,0.33,1.286,0.065,0.513,0.251,0.631,0.227,0.031,1.299,0.142,0.469,0.262,0.422,1.056,0.122,0.124,0.084,0.378,0.155
10.591,9.655,579,Cycling T,1.0,0.047,1.196,0.292,0.298,1.557,0.325,0.85,0.449,0.316,0.669,0.382,0.124,0.356,0.793,1.013,0.666,0.11,0.302,0.595,0.128,0.078,0.279,0.421,0.382
9.755,10.621,156,Cycling T,1.0,0.023,0.977,0.229,0.263,1.745,0.367,0.984,0.129,0.649,0.376,0.992,0.311,0.188,1.687,0.351,0.721,0.293,0.731,0.856,0.335,0.3,0.426,0.284,0.606
5.435,10.379,787,ZNF683+ Teff,0.999,0.01,1.461,0.772,0.104,1.679,0.497,1.558,0.01,0.312,0.219,0.145,0.076,0.038,1.713,0.046,0.346,0.196,0.329,1.287,0.148,0.044,0.057,1.166,0.049
5.435,5.552,1069,ITGAE+ Trm,0.827,0.071,2.196,0.49,0.046,1.012,0.048,1.178,0.096,1.814,0.632,0.325,0.059,0.236,0.733,1.509,0.84,0.124,0.085,0.537,0.148,0.153,0.164,0.703,0.469
5.714,7.0,543,ITGAE+ Trm,0.599,0.048,1.928,0.897,0.286,1.728,0.13,1.252,0.12,1.372,0.957,0.167,0.028,0.413,1.078,1.684,0.833,0.061,0.087,0.757,0.188,0.085,0.221,0.701,0.738
7.944,10.862,8,XBP1+ Tex,0.5,0.0,0.479,0.386,0.181,1.214,0.181,1.568,0.0,0.0,0.0,0.321,0.186,0.1,2.139,0.328,0.606,0.458,0.186,1.513,0.163,0.0,0.639,0.906,0.185
4.46,7.724,170,MACF1+ T,0.694,0.106,2.019,0.265,0.123,0.741,0.071,0.813,0.045,1.054,0.192,0.857,0.13,0.178,1.42,0.654,0.624,0.257,0.712,1.062,0.711,0.438,0.523,0.19,0.635
9.616,8.931,352,Cycling T,0.997,0.04,1.23,0.502,0.35,2.084,0.561,0.984,0.604,0.237,0.635,0.324,0.073,0.707,1.155,1.573,0.642,0.067,0.22,0.502,0.155,0.05,0.378,0.371,0.42
9.616,9.414,326,Cycling T,1.0,0.018,1.314,0.538,0.494,2.151,0.445,1.195,0.34,0.298,0.7,0.278,0.061,0.435,1.235,1.151,0.637,0.047,0.168,0.633,0.193,0.049,0.342,0.374,0.454
7.804,8.207,736,ITGAE+ Tex,0.939,0.022,1.24,1.305,1.047,2.597,0.815,1.335,0.317,0.242,1.216,0.065,0.047,0.607,1.483,2.008,0.736,0.021,0.106,0.677,0.19,0.029,0.463,0.215,0.644
5.017,8.207,243,ZNF683+ Teff,0.584,0.048,1.22,0.472,0.095,1.277,0.145,0.972,0.062,1.189,0.429,0.508,0.151,0.159,1.099,0.381,0.427,0.252,0.271,0.965,0.139,0.152,0.127,0.35,0.171
5.574,7.241,354,ITGAE+ Trm,0.387,0.085,2.054,0.782,0.21,1.423,0.247,1.056,0.079,1.171,0.902,0.311,0.043,0.293,1.217,1.446,0.782,0.088,0.161,0.824,0.237,0.083,0.293,0.555,0.705
3.623,3.379,837,Early Tcm/Tem,0.675,0.049,1.244,0.069,0.036,0.254,0.029,0.93,0.13,2.424,0.172,1.238,0.377,0.082,0.481,0.407,0.404,0.472,0.557,0.66,0.19,0.447,0.121,0.412,0.101
10.034,9.172,312,Cycling T,1.0,0.057,1.1,0.372,0.298,1.865,0.527,0.99,0.554,0.231,0.698,0.347,0.091,0.559,1.085,1.223,0.554,0.072,0.21,0.585,0.172,0.075,0.435,0.383,0.367
10.034,7.724,180,GZMK+ Tex,0.733,0.018,1.221,0.462,0.328,1.844,0.585,1.003,0.666,0.195,0.461,0.207,0.129,0.638,1.439,1.226,0.622,0.087,0.229,0.308,0.188,0.137,0.573,1.327,0.373
5.993,1.69,652,GZMK+ Tem,0.75,0.021,1.554,0.169,0.008,0.062,0.017,0.618,0.057,2.68,0.253,1.493,0.463,0.116,0.46,0.474,0.443,0.557,0.825,0.712,0.25,0.919,0.101,0.118,0.167
3.763,7.966,99,MACF1+ T,0.556,0.011,1.41,0.154,0.019,1.056,0.085,0.659,0.014,0.981,0.128,0.863,0.134,0.049,1.578,0.152,0.559,0.522,0.566,1.025,0.477,0.267,0.275,0.124,1.052
3.902,8.207,79,MACF1+ T,0.646,0.079,1.133,0.105,0.06,0.994,0.06,1.086,0.016,1.013,0.118,1.126,0.248,0.12,2.004,0.315,0.592,0.448,0.557,1.459,0.675,0.373,0.585,0.158,1.254
5.156,10.379,788,ZNF683+ Teff,0.999,0.009,1.345,0.652,0.099,1.654,0.533,1.468,0.006,0.37,0.185,0.153,0.112,0.014,1.65,0.037,0.308,0.237,0.441,1.195,0.142,0.029,0.056,0.984,0.053
3.484,9.414,9,ZNF683+ Teff,0.778,0.32,1.812,0.433,0.0,2.443,0.113,1.346,0.0,0.87,0.105,1.95,0.292,0.0,1.86,0.0,0.293,0.603,0.853,1.438,0.0,0.094,0.0,0.0,0.094
5.574,11.104,709,ZNF683+ Teff,1.0,0.016,1.233,0.792,0.086,1.558,0.594,1.512,0.004,0.338,0.176,0.051,0.135,0.005,1.802,0.015,0.355,0.28,0.531,1.399,0.161,0.035,0.062,1.189,0.072
10.034,10.138,530,Cycling T,1.0,0.014,1.256,0.144,0.272,1.521,0.237,0.95,0.167,0.416,0.442,0.622,0.169,0.097,1.084,0.288,0.536,0.191,0.35,0.772,0.138,0.123,0.211,0.348,0.289
4.041,9.897,452,ZNF683+ Teff,0.998,0.003,1.809,0.45,0.072,1.913,0.331,1.675,0.0,0.672,0.238,0.409,0.103,0.041,1.813,0.072,0.359,0.393,0.743,1.482,0.082,0.04,0.022,0.823,0.041
10.313,10.138,771,Cycling T,1.0,0.022,1.254,0.17,0.347,1.384,0.261,1.106,0.189,0.421,0.523,0.733,0.107,0.112,0.937,0.407,0.56,0.197,0.249,0.694,0.141,0.089,0.209,0.224,0.251
5.156,9.897,784,ZNF683+ Teff,0.985,0.008,1.439,0.609,0.104,1.685,0.412,1.4,0.008,0.366,0.185,0.34,0.069,0.033,1.602,0.064,0.375,0.29,0.383,1.085,0.133,0.053,0.071,0.765,0.068
4.041,5.552,353,CMC1+ Temra,0.329,0.051,1.485,0.094,0.04,0.696,0.04,0.791,0.054,1.171,0.186,1.095,0.182,0.081,0.763,0.489,0.691,0.424,0.401,0.472,0.161,0.397,0.248,0.313,0.663
10.731,9.897,605,Cycling T,1.0,0.046,1.368,0.276,0.303,1.509,0.242,0.946,0.412,0.318,0.664,0.469,0.124,0.306,0.83,0.942,0.624,0.159,0.228,0.606,0.148,0.09,0.287,0.321,0.349
9.895,9.897,507,Cycling T,1.0,0.021,1.215,0.255,0.323,1.704,0.278,1.047,0.157,0.458,0.541,0.58,0.105,0.162,1.151,0.455,0.619,0.167,0.26,0.751,0.131,0.072,0.266,0.343,0.304
3.902,4.828,549,Early Tcm/Tem,0.461,0.037,1.151,0.108,0.036,0.568,0.022,0.95,0.031,1.318,0.258,0.977,0.17,0.098,0.644,0.357,0.483,0.336,0.315,0.573,0.176,0.349,0.173,0.318,0.385
5.853,10.138,646,ZNF683+ Teff,0.971,0.016,1.558,0.785,0.126,1.715,0.52,1.55,0.017,0.233,0.274,0.171,0.048,0.043,1.667,0.08,0.434,0.148,0.223,1.185,0.152,0.029,0.117,1.13,0.089
6.411,10.621,444,ZNF683+ Teff,0.939,0.015,1.459,0.895,0.157,1.718,0.621,1.443,0.015,0.253,0.212,0.144,0.108,0.025,1.776,0.086,0.431,0.122,0.253,1.188,0.198,0.036,0.135,1.092,0.107
4.46,5.31,529,ITGAE+ Trm,0.533,0.091,1.42,0.255,0.042,0.827,0.055,1.018,0.106,1.826,0.277,0.774,0.124,0.166,0.773,0.762,0.773,0.383,0.282,0.562,0.143,0.348,0.114,0.479,0.485
5.993,9.414,767,XBP1+ Tex,0.615,0.018,1.198,0.48,0.136,1.983,0.29,1.383,0.012,0.415,0.291,0.675,0.076,0.085,1.708,0.166,0.401,0.26,0.117,0.997,0.172,0.041,0.14,0.44,0.121
7.804,7.724,643,ITGAE+ Tex,0.9,0.043,1.553,1.139,0.763,2.204,0.686,1.321,0.252,0.281,1.131,0.134,0.094,0.635,1.504,1.961,0.848,0.024,0.133,0.774,0.194,0.068,0.368,0.352,0.589
10.313,10.621,433,Cycling T,1.0,0.004,1.287,0.106,0.38,1.586,0.308,1.458,0.068,0.485,0.492,1.375,0.079,0.068,1.234,0.282,0.604,0.419,0.249,0.876,0.117,0.089,0.21,0.166,0.187
1.951,8.207,652,GNLY+ Temra,0.925,0.033,1.513,0.017,0.003,2.1,0.043,1.269,0.012,0.536,0.176,1.404,0.056,0.099,1.656,0.384,0.651,0.357,0.342,0.94,0.314,0.084,0.175,0.122,1.129
4.599,8.448,256,ZNF683+ Teff,0.902,0.031,0.913,0.507,0.064,1.494,0.302,1.127,0.0,1.484,0.295,0.974,0.209,0.14,1.4,0.221,0.459,0.561,0.323,1.228,0.274,0.236,0.204,0.268,0.145
10.452,9.897,650,Cycling T,1.0,0.034,1.305,0.245,0.403,1.559,0.258,0.998,0.315,0.393,0.701,0.484,0.116,0.23,0.874,0.769,0.587,0.13,0.23,0.651,0.113,0.098,0.267,0.349,0.34
5.017,7.724,338,ITGAE+ Trm,0.423,0.021,1.97,0.662,0.283,1.003,0.248,1.046,0.216,0.91,0.764,0.306,0.069,0.14,1.404,1.047,0.648,0.083,0.186,0.897,0.34,0.128,0.39,0.414,0.411
4.32,8.448,228,ZNF683+ Teff,0.908,0.058,0.616,0.299,0.121,1.504,0.233,1.374,0.012,1.653,0.219,1.361,0.215,0.102,1.408,0.112,0.544,0.681,0.267,1.455,0.214,0.258,0.233,0.208,0.128
9.755,6.759,383,GZMK+ Tex,0.867,0.026,1.306,0.7,0.394,1.721,1.127,1.115,0.451,0.108,0.524,0.225,0.043,0.943,1.688,1.618,0.715,0.043,0.134,0.532,0.292,0.075,0.866,0.281,0.259
11.428,10.621,528,Cycling T,1.0,0.034,1.473,0.31,0.314,1.334,0.371,1.227,0.258,0.32,0.603,0.413,0.217,0.235,0.995,0.972,0.632,0.193,0.35,0.785,0.135,0.131,0.252,0.452,0.294
8.64,10.621,29,Cycling T,1.0,0.0,0.538,0.302,0.069,0.927,0.339,1.194,0.0,0.503,0.139,0.382,0.112,0.0,1.645,0.0,0.741,0.495,0.771,1.216,0.04,0.0,0.0,0.859,0.0
8.64,10.138,137,Cycling T,0.978,0.026,1.016,0.343,0.187,1.745,0.288,1.392,0.04,0.425,0.325,0.583,0.117,0.027,1.552,0.071,0.505,0.263,0.375,1.072,0.16,0.05,0.128,0.52,0.106
2.787,8.69,216,MACF1+ T,0.63,0.073,1.191,0.029,0.005,1.902,0.131,0.918,0.0,0.46,0.099,1.056,0.084,0.097,2.324,0.271,0.566,0.448,0.327,0.996,0.4,0.098,0.387,0.065,1.608
5.714,10.379,704,ZNF683+ Teff,0.99,0.022,1.635,0.898,0.118,1.71,0.515,1.487,0.015,0.331,0.198,0.131,0.076,0.033,1.684,0.072,0.357,0.161,0.288,1.125,0.163,0.024,0.082,1.259,0.095
10.173,9.897,625,Cycling T,1.0,0.023,1.248,0.239,0.403,1.608,0.26,1.02,0.193,0.411,0.591,0.6,0.097,0.18,0.935,0.583,0.61,0.16,0.272,0.678,0.139,0.076,0.261,0.294,0.328
9.755,10.138,520,Cycling T,1.0,0.026,1.234,0.242,0.219,1.7,0.311,1.099,0.083,0.453,0.388,0.564,0.128,0.081,1.299,0.254,0.555,0.219,0.442,0.866,0.124,0.106,0.166,0.449,0.353
9.895,9.414,351,Cycling T,1.0,0.019,1.225,0.422,0.464,1.895,0.463,1.059,0.514,0.349,0.666,0.36,0.089,0.507,1.1,1.286,0.618,0.107,0.224,0.602,0.145,0.072,0.392,0.306,0.406
4.181,11.104,452,ZNF683+ Teff,1.0,0.008,0.989,0.394,0.053,1.56,0.491,1.381,0.0,0.553,0.157,0.109,0.156,0.003,1.721,0.008,0.282,0.459,1.007,1.631,0.113,0.046,0.021,0.704,0.049
7.247,8.69,510,ITGAE+ Tex,0.547,0.029,1.058,1.114,0.784,2.13,0.529,1.202,0.156,0.402,1.041,0.203,0.038,0.51,1.376,1.173,0.714,0.041,0.08,0.858,0.266,0.056,0.433,0.195,0.476
5.853,7.241,459,ITGAE+ Trm,0.436,0.062,1.944,0.928,0.255,1.666,0.229,1.229,0.118,1.165,0.889,0.258,0.067,0.313,1.166,1.574,0.895,0.069,0.137,0.775,0.231,0.085,0.282,0.441,0.654
9.755,9.655,458,Cycling T,1.0,0.02,1.299,0.371,0.516,2.001,0.401,1.121,0.221,0.308,0.734,0.392,0.074,0.312,1.226,0.853,0.658,0.118,0.209,0.636,0.142,0.044,0.284,0.393,0.45
5.156,9.414,685,ZNF683+ Teff,0.892,0.015,1.331,0.451,0.13,1.762,0.273,1.388,0.014,0.557,0.268,0.677,0.092,0.034,1.536,0.117,0.394,0.281,0.25,0.945,0.16,0.045,0.104,0.46,0.095
3.902,0.966,1088,Tcm,0.964,0.008,1.168,0.031,0.017,0.017,0.009,0.472,0.063,2.404,0.167,1.554,0.728,0.033,0.133,0.174,0.262,0.611,1.103,0.774,0.165,0.868,0.044,0.008,0.014
3.205,8.448,155,MACF1+ T,0.826,0.089,1.348,0.065,0.022,1.327,0.166,0.791,0.0,1.063,0.082,1.104,0.134,0.041,2.045,0.238,0.653,0.474,0.36,1.279,0.582,0.197,0.32,0.093,1.949
9.337,9.414,260,Cycling T,0.992,0.018,1.39,0.441,0.559,2.037,0.437,1.223,0.287,0.301,0.648,0.364,0.061,0.357,1.358,1.047,0.719,0.107,0.212,0.704,0.164,0.091,0.3,0.385,0.49
4.181,5.793,322,CMC1+ Temra,0.224,0.067,1.684,0.098,0.011,0.74,0.024,0.899,0.094,1.227,0.197,1.075,0.157,0.064,0.86,0.583,0.727,0.338,0.313,0.553,0.132,0.389,0.21,0.359,0.738
3.345,4.828,522,CMC1+ Temra,0.485,0.038,1.015,0.081,0.012,0.598,0.04,0.725,0.034,1.145,0.175,1.133,0.199,0.075,0.886,0.243,0.433,0.404,0.416,0.558,0.214,0.419,0.194,0.15,0.507
3.902,2.897,752,Early Tcm/Tem,0.426,0.054,1.328,0.059,0.018,0.127,0.026,0.8,0.14,2.404,0.176,1.379,0.403,0.065,0.365,0.44,0.409,0.584,0.593,0.635,0.17,0.562,0.066,0.213,0.087
9.477,10.621,112,Cycling T,1.0,0.073,0.764,0.338,0.161,1.513,0.323,1.034,0.119,0.721,0.413,0.642,0.329,0.181,1.654,0.321,0.677,0.341,0.642,1.085,0.236,0.299,0.305,0.353,0.424
3.345,3.862,721,Early Tcm/Tem,0.9,0.028,1.164,0.079,0.034,0.53,0.034,1.146,0.025,2.21,0.172,1.218,0.309,0.05,0.724,0.237,0.399,0.482,0.47,0.835,0.227,0.422,0.099,0.515,0.159
4.041,7.966,101,MACF1+ T,0.644,0.009,1.281,0.199,0.033,0.724,0.04,0.885,0.0,1.086,0.2,1.196,0.263,0.113,1.852,0.223,0.58,0.397,0.623,1.273,0.549,0.299,0.457,0.15,1.098
7.526,7.724,755,ITGAE+ Tex,0.887,0.036,1.542,1.145,0.803,2.191,0.597,1.35,0.232,0.456,1.055,0.11,0.075,0.586,1.383,1.871,0.859,0.028,0.115,0.775,0.184,0.058,0.353,0.314,0.687
11.288,9.897,697,Cycling T,1.0,0.041,1.428,0.38,0.377,1.846,0.523,1.221,0.665,0.12,0.704,0.423,0.076,0.578,1.024,1.595,0.708,0.07,0.184,0.543,0.147,0.071,0.49,0.381,0.408
9.198,9.172,253,Cycling T,0.992,0.024,1.482,0.526,0.559,2.355,0.493,1.264,0.272,0.296,0.773,0.311,0.058,0.44,1.217,1.428,0.654,0.053,0.163,0.575,0.107,0.06,0.39,0.491,0.484
4.041,6.035,295,CMC1+ Temra,0.332,0.059,1.655,0.088,0.028,0.826,0.054,0.995,0.07,0.977,0.162,1.344,0.104,0.111,0.806,0.679,0.773,0.395,0.327,0.668,0.217,0.336,0.234,0.231,0.879
4.738,8.207,155,ZNF683+ Teff,0.703,0.014,1.348,0.511,0.102,1.267,0.188,1.007,0.036,1.431,0.437,0.745,0.144,0.188,1.326,0.384,0.487,0.353,0.284,0.861,0.236,0.185,0.226,0.349,0.117
3.205,10.379,31,ZNF683+ Teff,1.0,0.0,0.876,0.332,0.152,1.724,0.415,1.319,0.0,0.521,0.082,0.327,0.094,0.0,1.696,0.0,0.183,0.37,0.85,1.509,0.339,0.041,0.0,0.833,0.078
11.706,11.586,53,Cycling T,1.0,0.015,0.552,0.082,0.409,1.186,0.196,1.325,0.0,0.279,0.535,0.595,0.091,0.063,1.384,0.125,0.689,0.613,0.683,1.255,0.197,0.05,0.211,0.529,0.144
3.623,4.828,517,CMC1+ Temra,0.366,0.039,1.148,0.081,0.046,0.617,0.039,0.814,0.034,1.245,0.166,1.001,0.159,0.075,0.739,0.304,0.49,0.454,0.351,0.492,0.208,0.358,0.154,0.234,0.42
10.313,6.759,629,GZMK+ Tex,0.976,0.018,0.868,0.725,0.578,1.02,1.192,1.228,0.456,0.057,0.371,0.098,0.008,1.044,1.45,1.395,0.477,0.012,0.048,0.438,0.344,0.009,0.979,0.383,0.162
8.78,10.379,49,Cycling T,1.0,0.02,0.612,0.561,0.074,1.734,0.296,1.064,0.0,0.331,0.365,0.262,0.053,0.115,1.585,0.225,0.542,0.231,0.367,0.96,0.247,0.019,0.234,0.627,0.251
8.083,6.759,561,ITGAE+ Tex,0.695,0.075,1.457,0.782,0.385,2.014,0.608,0.951,0.208,0.387,0.77,0.325,0.093,0.629,1.445,1.698,0.768,0.057,0.282,0.805,0.188,0.13,0.34,0.246,0.476
10.731,10.379,685,Cycling T,1.0,0.034,1.34,0.207,0.349,1.317,0.278,1.204,0.169,0.409,0.597,0.773,0.143,0.128,0.93,0.471,0.567,0.218,0.267,0.801,0.124,0.097,0.192,0.314,0.217
9.058,9.414,228,Cycling T,0.978,0.005,1.251,0.473,0.618,2.136,0.553,1.298,0.218,0.386,0.854,0.32,0.086,0.399,1.421,0.894,0.751,0.121,0.224,0.706,0.188,0.083,0.363,0.275,0.404
9.895,10.379,175,Cycling T,1.0,0.016,1.325,0.212,0.203,1.612,0.339,1.059,0.196,0.396,0.435,1.001,0.222,0.098,1.289,0.336,0.647,0.319,0.414,0.814,0.17,0.212,0.25,0.273,0.41
8.501,10.379,53,Cycling T,1.0,0.036,0.794,0.325,0.151,1.075,0.28,1.365,0.0,0.508,0.17,0.393,0.072,0.015,1.377,0.0,0.431,0.21,0.695,1.202,0.198,0.087,0.094,0.71,0.185
7.804,9.172,372,XBP1+ Tex,0.656,0.012,0.672,0.691,0.83,2.745,0.67,1.227,0.128,0.28,0.741,0.113,0.007,0.329,1.93,0.818,0.622,0.022,0.075,0.936,0.219,0.016,0.454,0.132,0.292
9.058,8.931,162,Cycling T,0.802,0.004,1.452,0.642,0.489,2.424,0.595,1.304,0.497,0.122,0.831,0.322,0.041,0.559,1.245,1.538,0.588,0.051,0.165,0.637,0.126,0.054,0.428,0.459,0.611
10.87,11.586,27,Cycling T,1.0,0.146,0.754,0.347,0.429,1.337,0.22,1.144,0.0,0.373,0.497,0.442,0.046,0.054,1.144,0.376,0.562,0.293,0.291,1.231,0.423,0.103,0.234,0.259,0.309
4.738,9.655,661,ZNF683+ Teff,0.995,0.007,1.442,0.457,0.106,1.808,0.331,1.431,0.005,0.551,0.245,0.485,0.062,0.059,1.542,0.088,0.333,0.318,0.425,1.206,0.139,0.053,0.061,0.625,0.053
6.829,7.483,768,ITGAE+ Tex,0.754,0.055,1.528,1.037,0.595,1.904,0.357,1.198,0.102,0.797,1.011,0.18,0.071,0.522,1.087,1.47,0.851,0.061,0.207,0.8,0.15,0.106,0.289,0.507,0.707
10.731,6.517,1102,GZMK+ Tex,0.995,0.006,0.742,0.467,0.525,0.576,1.149,1.238,0.405,0.052,0.233,0.036,0.008,1.098,1.279,1.224,0.394,0.005,0.013,0.333,0.395,0.013,1.141,0.332,0.119
9.198,7.724,472,ITGAE+ Tex,0.729,0.017,1.41,0.678,0.35,2.493,0.771,1.194,0.799,0.161,0.55,0.22,0.035,0.802,1.597,1.906,0.498,0.03,0.145,0.422,0.211,0.072,0.528,0.516,0.381
6.689,8.69,446,XBP1+ Tex,0.581,0.026,1.018,1.034,0.52,1.904,0.39,1.14,0.076,0.733,0.898,0.354,0.051,0.354,1.293,0.74,0.649,0.1,0.095,1.024,0.217,0.049,0.277,0.259,0.359
-0.836,6.276,426,CMC1+ Temra,0.474,0.013,0.736,0.013,0.003,2.57,0.107,1.078,0.002,0.487,0.165,1.696,0.086,0.055,2.567,0.039,0.759,0.407,0.378,1.009,0.346,0.152,0.364,0.056,1.146
4.46,10.138,804,ZNF683+ Teff,0.998,0.007,1.446,0.481,0.083,1.724,0.424,1.547,0.007,0.519,0.162,0.279,0.094,0.017,1.715,0.036,0.314,0.33,0.618,1.348,0.111,0.065,0.035,0.759,0.04
6.271,3.621,752,ITGAE+ Trm,0.383,0.048,2.285,0.169,0.017,0.26,0.009,0.938,0.156,1.78,0.266,1.171,0.136,0.126,0.534,0.878,0.542,0.293,0.345,0.519,0.199,0.435,0.14,0.377,0.367
9.337,7.966,334,ITGAE+ Tex,0.62,0.021,1.136,0.58,0.371,2.219,0.716,1.243,0.813,0.155,0.572,0.27,0.039,0.767,1.5,1.649,0.532,0.024,0.142,0.495,0.167,0.055,0.466,0.668,0.347
8.501,8.448,307,ITGAE+ Tex,0.844,0.015,1.263,0.755,0.874,2.779,0.728,1.254,0.579,0.123,1.005,0.117,0.042,0.7,1.675,1.691,0.636,0.037,0.133,0.559,0.14,0.039,0.526,0.332,0.537
10.591,7.241,357,GZMK+ Tex,0.989,0.005,0.724,0.493,0.761,1.211,0.989,1.281,0.502,0.05,0.355,0.027,0.005,1.134,1.515,1.239,0.488,0.01,0.02,0.274,0.228,0.013,1.129,1.012,0.213
10.452,10.862,547,Cycling T,1.0,0.029,1.278,0.148,0.326,1.525,0.33,1.543,0.072,0.508,0.541,1.391,0.067,0.07,1.339,0.278,0.583,0.451,0.234,0.913,0.109,0.079,0.217,0.153,0.177
5.993,10.379,640,ZNF683+ Teff,0.983,0.011,1.561,0.968,0.108,1.748,0.634,1.571,0.011,0.245,0.239,0.091,0.079,0.057,1.768,0.098,0.4,0.134,0.203,1.145,0.149,0.035,0.11,1.285,0.092
4.32,6.517,345,GNLY+ Temra,0.345,0.054,1.631,0.157,0.04,0.89,0.054,0.951,0.086,1.188,0.317,0.939,0.127,0.116,0.8,0.869,0.865,0.417,0.322,0.705,0.148,0.349,0.127,0.368,0.769
8.362,6.276,629,ITGAE+ Tex,0.355,0.063,1.412,0.595,0.273,1.622,0.479,0.86,0.166,0.421,0.652,0.435,0.113,0.616,1.34,1.491,0.772,0.101,0.324,0.769,0.224,0.159,0.449,0.239,0.452
10.452,5.552,319,GZMK+ Tex,0.947,0.012,1.785,0.653,0.168,0.331,0.868,0.623,0.248,0.105,0.254,0.14,0.047,0.84,1.472,1.934,0.484,0.024,0.067,0.454,0.494,0.042,0.916,0.231,0.057
5.435,9.897,702,ZNF683+ Teff,0.959,0.007,1.474,0.619,0.125,1.697,0.423,1.464,0.007,0.386,0.225,0.267,0.068,0.065,1.599,0.105,0.333,0.212,0.253,1.104,0.17,0.043,0.087,0.781,0.069
8.919,6.759,501,ITGAE+ Tex,0.537,0.043,1.467,0.779,0.339,2.222,0.879,1.013,0.343,0.136,0.653,0.332,0.029,0.716,1.529,2.015,0.772,0.028,0.115,0.721,0.226,0.054,0.524,0.263,0.383
3.763,8.448,48,MACF1+ T,0.646,0.054,1.209,0.104,0.075,1.045,0.288,1.012,0.0,0.829,0.048,1.223,0.192,0.098,2.194,0.22,0.932,0.44,0.698,1.441,0.636,0.214,0.376,0.061,1.293
4.738,10.621,731,ZNF683+ Teff,1.0,0.011,1.167,0.571,0.08,1.594,0.486,1.423,0.005,0.401,0.154,0.176,0.113,0.01,1.627,0.016,0.344,0.296,0.635,1.355,0.13,0.033,0.037,0.844,0.053
5.993,7.0,688,ITGAE+ Trm,0.461,0.079,1.882,0.975,0.382,1.923,0.213,1.309,0.09,1.175,1.006,0.195,0.05,0.478,1.047,1.661,0.903,0.045,0.131,0.762,0.14,0.061,0.254,0.665,0.751
3.902,4.345,514,Early Tcm/Tem,0.58,0.053,1.355,0.107,0.038,0.551,0.036,0.937,0.078,1.749,0.211,1.182,0.261,0.079,0.587,0.422,0.513,0.394,0.395,0.667,0.195,0.408,0.119,0.289,0.3
3.345,10.621,278,ZNF683+ Teff,1.0,0.003,1.209,0.269,0.039,1.603,0.425,1.381,0.0,0.777,0.22,0.238,0.147,0.0,1.671,0.004,0.234,0.523,1.037,1.728,0.119,0.035,0.023,0.614,0.022
-0.836,7.724,957,GNLY+ Temra,1.0,0.029,0.567,0.018,0.006,2.431,0.029,1.019,0.003,0.664,0.178,1.658,0.098,0.042,2.239,0.04,0.628,0.609,0.283,1.026,0.374,0.101,0.2,0.066,1.195
5.296,7.724,348,ITGAE+ Trm,0.241,0.061,1.593,0.806,0.167,1.135,0.188,1.055,0.096,1.137,0.638,0.35,0.146,0.196,1.332,0.793,0.669,0.175,0.223,0.76,0.319,0.069,0.227,0.401,0.446
4.738,7.241,798,ITGAE+ Trm,0.833,0.04,2.656,0.495,0.364,0.86,0.155,1.27,0.411,1.241,1.091,0.186,0.063,0.068,1.056,1.799,0.875,0.074,0.124,0.773,0.295,0.182,0.398,0.803,0.371
4.181,10.621,829,ZNF683+ Teff,1.0,0.008,1.152,0.461,0.034,1.619,0.446,1.49,0.002,0.511,0.174,0.135,0.12,0.007,1.674,0.01,0.294,0.386,0.848,1.477,0.107,0.066,0.016,0.722,0.034
5.296,10.138,804,ZNF683+ Teff,0.996,0.016,1.442,0.641,0.119,1.649,0.46,1.54,0.007,0.36,0.204,0.228,0.081,0.023,1.57,0.068,0.33,0.223,0.327,1.243,0.128,0.042,0.059,0.984,0.059
11.149,11.104,597,Cycling T,1.0,0.038,1.053,0.206,0.483,1.46,0.294,1.429,0.085,0.38,0.594,0.929,0.052,0.14,1.253,0.341,0.617,0.446,0.309,0.923,0.189,0.05,0.296,0.294,0.222
9.058,10.379,65,Cycling T,1.0,0.0,0.943,0.323,0.258,1.414,0.327,1.041,0.042,0.405,0.329,0.348,0.043,0.109,1.551,0.24,0.691,0.282,0.474,1.036,0.25,0.065,0.19,0.529,0.29
10.034,7.241,263,GZMK+ Tex,0.817,0.034,1.01,0.633,0.51,1.451,1.045,1.262,0.564,0.09,0.419,0.208,0.028,0.935,1.504,1.551,0.575,0.027,0.106,0.434,0.233,0.053,0.746,0.602,0.27
11.01,10.379,669,Cycling T,0.999,0.024,1.362,0.244,0.309,1.386,0.27,1.157,0.254,0.339,0.606,0.538,0.153,0.157,0.866,0.59,0.568,0.218,0.328,0.749,0.122,0.121,0.211,0.397,0.253
4.738,10.138,774,ZNF683+ Teff,0.992,0.005,1.386,0.559,0.076,1.742,0.442,1.48,0.001,0.456,0.183,0.257,0.099,0.021,1.655,0.04,0.304,0.316,0.532,1.322,0.114,0.04,0.037,0.911,0.041
0.697,7.0,946,CMC1+ Temra,0.736,0.041,0.834,0.012,0.01,2.188,0.087,0.912,0.005,0.367,0.178,1.762,0.071,0.074,2.11,0.102,0.705,0.254,0.214,0.71,0.321,0.108,0.37,0.051,1.261
8.222,5.552,732,GZMK+ Tex,0.339,0.038,1.663,0.506,0.123,1.4,0.255,0.736,0.07,0.218,0.487,0.503,0.083,0.48,1.231,1.344,0.772,0.116,0.279,0.877,0.259,0.124,0.48,0.144,0.429
7.665,8.931,431,ITGAE+ Tex,0.492,0.025,0.95,1.011,0.876,2.458,0.702,1.189,0.157,0.309,1.124,0.124,0.013,0.501,1.654,1.167,0.704,0.022,0.1,0.859,0.233,0.02,0.532,0.197,0.45
4.738,6.759,440,ITGAE+ Trm,0.686,0.064,2.36,0.506,0.233,0.919,0.119,1.099,0.278,1.587,0.706,0.411,0.15,0.117,0.932,1.379,0.723,0.2,0.151,0.708,0.274,0.204,0.276,0.894,0.405
4.181,4.828,459,Early Tcm/Tem,0.416,0.051,1.333,0.147,0.03,0.652,0.043,0.939,0.119,1.647,0.253,0.988,0.162,0.11,0.654,0.501,0.597,0.399,0.317,0.543,0.168,0.343,0.149,0.364,0.42
9.895,10.862,172,Cycling T,1.0,0.046,1.022,0.377,0.322,1.416,0.417,1.072,0.126,0.48,0.436,0.59,0.136,0.276,1.493,0.499,0.771,0.236,0.546,0.875,0.34,0.158,0.424,0.395,0.542
5.714,9.897,684,ZNF683+ Teff,0.931,0.017,1.533,0.724,0.144,1.76,0.438,1.456,0.008,0.37,0.265,0.244,0.091,0.048,1.612,0.128,0.355,0.134,0.229,1.057,0.169,0.03,0.1,0.834,0.062
9.895,6.517,507,GZMK+ Tex,0.953,0.024,1.324,0.75,0.4,1.495,1.137,0.959,0.306,0.092,0.458,0.181,0.026,1.0,1.638,1.802,0.656,0.025,0.086,0.523,0.341,0.037,0.841,0.259,0.24
10.731,10.862,662,Cycling T,1.0,0.04,1.236,0.178,0.433,1.536,0.359,1.573,0.053,0.469,0.568,1.262,0.059,0.104,1.257,0.294,0.589,0.468,0.279,0.958,0.147,0.057,0.239,0.265,0.221
8.083,8.69,425,ITGAE+ Tex,0.807,0.044,1.071,0.813,1.049,2.883,0.77,1.279,0.389,0.2,0.999,0.083,0.022,0.508,1.717,1.58,0.77,0.022,0.115,0.586,0.236,0.01,0.486,0.159,0.48
2.787,6.276,718,CMC1+ Temra,0.836,0.025,1.326,0.053,0.005,1.036,0.031,0.914,0.011,0.457,0.196,1.654,0.048,0.115,1.327,0.304,0.617,0.304,0.262,0.661,0.323,0.244,0.295,0.108,0.97
4.46,11.104,618,ZNF683+ Teff,1.0,0.009,1.083,0.467,0.04,1.591,0.538,1.414,0.0,0.442,0.17,0.127,0.175,0.0,1.688,0.005,0.286,0.474,0.968,1.521,0.134,0.035,0.017,0.712,0.045
10.731,11.345,108,Cycling T,1.0,0.067,0.876,0.359,0.436,1.42,0.32,1.353,0.12,0.579,0.662,0.624,0.071,0.25,1.472,0.401,0.75,0.326,0.463,0.968,0.262,0.085,0.383,0.373,0.196
4.878,10.379,807,ZNF683+ Teff,1.0,0.007,1.329,0.539,0.082,1.602,0.473,1.417,0.007,0.377,0.174,0.186,0.115,0.016,1.628,0.03,0.361,0.326,0.547,1.265,0.132,0.024,0.041,0.916,0.057
10.87,9.655,622,Cycling T,1.0,0.046,1.22,0.234,0.308,1.495,0.34,0.93,0.582,0.23,0.692,0.363,0.128,0.399,0.799,1.163,0.609,0.101,0.285,0.54,0.104,0.1,0.355,0.389,0.351
9.755,7.241,254,GZMK+ Tex,0.563,0.02,1.196,0.666,0.309,1.585,0.894,1.218,0.799,0.135,0.574,0.267,0.075,0.944,1.455,1.657,0.517,0.072,0.16,0.44,0.254,0.093,0.635,0.67,0.315
10.731,8.931,358,Cycling T,0.997,0.019,0.789,0.159,0.254,1.418,0.245,0.618,0.253,0.186,0.643,0.523,0.161,0.303,1.119,0.738,0.585,0.188,0.555,0.608,0.234,0.139,0.363,0.374,0.365
8.501,8.931,177,ITGAE+ Tex,0.525,0.019,1.209,0.659,0.858,2.568,0.687,1.3,0.339,0.259,0.852,0.17,0.02,0.625,1.637,1.436,0.898,0.04,0.144,0.664,0.162,0.037,0.54,0.269,0.558
7.526,8.207,711,ITGAE+ Tex,0.896,0.035,1.283,1.376,0.979,2.401,0.686,1.377,0.244,0.371,1.183,0.072,0.048,0.598,1.341,1.905,0.734,0.021,0.097,0.665,0.191,0.024,0.482,0.257,0.773
5.156,7.966,286,XBP1+ Tex,0.353,0.036,1.206,0.52,0.128,1.116,0.1,0.852,0.067,1.009,0.435,0.383,0.134,0.17,1.094,0.507,0.498,0.155,0.298,0.811,0.178,0.152,0.131,0.335,0.193
4.32,7.966,148,MACF1+ T,0.723,0.048,1.857,0.313,0.149,0.6,0.2,0.903,0.0,0.66,0.146,0.916,0.177,0.311,1.752,0.482,0.562,0.401,0.703,1.136,0.712,0.252,0.749,0.135,0.847
8.501,6.035,591,GZMK+ Tex,0.337,0.038,1.551,0.676,0.177,1.549,0.475,0.796,0.111,0.24,0.579,0.425,0.102,0.593,1.403,1.578,0.766,0.087,0.344,0.807,0.287,0.139,0.442,0.181,0.439
3.763,4.103,547,Early Tcm/Tem,0.728,0.015,1.278,0.084,0.033,0.424,0.042,0.992,0.057,1.939,0.234,1.228,0.297,0.066,0.556,0.302,0.514,0.401,0.468,0.583,0.148,0.434,0.109,0.363,0.248
7.665,7.966,690,ITGAE+ Tex,0.894,0.025,1.37,1.321,0.96,2.389,0.756,1.406,0.29,0.318,1.153,0.068,0.066,0.662,1.479,1.946,0.776,0.021,0.104,0.706,0.212,0.044,0.416,0.311,0.693
9.337,6.517,498,GZMK+ Tex,0.741,0.046,1.419,0.697,0.293,1.962,1.014,0.91,0.281,0.103,0.562,0.359,0.031,0.849,1.662,1.887,0.729,0.042,0.166,0.616,0.248,0.075,0.616,0.223,0.304
10.173,10.862,192,Cycling T,1.0,0.042,1.26,0.25,0.413,1.65,0.391,1.3,0.133,0.39,0.495,0.847,0.089,0.227,1.447,0.382,0.585,0.293,0.277,0.902,0.185,0.07,0.343,0.346,0.31
10.034,11.104,139,Cycling T,1.0,0.061,1.308,0.387,0.417,1.253,0.654,0.816,0.31,0.317,0.361,0.438,0.027,0.424,1.512,0.948,0.89,0.209,0.366,0.816,0.403,0.067,0.741,0.224,0.858
5.993,10.862,598,ZNF683+ Teff,0.998,0.013,1.437,1.048,0.105,1.603,0.666,1.484,0.001,0.256,0.222,0.064,0.091,0.012,1.846,0.04,0.31,0.186,0.276,1.33,0.173,0.023,0.108,1.223,0.089
5.714,6.517,965,ITGAE+ Trm,0.792,0.059,1.964,0.808,0.193,1.62,0.123,1.263,0.089,1.324,0.922,0.166,0.049,0.362,0.975,1.802,0.94,0.046,0.077,0.574,0.163,0.061,0.173,0.882,0.75
3.484,4.586,518,Early Tcm/Tem,0.593,0.03,1.161,0.083,0.014,0.64,0.052,0.953,0.045,1.497,0.23,1.201,0.235,0.057,0.777,0.27,0.497,0.427,0.45,0.704,0.227,0.449,0.225,0.331,0.37
10.87,7.241,186,GZMK+ Tex,0.973,0.014,0.542,0.338,0.698,0.621,0.857,1.188,0.419,0.06,0.255,0.05,0.024,1.158,1.216,1.149,0.346,0.012,0.043,0.287,0.283,0.008,1.127,1.251,0.194
3.623,1.931,890,Tcm,0.798,0.026,1.712,0.008,0.01,0.025,0.021,0.713,0.148,2.481,0.196,1.91,0.703,0.032,0.136,0.397,0.33,0.548,0.971,0.59,0.117,0.891,0.032,0.048,0.035
4.181,6.276,346,GNLY+ Temra,0.364,0.066,1.621,0.102,0.042,0.738,0.047,0.909,0.075,1.08,0.224,1.184,0.121,0.106,0.799,0.61,0.732,0.431,0.201,0.631,0.155,0.317,0.178,0.324,0.962
8.362,8.69,276,ITGAE+ Tex,0.833,0.009,1.172,0.799,1.082,2.883,0.798,1.344,0.398,0.162,1.083,0.071,0.027,0.756,1.715,1.75,0.815,0.013,0.144,0.553,0.17,0.023,0.592,0.28,0.664
4.041,7.483,299,GNLY+ Temra,0.763,0.049,1.408,0.074,0.0,0.653,0.02,0.63,0.098,1.227,0.164,0.537,0.065,0.084,0.742,0.301,0.615,0.453,0.249,0.862,0.2,0.241,0.164,0.272,0.626
0.836,7.724,832,GNLY+ Temra,0.821,0.036,0.945,0.021,0.009,2.084,0.063,1.059,0.002,0.453,0.175,1.644,0.069,0.088,1.965,0.124,0.693,0.41,0.286,0.932,0.324,0.142,0.242,0.112,1.129
8.362,7.241,643,ITGAE+ Tex,0.865,0.041,1.405,0.816,0.481,2.498,0.859,1.072,0.394,0.2,0.874,0.188,0.051,0.816,1.588,1.967,0.77,0.025,0.119,0.696,0.179,0.031,0.388,0.252,0.541
3.484,4.103,614,Early Tcm/Tem,0.844,0.05,1.154,0.087,0.037,0.582,0.035,1.118,0.031,1.927,0.151,1.259,0.276,0.055,0.662,0.308,0.4,0.49,0.507,0.773,0.2,0.431,0.144,0.449,0.227
6.132,10.621,575,ZNF683+ Teff,0.991,0.015,1.524,0.97,0.144,1.688,0.646,1.518,0.007,0.178,0.208,0.064,0.064,0.036,1.79,0.036,0.375,0.142,0.204,1.248,0.172,0.033,0.098,1.329,0.083
7.107,7.966,792,ITGAE+ Tex,0.78,0.031,1.452,1.34,0.783,2.089,0.514,1.321,0.157,0.617,1.187,0.093,0.055,0.521,1.227,1.688,0.786,0.026,0.147,0.741,0.213,0.059,0.388,0.339,0.789
4.181,2.414,798,Tcm,0.487,0.037,1.591,0.059,0.018,0.082,0.024,0.797,0.076,2.315,0.223,1.574,0.438,0.067,0.288,0.365,0.434,0.427,0.641,0.711,0.15,0.803,0.079,0.123,0.083
3.763,10.379,673,ZNF683+ Teff,1.0,0.005,1.433,0.394,0.04,1.719,0.45,1.464,0.002,0.652,0.207,0.186,0.108,0.01,1.708,0.018,0.297,0.395,0.889,1.614,0.098,0.048,0.021,0.818,0.025
-1.394,7.724,779,GNLY+ Temra,1.0,0.029,0.443,0.008,0.009,2.66,0.043,0.938,0.0,0.793,0.201,1.639,0.108,0.06,2.376,0.016,0.668,0.598,0.224,1.149,0.382,0.102,0.209,0.088,1.212
11.149,6.276,102,GZMK+ Tex,0.98,0.0,0.547,0.562,0.538,0.3,0.903,0.87,0.365,0.014,0.233,0.035,0.032,0.832,1.124,1.284,0.315,0.0,0.026,0.284,0.435,0.0,1.337,0.305,0.121
6.411,7.241,760,ITGAE+ Tex,0.591,0.048,1.773,1.027,0.471,1.893,0.29,1.272,0.087,0.954,0.973,0.208,0.076,0.458,1.019,1.555,0.862,0.057,0.161,0.801,0.156,0.098,0.255,0.491,0.695
10.173,10.379,409,Cycling T,0.998,0.022,1.386,0.161,0.359,1.493,0.303,1.176,0.147,0.46,0.535,0.931,0.15,0.096,1.047,0.247,0.618,0.32,0.294,0.81,0.108,0.107,0.182,0.161,0.214
3.345,5.31,588,CMC1+ Temra,0.638,0.036,1.161,0.053,0.008,0.618,0.017,0.76,0.015,0.718,0.177,1.244,0.083,0.082,1.048,0.214,0.61,0.318,0.3,0.563,0.313,0.384,0.233,0.127,0.831
7.107,11.345,2,XBP1+ Tex,0.5,0.0,0.75,0.504,0.0,2.915,1.136,1.985,0.0,0.504,0.0,0.0,0.0,0.0,2.977,0.0,0.767,0.0,0.0,1.68,0.767,0.0,0.0,1.136,1.27
11.567,11.345,288,Cycling T,1.0,0.01,0.945,0.227,0.4,1.255,0.287,1.228,0.056,0.29,0.588,0.533,0.138,0.134,1.376,0.293,0.525,0.495,0.446,1.08,0.189,0.056,0.29,0.634,0.162
1.254,7.483,814,GNLY+ Temra,0.521,0.042,0.936,0.019,0.015,2.053,0.066,1.056,0.0,0.4,0.193,1.597,0.07,0.088,1.859,0.155,0.679,0.325,0.26,0.814,0.299,0.142,0.304,0.069,1.114
8.64,8.69,190,ITGAE+ Tex,0.705,0.016,1.208,0.674,0.791,2.822,0.704,1.239,0.386,0.137,0.784,0.125,0.031,0.711,1.641,1.732,0.574,0.055,0.109,0.461,0.109,0.004,0.516,0.289,0.606
11.149,11.586,90,Cycling T,1.0,0.094,0.679,0.301,0.544,1.536,0.21,0.984,0.023,0.502,0.546,0.264,0.011,0.205,1.443,0.519,0.532,0.243,0.145,0.971,0.343,0.066,0.511,0.361,0.364
10.034,9.655,411,Cycling T,1.0,0.026,1.251,0.387,0.457,1.794,0.337,0.977,0.364,0.448,0.673,0.509,0.136,0.319,1.034,0.932,0.66,0.108,0.21,0.613,0.17,0.082,0.285,0.338,0.446
6.411,11.104,376,ZNF683+ Teff,1.0,0.029,1.292,1.042,0.101,1.55,0.655,1.438,0.0,0.161,0.144,0.042,0.141,0.006,1.888,0.013,0.369,0.175,0.307,1.342,0.097,0.028,0.102,1.248,0.104
4.599,7.0,516,ITGAE+ Trm,0.688,0.055,2.325,0.442,0.256,0.8,0.135,1.087,0.305,1.617,0.743,0.358,0.12,0.086,0.957,1.481,0.731,0.143,0.203,0.725,0.267,0.264,0.34,0.772,0.385
6.55,6.517,570,ITGAE+ Tex,0.444,0.069,1.741,0.649,0.262,1.482,0.15,1.173,0.094,0.944,0.799,0.268,0.095,0.439,0.772,1.375,0.801,0.069,0.167,0.764,0.167,0.131,0.207,0.464,0.589
10.452,7.483,229,GZMK+ Tex,0.921,0.019,0.793,0.362,0.609,1.076,0.786,1.094,0.496,0.072,0.318,0.09,0.063,0.822,1.301,1.453,0.543,0.032,0.098,0.232,0.146,0.059,1.045,1.735,0.226
1.812,8.448,490,GNLY+ Temra,0.898,0.024,1.421,0.0,0.008,2.27,0.064,1.143,0.005,0.503,0.227,1.421,0.071,0.095,1.741,0.337,0.683,0.414,0.276,0.949,0.253,0.087,0.235,0.128,1.101
9.477,8.69,246,Cycling T,0.939,0.033,1.344,0.524,0.395,2.253,0.629,1.121,0.658,0.155,0.651,0.276,0.047,0.738,1.31,1.675,0.579,0.043,0.147,0.54,0.147,0.047,0.498,0.393,0.389
10.173,11.345,100,Cycling T,1.0,0.131,1.184,0.474,0.704,1.372,0.621,1.07,0.298,0.441,0.492,0.255,0.033,0.493,1.662,1.034,0.762,0.071,0.183,1.059,0.557,0.056,0.8,0.329,0.823
4.041,4.586,471,Early Tcm/Tem,0.51,0.059,1.401,0.09,0.017,0.491,0.034,0.909,0.066,1.645,0.226,1.06,0.216,0.103,0.565,0.488,0.572,0.391,0.345,0.5,0.162,0.416,0.141,0.295,0.351
3.345,9.655,3,ZNF683+ Teff,1.0,0.0,1.581,0.0,0.0,2.229,0.316,0.982,0.0,0.734,0.38,0.714,0.0,0.0,1.9,0.0,0.38,0.971,1.116,0.418,0.0,0.0,0.0,0.38,0.0
0.697,9.414,27,GNLY+ Temra,1.0,0.031,0.601,0.034,0.0,2.4,0.044,0.66,0.0,0.243,0.214,1.46,0.0,0.0,2.164,0.11,0.396,0.396,0.289,0.974,0.258,0.084,0.335,0.098,0.595
3.484,2.172,644,Tcm,0.624,0.045,1.611,0.015,0.016,0.022,0.018,0.682,0.169,2.456,0.165,1.829,0.708,0.041,0.138,0.477,0.426,0.609,0.974,0.482,0.103,0.762,0.03,0.059,0.039
3.205,4.103,622,Early Tcm/Tem,0.868,0.038,1.17,0.053,0.027,0.669,0.039,1.199,0.018,1.969,0.178,1.313,0.319,0.052,0.79,0.247,0.467,0.464,0.547,0.76,0.257,0.493,0.146,0.49,0.177
5.853,11.104,671,ZNF683+ Teff,1.0,0.013,1.237,0.9,0.125,1.525,0.676,1.464,0.002,0.238,0.198,0.037,0.088,0.007,1.683,0.021,0.293,0.25,0.42,1.412,0.155,0.046,0.067,1.131,0.078
5.296,11.586,165,ZNF683+ Teff,1.0,0.01,0.996,0.555,0.075,1.528,0.394,1.355,0.0,0.424,0.169,0.106,0.208,0.0,1.677,0.0,0.245,0.594,1.089,1.597,0.137,0.056,0.057,0.673,0.05
11.428,9.655,446,Cycling T,1.0,0.019,1.076,0.244,0.306,1.204,0.551,0.984,0.511,0.098,0.594,0.401,0.043,0.572,0.993,1.389,0.67,0.101,0.229,0.54,0.202,0.069,0.67,0.31,0.373
10.591,9.172,440,Cycling T,1.0,0.034,0.852,0.195,0.297,1.359,0.357,0.671,0.45,0.216,0.615,0.417,0.155,0.403,0.967,0.892,0.556,0.11,0.306,0.481,0.134,0.099,0.426,0.435,0.364
9.895,8.931,294,Cycling T,0.993,0.024,1.211,0.449,0.359,2.02,0.544,0.977,0.571,0.149,0.666,0.357,0.083,0.71,1.257,1.504,0.553,0.047,0.184,0.503,0.153,0.034,0.432,0.404,0.445
4.599,11.345,274,ZNF683+ Teff,1.0,0.014,0.949,0.45,0.074,1.655,0.471,1.349,0.0,0.432,0.129,0.094,0.199,0.0,1.725,0.006,0.25,0.535,1.102,1.594,0.157,0.062,0.03,0.637,0.044
8.78,8.931,154,Cycling T,0.526,0.013,1.174,0.648,0.619,2.548,0.485,1.16,0.269,0.218,0.899,0.249,0.057,0.527,1.5,1.441,0.694,0.04,0.167,0.611,0.117,0.027,0.328,0.277,0.521
10.591,10.621,635,Cycling T,1.0,0.026,1.316,0.15,0.381,1.472,0.335,1.475,0.074,0.452,0.542,1.182,0.092,0.088,1.195,0.322,0.615,0.363,0.237,0.892,0.145,0.066,0.212,0.222,0.217
8.362,8.207,452,ITGAE+ Tex,0.896,0.018,1.274,0.802,0.782,2.765,0.803,1.286,0.522,0.167,1.078,0.064,0.047,0.82,1.6,1.906,0.685,0.019,0.098,0.577,0.156,0.047,0.478,0.337,0.558
10.173,9.414,453,Cycling T,1.0,0.04,1.046,0.394,0.449,1.902,0.473,0.914,0.518,0.314,0.65,0.401,0.11,0.518,0.968,1.173,0.624,0.115,0.303,0.55,0.13,0.064,0.322,0.323,0.373
10.591,11.104,315,Cycling T,1.0,0.044,0.961,0.267,0.425,1.54,0.397,1.456,0.113,0.505,0.564,1.009,0.064,0.163,1.42,0.384,0.626,0.437,0.307,0.893,0.254,0.065,0.301,0.324,0.299
4.738,7.724,391,ITGAE+ Trm,0.529,0.062,2.352,0.631,0.384,1.04,0.307,1.221,0.334,0.503,0.909,0.37,0.065,0.153,1.56,1.528,0.729,0.141,0.291,0.919,0.442,0.144,0.52,0.309,0.481
3.484,2.655,647,ITGAE+ Trm,0.6,0.057,1.437,0.028,0.008,0.063,0.021,0.644,0.207,2.537,0.179,1.572,0.528,0.055,0.199,0.476,0.406,0.722,0.813,0.583,0.126,0.648,0.042,0.104,0.064
7.665,7.483,611,ITGAE+ Tex,0.867,0.055,1.601,1.102,0.688,2.17,0.589,1.321,0.234,0.356,0.986,0.144,0.102,0.597,1.379,1.83,0.77,0.027,0.176,0.751,0.207,0.076,0.287,0.32,0.565
7.804,11.104,1,XBP1+ Tex,1.0,0.0,1.278,0.0,0.0,2.952,1.278,1.586,0.0,0.0,0.0,1.586,0.0,0.831,3.079,1.586,0.0,0.0,0.0,1.586,0.0,0.0,0.0,1.586,0.0
9.477,6.759,442,GZMK+ Tex,0.706,0.033,1.359,0.688,0.403,2.168,0.99,0.983,0.342,0.137,0.587,0.253,0.017,0.815,1.681,1.81,0.746,0.023,0.153,0.544,0.24,0.042,0.726,0.33,0.355
10.034,10.621,171,Cycling T,1.0,0.011,1.126,0.154,0.316,1.813,0.329,1.119,0.082,0.611,0.455,0.99,0.226,0.087,1.443,0.347,0.756,0.283,0.597,0.884,0.164,0.248,0.224,0.252,0.339
3.066,10.138,6,ZNF683+ Teff,1.0,0.0,1.527,0.578,0.0,0.78,0.0,1.251,0.0,0.267,0.0,0.323,0.0,0.0,1.582,0.0,0.0,0.485,0.716,1.837,0.0,0.0,0.0,0.227,0.0
8.362,10.621,21,Cycling T,0.952,0.0,0.499,0.291,0.0,0.687,0.362,1.337,0.0,0.548,0.304,0.212,0.171,0.0,1.179,0.0,0.501,0.469,0.762,1.713,0.18,0.147,0.0,0.943,0.0
10.173,7.0,386,GZMK+ Tex,0.917,0.018,1.003,0.628,0.569,1.288,1.067,1.29,0.469,0.091,0.459,0.185,0.05,0.953,1.556,1.538,0.58,0.053,0.095,0.437,0.312,0.067,0.864,0.403,0.216
9.337,8.448,220,Cycling T,0.614,0.011,1.047,0.518,0.356,2.074,0.553,1.041,0.572,0.218,0.596,0.267,0.065,0.648,1.43,1.411,0.579,0.069,0.218,0.535,0.197,0.064,0.375,0.457,0.305
11.706,10.621,536,Cycling T,1.0,0.033,1.478,0.27,0.223,1.036,0.373,1.123,0.326,0.238,0.669,0.339,0.264,0.245,0.935,0.9,0.538,0.171,0.366,0.779,0.133,0.175,0.254,0.45,0.159
0.557,9.172,235,GNLY+ Temra,1.0,0.014,0.703,0.006,0.006,2.382,0.08,0.98,0.005,0.163,0.19,1.624,0.087,0.075,2.077,0.036,0.598,0.455,0.232,1.108,0.303,0.038,0.191,0.095,0.782
9.755,11.104,63,Cycling T,1.0,0.095,1.486,0.363,0.588,1.444,0.762,0.837,0.217,0.169,0.403,0.455,0.099,0.498,1.622,0.978,0.912,0.214,0.515,0.829,0.472,0.111,0.93,0.406,1.238
10.313,9.172,373,Cycling T,1.0,0.017,1.019,0.316,0.321,1.68,0.454,0.856,0.537,0.228,0.582,0.364,0.138,0.534,1.006,1.107,0.61,0.098,0.367,0.507,0.171,0.078,0.384,0.426,0.346
0.418,5.069,693,CMC1+ Temra,0.951,0.03,0.914,0.015,0.01,1.795,0.059,0.954,0.019,0.695,0.143,1.697,0.12,0.037,1.773,0.086,0.502,0.257,0.361,0.633,0.303,0.226,0.248,0.05,1.08
9.477,7.241,422,ITGAE+ Tex,0.635,0.037,1.279,0.714,0.473,2.422,0.965,1.241,0.791,0.104,0.524,0.328,0.038,0.971,1.592,2.082,0.566,0.03,0.105,0.428,0.209,0.043,0.53,0.526,0.405
3.763,10.862,492,ZNF683+ Teff,1.0,0.006,1.081,0.34,0.039,1.491,0.486,1.395,0.0,0.518,0.238,0.135,0.153,0.0,1.702,0.0,0.284,0.489,1.027,1.645,0.103,0.039,0.024,0.604,0.02
2.648,4.586,445,CMC1+ Temra,0.528,0.044,1.199,0.052,0.011,0.798,0.031,0.771,0.022,1.569,0.208,1.538,0.293,0.086,0.999,0.207,0.488,0.357,0.575,0.609,0.277,0.621,0.212,0.098,0.606
4.041,10.862,718,ZNF683+ Teff,1.0,0.002,1.137,0.413,0.04,1.522,0.42,1.44,0.0,0.503,0.167,0.136,0.139,0.002,1.69,0.006,0.246,0.411,0.964,1.569,0.09,0.039,0.035,0.751,0.027
9.616,10.862,81,Cycling T,0.988,0.012,0.768,0.354,0.294,1.451,0.23,1.235,0.05,0.674,0.356,0.592,0.228,0.19,1.791,0.354,0.696,0.313,0.815,1.141,0.363,0.248,0.274,0.494,0.618
4.46,4.828,641,ITGAE+ Trm,0.632,0.06,1.365,0.254,0.038,0.576,0.047,0.953,0.137,2.034,0.263,0.789,0.167,0.184,0.651,0.73,0.714,0.393,0.358,0.51,0.151,0.409,0.103,0.39,0.355
3.484,10.862,203,ZNF683+ Teff,1.0,0.004,0.955,0.219,0.016,1.375,0.453,1.347,0.0,0.576,0.188,0.207,0.206,0.0,1.64,0.0,0.25,0.513,1.171,1.639,0.106,0.089,0.0,0.582,0.019
7.804,6.759,639,ITGAE+ Tex,0.571,0.088,1.25,0.641,0.47,1.679,0.411,0.943,0.228,0.785,0.796,0.3,0.093,0.542,1.145,1.468,0.735,0.055,0.32,0.875,0.177,0.232,0.312,0.428,0.528
-0.279,-0.483,965,Tn,1.0,0.011,0.614,0.0,0.004,0.017,0.021,0.455,0.095,2.105,0.212,1.525,1.652,0.004,0.097,0.042,0.212,0.513,1.771,0.66,0.115,1.688,0.045,0.0,0.005
1.115,-0.966,769,Tn,0.999,0.008,1.064,0.0,0.003,0.003,0.014,0.511,0.085,1.984,0.173,1.74,1.359,0.003,0.058,0.075,0.233,0.426,1.611,0.541,0.115,1.55,0.021,0.0,0.007
4.599,1.207,729,Tcm,0.797,0.032,1.201,0.042,0.013,0.015,0.017,0.556,0.095,2.785,0.242,1.532,0.636,0.022,0.242,0.155,0.32,0.52,0.801,0.71,0.165,1.088,0.043,0.078,0.04
0.557,-0.966,947,Tn,1.0,0.009,0.773,0.0,0.003,0.006,0.013,0.51,0.069,2.06,0.161,1.653,1.385,0.001,0.09,0.033,0.218,0.477,1.662,0.602,0.092,1.607,0.016,0.0,0.007
0.976,-1.69,393,Tn,1.0,0.017,0.994,0.0,0.003,0.003,0.011,0.547,0.074,1.953,0.154,1.326,1.273,0.0,0.094,0.045,0.227,0.348,1.526,0.605,0.065,1.422,0.014,0.0,0.0
9.198,10.621,64,Cycling T,1.0,0.022,0.68,0.43,0.225,1.174,0.244,1.068,0.021,0.592,0.403,0.571,0.175,0.132,1.336,0.182,0.483,0.301,0.545,1.221,0.236,0.104,0.093,0.635,0.19
0.418,-1.207,949,Tn,1.0,0.011,0.771,0.0,0.004,0.006,0.016,0.493,0.061,2.119,0.179,1.563,1.407,0.002,0.08,0.035,0.208,0.399,1.655,0.597,0.103,1.581,0.021,0.0,0.004
3.902,1.448,1031,Tcm,0.902,0.018,1.443,0.021,0.022,0.014,0.009,0.578,0.079,2.298,0.205,1.786,0.704,0.056,0.132,0.266,0.323,0.573,0.975,0.671,0.115,0.908,0.049,0.027,0.04
7.944,5.069,734,CREM+ Trm,0.395,0.049,1.65,0.453,0.048,1.113,0.088,0.643,0.091,0.338,0.404,0.582,0.068,0.39,1.023,1.35,0.821,0.128,0.189,0.801,0.23,0.168,0.386,0.18,0.444
0.697,-1.207,828,Tn,1.0,0.007,0.942,0.0,0.003,0.009,0.012,0.532,0.062,1.958,0.179,1.587,1.409,0.0,0.071,0.05,0.218,0.448,1.582,0.547,0.111,1.568,0.015,0.0,0.001
4.599,4.103,867,ITGAE+ Trm,0.796,0.082,1.518,0.133,0.025,0.232,0.021,0.824,0.181,2.174,0.263,1.039,0.194,0.122,0.383,0.702,0.698,0.406,0.418,0.466,0.108,0.438,0.064,0.206,0.273
8.083,3.379,786,ITGB2+ Trm,0.569,0.057,2.113,0.244,0.008,0.192,0.012,0.624,0.104,0.948,0.263,1.164,0.086,0.247,0.688,1.176,0.547,0.183,0.353,0.602,0.313,0.394,0.311,0.21,0.413
5.017,0.966,696,Tcm,0.605,0.028,1.152,0.07,0.006,0.03,0.011,0.522,0.08,2.954,0.25,1.415,0.571,0.049,0.32,0.138,0.308,0.552,0.791,0.812,0.189,1.116,0.041,0.091,0.063
-0.418,-1.69,707,Tn,1.0,0.006,0.509,0.0,0.003,0.007,0.015,0.434,0.072,2.389,0.185,1.394,1.501,0.004,0.075,0.011,0.216,0.46,1.694,0.665,0.104,1.726,0.005,0.0,0.004
6.411,2.414,837,GZMK+ Tem,0.738,0.041,1.446,0.131,0.009,0.105,0.014,0.593,0.036,1.971,0.193,1.479,0.258,0.099,0.688,0.326,0.487,0.506,0.712,0.59,0.361,0.698,0.161,0.121,0.372
5.714,-2.172,704,MAIT,1.0,0.045,1.556,0.455,0.01,0.037,0.008,1.235,0.006,3.298,0.219,1.325,0.046,0.076,1.613,0.049,0.414,0.563,0.237,0.763,0.276,0.895,0.092,0.005,0.101
5.017,1.448,641,Tcm,0.498,0.028,1.409,0.08,0.008,0.053,0.018,0.694,0.078,2.731,0.233,1.479,0.545,0.064,0.359,0.237,0.355,0.525,0.785,0.724,0.182,1.055,0.037,0.121,0.054
-0.836,5.793,320,CMC1+ Temra,0.712,0.037,0.806,0.017,0.005,2.715,0.151,1.053,0.008,0.325,0.214,1.504,0.041,0.045,2.69,0.049,0.815,0.388,0.366,1.128,0.404,0.198,0.348,0.089,1.193
-0.279,0.966,367,Tn,0.995,0.017,0.766,0.0,0.01,0.013,0.038,0.439,0.125,2.158,0.188,1.372,1.507,0.0,0.09,0.085,0.22,0.63,1.647,0.646,0.092,1.476,0.038,0.013,0.0
3.484,5.069,610,CMC1+ Temra,0.57,0.05,1.014,0.066,0.005,0.568,0.017,0.682,0.033,0.806,0.213,1.08,0.144,0.079,0.749,0.251,0.48,0.349,0.312,0.527,0.209,0.408,0.192,0.147,0.546
5.853,-2.414,576,MAIT,1.0,0.045,1.584,0.489,0.01,0.036,0.009,1.314,0.013,3.393,0.218,1.499,0.028,0.047,1.84,0.051,0.423,0.637,0.169,0.882,0.312,1.017,0.121,0.004,0.123
6.132,1.448,614,GZMK+ Tem,0.897,0.037,1.428,0.107,0.014,0.054,0.004,0.529,0.072,2.719,0.254,1.404,0.506,0.107,0.494,0.369,0.388,0.541,0.95,0.674,0.264,1.012,0.106,0.113,0.107
4.181,1.931,877,Tcm,0.748,0.041,1.525,0.022,0.015,0.033,0.019,0.654,0.07,2.404,0.221,1.81,0.62,0.043,0.204,0.334,0.394,0.525,0.807,0.658,0.136,0.923,0.064,0.069,0.039
0.836,-0.483,784,Tn,1.0,0.008,0.906,0.001,0.004,0.01,0.025,0.451,0.128,1.98,0.173,1.816,1.39,0.003,0.067,0.079,0.183,0.554,1.61,0.552,0.1,1.618,0.04,0.004,0.008
0.836,-1.448,649,Tn,1.0,0.008,0.896,0.0,0.0,0.005,0.008,0.51,0.077,1.957,0.133,1.428,1.334,0.0,0.075,0.048,0.209,0.345,1.585,0.605,0.1,1.498,0.018,0.0,0.003
1.672,-1.931,175,Tn,1.0,0.006,1.319,0.0,0.0,0.0,0.013,0.55,0.065,1.563,0.196,1.393,1.129,0.007,0.088,0.078,0.192,0.313,1.379,0.674,0.122,1.301,0.006,0.0,0.009
7.804,2.414,841,GZMK+ Tem,0.895,0.051,1.459,0.202,0.01,0.081,0.009,0.411,0.041,1.38,0.254,1.331,0.136,0.197,0.673,0.597,0.488,0.429,0.604,0.672,0.444,0.732,0.284,0.061,0.394
-0.139,8.931,594,GNLY+ Temra,1.0,0.007,0.582,0.005,0.002,2.461,0.033,0.97,0.005,0.204,0.138,1.572,0.067,0.043,2.304,0.048,0.612,0.518,0.194,1.099,0.313,0.064,0.166,0.111,0.909
3.205,3.621,932,Early Tcm/Tem,0.948,0.032,1.101,0.089,0.032,0.456,0.026,1.247,0.027,2.432,0.169,1.145,0.311,0.046,0.742,0.234,0.418,0.468,0.523,0.868,0.293,0.5,0.143,0.634,0.126
6.271,4.586,738,ITGAE+ Trm,0.405,0.08,1.909,0.214,0.04,0.439,0.019,0.814,0.123,1.633,0.301,0.887,0.116,0.189,0.482,1.027,0.687,0.311,0.336,0.624,0.156,0.368,0.143,0.444,0.584
6.55,2.172,791,GZMK+ Tem,0.812,0.026,1.422,0.119,0.007,0.107,0.008,0.593,0.066,2.129,0.2,1.389,0.277,0.103,0.672,0.388,0.471,0.514,0.707,0.596,0.361,0.784,0.161,0.154,0.329
0.139,1.207,245,Tn,0.988,0.049,0.958,0.0,0.004,0.019,0.009,0.364,0.119,2.267,0.164,1.371,1.405,0.0,0.077,0.137,0.283,0.744,1.407,0.653,0.122,1.362,0.027,0.011,0.023
-0.139,-1.207,1097,Tn,1.0,0.008,0.557,0.0,0.002,0.01,0.009,0.452,0.072,2.237,0.165,1.61,1.582,0.0,0.088,0.016,0.202,0.471,1.762,0.667,0.113,1.713,0.018,0.0,0.011
5.714,-1.207,629,MAIT,1.0,0.048,1.904,0.344,0.002,0.13,0.014,1.196,0.028,2.898,0.281,1.237,0.108,0.068,1.352,0.16,0.462,0.368,0.235,0.732,0.195,0.609,0.079,0.017,0.118
6.132,1.931,668,GZMK+ Tem,0.722,0.037,1.653,0.13,0.011,0.064,0.017,0.707,0.065,2.586,0.245,1.439,0.399,0.097,0.552,0.486,0.443,0.488,0.709,0.647,0.248,0.827,0.137,0.141,0.218
-2.23,0.483,570,Tn,1.0,0.017,0.412,0.0,0.005,0.012,0.027,0.525,0.079,2.503,0.187,1.69,2.091,0.0,0.125,0.014,0.236,0.626,1.951,0.856,0.137,2.186,0.079,0.004,0.007
-0.836,1.448,77,Tn,0.987,0.013,1.152,0.0,0.01,0.056,0.045,0.35,0.104,2.208,0.092,1.369,1.694,0.026,0.16,0.103,0.293,0.601,1.643,0.558,0.093,1.637,0.101,0.026,0.075
2.787,4.828,567,CMC1+ Temra,0.679,0.032,1.115,0.057,0.003,0.656,0.008,0.69,0.022,1.147,0.192,1.231,0.154,0.07,0.958,0.161,0.461,0.329,0.38,0.583,0.266,0.405,0.209,0.096,0.702
1.394,-1.448,658,Tn,1.0,0.007,1.162,0.0,0.003,0.0,0.014,0.558,0.096,1.81,0.18,1.444,1.301,0.0,0.076,0.071,0.245,0.37,1.56,0.605,0.109,1.507,0.019,0.002,0.002
1.812,5.552,897,CMC1+ Temra,0.948,0.036,1.102,0.028,0.008,1.275,0.026,0.777,0.033,0.614,0.147,1.56,0.076,0.049,1.411,0.132,0.574,0.32,0.273,0.625,0.306,0.322,0.299,0.087,1.085
3.066,2.897,952,ITGAE+ Trm,0.752,0.049,1.172,0.018,0.013,0.046,0.02,0.654,0.298,2.802,0.115,1.312,0.7,0.072,0.185,0.78,0.514,0.818,1.068,0.488,0.11,0.447,0.055,0.08,0.032
0.836,-0.966,831,Tn,0.996,0.005,0.943,0.002,0.004,0.005,0.013,0.459,0.088,1.993,0.17,1.712,1.361,0.004,0.073,0.074,0.21,0.412,1.561,0.591,0.125,1.621,0.024,0.0,0.003
3.763,1.69,1001,Tcm,0.864,0.027,1.652,0.018,0.021,0.024,0.018,0.655,0.108,2.391,0.193,1.806,0.687,0.033,0.114,0.335,0.338,0.514,0.927,0.61,0.14,0.929,0.038,0.023,0.034
0.279,-0.483,1036,Tn,0.999,0.01,0.659,0.005,0.002,0.018,0.015,0.452,0.097,2.069,0.195,1.57,1.463,0.0,0.054,0.057,0.208,0.502,1.745,0.631,0.125,1.666,0.021,0.0,0.01
3.484,0.241,773,Tcm,0.982,0.009,0.845,0.008,0.015,0.013,0.013,0.421,0.167,2.71,0.173,1.23,0.901,0.011,0.088,0.109,0.215,0.813,1.57,0.834,0.148,1.019,0.017,0.0,0.01
-0.418,8.931,556,GNLY+ Temra,1.0,0.014,0.512,0.003,0.002,2.65,0.053,1.013,0.004,0.197,0.146,1.629,0.067,0.052,2.502,0.034,0.638,0.585,0.18,1.079,0.317,0.048,0.194,0.119,1.024
4.32,2.655,753,ITGAE+ Trm,0.371,0.031,1.631,0.052,0.036,0.101,0.031,0.791,0.068,2.321,0.262,1.528,0.419,0.083,0.321,0.421,0.466,0.456,0.567,0.621,0.167,0.747,0.075,0.178,0.111
1.951,-1.448,672,Tn,1.0,0.004,1.44,0.0,0.004,0.003,0.01,0.595,0.141,1.722,0.191,1.501,1.141,0.005,0.105,0.116,0.207,0.352,1.552,0.608,0.076,1.342,0.022,0.0,0.002
5.435,0.724,613,GZMK+ Tem,0.612,0.03,0.933,0.054,0.006,0.02,0.009,0.432,0.089,3.025,0.201,1.289,0.597,0.057,0.378,0.095,0.337,0.653,0.963,0.755,0.237,1.126,0.047,0.066,0.069
0.557,-1.448,656,Tn,1.0,0.006,0.857,0.0,0.002,0.004,0.019,0.524,0.082,2.119,0.166,1.461,1.406,0.0,0.063,0.032,0.187,0.392,1.615,0.56,0.103,1.57,0.02,0.0,0.003
5.574,2.414,608,GZMK+ Tem,0.365,0.034,1.767,0.151,0.007,0.106,0.01,0.774,0.046,2.465,0.265,1.433,0.373,0.106,0.51,0.608,0.51,0.401,0.649,0.648,0.263,0.676,0.112,0.098,0.203
-0.279,-1.448,1020,Tn,1.0,0.007,0.565,0.0,0.0,0.003,0.017,0.408,0.07,2.327,0.194,1.485,1.565,0.002,0.081,0.01,0.179,0.456,1.747,0.619,0.104,1.752,0.014,0.0,0.003
5.156,0.724,612,Tcm,0.57,0.03,0.978,0.084,0.004,0.03,0.016,0.478,0.075,3.059,0.284,1.319,0.571,0.031,0.334,0.137,0.306,0.651,0.794,0.757,0.208,1.139,0.035,0.07,0.059
6.132,-2.414,373,MAIT,1.0,0.083,1.7,0.471,0.006,0.023,0.02,1.258,0.012,3.449,0.183,1.595,0.045,0.033,1.763,0.029,0.5,0.603,0.239,0.782,0.365,1.094,0.114,0.0,0.121
5.296,1.931,625,GZMK+ Tem,0.426,0.015,1.652,0.091,0.011,0.069,0.021,0.687,0.036,2.612,0.252,1.669,0.492,0.1,0.442,0.362,0.425,0.529,0.826,0.712,0.262,0.909,0.085,0.119,0.111
8.501,4.586,590,ITGB2+ Trm,0.492,0.05,1.934,0.421,0.052,0.717,0.079,0.694,0.081,0.319,0.377,0.588,0.072,0.42,0.961,1.458,0.681,0.086,0.301,0.739,0.357,0.228,0.503,0.239,0.383
0.418,7.0,862,CMC1+ Temra,0.633,0.028,0.731,0.007,0.011,2.207,0.094,0.938,0.002,0.406,0.218,1.768,0.063,0.064,2.159,0.073,0.669,0.327,0.252,0.769,0.327,0.135,0.306,0.057,1.239
4.041,0.724,747,Tcm,0.969,0.016,0.906,0.038,0.019,0.014,0.009,0.369,0.094,2.614,0.214,1.356,0.666,0.024,0.152,0.102,0.223,0.624,0.904,0.752,0.17,0.937,0.033,0.031,0.012
-0.418,7.483,848,GNLY+ Temra,0.983,0.019,0.727,0.02,0.005,2.244,0.05,1.001,0.007,0.716,0.204,1.588,0.116,0.062,2.16,0.066,0.623,0.539,0.311,1.002,0.426,0.128,0.254,0.074,1.215
0.0,0.966,360,Tn,1.0,0.009,0.829,0.0,0.0,0.013,0.033,0.383,0.131,2.245,0.144,1.376,1.338,0.0,0.081,0.094,0.231,0.718,1.488,0.596,0.108,1.458,0.05,0.004,0.015
-1.533,-0.724,934,Tn,1.0,0.009,0.431,0.0,0.007,0.015,0.019,0.482,0.097,2.084,0.187,1.657,1.781,0.002,0.131,0.018,0.224,0.546,1.761,0.669,0.147,1.971,0.052,0.001,0.003
0.139,-0.241,842,Tn,1.0,0.008,0.618,0.004,0.0,0.012,0.018,0.446,0.107,2.052,0.188,1.548,1.489,0.001,0.095,0.06,0.184,0.539,1.719,0.67,0.105,1.641,0.036,0.0,0.012
2.23,3.379,327,Early Tcm/Tem,0.706,0.04,1.598,0.042,0.004,0.223,0.032,0.711,0.145,2.251,0.204,1.832,1.184,0.028,0.485,0.211,0.409,0.53,1.141,0.691,0.208,1.353,0.095,0.294,0.216
3.484,1.69,1241,Tcm,0.853,0.029,1.758,0.017,0.014,0.017,0.015,0.705,0.143,2.442,0.168,1.938,0.733,0.02,0.089,0.386,0.379,0.535,1.159,0.571,0.111,0.91,0.027,0.022,0.029
6.829,2.172,831,GZMK+ Tem,0.874,0.032,1.333,0.101,0.008,0.076,0.012,0.511,0.023,2.005,0.201,1.355,0.247,0.133,0.718,0.395,0.473,0.511,0.717,0.652,0.374,0.756,0.174,0.125,0.359
5.993,2.172,714,GZMK+ Tem,0.622,0.047,1.617,0.134,0.013,0.113,0.002,0.687,0.074,2.451,0.252,1.529,0.378,0.107,0.579,0.56,0.44,0.526,0.746,0.685,0.299,0.855,0.13,0.119,0.233
0.976,-0.724,880,Tn,0.999,0.011,1.04,0.0,0.003,0.009,0.025,0.468,0.089,2.019,0.19,1.751,1.427,0.001,0.069,0.071,0.183,0.485,1.692,0.529,0.084,1.607,0.021,0.0,0.008
-1.254,-0.241,806,Tn,0.999,0.015,0.502,0.001,0.004,0.01,0.025,0.522,0.076,2.193,0.174,1.685,1.863,0.007,0.103,0.057,0.254,0.535,1.874,0.719,0.102,1.962,0.085,0.002,0.01
-0.279,-0.966,1140,Tn,1.0,0.006,0.551,0.003,0.004,0.011,0.011,0.43,0.074,2.172,0.197,1.576,1.553,0.0,0.087,0.029,0.2,0.461,1.753,0.652,0.108,1.702,0.013,0.0,0.002
4.041,3.138,803,ITGAE+ Trm,0.501,0.053,1.419,0.067,0.028,0.122,0.016,0.741,0.144,2.298,0.184,1.361,0.339,0.084,0.378,0.481,0.493,0.491,0.546,0.508,0.145,0.498,0.09,0.192,0.1
-0.557,0.483,581,Tn,1.0,0.019,0.633,0.0,0.002,0.007,0.011,0.428,0.152,2.053,0.171,1.481,1.664,0.0,0.151,0.078,0.2,0.499,1.603,0.731,0.118,1.649,0.052,0.0,0.008
3.484,5.552,458,CMC1+ Temra,0.616,0.038,1.492,0.067,0.006,0.706,0.035,0.81,0.023,0.566,0.205,1.415,0.079,0.118,1.093,0.363,0.582,0.301,0.252,0.536,0.315,0.341,0.271,0.173,0.866
1.951,3.862,406,Early Tcm/Tem,0.438,0.022,1.434,0.021,0.005,0.646,0.063,0.748,0.122,2.162,0.165,1.998,0.882,0.034,0.901,0.16,0.401,0.503,1.121,0.728,0.241,1.166,0.177,0.163,0.543
-1.254,7.0,587,GNLY+ Temra,0.993,0.024,0.563,0.007,0.0,2.525,0.037,0.954,0.0,0.684,0.208,1.639,0.098,0.039,2.418,0.019,0.631,0.585,0.404,1.143,0.41,0.116,0.248,0.089,1.137
7.665,2.172,863,GZMK+ Tem,0.94,0.058,1.323,0.143,0.007,0.051,0.012,0.339,0.056,1.65,0.228,1.226,0.137,0.199,0.684,0.471,0.417,0.51,0.71,0.62,0.442,0.83,0.316,0.096,0.433
5.574,1.931,609,GZMK+ Tem,0.586,0.027,1.613,0.13,0.003,0.072,0.014,0.733,0.036,2.653,0.236,1.537,0.507,0.085,0.441,0.392,0.399,0.478,0.824,0.725,0.223,0.896,0.079,0.094,0.116
2.23,-1.448,489,Tn,1.0,0.006,1.7,0.0,0.0,0.003,0.026,0.599,0.082,1.738,0.192,1.624,1.042,0.005,0.066,0.109,0.17,0.344,1.577,0.602,0.09,1.357,0.005,0.0,0.004
6.271,1.207,627,GZMK+ Tem,0.9,0.048,1.475,0.119,0.027,0.032,0.025,0.511,0.112,2.798,0.228,1.307,0.583,0.105,0.391,0.344,0.358,0.611,1.022,0.688,0.321,1.072,0.14,0.071,0.141
-0.557,-1.448,1065,Tn,1.0,0.003,0.516,0.002,0.004,0.004,0.012,0.447,0.074,2.327,0.164,1.512,1.625,0.0,0.09,0.009,0.215,0.475,1.807,0.674,0.114,1.725,0.018,0.0,0.006
7.247,2.897,892,GZMK+ Tem,0.74,0.036,1.407,0.103,0.014,0.124,0.002,0.475,0.044,1.275,0.225,1.327,0.154,0.14,0.695,0.462,0.49,0.439,0.583,0.651,0.366,0.692,0.22,0.137,0.444
5.714,-1.69,744,MAIT,1.0,0.036,1.74,0.415,0.008,0.079,0.01,1.311,0.008,3.128,0.232,1.181,0.055,0.057,1.53,0.099,0.436,0.413,0.206,0.78,0.24,0.627,0.07,0.008,0.117
1.812,-1.207,644,Tn,1.0,0.017,1.418,0.0,0.002,0.0,0.031,0.574,0.114,1.875,0.184,1.684,1.246,0.004,0.073,0.077,0.188,0.339,1.608,0.569,0.089,1.38,0.015,0.0,0.004
0.0,-0.483,961,Tn,0.999,0.007,0.615,0.0,0.004,0.009,0.021,0.481,0.093,2.09,0.201,1.611,1.59,0.003,0.096,0.042,0.203,0.491,1.785,0.634,0.095,1.685,0.051,0.001,0.007
5.853,-1.448,681,MAIT,1.0,0.033,1.891,0.368,0.009,0.116,0.011,1.393,0.024,3.046,0.256,1.307,0.074,0.068,1.371,0.159,0.443,0.397,0.198,0.714,0.226,0.657,0.081,0.017,0.139
5.017,-1.931,698,MAIT,1.0,0.018,1.249,0.485,0.002,0.069,0.004,1.032,0.021,2.884,0.207,1.152,0.051,0.05,1.614,0.027,0.33,0.479,0.177,0.805,0.226,0.545,0.081,0.007,0.095
3.066,6.276,533,CMC1+ Temra,0.769,0.029,1.462,0.028,0.015,0.905,0.032,0.876,0.017,0.422,0.21,1.589,0.064,0.072,1.267,0.407,0.6,0.296,0.31,0.601,0.274,0.279,0.244,0.094,0.923
0.697,-0.724,885,Tn,1.0,0.01,0.88,0.0,0.007,0.007,0.01,0.475,0.096,2.069,0.175,1.739,1.454,0.004,0.076,0.072,0.203,0.45,1.675,0.59,0.102,1.645,0.027,0.001,0.004
5.435,1.207,543,GZMK+ Tem,0.643,0.032,1.19,0.066,0.005,0.033,0.019,0.517,0.069,2.812,0.185,1.447,0.654,0.045,0.351,0.155,0.336,0.6,1.005,0.739,0.231,1.018,0.049,0.081,0.076
5.853,1.448,604,GZMK+ Tem,0.828,0.019,1.434,0.11,0.013,0.056,0.024,0.56,0.084,2.759,0.266,1.471,0.576,0.079,0.439,0.325,0.386,0.561,0.965,0.757,0.284,0.946,0.083,0.079,0.135
3.345,0.483,600,Tcm,0.938,0.012,0.939,0.006,0.016,0.008,0.007,0.393,0.128,2.506,0.183,1.242,0.794,0.019,0.105,0.149,0.232,0.81,1.611,0.805,0.142,1.019,0.022,0.013,0.015
-0.836,0.966,369,Tn,1.0,0.027,0.868,0.005,0.01,0.016,0.022,0.586,0.136,2.219,0.213,1.704,1.775,0.007,0.076,0.079,0.242,0.581,1.751,0.603,0.114,1.822,0.051,0.01,0.017
0.697,-1.69,388,Tn,1.0,0.0,0.799,0.0,0.003,0.009,0.015,0.558,0.06,1.971,0.197,1.319,1.332,0.003,0.06,0.029,0.202,0.361,1.551,0.613,0.096,1.557,0.013,0.004,0.0
-0.418,7.966,982,GNLY+ Temra,0.998,0.023,0.716,0.014,0.001,2.347,0.032,0.995,0.002,0.526,0.2,1.685,0.093,0.059,2.113,0.057,0.646,0.496,0.276,1.021,0.359,0.096,0.219,0.085,1.249
2.787,6.759,572,CMC1+ Temra,0.706,0.032,1.43,0.048,0.006,1.198,0.055,0.877,0.007,0.46,0.211,1.576,0.069,0.093,1.273,0.398,0.674,0.34,0.331,0.661,0.255,0.184,0.261,0.142,0.904
4.041,0.241,682,Tcm,0.969,0.018,0.78,0.013,0.01,0.006,0.008,0.375,0.099,2.863,0.185,1.234,0.672,0.013,0.12,0.054,0.229,0.721,1.029,0.788,0.156,0.993,0.024,0.012,0.013
6.132,-1.931,661,MAIT,1.0,0.049,1.858,0.347,0.015,0.069,0.015,1.438,0.008,3.236,0.196,1.541,0.046,0.046,1.555,0.072,0.454,0.53,0.178,0.707,0.229,0.958,0.107,0.009,0.143
-1.254,-1.69,389,Tn,1.0,0.015,0.342,0.0,0.003,0.011,0.016,0.417,0.061,2.417,0.159,1.557,1.738,0.0,0.099,0.011,0.202,0.491,1.807,0.663,0.095,1.841,0.011,0.0,0.008
6.689,1.931,663,GZMK+ Tem,0.897,0.045,1.34,0.085,0.0,0.057,0.01,0.473,0.048,2.277,0.197,1.346,0.329,0.123,0.523,0.343,0.392,0.501,0.846,0.646,0.366,0.834,0.171,0.113,0.286
0.0,-1.448,933,Tn,1.0,0.006,0.679,0.003,0.003,0.012,0.012,0.459,0.061,2.319,0.173,1.468,1.456,0.001,0.084,0.013,0.193,0.438,1.697,0.689,0.098,1.649,0.021,0.0,0.004
-1.533,-1.69,183,Tn,1.0,0.006,0.352,0.005,0.007,0.012,0.022,0.356,0.086,2.416,0.184,1.455,1.718,0.0,0.128,0.006,0.193,0.532,1.759,0.72,0.136,1.861,0.017,0.0,0.0
-2.369,-0.724,342,Tn,1.0,0.017,0.259,0.0,0.008,0.006,0.02,0.571,0.064,2.145,0.17,1.762,1.981,0.0,0.209,0.004,0.219,0.516,1.856,0.878,0.163,2.045,0.046,0.0,0.006
2.509,0.0,525,Tn,0.926,0.029,1.857,0.0,0.004,0.011,0.017,0.479,0.329,1.897,0.18,1.573,0.945,0.001,0.056,0.199,0.224,0.386,1.277,0.459,0.084,1.227,0.026,0.007,0.006
-1.812,0.241,646,Tn,0.997,0.017,0.504,0.0,0.002,0.019,0.018,0.465,0.079,2.358,0.174,1.736,1.954,0.003,0.088,0.031,0.205,0.634,1.934,0.791,0.134,2.137,0.038,0.004,0.007
2.787,3.379,699,Early Tcm/Tem,0.946,0.022,1.118,0.028,0.012,0.383,0.021,1.272,0.037,2.692,0.166,1.31,0.58,0.038,0.724,0.162,0.315,0.598,0.735,0.912,0.276,0.72,0.135,0.451,0.097
5.296,1.448,590,GZMK+ Tem,0.508,0.025,1.408,0.067,0.002,0.028,0.024,0.638,0.099,2.753,0.214,1.617,0.581,0.036,0.406,0.293,0.352,0.577,0.882,0.74,0.182,1.079,0.056,0.083,0.089
1.115,-1.448,646,Tn,1.0,0.006,1.065,0.0,0.005,0.008,0.009,0.536,0.066,1.787,0.192,1.567,1.343,0.0,0.074,0.048,0.199,0.406,1.459,0.639,0.098,1.433,0.026,0.0,0.005
-1.254,1.207,208,Tn,0.995,0.014,0.751,0.0,0.005,0.042,0.042,0.473,0.072,2.367,0.164,1.413,1.809,0.0,0.047,0.062,0.202,0.651,1.787,0.655,0.134,1.803,0.055,0.0,0.008
4.738,0.966,759,Tcm,0.804,0.027,1.094,0.052,0.007,0.016,0.023,0.529,0.079,2.946,0.269,1.375,0.598,0.02,0.272,0.086,0.318,0.563,0.733,0.746,0.165,1.15,0.035,0.082,0.034
2.369,-1.207,513,Tn,1.0,0.01,1.759,0.0,0.0,0.0,0.023,0.591,0.158,1.547,0.14,1.598,0.998,0.002,0.079,0.14,0.194,0.329,1.497,0.527,0.077,1.402,0.012,0.004,0.009
1.533,-1.207,686,Tn,1.0,0.014,1.302,0.0,0.003,0.008,0.019,0.53,0.13,1.873,0.163,1.588,1.252,0.0,0.061,0.088,0.204,0.386,1.532,0.558,0.094,1.472,0.02,0.0,0.006
4.878,0.724,788,Tcm,0.765,0.032,0.96,0.052,0.003,0.025,0.016,0.549,0.078,3.054,0.306,1.25,0.514,0.037,0.29,0.106,0.325,0.627,0.726,0.744,0.223,1.186,0.041,0.06,0.051
0.279,6.759,925,CMC1+ Temra,0.773,0.027,0.73,0.013,0.012,2.31,0.078,0.953,0.003,0.277,0.167,1.86,0.059,0.057,2.225,0.086,0.656,0.295,0.203,0.737,0.363,0.131,0.383,0.042,1.358
0.279,1.448,139,Tn,0.986,0.059,1.05,0.0,0.009,0.0,0.034,0.452,0.198,2.1,0.126,1.285,1.311,0.013,0.104,0.223,0.292,0.721,1.304,0.548,0.069,1.218,0.066,0.044,0.024
0.697,5.069,990,CMC1+ Temra,0.963,0.027,0.944,0.03,0.005,1.51,0.061,0.833,0.02,0.757,0.147,1.822,0.125,0.024,1.712,0.108,0.514,0.22,0.343,0.581,0.236,0.253,0.292,0.065,1.121
2.09,4.586,517,CMC1+ Temra,0.762,0.044,1.234,0.057,0.0,0.902,0.035,0.711,0.064,1.584,0.2,1.488,0.315,0.045,1.118,0.151,0.491,0.302,0.555,0.527,0.237,0.538,0.191,0.108,0.733
6.689,1.448,636,GZMK+ Tem,0.98,0.053,1.329,0.055,0.009,0.032,0.009,0.454,0.072,2.654,0.216,1.383,0.462,0.109,0.467,0.354,0.376,0.635,1.036,0.642,0.344,1.025,0.167,0.096,0.182
-0.139,-0.724,1062,Tn,1.0,0.012,0.566,0.0,0.001,0.005,0.02,0.465,0.061,2.14,0.186,1.612,1.589,0.001,0.075,0.036,0.204,0.476,1.788,0.633,0.107,1.7,0.028,0.003,0.01
2.09,-0.724,629,Tn,0.995,0.025,1.62,0.002,0.002,0.004,0.016,0.55,0.203,1.863,0.162,1.691,1.104,0.007,0.07,0.119,0.215,0.399,1.488,0.528,0.107,1.395,0.018,0.003,0.004
1.672,-0.966,671,Tn,0.997,0.008,1.318,0.0,0.006,0.009,0.024,0.513,0.117,1.879,0.157,1.661,1.269,0.002,0.082,0.12,0.232,0.335,1.552,0.57,0.095,1.428,0.018,0.0,0.006
0.557,8.207,876,GNLY+ Temra,0.991,0.027,0.937,0.008,0.009,2.216,0.042,1.134,0.001,0.375,0.178,1.714,0.093,0.07,1.987,0.101,0.644,0.465,0.24,0.955,0.304,0.117,0.206,0.087,1.204
-1.115,7.724,905,GNLY+ Temra,1.0,0.031,0.514,0.021,0.008,2.516,0.035,0.98,0.0,0.73,0.227,1.561,0.076,0.056,2.289,0.028,0.652,0.581,0.282,1.027,0.355,0.109,0.213,0.071,1.154
2.23,5.793,783,CMC1+ Temra,0.921,0.021,1.154,0.058,0.005,1.125,0.023,0.818,0.011,0.466,0.156,1.604,0.079,0.062,1.448,0.201,0.575,0.323,0.254,0.624,0.358,0.27,0.293,0.112,1.031
7.107,2.655,922,GZMK+ Tem,0.823,0.035,1.27,0.134,0.007,0.11,0.008,0.448,0.048,1.461,0.226,1.253,0.159,0.163,0.679,0.409,0.511,0.459,0.631,0.618,0.419,0.637,0.23,0.116,0.445
5.435,-2.172,765,MAIT,1.0,0.039,1.464,0.542,0.008,0.058,0.01,1.155,0.014,3.208,0.241,1.124,0.03,0.044,1.652,0.057,0.386,0.454,0.178,0.794,0.259,0.783,0.069,0.007,0.106
-1.254,-1.207,1055,Tn,1.0,0.005,0.381,0.001,0.003,0.009,0.02,0.478,0.068,2.291,0.193,1.582,1.76,0.0,0.136,0.01,0.237,0.479,1.787,0.678,0.125,1.827,0.027,0.001,0.003
4.738,1.448,688,Tcm,0.679,0.018,1.376,0.06,0.01,0.034,0.022,0.645,0.087,2.814,0.239,1.626,0.67,0.047,0.289,0.193,0.385,0.559,0.798,0.793,0.193,1.124,0.044,0.108,0.051
2.648,3.138,234,Early Tcm/Tem,0.748,0.046,1.217,0.012,0.0,0.218,0.05,0.941,0.119,2.67,0.185,1.521,0.945,0.025,0.452,0.295,0.364,0.634,0.981,0.761,0.277,0.99,0.15,0.298,0.145
7.107,3.138,837,GZMK+ Tem,0.639,0.042,1.432,0.11,0.013,0.167,0.005,0.532,0.046,1.278,0.27,1.301,0.138,0.137,0.731,0.523,0.519,0.428,0.51,0.584,0.337,0.641,0.25,0.127,0.46
-0.976,-1.69,594,Tn,1.0,0.011,0.41,0.0,0.0,0.004,0.007,0.41,0.068,2.355,0.148,1.5,1.658,0.0,0.096,0.004,0.197,0.443,1.837,0.686,0.134,1.773,0.012,0.0,0.005
-0.418,-1.207,1234,Tn,1.0,0.007,0.497,0.0,0.003,0.009,0.016,0.444,0.081,2.222,0.181,1.589,1.603,0.0,0.09,0.016,0.196,0.47,1.78,0.729,0.117,1.779,0.027,0.001,0.006
5.853,2.414,693,GZMK+ Tem,0.501,0.034,1.787,0.172,0.03,0.124,0.021,0.799,0.068,2.362,0.247,1.355,0.299,0.09,0.581,0.571,0.478,0.411,0.577,0.656,0.282,0.645,0.13,0.151,0.23
0.279,9.172,428,GNLY+ Temra,1.0,0.008,0.609,0.0,0.003,2.373,0.053,0.91,0.0,0.154,0.144,1.634,0.055,0.037,2.195,0.084,0.521,0.462,0.173,1.035,0.274,0.053,0.176,0.11,0.915
3.902,1.931,935,Tcm,0.807,0.02,1.682,0.022,0.036,0.046,0.02,0.694,0.075,2.355,0.203,1.765,0.622,0.039,0.195,0.332,0.357,0.509,0.85,0.659,0.119,0.84,0.032,0.044,0.034
1.533,-0.724,702,Tn,0.991,0.014,1.329,0.0,0.003,0.002,0.02,0.508,0.154,2.007,0.197,1.71,1.268,0.0,0.045,0.093,0.195,0.402,1.602,0.559,0.107,1.451,0.026,0.0,0.006
4.878,1.69,660,Tcm,0.52,0.028,1.494,0.083,0.013,0.053,0.025,0.622,0.106,2.689,0.244,1.642,0.59,0.085,0.3,0.298,0.346,0.496,0.752,0.744,0.204,0.942,0.059,0.089,0.073
7.526,1.931,841,GZMK+ Tem,0.97,0.038,1.312,0.132,0.009,0.025,0.004,0.315,0.055,1.891,0.206,1.303,0.179,0.159,0.635,0.468,0.446,0.568,0.777,0.693,0.489,0.885,0.245,0.091,0.37
0.697,0.241,589,Tn,0.997,0.01,0.956,0.0,0.0,0.011,0.038,0.398,0.154,2.126,0.153,1.458,1.395,0.006,0.076,0.116,0.215,0.587,1.511,0.599,0.094,1.5,0.03,0.005,0.005
1.254,1.69,457,Tn,0.978,0.089,1.376,0.011,0.002,0.008,0.022,0.325,0.239,1.931,0.151,1.217,0.993,0.009,0.055,0.333,0.258,0.667,1.068,0.424,0.054,0.888,0.015,0.022,0.016
4.041,1.69,888,Tcm,0.833,0.02,1.525,0.023,0.022,0.022,0.011,0.62,0.085,2.36,0.235,1.8,0.715,0.043,0.158,0.268,0.317,0.552,0.88,0.677,0.17,0.94,0.047,0.057,0.044
2.927,0.241,222,Tcm,0.541,0.022,1.39,0.009,0.008,0.016,0.03,0.385,0.189,2.191,0.163,1.552,0.828,0.02,0.081,0.191,0.229,0.57,1.42,0.571,0.125,1.079,0.029,0.022,0.015
1.394,-0.966,701,Tn,0.999,0.005,1.212,0.0,0.003,0.008,0.017,0.508,0.154,1.949,0.167,1.738,1.375,0.0,0.062,0.108,0.206,0.437,1.545,0.558,0.07,1.462,0.018,0.003,0.005
5.574,3.862,1121,ITGAE+ Trm,0.853,0.07,2.72,0.185,0.013,0.283,0.033,1.14,0.164,2.34,0.367,0.668,0.131,0.14,0.415,1.172,0.621,0.146,0.137,0.425,0.158,0.343,0.113,0.419,0.213
-0.418,0.724,498,Tn,0.998,0.01,0.642,0.0,0.007,0.01,0.018,0.471,0.126,2.11,0.15,1.51,1.571,0.002,0.115,0.054,0.27,0.588,1.611,0.678,0.105,1.675,0.039,0.0,0.016
2.787,0.0,243,Tn,0.658,0.021,1.573,0.0,0.006,0.006,0.015,0.437,0.191,2.108,0.09,1.507,0.867,0.005,0.075,0.195,0.152,0.462,1.357,0.532,0.103,1.283,0.038,0.013,0.007
5.156,-0.724,279,MAIT,0.989,0.034,1.165,0.247,0.003,0.099,0.014,0.992,0.022,3.002,0.228,1.295,0.399,0.042,0.989,0.091,0.25,0.448,0.629,0.792,0.208,0.914,0.049,0.05,0.08
7.386,3.138,874,GZMK+ Tem,0.659,0.026,1.532,0.144,0.024,0.157,0.009,0.533,0.048,1.168,0.259,1.195,0.164,0.141,0.749,0.616,0.524,0.352,0.545,0.613,0.353,0.627,0.286,0.148,0.463
-1.394,3.862,159,ILTCK,1.0,0.017,1.096,0.0,0.0,2.564,0.286,1.314,0.03,2.16,0.291,1.875,1.188,0.005,2.317,0.065,0.692,0.354,1.785,1.198,0.234,1.298,0.114,0.121,0.63
2.648,6.035,748,CMC1+ Temra,0.864,0.028,1.313,0.033,0.008,1.077,0.02,0.858,0.018,0.393,0.19,1.605,0.072,0.063,1.41,0.273,0.645,0.334,0.24,0.605,0.311,0.242,0.295,0.12,1.006
2.23,0.0,683,Tn,0.956,0.024,1.727,0.001,0.0,0.006,0.011,0.503,0.348,1.922,0.18,1.605,0.981,0.01,0.058,0.17,0.19,0.373,1.42,0.497,0.105,1.231,0.014,0.002,0.01
6.271,1.69,667,GZMK+ Tem,0.868,0.028,1.513,0.125,0.019,0.055,0.015,0.581,0.088,2.579,0.216,1.379,0.47,0.112,0.511,0.42,0.404,0.596,0.866,0.676,0.318,0.902,0.146,0.099,0.196
8.083,2.897,621,GZMK+ Tem,0.68,0.022,1.74,0.213,0.013,0.103,0.02,0.458,0.072,0.959,0.271,1.262,0.116,0.24,0.725,0.796,0.521,0.291,0.523,0.68,0.462,0.587,0.329,0.139,0.373
-0.418,1.207,230,Tn,0.996,0.008,0.825,0.0,0.005,0.036,0.019,0.33,0.159,2.136,0.195,1.381,1.525,0.0,0.109,0.093,0.226,0.749,1.446,0.626,0.11,1.442,0.025,0.021,0.0
6.411,1.931,684,GZMK+ Tem,0.844,0.042,1.447,0.094,0.013,0.05,0.005,0.57,0.061,2.416,0.205,1.419,0.379,0.146,0.638,0.421,0.443,0.493,0.777,0.733,0.336,0.831,0.126,0.122,0.239
-0.836,0.0,625,Tn,1.0,0.012,0.579,0.0,0.005,0.006,0.022,0.476,0.09,2.059,0.212,1.524,1.698,0.0,0.114,0.039,0.199,0.534,1.704,0.609,0.119,1.807,0.061,0.002,0.009
1.115,0.0,615,Tn,0.997,0.012,1.177,0.0,0.007,0.005,0.024,0.403,0.192,2.02,0.2,1.592,1.285,0.005,0.063,0.125,0.197,0.465,1.457,0.524,0.104,1.317,0.033,0.008,0.006
-0.697,-0.241,813,Tn,0.998,0.016,0.558,0.002,0.008,0.01,0.022,0.444,0.11,2.065,0.177,1.56,1.619,0.001,0.11,0.053,0.209,0.447,1.8,0.697,0.124,1.761,0.047,0.003,0.003
3.205,6.035,625,CMC1+ Temra,0.734,0.055,1.438,0.033,0.011,0.765,0.019,0.815,0.008,0.482,0.212,1.516,0.072,0.075,1.118,0.319,0.643,0.322,0.333,0.569,0.303,0.332,0.271,0.132,0.895
1.812,-2.172,20,Tn,1.0,0.048,1.243,0.0,0.0,0.0,0.0,0.194,0.264,1.704,0.115,1.28,1.045,0.0,0.045,0.045,0.067,0.214,1.46,0.363,0.0,1.313,0.0,0.0,0.0
2.369,2.172,293,Tn,0.539,0.054,1.451,0.019,0.024,0.057,0.021,0.357,0.306,1.801,0.125,1.037,0.594,0.029,0.095,0.546,0.367,0.534,0.837,0.341,0.071,0.53,0.024,0.027,0.034
1.115,4.828,816,CMC1+ Temra,0.96,0.023,1.222,0.023,0.007,1.297,0.058,0.817,0.043,1.271,0.14,1.847,0.182,0.027,1.516,0.084,0.464,0.232,0.445,0.554,0.318,0.388,0.273,0.037,0.989
4.599,3.621,744,ITGAE+ Trm,0.734,0.067,1.589,0.113,0.017,0.232,0.013,0.78,0.163,2.305,0.239,1.121,0.257,0.117,0.382,0.741,0.611,0.429,0.345,0.522,0.113,0.465,0.077,0.195,0.201
5.993,-1.207,653,MAIT,1.0,0.035,2.108,0.279,0.01,0.126,0.02,1.298,0.016,2.938,0.202,1.288,0.071,0.075,1.323,0.159,0.417,0.336,0.239,0.674,0.165,0.666,0.085,0.023,0.142
6.411,-1.931,362,MAIT,1.0,0.066,1.936,0.289,0.009,0.025,0.003,1.442,0.017,3.275,0.203,1.652,0.024,0.026,1.474,0.061,0.628,0.491,0.186,0.711,0.286,1.129,0.113,0.008,0.131
1.672,-1.448,689,Tn,1.0,0.01,1.424,0.0,0.002,0.002,0.008,0.563,0.105,1.897,0.172,1.534,1.162,0.0,0.082,0.092,0.207,0.343,1.569,0.571,0.104,1.384,0.036,0.006,0.005
-0.976,0.241,604,Tn,1.0,0.028,0.627,0.0,0.004,0.019,0.013,0.487,0.113,2.182,0.216,1.489,1.706,0.0,0.108,0.045,0.208,0.536,1.712,0.691,0.119,1.817,0.062,0.002,0.007
6.55,1.69,632,GZMK+ Tem,0.932,0.042,1.399,0.099,0.015,0.057,0.012,0.523,0.063,2.473,0.25,1.4,0.478,0.149,0.505,0.341,0.442,0.544,0.915,0.651,0.341,0.908,0.14,0.109,0.218
1.254,-1.69,482,Tn,0.998,0.01,1.12,0.0,0.002,0.007,0.007,0.594,0.093,1.81,0.174,1.396,1.316,0.0,0.105,0.073,0.237,0.332,1.387,0.628,0.087,1.385,0.021,0.002,0.007
4.46,0.966,728,Tcm,0.901,0.018,1.115,0.045,0.008,0.024,0.013,0.565,0.05,2.95,0.254,1.399,0.586,0.039,0.214,0.117,0.325,0.593,0.839,0.766,0.2,1.112,0.031,0.072,0.028
0.139,0.241,633,Tn,0.998,0.018,0.706,0.0,0.0,0.016,0.023,0.456,0.129,2.045,0.215,1.475,1.439,0.004,0.086,0.066,0.176,0.474,1.628,0.644,0.097,1.639,0.038,0.0,0.009
7.107,1.69,713,GZMK+ Tem,0.976,0.03,1.202,0.114,0.005,0.033,0.016,0.404,0.064,2.369,0.218,1.318,0.269,0.126,0.519,0.426,0.418,0.618,0.898,0.684,0.397,0.926,0.221,0.082,0.298
5.156,2.172,640,ITGAE+ Trm,0.322,0.046,1.714,0.111,0.007,0.078,0.015,0.756,0.057,2.623,0.225,1.611,0.491,0.091,0.383,0.45,0.464,0.401,0.707,0.679,0.234,0.846,0.076,0.15,0.115
-0.139,0.241,649,Tn,1.0,0.009,0.683,0.0,0.007,0.017,0.008,0.412,0.116,2.033,0.184,1.493,1.536,0.01,0.132,0.063,0.231,0.531,1.651,0.652,0.122,1.648,0.049,0.013,0.004
7.944,1.69,495,GZMK+ Tem,0.99,0.03,1.253,0.195,0.003,0.018,0.007,0.227,0.104,1.991,0.289,1.329,0.144,0.21,0.646,0.492,0.384,0.586,0.92,0.703,0.489,0.993,0.386,0.065,0.306
-1.812,-0.241,735,Tn,1.0,0.016,0.451,0.0,0.002,0.006,0.013,0.547,0.079,2.257,0.192,1.684,1.928,0.007,0.133,0.033,0.23,0.539,1.992,0.769,0.15,2.044,0.071,0.005,0.005
6.689,3.379,712,GZMK+ Tem,0.449,0.035,1.703,0.115,0.007,0.207,0.015,0.676,0.054,1.336,0.225,1.345,0.175,0.125,0.653,0.628,0.498,0.357,0.48,0.565,0.303,0.514,0.217,0.185,0.465
1.672,4.828,674,CMC1+ Temra,0.938,0.033,1.208,0.049,0.0,1.009,0.059,0.792,0.043,1.317,0.14,1.681,0.182,0.059,1.257,0.144,0.481,0.281,0.458,0.562,0.269,0.453,0.241,0.069,0.911
8.501,5.069,620,ITGB2+ Trm,0.269,0.049,1.75,0.445,0.072,0.898,0.164,0.724,0.071,0.316,0.456,0.605,0.095,0.493,1.002,1.374,0.771,0.14,0.373,0.791,0.319,0.256,0.481,0.211,0.358
5.156,-1.207,410,MAIT,1.0,0.025,1.247,0.458,0.0,0.104,0.02,0.908,0.022,3.005,0.281,1.071,0.127,0.054,1.193,0.088,0.325,0.447,0.254,0.796,0.204,0.589,0.071,0.029,0.134
0.836,0.0,671,Tn,0.996,0.015,0.966,0.0,0.008,0.021,0.013,0.425,0.158,2.08,0.145,1.487,1.359,0.002,0.067,0.105,0.201,0.513,1.496,0.559,0.069,1.394,0.044,0.0,0.017
7.107,5.069,880,CREM+ Trm,0.734,0.07,1.303,0.347,0.047,0.697,0.029,0.608,0.09,0.733,0.349,0.577,0.039,0.329,0.752,1.195,0.847,0.165,0.168,0.711,0.143,0.297,0.237,0.286,0.645
-0.279,0.0,723,Tn,0.999,0.003,0.598,0.002,0.003,0.007,0.009,0.463,0.152,2.05,0.195,1.513,1.571,0.006,0.085,0.043,0.205,0.501,1.772,0.681,0.121,1.694,0.062,0.003,0.007
6.132,2.897,695,GZMK+ Tem,0.433,0.038,1.844,0.125,0.005,0.165,0.022,0.799,0.067,1.972,0.211,1.333,0.195,0.107,0.697,0.531,0.526,0.412,0.546,0.64,0.282,0.607,0.144,0.151,0.36
7.247,3.379,880,GZMK+ Tem,0.55,0.057,1.645,0.131,0.014,0.189,0.009,0.583,0.073,1.14,0.251,1.285,0.134,0.195,0.719,0.65,0.592,0.351,0.519,0.591,0.337,0.572,0.233,0.129,0.457
5.574,-1.448,699,MAIT,0.999,0.036,1.716,0.387,0.013,0.074,0.01,1.144,0.023,3.068,0.247,1.214,0.053,0.086,1.354,0.124,0.396,0.416,0.211,0.732,0.199,0.655,0.067,0.013,0.106
0.279,-0.966,1002,Tn,1.0,0.007,0.691,0.001,0.0,0.007,0.013,0.483,0.079,2.13,0.175,1.621,1.497,0.0,0.07,0.048,0.181,0.466,1.745,0.595,0.094,1.673,0.018,0.0,0.01
1.533,-0.241,665,Tn,0.985,0.018,1.429,0.0,0.006,0.016,0.012,0.489,0.204,1.999,0.145,1.821,1.309,0.012,0.051,0.148,0.181,0.435,1.541,0.524,0.097,1.417,0.032,0.0,0.002
0.139,-0.724,1082,Tn,0.999,0.008,0.634,0.001,0.002,0.013,0.013,0.432,0.076,2.102,0.188,1.608,1.5,0.0,0.081,0.049,0.197,0.465,1.727,0.606,0.112,1.688,0.028,0.001,0.004
5.714,2.172,667,GZMK+ Tem,0.493,0.038,1.688,0.153,0.018,0.115,0.02,0.739,0.057,2.539,0.241,1.481,0.432,0.091,0.513,0.517,0.445,0.481,0.706,0.629,0.251,0.791,0.099,0.13,0.173
-0.976,4.103,733,ILTCK,1.0,0.03,1.084,0.002,0.007,1.923,0.194,1.178,0.078,1.889,0.237,1.991,1.232,0.006,2.102,0.084,0.657,0.54,1.691,1.037,0.245,1.526,0.195,0.313,0.635
6.689,2.414,823,GZMK+ Tem,0.81,0.029,1.374,0.098,0.01,0.11,0.014,0.578,0.038,1.845,0.207,1.383,0.238,0.116,0.714,0.372,0.519,0.503,0.643,0.668,0.332,0.69,0.187,0.159,0.49
2.787,7.241,669,CMC1+ Temra,0.559,0.069,1.702,0.033,0.007,1.726,0.102,1.019,0.012,0.375,0.189,1.39,0.055,0.084,1.467,0.406,0.717,0.302,0.237,0.621,0.226,0.148,0.329,0.108,1.274
1.812,-1.69,594,Tn,1.0,0.008,1.376,0.0,0.0,0.001,0.023,0.595,0.128,1.661,0.191,1.482,1.11,0.002,0.097,0.058,0.18,0.33,1.535,0.658,0.067,1.375,0.012,0.0,0.007
-1.394,0.0,725,Tn,1.0,0.018,0.564,0.0,0.006,0.018,0.011,0.498,0.087,2.294,0.16,1.798,1.891,0.003,0.088,0.048,0.2,0.533,1.925,0.646,0.142,1.988,0.055,0.006,0.016
2.23,-0.483,608,Tn,0.985,0.012,1.734,0.0,0.003,0.003,0.014,0.554,0.276,1.894,0.162,1.671,1.106,0.004,0.056,0.159,0.17,0.397,1.421,0.506,0.077,1.344,0.007,0.005,0.006
6.411,1.448,615,GZMK+ Tem,0.941,0.034,1.412,0.096,0.016,0.039,0.016,0.465,0.103,2.673,0.183,1.518,0.499,0.108,0.419,0.331,0.441,0.606,1.027,0.701,0.336,1.033,0.102,0.096,0.168
5.435,2.172,586,GZMK+ Tem,0.37,0.054,1.615,0.17,0.013,0.103,0.008,0.727,0.088,2.53,0.211,1.459,0.491,0.105,0.468,0.453,0.425,0.498,0.734,0.689,0.207,0.804,0.092,0.118,0.135
6.829,3.138,834,GZMK+ Tem,0.596,0.061,1.486,0.137,0.003,0.157,0.007,0.598,0.051,1.379,0.223,1.343,0.151,0.136,0.695,0.493,0.575,0.41,0.572,0.594,0.355,0.621,0.239,0.14,0.478
0.976,7.483,828,GNLY+ Temra,0.592,0.011,0.909,0.016,0.014,2.071,0.081,0.985,0.002,0.456,0.167,1.61,0.072,0.093,1.931,0.122,0.708,0.33,0.25,0.826,0.314,0.122,0.266,0.072,1.171
6.968,1.448,590,GZMK+ Tem,0.986,0.014,1.193,0.087,0.006,0.012,0.007,0.395,0.061,2.57,0.201,1.317,0.383,0.147,0.531,0.306,0.423,0.619,1.032,0.684,0.36,1.019,0.189,0.093,0.279
5.156,-2.172,652,MAIT,1.0,0.025,1.34,0.561,0.006,0.069,0.002,1.081,0.007,3.119,0.197,1.176,0.033,0.047,1.732,0.058,0.355,0.523,0.199,0.808,0.265,0.662,0.079,0.004,0.08
0.139,0.724,481,Tn,0.998,0.021,0.763,0.0,0.003,0.013,0.015,0.313,0.145,2.216,0.195,1.312,1.341,0.004,0.058,0.095,0.237,0.622,1.506,0.555,0.086,1.418,0.025,0.008,0.005
4.181,0.483,572,Tcm,0.965,0.025,0.784,0.018,0.014,0.005,0.02,0.377,0.108,2.9,0.192,1.29,0.655,0.019,0.167,0.083,0.264,0.663,0.961,0.849,0.166,0.993,0.027,0.025,0.022
4.32,1.69,832,Tcm,0.781,0.027,1.421,0.03,0.014,0.025,0.014,0.591,0.079,2.497,0.232,1.64,0.596,0.05,0.252,0.261,0.335,0.492,0.859,0.709,0.163,0.983,0.06,0.075,0.05
7.526,4.828,877,CREM+ Trm,0.544,0.089,1.518,0.346,0.03,0.77,0.047,0.621,0.075,0.598,0.353,0.65,0.07,0.321,0.829,1.228,0.767,0.172,0.245,0.725,0.234,0.254,0.334,0.177,0.601
3.484,0.724,1012,Tcm,0.965,0.013,1.094,0.01,0.008,0.016,0.006,0.469,0.106,2.518,0.166,1.475,0.762,0.016,0.1,0.147,0.235,0.71,1.491,0.753,0.124,0.952,0.015,0.005,0.017
4.878,1.207,738,Tcm,0.672,0.019,1.252,0.068,0.013,0.033,0.017,0.565,0.074,2.927,0.234,1.5,0.601,0.042,0.328,0.163,0.379,0.534,0.747,0.733,0.214,1.153,0.04,0.095,0.063
1.533,5.552,1016,CMC1+ Temra,0.959,0.026,0.996,0.024,0.006,1.307,0.032,0.784,0.02,0.467,0.141,1.668,0.077,0.051,1.591,0.113,0.529,0.278,0.281,0.59,0.292,0.276,0.322,0.072,1.134
1.533,6.035,1078,CMC1+ Temra,0.95,0.025,0.983,0.019,0.008,1.59,0.05,0.843,0.002,0.327,0.139,1.78,0.061,0.05,1.686,0.144,0.637,0.287,0.217,0.587,0.339,0.179,0.347,0.062,1.252
1.254,-0.724,744,Tn,0.999,0.014,1.097,0.0,0.003,0.007,0.021,0.452,0.11,1.918,0.168,1.77,1.356,0.0,0.043,0.083,0.2,0.457,1.59,0.543,0.08,1.573,0.025,0.002,0.01
2.927,0.724,350,Tcm,0.583,0.005,1.523,0.002,0.007,0.009,0.03,0.435,0.196,2.372,0.215,1.567,0.962,0.014,0.076,0.247,0.203,0.59,1.336,0.64,0.135,1.114,0.008,0.007,0.014
-0.557,4.345,350,ILTCK,1.0,0.045,1.312,0.032,0.029,1.872,0.202,1.188,0.064,1.97,0.256,2.019,0.891,0.013,2.102,0.138,0.651,0.584,1.347,1.02,0.251,1.267,0.209,0.374,0.709
-0.976,8.448,634,GNLY+ Temra,0.998,0.022,0.518,0.007,0.007,2.569,0.034,0.976,0.0,0.425,0.175,1.734,0.083,0.056,2.342,0.025,0.58,0.582,0.175,1.127,0.293,0.075,0.222,0.058,1.153
-0.836,8.207,848,GNLY+ Temra,1.0,0.026,0.576,0.006,0.006,2.451,0.033,0.928,0.001,0.473,0.18,1.733,0.102,0.062,2.264,0.03,0.631,0.549,0.219,1.062,0.396,0.075,0.212,0.096,1.155
-1.812,-0.724,916,Tn,1.0,0.013,0.392,0.0,0.003,0.01,0.012,0.519,0.079,2.109,0.202,1.68,1.867,0.0,0.119,0.015,0.225,0.498,1.837,0.717,0.132,1.968,0.056,0.003,0.003
0.557,-0.483,891,Tn,1.0,0.007,0.765,0.0,0.006,0.01,0.011,0.48,0.113,1.965,0.188,1.64,1.425,0.002,0.066,0.064,0.168,0.501,1.669,0.562,0.067,1.536,0.032,0.004,0.009
5.435,1.69,612,GZMK+ Tem,0.564,0.05,1.546,0.068,0.011,0.046,0.026,0.644,0.083,2.567,0.201,1.608,0.585,0.08,0.396,0.364,0.365,0.521,0.879,0.678,0.231,0.983,0.08,0.111,0.102
0.836,3.862,302,ILTCK,0.977,0.04,0.996,0.017,0.012,1.035,0.032,0.848,0.107,2.036,0.208,1.879,1.15,0.018,1.264,0.12,0.549,0.558,1.458,0.905,0.215,1.543,0.165,0.153,0.618
7.944,1.207,92,GZMK+ Tem,0.989,0.027,1.014,0.148,0.0,0.0,0.0,0.093,0.197,2.609,0.187,1.445,0.18,0.158,0.684,0.261,0.408,0.658,0.986,0.802,0.475,1.197,0.428,0.08,0.222
-0.557,0.966,327,Tn,0.994,0.033,0.753,0.0,0.0,0.011,0.027,0.433,0.116,2.248,0.141,1.515,1.674,0.0,0.11,0.097,0.246,0.564,1.728,0.685,0.144,1.729,0.037,0.008,0.017
-0.836,-0.483,881,Tn,1.0,0.011,0.556,0.0,0.009,0.015,0.014,0.5,0.082,2.124,0.189,1.596,1.741,0.001,0.115,0.049,0.215,0.509,1.799,0.697,0.117,1.848,0.046,0.001,0.005
0.697,-0.241,764,Tn,0.997,0.006,0.876,0.003,0.002,0.014,0.019,0.409,0.121,2.03,0.203,1.653,1.384,0.006,0.058,0.087,0.179,0.501,1.566,0.589,0.081,1.574,0.038,0.005,0.007
-0.976,0.724,456,Tn,0.998,0.02,0.783,0.0,0.019,0.008,0.025,0.477,0.109,2.332,0.206,1.531,1.754,0.005,0.119,0.072,0.222,0.57,1.772,0.673,0.118,1.901,0.065,0.011,0.013
6.411,3.379,710,ITGB2+ Trm,0.386,0.043,1.865,0.145,0.011,0.228,0.019,0.716,0.098,1.538,0.219,1.309,0.183,0.145,0.676,0.578,0.568,0.353,0.471,0.631,0.263,0.502,0.176,0.191,0.471
0.418,-0.724,927,Tn,1.0,0.012,0.746,0.0,0.0,0.012,0.025,0.42,0.072,2.068,0.167,1.723,1.496,0.0,0.071,0.055,0.189,0.524,1.68,0.638,0.114,1.624,0.013,0.0,0.005
0.0,0.483,593,Tn,1.0,0.004,0.748,0.0,0.0,0.011,0.015,0.42,0.141,2.086,0.225,1.484,1.46,0.0,0.096,0.058,0.21,0.605,1.685,0.655,0.108,1.542,0.036,0.002,0.012
6.968,3.379,796,GZMK+ Tem,0.521,0.031,1.521,0.101,0.01,0.195,0.009,0.61,0.052,1.255,0.231,1.252,0.171,0.129,0.683,0.614,0.592,0.401,0.521,0.596,0.328,0.603,0.28,0.167,0.461
0.418,-1.69,447,Tn,1.0,0.005,0.794,0.003,0.0,0.004,0.004,0.493,0.043,2.141,0.175,1.328,1.341,0.005,0.078,0.008,0.248,0.378,1.59,0.587,0.09,1.58,0.01,0.004,0.01
2.648,0.241,366,Tn,0.746,0.028,1.644,0.0,0.005,0.007,0.03,0.455,0.233,2.013,0.155,1.608,0.913,0.019,0.05,0.196,0.202,0.399,1.386,0.544,0.102,1.187,0.017,0.003,0.007
2.23,6.276,808,CMC1+ Temra,0.908,0.029,1.22,0.032,0.005,1.32,0.044,0.83,0.009,0.319,0.184,1.658,0.049,0.064,1.56,0.288,0.656,0.326,0.235,0.674,0.346,0.219,0.289,0.092,1.072
-0.557,-1.931,195,Tn,1.0,0.007,0.474,0.0,0.0,0.011,0.011,0.415,0.076,2.365,0.188,1.158,1.548,0.0,0.067,0.006,0.172,0.462,1.818,0.65,0.104,1.593,0.007,0.0,0.0
-1.812,1.69,91,Tn,1.0,0.005,0.327,0.0,0.047,0.057,0.024,0.199,0.026,2.837,0.036,1.093,1.825,0.0,0.12,0.028,0.126,0.541,2.366,0.822,0.214,1.497,0.084,0.0,0.025
0.976,6.517,1268,CMC1+ Temra,0.946,0.024,0.862,0.008,0.014,1.982,0.104,0.908,0.004,0.186,0.167,1.902,0.043,0.037,2.048,0.13,0.746,0.212,0.153,0.633,0.315,0.135,0.442,0.036,1.428
-1.254,4.103,803,ILTCK,1.0,0.041,0.957,0.004,0.009,2.176,0.251,1.182,0.061,1.913,0.293,2.02,1.293,0.001,2.337,0.064,0.677,0.568,1.686,1.12,0.225,1.521,0.221,0.217,0.688
3.345,5.793,608,CMC1+ Temra,0.715,0.049,1.456,0.064,0.009,0.745,0.015,0.829,0.024,0.461,0.145,1.507,0.078,0.081,1.131,0.338,0.556,0.313,0.31,0.516,0.283,0.392,0.295,0.099,0.885
0.557,3.862,282,ILTCK,0.993,0.031,1.061,0.015,0.007,1.101,0.086,0.875,0.073,2.055,0.212,2.011,1.307,0.021,1.247,0.106,0.582,0.644,1.626,0.926,0.253,1.557,0.145,0.176,0.59
0.279,0.966,391,Tn,0.992,0.026,0.929,0.0,0.003,0.017,0.039,0.347,0.152,2.209,0.222,1.284,1.422,0.006,0.071,0.132,0.212,0.713,1.406,0.581,0.056,1.413,0.033,0.003,0.011
-0.976,7.0,624,GNLY+ Temra,0.992,0.025,0.521,0.015,0.007,2.443,0.044,1.011,0.008,0.732,0.213,1.609,0.105,0.056,2.273,0.035,0.714,0.507,0.4,1.012,0.364,0.147,0.231,0.071,1.175
0.557,0.0,634,Tn,0.995,0.026,0.817,0.0,0.005,0.009,0.026,0.367,0.137,2.073,0.179,1.536,1.422,0.007,0.072,0.089,0.184,0.53,1.58,0.592,0.096,1.566,0.033,0.002,0.011
1.672,0.0,659,Tn,0.961,0.008,1.455,0.0,0.001,0.006,0.023,0.471,0.317,1.973,0.181,1.725,1.264,0.005,0.068,0.175,0.175,0.446,1.437,0.504,0.095,1.318,0.027,0.005,0.011
0.279,7.724,954,GNLY+ Temra,0.947,0.037,0.867,0.01,0.005,2.141,0.054,1.035,0.002,0.516,0.181,1.678,0.106,0.063,1.991,0.087,0.645,0.462,0.249,0.995,0.403,0.168,0.223,0.114,1.223
-1.672,-0.483,824,Tn,1.0,0.006,0.478,0.0,0.007,0.013,0.02,0.513,0.082,2.123,0.201,1.698,1.87,0.003,0.144,0.022,0.214,0.569,1.865,0.717,0.149,2.033,0.069,0.005,0.005
4.041,3.621,836,ITGAE+ Trm,0.611,0.062,1.347,0.083,0.025,0.165,0.03,0.73,0.199,2.227,0.175,1.34,0.319,0.089,0.328,0.571,0.595,0.504,0.502,0.483,0.136,0.475,0.099,0.208,0.163
-0.418,8.448,787,GNLY+ Temra,1.0,0.019,0.673,0.009,0.004,2.523,0.048,1.096,0.002,0.346,0.21,1.682,0.078,0.055,2.249,0.04,0.629,0.488,0.197,1.125,0.369,0.075,0.197,0.098,1.103
-1.672,0.483,598,Tn,1.0,0.022,0.451,0.0,0.002,0.016,0.009,0.38,0.075,2.449,0.135,1.687,1.939,0.002,0.104,0.024,0.213,0.584,1.944,0.747,0.149,2.085,0.044,0.002,0.003
-0.279,0.483,577,Tn,0.995,0.013,0.612,0.0,0.003,0.011,0.02,0.454,0.151,2.091,0.189,1.416,1.474,0.005,0.112,0.053,0.193,0.504,1.641,0.692,0.122,1.629,0.025,0.004,0.006
3.902,6.276,353,CMC1+ Temra,0.377,0.085,1.624,0.074,0.046,0.726,0.024,0.893,0.034,0.84,0.18,1.268,0.077,0.094,0.846,0.677,0.794,0.458,0.292,0.514,0.124,0.334,0.168,0.181,1.053
-0.836,7.241,842,GNLY+ Temra,0.992,0.023,0.62,0.016,0.003,2.387,0.045,1.033,0.004,0.73,0.198,1.574,0.124,0.052,2.272,0.03,0.683,0.576,0.342,1.024,0.385,0.121,0.191,0.081,1.235
7.665,3.621,887,ITGB2+ Trm,0.505,0.039,1.873,0.191,0.018,0.265,0.024,0.566,0.07,0.864,0.279,1.145,0.099,0.219,0.664,0.944,0.587,0.247,0.438,0.562,0.287,0.46,0.273,0.229,0.479
-1.672,0.966,460,Tn,1.0,0.015,0.661,0.004,0.005,0.03,0.011,0.396,0.076,2.549,0.154,1.622,1.94,0.006,0.084,0.032,0.197,0.614,1.971,0.741,0.163,2.024,0.044,0.002,0.019
4.32,7.483,175,MACF1+ T,0.606,0.062,1.776,0.276,0.056,0.596,0.048,0.7,0.091,1.31,0.272,0.736,0.196,0.096,1.212,0.491,0.623,0.387,0.573,0.95,0.516,0.432,0.255,0.213,0.654
-1.254,4.586,217,ILTCK,1.0,0.035,1.205,0.012,0.021,2.436,0.366,1.347,0.046,1.76,0.269,2.135,1.007,0.013,2.713,0.069,0.693,0.532,1.465,1.229,0.315,1.255,0.368,0.263,1.034
5.853,1.931,645,GZMK+ Tem,0.654,0.026,1.669,0.137,0.015,0.059,0.006,0.638,0.043,2.55,0.237,1.553,0.386,0.123,0.512,0.489,0.454,0.492,0.681,0.663,0.23,0.788,0.115,0.121,0.182
3.763,4.586,620,Early Tcm/Tem,0.624,0.033,1.225,0.109,0.022,0.669,0.031,1.026,0.032,1.546,0.192,1.064,0.217,0.06,0.78,0.342,0.44,0.4,0.396,0.579,0.218,0.382,0.157,0.393,0.352
1.115,5.793,1217,CMC1+ Temra,0.963,0.025,0.96,0.02,0.003,1.612,0.045,0.831,0.012,0.33,0.127,1.88,0.045,0.038,1.764,0.12,0.634,0.225,0.225,0.546,0.316,0.206,0.373,0.044,1.349
0.836,-1.931,76,Tn,1.0,0.0,0.897,0.019,0.0,0.0,0.023,0.541,0.103,2.058,0.165,1.404,1.315,0.0,0.105,0.038,0.238,0.372,1.473,0.525,0.083,1.587,0.016,0.0,0.017
4.041,1.207,904,Tcm,0.921,0.025,1.212,0.019,0.022,0.03,0.007,0.457,0.076,2.386,0.182,1.611,0.731,0.035,0.178,0.181,0.272,0.632,0.993,0.763,0.172,0.941,0.046,0.039,0.035
0.279,3.862,298,ILTCK,1.0,0.034,0.963,0.009,0.023,1.255,0.063,0.823,0.045,2.055,0.243,2.019,1.236,0.033,1.436,0.073,0.56,0.663,1.577,0.917,0.246,1.561,0.147,0.164,0.626
0.697,1.69,169,Tn,0.941,0.096,1.112,0.016,0.024,0.017,0.047,0.336,0.367,2.173,0.144,1.238,1.277,0.01,0.077,0.331,0.288,0.832,1.232,0.437,0.075,1.098,0.092,0.0,0.006
6.271,-2.172,395,MAIT,1.0,0.063,1.749,0.456,0.01,0.055,0.01,1.415,0.008,3.341,0.209,1.61,0.029,0.054,1.716,0.046,0.531,0.547,0.189,0.844,0.296,1.131,0.092,0.003,0.149
6.55,3.138,719,GZMK+ Tem,0.54,0.061,1.599,0.112,0.02,0.179,0.01,0.654,0.062,1.54,0.225,1.408,0.166,0.121,0.72,0.6,0.533,0.398,0.532,0.571,0.327,0.593,0.226,0.15,0.448
1.254,-1.207,724,Tn,0.999,0.004,1.12,0.0,0.0,0.001,0.017,0.512,0.122,1.845,0.171,1.667,1.356,0.0,0.072,0.073,0.208,0.393,1.653,0.558,0.105,1.517,0.029,0.0,0.003
-1.951,-0.483,825,Tn,1.0,0.021,0.392,0.0,0.002,0.01,0.011,0.526,0.066,2.201,0.209,1.645,1.967,0.003,0.11,0.031,0.242,0.504,1.856,0.756,0.151,2.065,0.066,0.001,0.0
1.672,-0.483,700,Tn,0.981,0.008,1.351,0.0,0.0,0.002,0.037,0.525,0.176,2.069,0.186,1.773,1.302,0.003,0.05,0.121,0.196,0.442,1.536,0.509,0.117,1.478,0.024,0.002,0.005
-0.557,-0.483,973,Tn,1.0,0.01,0.56,0.0,0.006,0.016,0.02,0.474,0.097,2.101,0.19,1.643,1.657,0.001,0.098,0.05,0.191,0.471,1.838,0.677,0.104,1.774,0.056,0.0,0.002
5.017,1.931,657,Tcm,0.367,0.029,1.645,0.074,0.009,0.048,0.018,0.691,0.054,2.674,0.253,1.471,0.482,0.095,0.365,0.365,0.39,0.423,0.722,0.708,0.163,0.841,0.063,0.139,0.07
5.853,4.345,1109,ITGAE+ Trm,0.808,0.086,2.578,0.244,0.016,0.48,0.027,1.126,0.211,1.976,0.387,0.641,0.089,0.177,0.497,1.324,0.687,0.174,0.188,0.42,0.164,0.258,0.144,0.711,0.363
0.279,-1.931,119,Tn,1.0,0.0,0.598,0.0,0.012,0.01,0.032,0.518,0.054,2.271,0.16,1.147,1.253,0.0,0.052,0.0,0.26,0.509,1.522,0.639,0.057,1.55,0.014,0.0,0.01
0.0,7.724,959,GNLY+ Temra,0.978,0.024,0.815,0.02,0.01,2.163,0.031,1.038,0.003,0.644,0.176,1.585,0.13,0.071,2.025,0.1,0.629,0.53,0.294,0.98,0.38,0.171,0.292,0.101,1.253
5.017,0.483,747,Tcm,0.728,0.025,0.791,0.056,0.004,0.022,0.021,0.431,0.11,3.185,0.266,1.13,0.476,0.043,0.261,0.089,0.334,0.711,0.708,0.767,0.218,1.142,0.032,0.076,0.043
-1.115,3.862,199,ILTCK,1.0,0.045,0.935,0.0,0.004,2.155,0.259,1.092,0.044,2.081,0.262,1.837,1.266,0.0,2.095,0.113,0.643,0.547,1.641,1.124,0.189,1.537,0.172,0.182,0.617
8.64,2.897,386,ITGB2+ Trm,0.541,0.055,2.414,0.399,0.009,0.056,0.044,0.507,0.162,1.062,0.34,1.296,0.114,0.385,0.58,1.231,0.482,0.147,0.435,0.561,0.376,0.517,0.423,0.174,0.249
1.254,3.621,156,ILTCK,0.865,0.016,1.214,0.016,0.01,0.613,0.011,0.681,0.167,2.476,0.214,1.883,1.272,0.032,0.844,0.072,0.385,0.684,1.575,0.738,0.204,1.601,0.079,0.22,0.534
3.623,3.862,589,Early Tcm/Tem,0.837,0.042,1.269,0.084,0.035,0.388,0.058,1.145,0.048,2.052,0.173,1.208,0.314,0.078,0.601,0.36,0.43,0.505,0.495,0.717,0.239,0.465,0.148,0.369,0.157
1.951,-0.966,634,Tn,1.0,0.019,1.646,0.0,0.002,0.001,0.038,0.53,0.157,1.845,0.176,1.681,1.182,0.008,0.083,0.131,0.184,0.41,1.543,0.52,0.097,1.39,0.014,0.001,0.006
6.968,1.931,708,GZMK+ Tem,0.925,0.026,1.294,0.096,0.011,0.052,0.016,0.451,0.045,2.156,0.173,1.385,0.249,0.162,0.628,0.351,0.478,0.588,0.869,0.668,0.385,0.849,0.176,0.116,0.379
-0.697,8.931,373,GNLY+ Temra,1.0,0.019,0.408,0.0,0.003,2.712,0.042,0.913,0.0,0.287,0.174,1.769,0.081,0.028,2.555,0.031,0.603,0.662,0.16,1.178,0.288,0.061,0.183,0.107,1.019
1.672,7.724,775,GNLY+ Temra,0.734,0.031,1.239,0.021,0.009,1.845,0.086,1.034,0.005,0.499,0.166,1.584,0.11,0.091,1.737,0.201,0.667,0.408,0.292,0.78,0.341,0.14,0.216,0.099,1.137
5.714,1.207,568,GZMK+ Tem,0.835,0.032,1.269,0.089,0.008,0.033,0.013,0.509,0.066,2.834,0.21,1.482,0.602,0.082,0.409,0.205,0.335,0.602,0.993,0.761,0.287,1.037,0.068,0.082,0.082
1.394,8.207,726,GNLY+ Temra,0.934,0.037,1.249,0.014,0.002,1.984,0.078,1.132,0.006,0.429,0.193,1.622,0.088,0.06,1.812,0.174,0.639,0.397,0.299,0.933,0.299,0.099,0.181,0.122,1.113
-0.697,7.966,938,GNLY+ Temra,1.0,0.036,0.644,0.015,0.004,2.421,0.036,1.09,0.003,0.536,0.17,1.639,0.094,0.037,2.227,0.04,0.653,0.556,0.245,1.036,0.391,0.113,0.197,0.081,1.223
4.738,4.828,774,ITGAE+ Trm,0.774,0.093,1.524,0.264,0.04,0.655,0.036,0.984,0.145,2.213,0.334,0.654,0.131,0.185,0.628,0.889,0.787,0.342,0.165,0.51,0.133,0.296,0.101,0.474,0.386
-0.279,-1.931,166,Tn,1.0,0.015,0.462,0.0,0.007,0.014,0.008,0.516,0.058,2.313,0.149,1.267,1.45,0.0,0.069,0.0,0.171,0.375,1.764,0.698,0.101,1.704,0.007,0.0,0.007
0.279,1.931,25,MACF1+ T,0.48,0.114,1.621,0.0,0.0,0.067,0.043,0.252,0.072,2.029,0.13,1.035,1.063,0.13,0.166,0.26,0.263,0.475,1.347,0.746,0.326,1.191,0.182,0.142,0.087
6.689,2.897,804,GZMK+ Tem,0.678,0.03,1.414,0.107,0.009,0.181,0.009,0.574,0.053,1.534,0.224,1.348,0.167,0.109,0.713,0.427,0.514,0.433,0.562,0.631,0.346,0.635,0.182,0.129,0.496
1.115,0.966,514,Tn,0.965,0.056,1.487,0.0,0.004,0.015,0.016,0.391,0.336,1.985,0.159,1.406,1.161,0.017,0.074,0.258,0.25,0.481,1.231,0.438,0.093,1.136,0.044,0.012,0.017
1.533,-1.69,602,Tn,1.0,0.002,1.273,0.0,0.003,0.0,0.019,0.61,0.103,1.735,0.193,1.481,1.158,0.003,0.106,0.058,0.205,0.311,1.457,0.637,0.086,1.332,0.007,0.001,0.006
-0.557,6.759,627,GNLY+ Temra,0.726,0.03,0.618,0.014,0.006,2.333,0.051,0.982,0.001,0.627,0.197,1.612,0.111,0.048,2.316,0.055,0.682,0.404,0.335,0.997,0.401,0.147,0.275,0.084,1.176
0.139,7.483,906,GNLY+ Temra,0.891,0.035,0.842,0.02,0.005,2.077,0.049,1.028,0.005,0.614,0.178,1.603,0.115,0.074,2.015,0.069,0.698,0.46,0.324,0.933,0.381,0.155,0.241,0.086,1.197
7.944,7.483,646,ITGAE+ Tex,0.822,0.041,1.518,0.953,0.656,2.147,0.682,1.146,0.331,0.256,0.98,0.13,0.104,0.609,1.397,1.75,0.786,0.046,0.138,0.798,0.194,0.071,0.306,0.3,0.468
4.181,1.448,832,Tcm,0.869,0.015,1.281,0.021,0.012,0.018,0.022,0.59,0.062,2.399,0.23,1.648,0.694,0.046,0.193,0.238,0.336,0.58,0.936,0.722,0.181,0.948,0.052,0.057,0.03
5.714,1.69,628,GZMK+ Tem,0.736,0.034,1.56,0.091,0.016,0.04,0.012,0.659,0.049,2.709,0.185,1.602,0.57,0.069,0.434,0.325,0.394,0.547,0.873,0.682,0.262,0.9,0.087,0.114,0.135
-0.418,-0.724,1018,Tn,1.0,0.005,0.523,0.0,0.005,0.009,0.023,0.441,0.057,2.103,0.157,1.598,1.645,0.0,0.099,0.038,0.207,0.476,1.806,0.678,0.112,1.738,0.041,0.0,0.005
2.23,8.207,665,GNLY+ Temra,0.913,0.049,1.601,0.02,0.007,2.061,0.075,1.145,0.02,0.627,0.177,1.544,0.097,0.109,1.474,0.354,0.669,0.377,0.252,0.824,0.264,0.109,0.146,0.133,1.093
5.435,-1.69,773,MAIT,1.0,0.026,1.453,0.435,0.005,0.1,0.011,1.148,0.027,3.086,0.235,1.083,0.05,0.047,1.488,0.065,0.412,0.432,0.177,0.767,0.196,0.648,0.058,0.016,0.111
5.574,1.448,612,GZMK+ Tem,0.729,0.03,1.398,0.076,0.002,0.037,0.004,0.576,0.064,2.76,0.186,1.556,0.58,0.069,0.404,0.271,0.395,0.524,0.928,0.721,0.262,0.999,0.07,0.11,0.109
7.526,3.379,868,GZMK+ Tem,0.574,0.051,1.668,0.164,0.008,0.212,0.014,0.526,0.06,0.99,0.208,1.22,0.124,0.175,0.732,0.72,0.586,0.33,0.506,0.611,0.404,0.516,0.267,0.136,0.472
5.853,-0.966,526,MAIT,0.998,0.044,2.029,0.285,0.017,0.097,0.009,1.243,0.028,2.947,0.249,1.33,0.122,0.061,1.261,0.177,0.436,0.31,0.255,0.695,0.193,0.694,0.062,0.059,0.138
7.526,2.897,875,GZMK+ Tem,0.761,0.034,1.446,0.142,0.005,0.15,0.006,0.453,0.049,1.226,0.252,1.299,0.162,0.175,0.754,0.554,0.512,0.431,0.58,0.627,0.326,0.698,0.288,0.122,0.411
6.968,2.414,857,GZMK+ Tem,0.865,0.044,1.322,0.108,0.014,0.099,0.004,0.479,0.028,1.662,0.263,1.267,0.179,0.126,0.725,0.381,0.49,0.496,0.706,0.695,0.374,0.769,0.213,0.106,0.454
-1.115,-0.483,892,Tn,1.0,0.005,0.531,0.0,0.007,0.007,0.013,0.473,0.077,2.076,0.208,1.72,1.762,0.005,0.115,0.044,0.222,0.514,1.859,0.669,0.134,1.851,0.065,0.0,0.007
10.452,4.103,226,SELL+ Tpex,1.0,0.007,1.299,0.278,0.031,0.004,0.903,0.022,0.287,0.324,0.715,1.462,1.032,0.063,0.595,0.452,0.508,0.68,1.282,1.077,0.719,1.531,0.365,0.0,0.078
1.672,7.241,1057,CMC1+ Temra,0.728,0.024,1.136,0.013,0.007,2.128,0.082,0.984,0.006,0.266,0.195,1.806,0.07,0.071,2.112,0.185,0.675,0.248,0.186,0.646,0.287,0.121,0.385,0.059,1.322
1.672,5.793,958,CMC1+ Temra,0.938,0.026,1.082,0.017,0.006,1.401,0.05,0.887,0.01,0.434,0.165,1.675,0.06,0.056,1.559,0.15,0.634,0.284,0.25,0.66,0.29,0.252,0.337,0.05,1.125
0.418,-0.241,770,Tn,0.997,0.013,0.715,0.0,0.002,0.011,0.019,0.426,0.102,2.044,0.158,1.553,1.413,0.005,0.055,0.067,0.17,0.491,1.671,0.582,0.062,1.593,0.032,0.003,0.01
0.697,8.448,885,GNLY+ Temra,0.994,0.029,1.043,0.005,0.001,2.234,0.053,1.116,0.008,0.296,0.169,1.7,0.101,0.061,1.947,0.146,0.658,0.415,0.214,0.955,0.289,0.085,0.213,0.122,1.126
0.0,8.207,938,GNLY+ Temra,0.999,0.03,0.799,0.005,0.009,2.303,0.03,1.071,0.0,0.384,0.179,1.723,0.104,0.05,2.13,0.075,0.643,0.497,0.268,1.03,0.341,0.069,0.234,0.115,1.208
-0.836,-1.448,1073,Tn,1.0,0.006,0.452,0.0,0.002,0.019,0.013,0.449,0.065,2.297,0.182,1.594,1.652,0.001,0.093,0.004,0.208,0.489,1.797,0.68,0.127,1.798,0.019,0.001,0.003
7.944,2.655,788,GZMK+ Tem,0.787,0.049,1.68,0.177,0.003,0.063,0.016,0.404,0.061,1.159,0.264,1.29,0.146,0.221,0.676,0.647,0.506,0.391,0.62,0.682,0.435,0.722,0.326,0.113,0.364
-1.115,-1.448,1025,Tn,1.0,0.008,0.403,0.002,0.006,0.011,0.011,0.399,0.074,2.316,0.221,1.586,1.683,0.001,0.104,0.007,0.212,0.453,1.823,0.716,0.12,1.838,0.015,0.001,0.011
-1.254,-0.724,989,Tn,0.999,0.01,0.472,0.002,0.003,0.011,0.022,0.485,0.083,2.116,0.184,1.633,1.75,0.003,0.106,0.023,0.213,0.517,1.775,0.692,0.085,1.839,0.033,0.0,0.001
0.139,-1.69,524,Tn,1.0,0.007,0.745,0.0,0.004,0.014,0.017,0.471,0.054,2.258,0.172,1.398,1.441,0.0,0.061,0.014,0.173,0.401,1.687,0.567,0.096,1.693,0.012,0.003,0.009
5.296,-1.448,665,MAIT,1.0,0.022,1.496,0.373,0.01,0.081,0.01,1.067,0.032,3.016,0.236,1.032,0.059,0.048,1.393,0.096,0.363,0.493,0.19,0.799,0.234,0.625,0.093,0.024,0.08
3.066,2.414,575,ITGAE+ Trm,0.741,0.054,1.328,0.01,0.022,0.035,0.017,0.606,0.232,2.611,0.165,1.494,0.634,0.068,0.097,0.791,0.49,0.863,1.143,0.494,0.091,0.611,0.036,0.029,0.027
1.254,-0.241,599,Tn,0.99,0.01,1.129,0.002,0.005,0.008,0.019,0.435,0.166,2.062,0.15,1.648,1.299,0.002,0.05,0.11,0.206,0.436,1.506,0.552,0.118,1.481,0.024,0.0,0.001
4.878,3.138,776,ITGAE+ Trm,0.691,0.048,1.997,0.119,0.014,0.129,0.014,0.833,0.135,2.393,0.258,1.224,0.312,0.088,0.369,0.661,0.489,0.365,0.395,0.571,0.148,0.586,0.082,0.219,0.165
-1.115,-1.931,109,Tn,1.0,0.0,0.363,0.0,0.0,0.0,0.019,0.379,0.129,2.448,0.116,1.48,1.742,0.0,0.128,0.01,0.172,0.428,1.785,0.662,0.127,1.922,0.023,0.0,0.0
5.296,0.483,610,GZMK+ Tem,0.441,0.029,0.866,0.083,0.008,0.026,0.017,0.444,0.115,3.122,0.241,1.233,0.595,0.027,0.341,0.078,0.303,0.68,0.913,0.737,0.214,1.149,0.041,0.063,0.06
4.46,2.414,770,Tcm,0.449,0.022,1.59,0.051,0.023,0.055,0.025,0.799,0.086,2.423,0.229,1.56,0.488,0.073,0.322,0.419,0.428,0.452,0.701,0.681,0.177,0.798,0.049,0.172,0.104
3.902,0.483,952,Tcm,0.984,0.012,0.902,0.01,0.015,0.016,0.012,0.453,0.124,2.635,0.204,1.367,0.759,0.025,0.176,0.107,0.206,0.673,1.081,0.737,0.163,0.927,0.022,0.017,0.023
6.271,-0.724,383,MAIT,1.0,0.078,2.399,0.617,0.057,0.323,0.066,1.221,0.045,2.844,0.302,0.997,0.035,0.167,1.284,0.635,0.568,0.316,0.106,0.642,0.204,0.475,0.076,0.016,0.186
1.951,-0.483,654,Tn,0.989,0.014,1.571,0.002,0.003,0.005,0.011,0.562,0.241,2.022,0.169,1.768,1.179,0.0,0.067,0.13,0.223,0.412,1.522,0.545,0.094,1.371,0.029,0.003,0.008
0.279,0.483,493,Tn,0.998,0.014,0.806,0.0,0.0,0.003,0.012,0.43,0.156,2.219,0.151,1.433,1.443,0.002,0.082,0.093,0.256,0.631,1.593,0.661,0.093,1.499,0.052,0.004,0.008
2.927,7.0,504,CMC1+ Temra,0.55,0.072,1.739,0.026,0.014,1.409,0.066,1.012,0.016,0.442,0.17,1.356,0.08,0.134,1.212,0.402,0.728,0.34,0.295,0.655,0.199,0.188,0.238,0.109,1.184
1.533,3.621,263,ILTCK,0.631,0.028,1.324,0.01,0.003,0.477,0.028,0.76,0.127,2.293,0.144,1.912,1.288,0.021,0.779,0.128,0.414,0.562,1.265,0.757,0.276,1.357,0.142,0.201,0.449
-0.836,8.69,509,GNLY+ Temra,1.0,0.023,0.473,0.006,0.006,2.572,0.027,1.018,0.0,0.279,0.196,1.746,0.089,0.076,2.415,0.031,0.633,0.603,0.215,1.063,0.365,0.052,0.184,0.093,1.035
-0.976,-0.724,963,Tn,1.0,0.006,0.439,0.0,0.005,0.011,0.015,0.449,0.08,2.193,0.183,1.518,1.727,0.001,0.108,0.034,0.196,0.464,1.806,0.692,0.096,1.802,0.047,0.001,0.005
2.23,-0.966,634,Tn,0.998,0.006,1.591,0.0,0.002,0.007,0.021,0.572,0.218,1.834,0.193,1.677,1.049,0.0,0.075,0.139,0.217,0.347,1.46,0.561,0.118,1.355,0.019,0.003,0.003
2.369,-0.724,636,Tn,0.994,0.017,1.846,0.0,0.0,0.0,0.021,0.522,0.222,1.753,0.132,1.534,0.911,0.007,0.066,0.173,0.179,0.374,1.411,0.494,0.087,1.336,0.022,0.003,0.007
6.829,1.69,644,GZMK+ Tem,0.949,0.033,1.312,0.107,0.008,0.026,0.009,0.52,0.057,2.444,0.197,1.332,0.366,0.098,0.578,0.38,0.455,0.61,0.962,0.623,0.404,0.929,0.164,0.136,0.266
2.369,3.621,372,Early Tcm/Tem,0.731,0.034,1.543,0.018,0.006,0.396,0.041,0.838,0.156,2.363,0.164,1.813,0.97,0.059,0.631,0.158,0.403,0.435,0.999,0.76,0.254,1.265,0.151,0.352,0.312
6.411,-2.414,42,MAIT,1.0,0.038,1.721,0.44,0.028,0.0,0.0,1.435,0.0,3.182,0.179,1.989,0.065,0.094,2.03,0.065,0.67,0.734,0.213,0.801,0.319,1.248,0.154,0.0,0.175
2.787,5.31,718,CMC1+ Temra,0.784,0.026,1.093,0.076,0.016,0.879,0.021,0.681,0.017,0.62,0.182,1.283,0.108,0.061,1.104,0.182,0.594,0.327,0.258,0.593,0.305,0.379,0.252,0.108,0.791
7.526,1.448,601,GZMK+ Tem,0.99,0.03,1.105,0.158,0.006,0.019,0.011,0.278,0.067,2.418,0.211,1.184,0.252,0.206,0.564,0.304,0.39,0.698,1.012,0.7,0.477,1.009,0.28,0.073,0.273
5.993,1.207,565,GZMK+ Tem,0.897,0.039,1.352,0.142,0.018,0.059,0.009,0.55,0.073,2.855,0.219,1.387,0.592,0.086,0.431,0.29,0.36,0.563,0.955,0.746,0.29,1.013,0.123,0.066,0.149
3.205,1.69,792,Tcm,0.75,0.042,1.775,0.013,0.021,0.019,0.021,0.718,0.207,2.556,0.19,1.841,0.823,0.034,0.068,0.449,0.344,0.653,1.287,0.564,0.127,0.939,0.022,0.017,0.022
6.271,3.138,737,GZMK+ Tem,0.418,0.043,1.804,0.127,0.005,0.187,0.016,0.763,0.09,1.733,0.23,1.344,0.187,0.084,0.697,0.568,0.49,0.378,0.449,0.608,0.267,0.544,0.16,0.195,0.406
3.205,2.172,621,Tcm,0.544,0.07,1.586,0.014,0.017,0.028,0.028,0.678,0.197,2.589,0.145,1.727,0.75,0.044,0.105,0.59,0.486,0.757,1.212,0.528,0.102,0.737,0.014,0.027,0.014
7.386,1.207,363,GZMK+ Tem,0.981,0.048,0.929,0.116,0.007,0.016,0.015,0.241,0.088,2.602,0.164,1.346,0.359,0.113,0.555,0.173,0.372,0.717,1.159,0.695,0.47,1.275,0.254,0.112,0.194
4.878,7.483,668,ITGAE+ Trm,0.728,0.039,2.454,0.686,0.486,1.129,0.223,1.208,0.422,0.716,1.072,0.258,0.055,0.101,1.366,1.715,0.841,0.048,0.131,0.875,0.327,0.151,0.461,0.584,0.39
1.812,-0.241,724,Tn,0.972,0.028,1.513,0.002,0.001,0.003,0.018,0.476,0.27,1.947,0.169,1.716,1.163,0.003,0.066,0.156,0.161,0.414,1.444,0.521,0.08,1.364,0.019,0.004,0.007
6.968,2.897,871,GZMK+ Tem,0.744,0.043,1.347,0.131,0.006,0.149,0.005,0.531,0.044,1.385,0.218,1.293,0.144,0.133,0.76,0.431,0.528,0.432,0.586,0.668,0.379,0.684,0.186,0.129,0.459
0.279,5.31,901,CMC1+ Temra,0.952,0.017,0.807,0.018,0.001,1.915,0.06,0.882,0.012,0.421,0.146,1.769,0.065,0.028,1.996,0.054,0.61,0.219,0.345,0.645,0.334,0.219,0.313,0.056,1.215
0.557,7.241,754,GNLY+ Temra,0.511,0.031,0.839,0.009,0.011,2.188,0.084,1.021,0.002,0.447,0.19,1.68,0.072,0.066,2.071,0.107,0.707,0.326,0.245,0.799,0.362,0.136,0.312,0.072,1.24
-0.557,8.69,643,GNLY+ Temra,1.0,0.018,0.55,0.008,0.002,2.546,0.026,0.996,0.002,0.276,0.183,1.705,0.075,0.048,2.377,0.034,0.606,0.521,0.208,1.072,0.345,0.066,0.213,0.09,1.075
7.665,3.138,869,GZMK+ Tem,0.666,0.046,1.559,0.193,0.022,0.162,0.01,0.488,0.05,0.996,0.274,1.209,0.117,0.196,0.74,0.734,0.528,0.331,0.537,0.677,0.381,0.569,0.286,0.093,0.458
2.648,5.069,690,CMC1+ Temra,0.752,0.022,1.093,0.064,0.018,0.827,0.019,0.697,0.024,0.904,0.177,1.229,0.139,0.067,1.045,0.208,0.46,0.312,0.358,0.479,0.241,0.401,0.198,0.091,0.733
1.394,-1.931,125,Tn,1.0,0.01,1.121,0.0,0.0,0.0,0.007,0.631,0.08,1.601,0.197,1.471,1.299,0.0,0.16,0.109,0.194,0.295,1.516,0.591,0.055,1.328,0.01,0.0,0.014
8.222,2.172,489,GZMK+ Tem,0.912,0.046,1.87,0.332,0.007,0.024,0.021,0.294,0.055,1.638,0.257,1.474,0.185,0.318,0.622,0.936,0.507,0.329,0.702,0.71,0.478,0.78,0.435,0.068,0.371
-1.533,4.103,673,ILTCK,1.0,0.024,0.824,0.0,0.006,2.47,0.266,1.278,0.058,1.949,0.272,1.946,1.298,0.003,2.596,0.039,0.747,0.496,1.613,1.183,0.279,1.414,0.195,0.11,0.764
6.411,3.862,710,ITGB2+ Trm,0.324,0.057,2.029,0.184,0.018,0.308,0.028,0.891,0.157,1.634,0.217,1.132,0.157,0.17,0.615,0.925,0.584,0.339,0.354,0.567,0.197,0.41,0.121,0.298,0.413
9.058,5.069,481,GZMK+ Tex,0.441,0.039,1.805,0.469,0.103,0.679,0.356,0.735,0.133,0.242,0.487,0.555,0.156,0.488,1.071,1.434,0.641,0.119,0.326,0.705,0.362,0.262,0.614,0.209,0.225
2.927,4.586,407,CMC1+ Temra,0.41,0.019,1.145,0.064,0.024,0.663,0.044,0.784,0.049,1.637,0.196,1.411,0.319,0.062,0.874,0.229,0.526,0.352,0.575,0.727,0.282,0.591,0.198,0.164,0.586
4.32,1.207,722,Tcm,0.892,0.016,1.197,0.035,0.016,0.019,0.021,0.55,0.087,2.724,0.189,1.633,0.673,0.042,0.235,0.137,0.306,0.563,0.893,0.746,0.185,1.068,0.035,0.053,0.028
2.509,-1.931,13,Tn,1.0,0.084,1.442,0.0,0.0,0.0,0.0,0.586,0.107,1.481,0.234,1.799,1.173,0.0,0.161,0.0,0.0,0.16,1.693,0.465,0.07,1.599,0.0,0.0,0.0
5.993,-1.69,674,MAIT,1.0,0.065,1.86,0.349,0.005,0.089,0.015,1.403,0.012,3.124,0.195,1.381,0.063,0.05,1.501,0.113,0.51,0.418,0.226,0.799,0.26,0.795,0.094,0.017,0.12
4.599,2.172,789,Tcm,0.518,0.032,1.716,0.085,0.017,0.044,0.031,0.704,0.075,2.464,0.243,1.66,0.574,0.074,0.29,0.443,0.392,0.504,0.717,0.658,0.169,0.873,0.065,0.115,0.064
4.181,0.966,708,Tcm,0.925,0.018,1.13,0.018,0.019,0.02,0.015,0.462,0.089,2.747,0.189,1.503,0.651,0.027,0.165,0.136,0.31,0.556,0.889,0.729,0.117,1.03,0.031,0.041,0.029
6.271,-1.69,652,MAIT,1.0,0.08,2.047,0.288,0.01,0.064,0.013,1.453,0.005,3.171,0.21,1.521,0.022,0.064,1.51,0.142,0.551,0.411,0.178,0.73,0.257,0.941,0.098,0.005,0.135
-0.557,-0.966,1109,Tn,1.0,0.003,0.486,0.0,0.001,0.01,0.022,0.476,0.073,2.167,0.174,1.676,1.637,0.0,0.104,0.022,0.216,0.507,1.794,0.687,0.126,1.782,0.037,0.0,0.007
5.714,4.103,1113,ITGAE+ Trm,0.857,0.08,2.707,0.238,0.011,0.343,0.02,1.179,0.143,2.177,0.423,0.638,0.106,0.185,0.427,1.298,0.696,0.149,0.149,0.399,0.149,0.297,0.135,0.535,0.246
7.247,2.414,891,GZMK+ Tem,0.89,0.027,1.315,0.086,0.015,0.071,0.0,0.397,0.059,1.636,0.228,1.243,0.144,0.137,0.683,0.363,0.479,0.513,0.673,0.645,0.42,0.737,0.229,0.085,0.439
-0.139,4.103,355,ILTCK,1.0,0.041,1.193,0.021,0.027,1.665,0.13,1.005,0.067,1.904,0.237,1.917,1.156,0.024,1.699,0.133,0.601,0.574,1.544,0.93,0.261,1.412,0.178,0.204,0.688
5.853,-1.931,703,MAIT,1.0,0.043,1.737,0.421,0.008,0.059,0.0,1.303,0.006,3.176,0.247,1.283,0.029,0.055,1.528,0.09,0.484,0.49,0.159,0.821,0.26,0.838,0.111,0.01,0.129
0.976,0.241,667,Tn,0.991,0.012,1.019,0.003,0.006,0.015,0.016,0.412,0.221,2.162,0.192,1.553,1.289,0.003,0.042,0.136,0.177,0.523,1.463,0.506,0.097,1.375,0.028,0.005,0.017
-1.394,1.448,93,Tn,0.978,0.042,0.896,0.0,0.0,0.134,0.021,0.342,0.061,2.154,0.226,1.389,1.818,0.011,0.105,0.03,0.356,0.481,1.868,0.679,0.131,1.511,0.095,0.0,0.033
8.222,3.621,873,ITGB2+ Trm,0.691,0.088,2.242,0.199,0.009,0.215,0.013,0.788,0.109,0.711,0.267,1.078,0.058,0.251,0.629,1.211,0.593,0.128,0.296,0.477,0.327,0.343,0.326,0.293,0.395
6.271,2.172,727,GZMK+ Tem,0.746,0.039,1.566,0.146,0.012,0.14,0.004,0.683,0.059,2.285,0.229,1.43,0.339,0.114,0.594,0.428,0.482,0.468,0.684,0.664,0.293,0.749,0.144,0.166,0.322
0.0,-0.966,1114,Tn,1.0,0.008,0.642,0.0,0.003,0.01,0.013,0.456,0.078,2.214,0.178,1.656,1.55,0.001,0.073,0.02,0.187,0.479,1.763,0.592,0.107,1.732,0.018,0.004,0.004
6.132,-1.448,734,MAIT,1.0,0.057,2.021,0.337,0.008,0.1,0.009,1.493,0.01,3.101,0.179,1.408,0.043,0.046,1.424,0.166,0.511,0.373,0.181,0.714,0.22,0.774,0.101,0.014,0.149
1.394,4.345,485,CMC1+ Temra,0.814,0.028,1.338,0.032,0.013,1.174,0.032,0.726,0.058,1.738,0.182,1.776,0.413,0.02,1.265,0.151,0.42,0.357,0.64,0.598,0.262,0.65,0.207,0.047,0.876
2.23,4.828,620,CMC1+ Temra,0.789,0.037,1.175,0.064,0.009,0.867,0.026,0.632,0.045,1.236,0.184,1.418,0.196,0.056,1.136,0.191,0.473,0.309,0.472,0.614,0.287,0.441,0.235,0.094,0.782
-0.976,6.517,415,GNLY+ Temra,0.817,0.034,0.628,0.009,0.005,2.595,0.063,1.084,0.009,0.56,0.196,1.66,0.098,0.034,2.574,0.041,0.77,0.474,0.412,1.073,0.318,0.118,0.299,0.069,1.146
3.763,2.655,614,ITGAE+ Trm,0.406,0.027,1.378,0.044,0.039,0.067,0.017,0.751,0.107,2.456,0.205,1.511,0.528,0.046,0.305,0.449,0.392,0.534,0.741,0.629,0.145,0.63,0.079,0.191,0.054
1.951,0.0,591,Tn,0.956,0.018,1.603,0.0,0.003,0.003,0.017,0.462,0.299,2.029,0.153,1.681,1.16,0.009,0.049,0.133,0.194,0.432,1.393,0.477,0.072,1.302,0.015,0.007,0.006
0.697,0.724,473,Tn,0.989,0.016,1.145,0.0,0.006,0.017,0.021,0.393,0.18,2.238,0.132,1.457,1.368,0.0,0.068,0.144,0.202,0.624,1.42,0.577,0.09,1.419,0.032,0.007,0.008
5.296,0.0,211,MAIT,0.673,0.044,1.177,0.269,0.017,0.058,0.017,0.676,0.056,3.05,0.299,1.121,0.542,0.076,0.765,0.121,0.401,0.574,0.722,0.821,0.234,0.943,0.04,0.06,0.085
-1.533,1.207,217,Tn,0.995,0.032,0.708,0.006,0.012,0.034,0.022,0.301,0.121,2.489,0.17,1.269,1.712,0.0,0.062,0.02,0.211,0.617,1.791,0.687,0.17,1.625,0.089,0.0,0.033
1.394,7.724,739,GNLY+ Temra,0.719,0.039,1.126,0.014,0.007,1.979,0.081,0.987,0.009,0.407,0.185,1.644,0.087,0.076,1.848,0.221,0.661,0.323,0.273,0.862,0.318,0.112,0.236,0.095,1.151
-0.139,0.724,501,Tn,0.998,0.019,0.672,0.003,0.015,0.021,0.006,0.347,0.147,2.109,0.186,1.452,1.493,0.003,0.091,0.086,0.23,0.562,1.56,0.619,0.104,1.554,0.049,0.002,0.007
0.418,0.241,564,Tn,1.0,0.01,0.857,0.0,0.009,0.02,0.027,0.416,0.119,2.182,0.148,1.557,1.455,0.002,0.056,0.088,0.242,0.556,1.594,0.694,0.127,1.517,0.043,0.004,0.014
8.222,2.655,556,GZMK+ Tem,0.678,0.037,1.957,0.295,0.004,0.084,0.009,0.41,0.089,1.232,0.252,1.32,0.122,0.26,0.683,0.947,0.476,0.274,0.522,0.664,0.456,0.749,0.424,0.113,0.311
3.763,6.035,393,CMC1+ Temra,0.506,0.037,1.604,0.055,0.004,0.754,0.031,0.879,0.04,0.64,0.235,1.363,0.085,0.068,0.972,0.599,0.73,0.323,0.361,0.589,0.225,0.358,0.277,0.215,0.895
-0.976,7.966,850,GNLY+ Temra,0.999,0.021,0.493,0.022,0.012,2.489,0.029,0.992,0.001,0.593,0.179,1.655,0.084,0.067,2.206,0.028,0.68,0.545,0.209,1.043,0.39,0.091,0.229,0.089,1.115
1.672,3.862,354,ILTCK,0.384,0.012,1.427,0.014,0.009,0.784,0.064,0.763,0.111,2.219,0.227,1.995,0.99,0.022,0.916,0.176,0.437,0.49,1.162,0.755,0.164,1.246,0.165,0.165,0.559
2.927,5.552,668,CMC1+ Temra,0.777,0.019,1.181,0.067,0.009,0.826,0.02,0.781,0.009,0.576,0.21,1.305,0.074,0.085,1.144,0.237,0.587,0.356,0.338,0.606,0.306,0.338,0.336,0.133,0.844
0.0,-1.931,151,Tn,1.0,0.0,0.524,0.0,0.0,0.007,0.018,0.581,0.076,2.378,0.19,1.312,1.369,0.0,0.101,0.009,0.175,0.401,1.729,0.628,0.107,1.675,0.0,0.0,0.009
4.46,1.448,742,Tcm,0.825,0.016,1.35,0.065,0.01,0.042,0.026,0.611,0.077,2.747,0.228,1.651,0.692,0.053,0.249,0.217,0.303,0.55,0.849,0.748,0.194,1.075,0.037,0.085,0.037
3.763,1.207,1252,Tcm,0.962,0.015,1.409,0.013,0.01,0.018,0.01,0.505,0.086,2.318,0.183,1.755,0.729,0.026,0.12,0.216,0.29,0.59,1.082,0.673,0.123,0.849,0.035,0.015,0.019
1.951,-1.931,107,Tn,1.0,0.015,1.476,0.0,0.0,0.0,0.0,0.643,0.12,1.597,0.177,1.253,1.088,0.0,0.048,0.019,0.152,0.264,1.443,0.554,0.065,1.349,0.02,0.0,0.01
0.139,-1.207,1053,Tn,1.0,0.008,0.694,0.0,0.002,0.017,0.01,0.479,0.084,2.185,0.174,1.553,1.474,0.001,0.073,0.021,0.202,0.457,1.689,0.609,0.115,1.671,0.017,0.0,0.005
-0.139,-1.69,657,Tn,1.0,0.006,0.619,0.0,0.003,0.012,0.007,0.468,0.08,2.309,0.175,1.407,1.502,0.0,0.084,0.011,0.245,0.422,1.716,0.647,0.11,1.702,0.011,0.004,0.003
6.411,-1.448,586,MAIT,1.0,0.079,2.217,0.306,0.008,0.076,0.019,1.477,0.017,3.092,0.191,1.554,0.033,0.047,1.426,0.197,0.625,0.393,0.172,0.633,0.236,0.914,0.099,0.018,0.158
3.763,0.724,1378,Tcm,0.981,0.021,1.04,0.015,0.011,0.01,0.006,0.421,0.085,2.435,0.188,1.411,0.692,0.027,0.119,0.132,0.252,0.691,1.169,0.767,0.13,0.886,0.037,0.01,0.022
5.714,2.655,655,GZMK+ Tem,0.351,0.035,1.922,0.223,0.021,0.15,0.029,0.896,0.047,2.412,0.264,1.245,0.288,0.113,0.539,0.672,0.473,0.4,0.555,0.573,0.229,0.547,0.11,0.124,0.235
-1.254,8.448,520,GNLY+ Temra,1.0,0.018,0.385,0.004,0.013,2.617,0.027,0.982,0.002,0.421,0.191,1.725,0.1,0.038,2.471,0.035,0.611,0.632,0.197,1.098,0.437,0.067,0.207,0.102,1.129
5.156,4.586,909,ITGAE+ Trm,0.845,0.093,2.034,0.271,0.029,0.552,0.019,1.017,0.154,2.234,0.35,0.564,0.12,0.176,0.541,1.1,0.768,0.235,0.174,0.489,0.145,0.329,0.112,0.481,0.378
0.976,-1.207,700,Tn,1.0,0.006,0.973,0.0,0.002,0.01,0.011,0.515,0.082,1.963,0.202,1.708,1.382,0.0,0.049,0.058,0.238,0.42,1.607,0.559,0.094,1.544,0.021,0.0,0.001
0.976,-2.172,9,Tn,1.0,0.0,0.866,0.0,0.0,0.0,0.0,0.732,0.0,2.065,0.0,1.831,1.51,0.0,0.0,0.0,0.438,0.491,1.36,0.779,0.0,1.793,0.0,0.0,0.0
4.041,5.069,578,Early Tcm/Tem,0.358,0.079,1.27,0.127,0.026,0.655,0.036,0.869,0.067,1.186,0.255,0.881,0.13,0.081,0.687,0.499,0.532,0.325,0.279,0.492,0.163,0.275,0.173,0.425,0.4
6.271,-1.207,582,MAIT,1.0,0.079,2.371,0.346,0.004,0.115,0.025,1.355,0.022,3.029,0.213,1.351,0.044,0.084,1.391,0.281,0.554,0.347,0.15,0.581,0.181,0.697,0.117,0.027,0.166
7.386,2.655,852,GZMK+ Tem,0.85,0.05,1.29,0.105,0.012,0.099,0.004,0.42,0.052,1.348,0.256,1.199,0.136,0.164,0.684,0.425,0.483,0.48,0.555,0.627,0.395,0.595,0.268,0.102,0.453
5.435,2.655,612,ITGAE+ Trm,0.392,0.035,1.904,0.176,0.019,0.141,0.018,0.74,0.096,2.478,0.268,1.306,0.32,0.112,0.435,0.621,0.521,0.396,0.545,0.632,0.242,0.659,0.103,0.146,0.146
8.501,2.172,237,GZMK+ Tem,0.772,0.053,2.082,0.372,0.011,0.007,0.022,0.276,0.083,1.576,0.269,1.338,0.318,0.336,0.484,1.001,0.473,0.293,0.816,0.665,0.618,0.877,0.423,0.123,0.167
7.247,1.931,830,GZMK+ Tem,0.961,0.028,1.224,0.119,0.003,0.051,0.012,0.374,0.048,2.067,0.225,1.229,0.219,0.159,0.607,0.315,0.48,0.525,0.748,0.648,0.418,0.849,0.216,0.069,0.305
5.296,0.966,567,GZMK+ Tem,0.499,0.022,1.205,0.094,0.009,0.03,0.016,0.548,0.072,2.956,0.268,1.323,0.608,0.063,0.402,0.162,0.325,0.584,0.879,0.709,0.221,1.112,0.059,0.058,0.062
1.115,-0.483,731,Tn,0.996,0.011,1.056,0.0,0.002,0.003,0.022,0.486,0.121,1.968,0.188,1.726,1.396,0.003,0.063,0.102,0.188,0.488,1.646,0.542,0.103,1.56,0.028,0.0,0.006
2.09,-2.172,6,Tn,1.0,0.0,1.765,0.0,0.0,0.0,0.154,0.663,0.0,1.432,0.334,1.126,1.542,0.0,0.154,0.0,0.265,0.328,1.164,0.899,0.279,1.323,0.0,0.0,0.0
1.533,7.483,868,CMC1+ Temra,0.533,0.019,1.055,0.017,0.012,2.027,0.095,1.038,0.004,0.313,0.168,1.635,0.051,0.064,1.937,0.191,0.675,0.328,0.25,0.802,0.306,0.101,0.292,0.074,1.175
1.394,6.276,1133,CMC1+ Temra,0.935,0.03,0.916,0.011,0.009,1.681,0.096,0.907,0.006,0.219,0.174,1.855,0.042,0.057,1.888,0.143,0.746,0.244,0.187,0.637,0.319,0.139,0.39,0.057,1.386
-2.369,7.483,1,GNLY+ Temra,1.0,0.0,0.0,0.0,0.0,3.694,1.196,0.0,0.0,0.0,1.725,1.725,0.0,0.0,3.433,0.0,1.725,0.0,0.0,1.196,0.0,0.0,0.0,0.0,1.725
11.01,7.0,186,GZMK+ Tex,0.989,0.016,0.523,0.488,0.657,0.662,1.199,1.277,0.381,0.055,0.306,0.06,0.013,1.119,1.436,0.949,0.362,0.003,0.011,0.218,0.303,0.014,1.315,0.623,0.158
7.804,4.828,775,CREM+ Trm,0.43,0.07,1.648,0.351,0.042,0.86,0.085,0.68,0.096,0.403,0.375,0.588,0.068,0.362,0.854,1.362,0.762,0.15,0.233,0.76,0.269,0.198,0.331,0.173,0.548
3.763,3.621,725,Early Tcm/Tem,0.639,0.051,1.279,0.097,0.025,0.31,0.031,0.951,0.111,2.2,0.173,1.222,0.318,0.091,0.525,0.474,0.488,0.509,0.549,0.639,0.192,0.438,0.095,0.35,0.122
-0.279,7.724,974,GNLY+ Temra,0.995,0.032,0.727,0.017,0.009,2.242,0.055,1.018,0.001,0.553,0.198,1.655,0.103,0.056,2.082,0.04,0.676,0.517,0.275,0.941,0.406,0.139,0.196,0.103,1.228
1.951,7.241,1166,CMC1+ Temra,0.74,0.035,1.242,0.02,0.008,2.177,0.115,1.037,0.004,0.221,0.138,1.845,0.059,0.074,2.081,0.208,0.696,0.239,0.193,0.649,0.269,0.08,0.385,0.062,1.348
-0.697,-1.207,1161,Tn,1.0,0.008,0.488,0.001,0.001,0.013,0.016,0.458,0.069,2.232,0.174,1.574,1.685,0.001,0.091,0.019,0.201,0.443,1.807,0.656,0.126,1.758,0.032,0.0,0.011
5.296,-1.931,841,MAIT,1.0,0.023,1.528,0.48,0.0,0.097,0.005,1.132,0.014,3.133,0.243,1.146,0.03,0.06,1.573,0.059,0.367,0.459,0.175,0.825,0.205,0.695,0.077,0.015,0.095
4.738,1.931,719,Tcm,0.541,0.02,1.589,0.043,0.015,0.037,0.015,0.653,0.092,2.564,0.268,1.656,0.575,0.054,0.32,0.336,0.382,0.451,0.808,0.691,0.194,1.071,0.044,0.129,0.072
-2.09,0.724,595,Tn,1.0,0.02,0.454,0.0,0.004,0.011,0.017,0.465,0.098,2.549,0.132,1.75,2.059,0.0,0.118,0.008,0.207,0.626,2.001,0.851,0.166,2.157,0.059,0.002,0.015
3.345,3.379,876,Early Tcm/Tem,0.862,0.025,1.125,0.041,0.029,0.335,0.024,1.156,0.052,2.505,0.162,1.173,0.32,0.075,0.695,0.322,0.444,0.525,0.555,0.764,0.267,0.511,0.124,0.539,0.071
0.279,-1.448,792,Tn,1.0,0.006,0.797,0.0,0.006,0.01,0.017,0.471,0.066,2.146,0.162,1.448,1.419,0.0,0.069,0.018,0.199,0.406,1.617,0.618,0.098,1.608,0.011,0.002,0.011
-0.836,4.345,441,ILTCK,1.0,0.052,1.258,0.02,0.016,2.063,0.26,1.21,0.064,1.853,0.264,2.054,1.037,0.016,2.28,0.135,0.723,0.534,1.451,1.084,0.291,1.364,0.275,0.335,0.753
7.386,1.69,771,GZMK+ Tem,0.988,0.046,1.234,0.125,0.006,0.032,0.006,0.32,0.05,2.172,0.227,1.419,0.231,0.144,0.61,0.359,0.416,0.644,0.884,0.706,0.462,0.96,0.25,0.093,0.329
2.927,3.621,1025,Early Tcm/Tem,0.95,0.033,1.061,0.037,0.043,0.56,0.043,1.293,0.02,2.533,0.157,1.18,0.41,0.033,0.784,0.199,0.377,0.538,0.612,0.899,0.293,0.52,0.119,0.55,0.125
8.64,5.31,572,GZMK+ Tex,0.374,0.047,1.783,0.453,0.079,0.968,0.249,0.755,0.071,0.245,0.491,0.576,0.082,0.596,1.05,1.499,0.717,0.121,0.289,0.786,0.32,0.186,0.551,0.209,0.357
0.697,7.966,939,GNLY+ Temra,0.929,0.027,1.012,0.012,0.005,2.09,0.065,1.107,0.005,0.46,0.172,1.7,0.099,0.078,1.971,0.154,0.695,0.454,0.258,0.928,0.343,0.121,0.243,0.103,1.173
4.32,2.172,845,Tcm,0.612,0.029,1.641,0.046,0.018,0.063,0.02,0.69,0.089,2.404,0.25,1.696,0.594,0.046,0.256,0.374,0.401,0.516,0.779,0.722,0.159,0.953,0.049,0.096,0.088
-2.09,-0.724,840,Tn,1.0,0.013,0.397,0.0,0.007,0.015,0.017,0.492,0.067,2.106,0.185,1.651,1.859,0.0,0.149,0.023,0.21,0.514,1.842,0.776,0.132,1.979,0.05,0.0,0.004
0.139,8.448,842,GNLY+ Temra,0.999,0.013,0.759,0.001,0.009,2.29,0.046,1.123,0.0,0.331,0.173,1.732,0.092,0.065,2.122,0.071,0.652,0.442,0.246,0.994,0.315,0.089,0.235,0.085,1.157
-0.976,-1.207,1074,Tn,1.0,0.005,0.434,0.0,0.0,0.011,0.011,0.451,0.062,2.207,0.184,1.621,1.717,0.0,0.114,0.009,0.211,0.476,1.846,0.71,0.122,1.838,0.025,0.001,0.005
-0.139,1.207,221,Tn,1.0,0.011,0.848,0.0,0.0,0.0,0.02,0.445,0.157,2.213,0.22,1.334,1.271,0.019,0.067,0.093,0.233,0.684,1.391,0.589,0.074,1.409,0.026,0.0,0.003
-1.533,0.241,627,Tn,1.0,0.005,0.546,0.001,0.014,0.026,0.027,0.488,0.083,2.396,0.156,1.666,1.868,0.0,0.087,0.025,0.211,0.582,1.923,0.797,0.16,2.028,0.057,0.005,0.009
7.107,2.172,838,GZMK+ Tem,0.931,0.041,1.234,0.112,0.009,0.07,0.005,0.398,0.039,1.812,0.21,1.352,0.203,0.117,0.689,0.332,0.487,0.549,0.744,0.634,0.399,0.835,0.199,0.093,0.415
-1.951,1.448,134,Tn,1.0,0.0,0.554,0.0,0.007,0.026,0.027,0.404,0.084,2.661,0.15,1.567,2.091,0.0,0.147,0.022,0.237,0.676,2.086,0.952,0.204,1.764,0.085,0.011,0.0
5.156,1.69,601,Tcm,0.371,0.036,1.561,0.057,0.018,0.026,0.018,0.65,0.066,2.718,0.243,1.647,0.617,0.05,0.327,0.339,0.354,0.436,0.842,0.703,0.222,0.952,0.08,0.104,0.075
0.0,1.448,104,Tn,0.942,0.06,1.14,0.0,0.011,0.024,0.018,0.359,0.145,2.277,0.232,1.319,1.465,0.0,0.096,0.401,0.35,0.721,1.362,0.614,0.143,1.117,0.04,0.024,0.0
3.345,1.931,875,Tcm,0.79,0.035,1.741,0.011,0.009,0.008,0.009,0.758,0.172,2.57,0.163,1.9,0.769,0.028,0.092,0.457,0.351,0.643,1.19,0.528,0.085,0.856,0.011,0.018,0.024
-0.697,-1.69,718,Tn,1.0,0.008,0.489,0.0,0.003,0.016,0.012,0.404,0.062,2.384,0.162,1.429,1.563,0.0,0.087,0.014,0.175,0.433,1.748,0.634,0.101,1.713,0.008,0.0,0.014
8.083,2.414,663,GZMK+ Tem,0.858,0.031,1.74,0.266,0.009,0.078,0.022,0.396,0.071,1.371,0.255,1.312,0.139,0.266,0.657,0.714,0.525,0.31,0.58,0.68,0.508,0.691,0.366,0.133,0.358
-0.836,0.483,525,Tn,1.0,0.016,0.602,0.0,0.007,0.014,0.016,0.371,0.132,2.156,0.206,1.496,1.661,0.003,0.111,0.062,0.222,0.536,1.707,0.643,0.107,1.843,0.053,0.002,0.003
0.0,8.69,694,GNLY+ Temra,0.997,0.02,0.718,0.004,0.0,2.366,0.057,1.065,0.002,0.259,0.192,1.576,0.068,0.036,2.216,0.077,0.601,0.458,0.195,0.988,0.296,0.071,0.219,0.078,1.115
2.09,6.035,849,CMC1+ Temra,0.92,0.029,1.153,0.036,0.004,1.332,0.053,0.863,0.003,0.336,0.173,1.661,0.06,0.058,1.541,0.214,0.597,0.302,0.242,0.672,0.338,0.258,0.323,0.081,1.133
-1.672,4.345,475,ILTCK,1.0,0.042,0.79,0.001,0.019,2.438,0.342,1.351,0.069,1.837,0.249,2.152,1.422,0.0,2.801,0.048,0.736,0.599,1.763,1.288,0.353,1.612,0.313,0.195,0.957
5.435,-1.207,478,MAIT,0.998,0.044,1.636,0.384,0.011,0.139,0.004,1.054,0.039,2.965,0.243,1.078,0.116,0.046,1.186,0.101,0.384,0.422,0.256,0.713,0.199,0.642,0.094,0.012,0.129
-1.115,0.483,494,Tn,1.0,0.031,0.607,0.0,0.005,0.014,0.025,0.392,0.102,2.349,0.177,1.634,1.761,0.005,0.083,0.04,0.191,0.613,1.791,0.71,0.12,1.864,0.066,0.0,0.009
5.435,-0.241,193,MAIT,0.927,0.031,1.529,0.435,0.007,0.211,0.024,0.967,0.07,2.978,0.369,1.226,0.48,0.073,1.003,0.301,0.353,0.415,0.533,0.624,0.198,0.725,0.064,0.045,0.122
-0.697,-0.724,1041,Tn,1.0,0.008,0.522,0.0,0.001,0.01,0.017,0.434,0.091,2.101,0.174,1.566,1.658,0.006,0.1,0.037,0.228,0.473,1.797,0.665,0.144,1.763,0.032,0.001,0.007
3.345,1.448,1073,Tcm,0.855,0.044,1.727,0.011,0.016,0.012,0.012,0.644,0.131,2.525,0.18,1.921,0.797,0.024,0.073,0.299,0.306,0.619,1.279,0.591,0.105,0.978,0.024,0.005,0.014
5.993,-2.172,614,MAIT,1.0,0.049,1.67,0.413,0.017,0.051,0.004,1.392,0.004,3.325,0.185,1.546,0.026,0.058,1.773,0.044,0.454,0.534,0.253,0.855,0.294,0.976,0.118,0.006,0.137
-1.115,-0.966,1067,Tn,1.0,0.009,0.454,0.003,0.003,0.006,0.014,0.467,0.079,2.208,0.186,1.58,1.707,0.001,0.111,0.029,0.196,0.505,1.797,0.693,0.133,1.871,0.031,0.001,0.005
-0.976,4.586,275,ILTCK,1.0,0.079,1.289,0.084,0.033,2.392,0.229,1.414,0.042,1.98,0.293,1.919,0.59,0.018,2.539,0.097,0.75,0.508,1.038,1.04,0.315,0.963,0.27,0.229,0.77
5.156,-1.69,659,MAIT,1.0,0.031,1.377,0.436,0.01,0.088,0.009,1.082,0.02,2.996,0.276,1.065,0.07,0.055,1.479,0.066,0.351,0.463,0.208,0.821,0.215,0.673,0.095,0.011,0.112
3.623,0.0,1138,Tcm,0.991,0.01,0.706,0.011,0.003,0.012,0.004,0.386,0.153,2.797,0.15,1.173,0.83,0.012,0.112,0.053,0.224,0.818,1.597,0.816,0.157,1.054,0.02,0.002,0.011
0.418,8.448,854,GNLY+ Temra,0.995,0.023,0.87,0.01,0.007,2.23,0.053,1.038,0.004,0.354,0.171,1.762,0.087,0.049,2.052,0.092,0.602,0.434,0.234,0.944,0.348,0.099,0.213,0.1,1.142
10.313,7.241,295,GZMK+ Tex,0.953,0.006,0.878,0.535,0.626,1.305,1.065,1.268,0.528,0.079,0.341,0.104,0.015,1.044,1.46,1.393,0.6,0.038,0.052,0.272,0.202,0.021,0.904,0.825,0.22
6.271,2.655,745,GZMK+ Tem,0.595,0.034,1.653,0.14,0.019,0.164,0.013,0.702,0.043,1.932,0.223,1.377,0.252,0.113,0.702,0.505,0.515,0.387,0.605,0.58,0.282,0.64,0.16,0.196,0.374
7.944,3.138,813,GZMK+ Tem,0.582,0.047,1.812,0.187,0.011,0.093,0.016,0.503,0.067,0.926,0.21,1.334,0.118,0.213,0.655,0.842,0.545,0.238,0.5,0.655,0.357,0.566,0.335,0.156,0.386
4.599,1.69,721,Tcm,0.689,0.02,1.486,0.048,0.017,0.028,0.02,0.696,0.06,2.648,0.238,1.659,0.628,0.055,0.253,0.245,0.371,0.5,0.761,0.747,0.189,0.987,0.056,0.107,0.069
2.927,3.138,472,Early Tcm/Tem,0.75,0.041,1.078,0.05,0.026,0.162,0.035,1.057,0.101,2.761,0.166,1.342,0.607,0.058,0.556,0.357,0.341,0.649,0.823,0.82,0.249,0.718,0.095,0.292,0.061
1.951,7.724,738,GNLY+ Temra,0.717,0.049,1.289,0.023,0.002,1.857,0.09,1.11,0.003,0.447,0.157,1.58,0.093,0.08,1.661,0.242,0.734,0.375,0.32,0.829,0.302,0.15,0.244,0.082,1.081
3.902,2.414,706,Tcm,0.507,0.04,1.531,0.04,0.024,0.058,0.019,0.814,0.139,2.332,0.202,1.628,0.561,0.045,0.244,0.386,0.354,0.498,0.719,0.651,0.136,0.751,0.038,0.091,0.051
2.927,6.035,687,CMC1+ Temra,0.825,0.025,1.343,0.038,0.013,0.981,0.019,0.854,0.014,0.427,0.207,1.65,0.093,0.079,1.345,0.316,0.609,0.318,0.295,0.643,0.31,0.291,0.252,0.127,0.932
5.853,2.897,690,ITGAE+ Trm,0.371,0.045,2.032,0.241,0.029,0.212,0.021,0.943,0.096,2.23,0.32,1.209,0.235,0.115,0.551,0.772,0.453,0.355,0.415,0.595,0.289,0.513,0.14,0.155,0.279
0.139,9.414,93,GNLY+ Temra,1.0,0.0,0.561,0.0,0.024,2.47,0.07,1.007,0.0,0.135,0.203,1.63,0.096,0.055,2.211,0.048,0.461,0.516,0.194,1.064,0.24,0.026,0.09,0.06,0.808
5.296,-0.483,252,MAIT,0.972,0.055,1.373,0.476,0.0,0.132,0.015,0.897,0.046,3.02,0.244,1.226,0.522,0.082,0.971,0.17,0.353,0.487,0.632,0.748,0.206,0.836,0.084,0.057,0.088
3.205,5.552,632,CMC1+ Temra,0.691,0.029,1.237,0.079,0.004,0.722,0.022,0.776,0.015,0.517,0.188,1.461,0.095,0.08,1.169,0.25,0.529,0.318,0.343,0.656,0.324,0.358,0.256,0.134,0.818
5.156,4.103,910,ITGAE+ Trm,0.84,0.082,2.072,0.171,0.017,0.27,0.016,1.028,0.138,2.285,0.295,0.795,0.13,0.174,0.41,1.01,0.686,0.22,0.204,0.493,0.125,0.34,0.105,0.378,0.292
-1.394,-0.966,1028,Tn,1.0,0.014,0.426,0.0,0.003,0.009,0.009,0.448,0.061,2.179,0.166,1.636,1.772,0.0,0.11,0.017,0.211,0.478,1.785,0.679,0.139,1.884,0.045,0.0,0.008
-1.254,5.069,135,ILTCK,0.993,0.054,1.189,0.066,0.016,2.741,0.402,1.585,0.0,1.058,0.279,1.852,0.227,0.011,2.889,0.128,0.96,0.494,0.719,1.279,0.475,0.463,0.363,0.2,1.178
2.509,-0.966,562,Tn,0.998,0.007,1.858,0.0,0.0,0.006,0.013,0.632,0.204,1.577,0.158,1.538,0.965,0.0,0.047,0.159,0.19,0.375,1.365,0.491,0.079,1.297,0.018,0.003,0.011
1.951,3.379,282,Early Tcm/Tem,0.535,0.053,1.547,0.022,0.007,0.312,0.023,0.76,0.287,2.265,0.223,1.83,1.377,0.02,0.527,0.188,0.381,0.492,1.121,0.707,0.208,1.546,0.189,0.252,0.301
3.066,5.793,716,CMC1+ Temra,0.768,0.034,1.328,0.057,0.009,0.763,0.017,0.763,0.007,0.473,0.185,1.584,0.093,0.08,1.242,0.284,0.596,0.342,0.293,0.623,0.321,0.388,0.272,0.116,0.876
4.599,0.241,755,Tcm,0.913,0.022,0.619,0.043,0.002,0.012,0.01,0.324,0.121,3.169,0.262,1.073,0.6,0.024,0.205,0.061,0.297,0.747,0.806,0.798,0.18,1.171,0.02,0.038,0.026
4.599,-1.69,54,MAIT,1.0,0.02,1.109,0.531,0.0,0.207,0.016,1.052,0.014,2.742,0.173,1.229,0.156,0.116,1.658,0.0,0.228,0.676,0.188,0.863,0.175,0.511,0.06,0.0,0.055
1.394,3.862,327,ILTCK,0.691,0.04,1.259,0.015,0.007,0.986,0.045,0.758,0.063,2.06,0.206,1.953,1.013,0.042,1.023,0.163,0.586,0.506,1.277,0.773,0.228,1.222,0.14,0.126,0.671
-1.951,0.0,635,Tn,1.0,0.006,0.44,0.005,0.006,0.015,0.021,0.535,0.063,2.385,0.174,1.726,1.95,0.0,0.099,0.022,0.203,0.549,1.964,0.79,0.186,2.058,0.066,0.002,0.008
-0.976,5.552,178,ILTCK,0.652,0.035,1.022,0.018,0.006,2.624,0.261,1.398,0.005,0.482,0.251,1.777,0.111,0.018,2.685,0.091,0.784,0.449,0.56,1.098,0.367,0.264,0.365,0.166,1.249
7.665,2.655,805,GZMK+ Tem,0.842,0.05,1.476,0.166,0.003,0.091,0.011,0.397,0.038,1.266,0.253,1.262,0.142,0.232,0.702,0.496,0.584,0.489,0.645,0.656,0.426,0.677,0.301,0.106,0.42
-1.672,-0.966,929,Tn,1.0,0.011,0.389,0.001,0.004,0.005,0.014,0.491,0.048,2.17,0.145,1.677,1.829,0.0,0.118,0.012,0.201,0.473,1.814,0.736,0.13,1.936,0.038,0.003,0.005
0.0,9.172,555,GNLY+ Temra,1.0,0.007,0.544,0.0,0.004,2.502,0.029,0.851,0.0,0.143,0.182,1.68,0.083,0.054,2.37,0.033,0.589,0.556,0.212,1.108,0.292,0.059,0.177,0.114,0.852
7.665,6.035,647,CREM+ Trm,0.383,0.075,1.423,0.606,0.162,1.506,0.258,0.772,0.119,0.532,0.559,0.476,0.103,0.524,1.128,1.459,0.848,0.103,0.317,0.824,0.211,0.198,0.358,0.239,0.563
1.812,3.621,373,Early Tcm/Tem,0.432,0.042,1.481,0.012,0.008,0.437,0.066,0.798,0.177,2.176,0.209,1.952,1.196,0.047,0.676,0.11,0.443,0.533,1.223,0.715,0.198,1.395,0.151,0.264,0.334
2.927,8.931,45,MACF1+ T,0.956,0.113,0.759,0.047,0.037,1.834,0.383,1.097,0.0,0.279,0.0,1.49,0.193,0.086,3.07,0.124,0.72,0.391,0.339,1.196,0.733,0.016,0.516,0.043,2.233
2.09,6.517,926,CMC1+ Temra,0.882,0.03,1.192,0.018,0.003,1.633,0.048,0.859,0.005,0.272,0.177,1.749,0.05,0.075,1.617,0.227,0.678,0.308,0.231,0.686,0.29,0.157,0.304,0.077,1.138
0.418,0.724,449,Tn,0.996,0.02,1.009,0.0,0.004,0.005,0.03,0.456,0.171,2.182,0.183,1.527,1.441,0.011,0.094,0.149,0.222,0.644,1.463,0.538,0.092,1.451,0.068,0.011,0.004
2.787,2.897,454,ITGAE+ Trm,0.698,0.057,1.142,0.032,0.013,0.069,0.019,0.57,0.217,2.822,0.124,1.305,0.831,0.051,0.218,0.96,0.514,0.848,1.254,0.442,0.1,0.636,0.038,0.096,0.045
-1.115,0.966,373,Tn,1.0,0.038,0.74,0.003,0.012,0.02,0.01,0.478,0.106,2.295,0.192,1.495,1.821,0.006,0.114,0.072,0.286,0.57,1.782,0.719,0.132,1.943,0.07,0.004,0.014
1.812,-0.724,644,Tn,0.994,0.017,1.512,0.0,0.003,0.003,0.013,0.538,0.214,1.933,0.145,1.738,1.278,0.001,0.074,0.114,0.212,0.433,1.562,0.552,0.124,1.457,0.022,0.002,0.004
6.55,2.655,784,GZMK+ Tem,0.705,0.036,1.475,0.116,0.003,0.15,0.005,0.676,0.042,1.71,0.237,1.37,0.195,0.104,0.745,0.388,0.517,0.482,0.622,0.653,0.344,0.662,0.177,0.164,0.439
7.247,4.345,910,CREM+ Trm,0.438,0.094,1.639,0.18,0.024,0.415,0.017,0.634,0.097,1.014,0.284,0.99,0.087,0.237,0.722,1.068,0.761,0.232,0.326,0.639,0.233,0.411,0.244,0.257,0.584
-1.254,0.241,576,Tn,1.0,0.009,0.55,0.002,0.002,0.007,0.016,0.468,0.102,2.348,0.173,1.689,1.852,0.002,0.077,0.034,0.193,0.608,1.912,0.684,0.116,1.998,0.05,0.009,0.009
5.993,2.655,721,GZMK+ Tem,0.48,0.034,1.801,0.186,0.024,0.157,0.015,0.811,0.059,2.129,0.241,1.32,0.237,0.119,0.664,0.643,0.524,0.454,0.485,0.602,0.302,0.58,0.14,0.171,0.289
0.279,0.0,673,Tn,1.0,0.009,0.664,0.0,0.001,0.014,0.015,0.434,0.085,2.127,0.212,1.509,1.469,0.004,0.098,0.068,0.181,0.482,1.609,0.585,0.098,1.588,0.029,0.0,0.001
5.017,7.241,461,ITGAE+ Trm,0.653,0.062,2.269,0.65,0.361,1.072,0.12,1.12,0.235,1.213,0.901,0.245,0.056,0.157,1.182,1.461,0.831,0.063,0.142,0.841,0.256,0.154,0.339,0.77,0.483
5.993,4.103,1020,ITGAE+ Trm,0.759,0.071,2.733,0.244,0.029,0.43,0.028,1.164,0.173,1.949,0.404,0.766,0.093,0.163,0.495,1.322,0.676,0.142,0.163,0.397,0.165,0.294,0.135,0.687,0.312
3.623,0.966,1317,Tcm,0.968,0.011,1.305,0.012,0.012,0.011,0.01,0.521,0.073,2.374,0.176,1.695,0.769,0.032,0.123,0.194,0.243,0.654,1.19,0.75,0.143,0.877,0.023,0.01,0.021
0.0,0.0,709,Tn,1.0,0.009,0.619,0.0,0.003,0.008,0.009,0.463,0.126,2.06,0.185,1.549,1.559,0.002,0.111,0.064,0.188,0.507,1.698,0.609,0.092,1.647,0.038,0.007,0.005
4.738,3.862,818,ITGAE+ Trm,0.835,0.085,1.658,0.104,0.015,0.184,0.022,0.905,0.169,2.207,0.207,1.023,0.201,0.112,0.343,0.795,0.617,0.386,0.346,0.454,0.13,0.392,0.062,0.241,0.2
0.976,7.966,884,GNLY+ Temra,0.897,0.027,1.121,0.012,0.003,2.068,0.062,1.093,0.002,0.384,0.186,1.654,0.103,0.06,1.838,0.141,0.683,0.391,0.296,0.896,0.342,0.117,0.233,0.108,1.153
-0.697,0.724,435,Tn,0.995,0.03,0.682,0.0,0.007,0.014,0.022,0.421,0.121,2.147,0.141,1.503,1.617,0.003,0.084,0.079,0.22,0.577,1.624,0.69,0.108,1.733,0.043,0.008,0.03
5.714,-0.724,325,MAIT,0.991,0.05,1.899,0.323,0.007,0.127,0.015,1.079,0.057,3.006,0.233,1.1,0.243,0.111,1.125,0.28,0.388,0.353,0.39,0.73,0.143,0.562,0.059,0.07,0.126
2.787,-0.966,266,Tn,1.0,0.015,1.868,0.0,0.0,0.006,0.005,0.613,0.179,1.437,0.118,1.477,0.834,0.004,0.059,0.153,0.17,0.255,1.187,0.438,0.064,1.143,0.0,0.0,0.015
5.853,0.966,568,GZMK+ Tem,0.877,0.015,1.103,0.108,0.011,0.022,0.005,0.451,0.055,2.846,0.194,1.233,0.581,0.068,0.401,0.216,0.375,0.585,1.045,0.746,0.278,1.148,0.084,0.042,0.105
1.394,7.241,952,CMC1+ Temra,0.694,0.025,0.995,0.018,0.013,2.119,0.095,0.978,0.001,0.297,0.159,1.712,0.073,0.069,1.999,0.178,0.686,0.268,0.221,0.732,0.313,0.1,0.366,0.057,1.27
3.623,1.448,1184,Tcm,0.911,0.023,1.666,0.01,0.004,0.024,0.007,0.619,0.125,2.41,0.17,1.968,0.749,0.027,0.109,0.267,0.284,0.566,1.144,0.569,0.116,0.942,0.033,0.02,0.022
-1.394,6.759,344,GNLY+ Temra,0.988,0.013,0.463,0.0,0.003,2.7,0.055,1.071,0.007,0.457,0.164,1.729,0.148,0.045,2.571,0.024,0.706,0.564,0.457,1.051,0.454,0.104,0.249,0.079,1.223
5.017,-0.483,173,MAIT,0.913,0.004,1.116,0.325,0.0,0.105,0.007,0.746,0.063,3.104,0.202,1.372,0.526,0.048,0.95,0.034,0.357,0.532,0.842,0.882,0.201,0.943,0.031,0.075,0.06
3.205,3.138,802,Early Tcm/Tem,0.693,0.035,1.194,0.048,0.037,0.171,0.016,1.029,0.113,2.675,0.146,1.285,0.487,0.066,0.478,0.416,0.416,0.63,0.738,0.717,0.246,0.548,0.077,0.342,0.082
-0.557,0.0,725,Tn,1.0,0.01,0.586,0.0,0.002,0.011,0.024,0.477,0.088,2.012,0.186,1.537,1.646,0.006,0.134,0.059,0.217,0.506,1.755,0.677,0.115,1.788,0.039,0.003,0.008
2.648,4.103,378,Early Tcm/Tem,0.653,0.043,1.469,0.05,0.009,0.678,0.038,0.851,0.088,2.179,0.185,1.787,0.547,0.043,0.87,0.209,0.501,0.488,0.786,0.642,0.211,0.821,0.163,0.181,0.503
3.763,6.517,349,GNLY+ Temra,0.458,0.078,1.633,0.028,0.007,0.936,0.059,0.959,0.048,0.769,0.199,1.331,0.072,0.136,0.864,0.544,0.83,0.409,0.308,0.602,0.154,0.228,0.215,0.113,0.877
7.804,3.379,809,GZMK+ Tem,0.506,0.05,1.87,0.206,0.015,0.195,0.021,0.579,0.089,0.95,0.269,1.235,0.109,0.231,0.755,0.892,0.5,0.232,0.488,0.591,0.349,0.516,0.247,0.163,0.435
0.557,8.69,722,GNLY+ Temra,0.997,0.015,0.897,0.004,0.003,2.223,0.034,1.02,0.007,0.274,0.181,1.7,0.078,0.072,1.989,0.097,0.582,0.417,0.24,0.965,0.268,0.069,0.171,0.109,1.029
3.066,0.483,271,Tcm,0.72,0.0,1.153,0.0,0.009,0.022,0.014,0.419,0.14,2.437,0.173,1.374,0.781,0.006,0.063,0.173,0.242,0.704,1.442,0.658,0.138,1.069,0.019,0.007,0.013
4.181,4.345,523,ITGAE+ Trm,0.482,0.058,1.304,0.131,0.03,0.429,0.051,0.846,0.119,1.966,0.264,1.028,0.235,0.113,0.531,0.504,0.604,0.466,0.424,0.614,0.138,0.427,0.145,0.246,0.293
8.78,5.552,575,GZMK+ Tex,0.503,0.04,1.518,0.502,0.146,0.999,0.314,0.657,0.089,0.238,0.52,0.505,0.085,0.502,1.271,1.423,0.676,0.151,0.362,0.754,0.359,0.195,0.533,0.173,0.391
8.083,3.862,987,ITGB2+ Trm,0.629,0.086,2.072,0.271,0.026,0.328,0.02,0.677,0.136,0.638,0.268,0.958,0.073,0.264,0.704,1.224,0.618,0.132,0.279,0.552,0.299,0.338,0.345,0.254,0.462
5.296,-0.966,339,MAIT,0.997,0.018,1.374,0.378,0.013,0.112,0.0,0.977,0.031,2.943,0.28,1.142,0.303,0.055,1.085,0.128,0.361,0.434,0.48,0.788,0.176,0.712,0.091,0.031,0.087
0.418,8.931,616,GNLY+ Temra,1.0,0.018,0.696,0.003,0.009,2.285,0.039,1.029,0.0,0.23,0.177,1.514,0.085,0.027,2.16,0.079,0.602,0.455,0.193,1.073,0.29,0.063,0.172,0.076,0.861
-1.254,7.966,809,GNLY+ Temra,1.0,0.029,0.47,0.013,0.007,2.606,0.042,1.023,0.006,0.606,0.174,1.685,0.087,0.053,2.329,0.022,0.671,0.609,0.19,1.076,0.434,0.078,0.177,0.069,1.236
-1.533,8.448,243,GNLY+ Temra,1.0,0.026,0.304,0.0,0.006,2.893,0.013,1.035,0.0,0.458,0.213,1.74,0.076,0.025,2.653,0.021,0.624,0.635,0.179,1.184,0.423,0.07,0.187,0.077,1.159
4.878,2.172,651,Tcm,0.361,0.033,1.701,0.131,0.017,0.058,0.01,0.736,0.082,2.564,0.224,1.491,0.501,0.113,0.378,0.418,0.386,0.418,0.708,0.677,0.189,0.832,0.044,0.165,0.079
0.418,7.483,835,GNLY+ Temra,0.81,0.022,0.786,0.031,0.003,2.079,0.078,0.986,0.001,0.524,0.184,1.601,0.09,0.091,2.049,0.09,0.682,0.447,0.259,0.84,0.366,0.17,0.261,0.092,1.195
1.254,7.0,1018,CMC1+ Temra,0.851,0.023,0.947,0.009,0.01,2.171,0.116,0.883,0.007,0.215,0.189,1.768,0.047,0.074,2.104,0.144,0.649,0.223,0.179,0.661,0.282,0.123,0.423,0.043,1.336
-0.836,6.759,553,GNLY+ Temra,0.901,0.032,0.631,0.007,0.004,2.377,0.064,1.046,0.006,0.647,0.16,1.648,0.111,0.064,2.372,0.06,0.709,0.501,0.374,1.003,0.362,0.175,0.209,0.089,1.177
1.951,5.793,841,CMC1+ Temra,0.943,0.032,1.061,0.041,0.0,1.364,0.036,0.835,0.007,0.395,0.162,1.658,0.069,0.055,1.485,0.183,0.592,0.355,0.244,0.648,0.353,0.259,0.306,0.085,1.096
2.23,2.897,88,Early Tcm/Tem,0.42,0.076,1.495,0.0,0.0,0.108,0.03,0.637,0.27,2.091,0.221,1.711,1.291,0.052,0.339,0.417,0.358,0.552,1.007,0.712,0.14,1.222,0.111,0.174,0.172
3.205,6.517,419,CMC1+ Temra,0.616,0.015,1.558,0.036,0.005,1.106,0.041,0.884,0.012,0.495,0.142,1.429,0.088,0.083,1.103,0.488,0.635,0.286,0.262,0.695,0.186,0.267,0.292,0.128,1.061
-2.09,-0.241,703,Tn,1.0,0.014,0.402,0.0,0.007,0.01,0.017,0.524,0.062,2.281,0.159,1.685,1.939,0.0,0.107,0.019,0.214,0.526,1.862,0.784,0.135,2.084,0.05,0.0,0.005
-0.418,-0.241,803,Tn,1.0,0.014,0.537,0.002,0.004,0.011,0.013,0.445,0.093,2.051,0.189,1.561,1.617,0.002,0.104,0.056,0.196,0.514,1.733,0.665,0.115,1.674,0.024,0.0,0.008
2.09,3.138,154,Early Tcm/Tem,0.688,0.056,1.505,0.04,0.0,0.127,0.007,0.803,0.16,2.189,0.19,1.841,1.509,0.035,0.412,0.159,0.395,0.511,0.994,0.847,0.17,1.479,0.215,0.347,0.15
-0.279,9.172,486,GNLY+ Temra,1.0,0.02,0.561,0.003,0.0,2.698,0.045,0.912,0.0,0.222,0.17,1.748,0.067,0.023,2.522,0.029,0.538,0.58,0.154,1.122,0.311,0.028,0.189,0.127,0.886
-1.394,-0.483,865,Tn,1.0,0.012,0.471,0.0,0.003,0.014,0.019,0.483,0.078,2.14,0.187,1.671,1.823,0.002,0.114,0.042,0.212,0.539,1.873,0.692,0.124,1.929,0.062,0.0,0.01
-0.836,-0.966,1035,Tn,1.0,0.014,0.494,0.001,0.005,0.011,0.016,0.458,0.07,2.152,0.181,1.635,1.732,0.0,0.099,0.021,0.191,0.454,1.839,0.695,0.116,1.78,0.029,0.0,0.006
-0.139,-0.241,809,Tn,1.0,0.01,0.654,0.0,0.003,0.016,0.015,0.45,0.091,2.044,0.188,1.569,1.535,0.006,0.092,0.058,0.214,0.489,1.722,0.606,0.116,1.638,0.029,0.007,0.011
3.902,5.793,355,CMC1+ Temra,0.445,0.086,1.592,0.079,0.014,0.7,0.029,0.849,0.024,0.857,0.252,1.362,0.163,0.065,0.872,0.492,0.611,0.292,0.315,0.51,0.188,0.36,0.223,0.192,0.822
6.829,3.621,709,ITGB2+ Trm,0.468,0.034,1.709,0.123,0.018,0.264,0.011,0.722,0.083,1.323,0.247,1.235,0.162,0.167,0.598,0.697,0.581,0.366,0.459,0.598,0.292,0.513,0.197,0.208,0.471
3.205,1.207,735,Tcm,0.79,0.015,1.612,0.012,0.017,0.008,0.008,0.59,0.172,2.537,0.161,1.734,0.86,0.017,0.074,0.262,0.245,0.618,1.302,0.621,0.127,0.996,0.026,0.014,0.016
2.787,3.862,486,Early Tcm/Tem,0.866,0.035,1.356,0.056,0.018,0.673,0.056,1.042,0.044,2.259,0.198,1.555,0.57,0.057,0.795,0.259,0.459,0.418,0.783,0.779,0.219,0.723,0.164,0.415,0.314
0.976,8.448,830,GNLY+ Temra,0.995,0.028,1.082,0.006,0.005,2.153,0.061,1.063,0.001,0.37,0.163,1.762,0.067,0.088,1.904,0.161,0.652,0.421,0.259,0.93,0.293,0.122,0.237,0.082,1.092
2.927,4.103,456,Early Tcm/Tem,0.781,0.027,1.384,0.055,0.02,0.746,0.061,0.969,0.057,2.154,0.151,1.548,0.417,0.072,0.885,0.274,0.444,0.445,0.685,0.71,0.275,0.624,0.131,0.381,0.44
-0.697,8.448,763,GNLY+ Temra,1.0,0.034,0.565,0.007,0.003,2.507,0.035,0.998,0.002,0.343,0.201,1.685,0.083,0.078,2.37,0.037,0.645,0.509,0.204,0.989,0.321,0.065,0.2,0.094,1.159
2.23,7.241,1118,CMC1+ Temra,0.716,0.055,1.463,0.014,0.011,2.068,0.141,1.034,0.01,0.277,0.132,1.859,0.072,0.063,1.946,0.287,0.754,0.231,0.187,0.614,0.282,0.085,0.359,0.07,1.384
1.254,6.517,1152,CMC1+ Temra,0.924,0.034,0.914,0.014,0.01,1.88,0.091,0.937,0.008,0.212,0.145,1.887,0.04,0.074,2.027,0.155,0.712,0.226,0.183,0.642,0.33,0.13,0.404,0.052,1.405
8.222,3.138,700,ITGB2+ Trm,0.5,0.06,2.165,0.287,0.01,0.133,0.017,0.582,0.126,1.002,0.251,1.293,0.106,0.234,0.649,1.018,0.572,0.224,0.397,0.608,0.338,0.518,0.312,0.171,0.378
3.902,3.379,846,ITGAE+ Trm,0.526,0.062,1.339,0.066,0.022,0.184,0.023,0.77,0.156,2.294,0.183,1.337,0.342,0.062,0.363,0.54,0.469,0.523,0.576,0.547,0.122,0.491,0.076,0.236,0.117
8.362,2.414,471,GZMK+ Tem,0.769,0.038,1.921,0.337,0.009,0.039,0.045,0.379,0.079,1.295,0.283,1.39,0.171,0.325,0.691,0.924,0.471,0.224,0.584,0.672,0.514,0.71,0.409,0.115,0.25
0.279,8.207,851,GNLY+ Temra,0.995,0.025,0.828,0.006,0.008,2.142,0.031,1.081,0.003,0.374,0.193,1.751,0.092,0.046,2.034,0.089,0.646,0.464,0.226,0.918,0.306,0.085,0.239,0.108,1.248
1.394,-0.483,709,Tn,0.999,0.017,1.298,0.0,0.003,0.002,0.022,0.528,0.174,1.959,0.179,1.72,1.384,0.002,0.048,0.17,0.219,0.436,1.585,0.526,0.099,1.513,0.023,0.002,0.008
1.672,6.759,938,CMC1+ Temra,0.893,0.022,1.11,0.014,0.009,1.872,0.092,0.938,0.006,0.218,0.17,1.809,0.048,0.073,1.922,0.197,0.671,0.224,0.176,0.673,0.313,0.124,0.399,0.044,1.348
1.812,6.035,908,CMC1+ Temra,0.942,0.045,1.046,0.02,0.004,1.447,0.048,0.819,0.01,0.314,0.162,1.706,0.045,0.048,1.564,0.184,0.627,0.272,0.251,0.604,0.316,0.192,0.304,0.062,1.179
4.878,2.655,665,ITGAE+ Trm,0.535,0.046,1.81,0.136,0.023,0.135,0.021,0.824,0.104,2.474,0.259,1.361,0.391,0.102,0.358,0.615,0.456,0.381,0.535,0.664,0.177,0.752,0.066,0.202,0.082
3.763,2.172,736,Tcm,0.723,0.034,1.63,0.027,0.021,0.038,0.025,0.689,0.12,2.419,0.205,1.813,0.573,0.035,0.166,0.4,0.434,0.562,0.804,0.575,0.131,0.748,0.037,0.073,0.053
0.0,3.862,277,ILTCK,1.0,0.057,0.89,0.005,0.017,1.314,0.07,0.902,0.033,2.14,0.218,2.053,1.315,0.018,1.599,0.046,0.543,0.551,1.745,0.952,0.229,1.656,0.175,0.186,0.648
5.017,3.862,848,ITGAE+ Trm,0.834,0.078,2.06,0.176,0.009,0.212,0.01,0.927,0.125,2.323,0.258,0.9,0.169,0.114,0.373,0.935,0.677,0.277,0.276,0.45,0.149,0.359,0.08,0.286,0.223
2.09,-1.207,652,Tn,1.0,0.015,1.566,0.0,0.003,0.004,0.008,0.576,0.151,1.756,0.144,1.621,1.158,0.002,0.057,0.155,0.198,0.337,1.548,0.623,0.093,1.39,0.02,0.0,0.003
2.369,4.103,402,Early Tcm/Tem,0.505,0.039,1.531,0.023,0.018,0.629,0.022,0.705,0.077,2.102,0.208,1.877,0.58,0.037,0.85,0.275,0.543,0.44,0.868,0.61,0.258,0.887,0.227,0.194,0.565
0.557,4.828,384,CMC1+ Temra,0.888,0.027,0.932,0.042,0.0,1.497,0.059,0.824,0.033,1.067,0.143,1.713,0.154,0.052,1.783,0.142,0.549,0.218,0.368,0.578,0.31,0.306,0.243,0.08,1.003
3.484,1.207,1088,Tcm,0.921,0.018,1.568,0.009,0.013,0.013,0.012,0.558,0.116,2.419,0.164,1.843,0.764,0.015,0.085,0.255,0.277,0.569,1.314,0.617,0.109,0.94,0.032,0.009,0.022
-1.533,5.552,68,ILTCK,0.971,0.029,0.855,0.031,0.0,3.285,0.493,1.323,0.009,0.256,0.362,2.087,0.147,0.035,3.204,0.079,1.12,0.517,0.512,1.485,0.384,0.048,0.308,0.087,1.328
2.787,4.345,381,Early Tcm/Tem,0.496,0.043,1.342,0.065,0.025,0.787,0.019,0.723,0.055,1.918,0.196,1.68,0.415,0.061,0.866,0.234,0.472,0.472,0.653,0.616,0.254,0.7,0.22,0.15,0.611
-1.533,-1.207,980,Tn,1.0,0.013,0.38,0.0,0.003,0.012,0.014,0.466,0.073,2.239,0.147,1.618,1.81,0.001,0.132,0.013,0.215,0.46,1.769,0.724,0.152,1.845,0.032,0.0,0.005
2.509,4.828,588,CMC1+ Temra,0.697,0.034,1.199,0.092,0.011,0.808,0.025,0.757,0.02,1.245,0.157,1.312,0.215,0.083,1.055,0.187,0.518,0.327,0.489,0.575,0.308,0.442,0.296,0.14,0.678
-0.697,0.241,587,Tn,1.0,0.013,0.618,0.0,0.005,0.021,0.016,0.479,0.133,2.044,0.167,1.513,1.666,0.013,0.117,0.072,0.257,0.519,1.663,0.617,0.093,1.619,0.058,0.001,0.008
-0.139,7.966,923,GNLY+ Temra,0.996,0.038,0.79,0.011,0.005,2.271,0.04,1.08,0.004,0.508,0.171,1.66,0.105,0.051,2.112,0.07,0.653,0.491,0.221,0.999,0.378,0.101,0.201,0.069,1.21
3.763,3.138,966,ITGAE+ Trm,0.482,0.062,1.266,0.058,0.021,0.128,0.008,0.808,0.184,2.375,0.164,1.388,0.355,0.08,0.349,0.452,0.424,0.534,0.574,0.614,0.136,0.474,0.061,0.257,0.069
1.394,0.0,660,Tn,0.979,0.014,1.304,0.0,0.0,0.002,0.01,0.426,0.248,1.986,0.177,1.563,1.249,0.005,0.051,0.184,0.239,0.403,1.459,0.507,0.074,1.368,0.027,0.001,0.008
4.46,6.759,324,ITGAE+ Trm,0.367,0.062,1.892,0.321,0.116,0.793,0.061,0.985,0.153,1.529,0.483,0.686,0.075,0.132,0.823,1.051,0.858,0.303,0.227,0.674,0.144,0.243,0.202,0.557,0.616
6.411,4.345,738,ITGAE+ Trm,0.297,0.076,1.788,0.135,0.026,0.38,0.028,0.745,0.141,1.551,0.267,1.098,0.137,0.161,0.515,0.929,0.643,0.31,0.371,0.58,0.181,0.426,0.153,0.317,0.502
8.501,2.655,375,GZMK+ Tem,0.605,0.043,2.186,0.356,0.011,0.122,0.01,0.427,0.09,1.244,0.237,1.217,0.114,0.364,0.665,1.215,0.46,0.176,0.517,0.559,0.475,0.645,0.401,0.147,0.257
3.345,6.276,450,CMC1+ Temra,0.66,0.054,1.619,0.065,0.016,0.944,0.026,0.906,0.0,0.415,0.206,1.504,0.05,0.137,1.038,0.53,0.718,0.271,0.292,0.517,0.279,0.274,0.33,0.141,1.083
-1.394,0.966,364,Tn,1.0,0.045,0.841,0.0,0.01,0.039,0.031,0.446,0.093,2.439,0.156,1.601,1.802,0.0,0.099,0.035,0.238,0.592,1.784,0.666,0.164,1.938,0.057,0.012,0.016
2.509,6.759,701,CMC1+ Temra,0.753,0.028,1.374,0.012,0.011,1.446,0.062,0.892,0.011,0.346,0.172,1.624,0.074,0.088,1.426,0.314,0.671,0.321,0.265,0.631,0.23,0.189,0.315,0.086,1.072
-1.812,7.483,185,GNLY+ Temra,1.0,0.008,0.355,0.008,0.013,2.857,0.02,1.008,0.006,0.495,0.132,1.697,0.161,0.039,2.65,0.014,0.657,0.644,0.387,1.188,0.397,0.095,0.237,0.037,1.239
1.115,8.207,797,GNLY+ Temra,0.957,0.031,1.124,0.012,0.002,2.151,0.064,1.128,0.008,0.429,0.175,1.697,0.081,0.063,1.858,0.221,0.689,0.429,0.283,0.893,0.322,0.114,0.227,0.093,1.139
2.369,5.552,749,CMC1+ Temra,0.896,0.033,1.13,0.052,0.011,1.016,0.028,0.8,0.017,0.554,0.183,1.463,0.116,0.084,1.348,0.238,0.545,0.362,0.293,0.641,0.323,0.353,0.267,0.101,0.998
5.156,3.138,784,ITGAE+ Trm,0.74,0.051,2.141,0.166,0.016,0.14,0.02,0.905,0.112,2.542,0.256,1.092,0.25,0.091,0.376,0.72,0.536,0.307,0.326,0.481,0.158,0.486,0.067,0.179,0.149
3.205,0.724,486,Tcm,0.866,0.015,1.181,0.005,0.002,0.011,0.03,0.476,0.117,2.454,0.155,1.409,0.784,0.009,0.087,0.155,0.249,0.763,1.472,0.695,0.12,1.037,0.029,0.006,0.017
1.533,1.69,585,Tn,0.968,0.053,1.429,0.002,0.004,0.016,0.032,0.355,0.354,1.775,0.125,1.141,0.872,0.011,0.048,0.254,0.301,0.54,0.891,0.369,0.055,0.84,0.014,0.015,0.02
10.034,6.759,466,GZMK+ Tex,0.955,0.021,1.158,0.792,0.456,1.452,1.201,1.15,0.44,0.041,0.54,0.136,0.017,0.95,1.554,1.662,0.601,0.012,0.048,0.464,0.305,0.018,0.924,0.356,0.233
1.812,1.69,494,Tn,0.933,0.062,1.439,0.006,0.012,0.026,0.034,0.331,0.371,1.597,0.148,1.077,0.751,0.011,0.093,0.264,0.279,0.563,0.861,0.347,0.059,0.691,0.016,0.033,0.021
3.066,7.241,608,GNLY+ Temra,0.497,0.072,1.798,0.042,0.006,1.631,0.119,1.08,0.011,0.467,0.168,1.302,0.056,0.101,1.389,0.471,0.739,0.366,0.237,0.524,0.115,0.142,0.26,0.141,1.242
6.829,-0.241,236,MAIT,0.987,0.114,2.321,0.72,0.08,0.378,0.074,1.076,0.247,2.507,0.269,0.543,0.014,0.244,1.018,0.879,1.021,0.318,0.076,0.509,0.089,0.455,0.117,0.033,0.439
6.968,-0.483,138,MAIT,1.0,0.166,2.166,0.772,0.12,0.689,0.063,1.211,0.442,2.138,0.216,0.329,0.0,0.289,1.238,0.907,0.911,0.224,0.035,0.385,0.115,0.413,0.166,0.095,0.405
4.599,3.138,672,ITGAE+ Trm,0.597,0.049,1.772,0.101,0.017,0.149,0.018,0.792,0.127,2.234,0.243,1.39,0.291,0.084,0.392,0.527,0.491,0.431,0.488,0.592,0.132,0.604,0.083,0.206,0.132
1.115,1.931,360,Tn,0.989,0.109,1.395,0.0,0.004,0.0,0.026,0.282,0.259,1.954,0.163,1.175,1.114,0.005,0.08,0.383,0.305,0.754,1.03,0.359,0.05,0.828,0.042,0.005,0.03
1.533,2.172,320,Tn,0.953,0.056,1.306,0.003,0.015,0.012,0.034,0.297,0.338,2.027,0.123,1.454,0.924,0.017,0.035,0.586,0.346,0.889,1.133,0.343,0.047,0.653,0.027,0.021,0.017
1.672,1.931,428,Tn,0.97,0.063,1.451,0.002,0.009,0.004,0.029,0.288,0.327,1.823,0.136,1.156,0.856,0.022,0.091,0.415,0.29,0.589,0.949,0.339,0.04,0.729,0.028,0.024,0.024
2.369,2.655,166,ITGAE+ Trm,0.482,0.042,1.553,0.055,0.017,0.089,0.009,0.383,0.278,2.196,0.118,1.218,0.763,0.101,0.137,0.663,0.375,0.71,1.066,0.472,0.015,0.779,0.081,0.112,0.084
2.23,2.414,280,Tn,0.5,0.051,1.368,0.03,0.014,0.126,0.025,0.271,0.232,1.896,0.109,1.044,0.582,0.054,0.102,0.668,0.333,0.503,0.836,0.419,0.052,0.454,0.062,0.029,0.031
6.968,4.828,909,CREM+ Trm,0.683,0.081,1.409,0.259,0.023,0.546,0.015,0.676,0.095,0.951,0.298,0.754,0.061,0.286,0.644,1.018,0.787,0.194,0.232,0.648,0.169,0.359,0.23,0.229,0.715
6.55,4.586,787,CREM+ Trm,0.506,0.088,1.586,0.185,0.016,0.414,0.022,0.634,0.106,1.413,0.257,1.068,0.094,0.185,0.557,0.988,0.786,0.378,0.348,0.634,0.153,0.397,0.17,0.27,0.6
3.623,2.897,864,ITGAE+ Trm,0.516,0.047,1.359,0.046,0.024,0.083,0.014,0.739,0.158,2.457,0.161,1.406,0.453,0.083,0.297,0.468,0.45,0.582,0.715,0.561,0.149,0.566,0.071,0.192,0.081
0.976,2.172,54,Tn,0.926,0.062,1.484,0.0,0.027,0.0,0.042,0.423,0.316,2.065,0.134,1.539,1.125,0.0,0.071,0.257,0.294,0.949,1.224,0.312,0.05,1.052,0.053,0.043,0.046
6.132,4.828,801,ITGAE+ Trm,0.493,0.088,1.972,0.243,0.018,0.539,0.023,0.895,0.14,1.554,0.38,0.76,0.069,0.234,0.576,1.167,0.748,0.27,0.203,0.556,0.118,0.283,0.17,0.564,0.504
1.394,1.931,401,Tn,0.975,0.036,1.427,0.0,0.004,0.006,0.019,0.34,0.28,1.984,0.112,1.148,0.889,0.006,0.063,0.437,0.274,0.744,1.068,0.385,0.016,0.735,0.036,0.001,0.027
5.017,4.345,888,ITGAE+ Trm,0.843,0.136,1.92,0.244,0.029,0.376,0.021,0.983,0.152,2.337,0.305,0.768,0.184,0.197,0.547,1.043,0.725,0.338,0.257,0.496,0.137,0.346,0.115,0.376,0.303
4.46,3.379,677,ITGAE+ Trm,0.623,0.07,1.626,0.099,0.018,0.156,0.028,0.823,0.138,2.237,0.25,1.311,0.312,0.112,0.39,0.593,0.577,0.428,0.49,0.582,0.128,0.546,0.063,0.232,0.161
1.254,2.172,156,Tn,0.949,0.093,1.3,0.0,0.023,0.021,0.031,0.326,0.365,2.13,0.141,1.551,1.179,0.028,0.09,0.528,0.381,0.766,1.27,0.357,0.079,0.838,0.08,0.021,0.04
3.484,3.138,915,Early Tcm/Tem,0.575,0.045,1.212,0.066,0.035,0.145,0.023,0.81,0.143,2.52,0.139,1.234,0.357,0.086,0.397,0.49,0.484,0.622,0.673,0.608,0.155,0.49,0.086,0.334,0.067
2.09,2.172,286,Tn,0.864,0.029,1.293,0.005,0.0,0.029,0.031,0.246,0.244,1.76,0.101,1.141,0.733,0.008,0.063,0.555,0.316,0.601,0.815,0.345,0.021,0.606,0.035,0.037,0.039
1.812,2.172,300,Tn,0.957,0.073,1.259,0.0,0.008,0.014,0.013,0.327,0.307,1.808,0.093,1.219,0.631,0.024,0.068,0.57,0.195,0.64,1.018,0.293,0.042,0.659,0.052,0.0,0.011
4.46,4.345,705,ITGAE+ Trm,0.729,0.111,1.437,0.138,0.02,0.328,0.03,0.837,0.143,2.199,0.259,0.95,0.168,0.142,0.463,0.729,0.683,0.463,0.418,0.476,0.1,0.399,0.089,0.302,0.35
3.066,6.759,432,CMC1+ Temra,0.546,0.057,1.53,0.016,0.006,1.159,0.031,0.855,0.033,0.458,0.153,1.45,0.094,0.124,1.216,0.392,0.666,0.309,0.353,0.661,0.237,0.285,0.277,0.085,0.989
2.09,1.69,392,Tn,0.888,0.034,1.493,0.012,0.006,0.03,0.05,0.376,0.452,1.597,0.141,1.087,0.751,0.018,0.095,0.364,0.265,0.473,0.803,0.412,0.034,0.636,0.026,0.06,0.041
4.599,5.069,667,ITGAE+ Trm,0.7,0.093,1.435,0.339,0.029,0.829,0.05,0.941,0.123,2.097,0.341,0.661,0.121,0.205,0.667,0.861,0.848,0.372,0.233,0.559,0.104,0.325,0.107,0.484,0.395
9.058,8.448,256,ITGAE+ Tex,0.559,0.018,1.166,0.514,0.482,2.484,0.674,1.162,0.574,0.151,0.726,0.138,0.065,0.691,1.514,1.586,0.582,0.039,0.205,0.559,0.13,0.025,0.415,0.379,0.384
6.689,0.0,368,MAIT,0.986,0.131,2.604,0.515,0.076,0.262,0.059,1.173,0.182,2.493,0.27,0.458,0.0,0.25,0.91,0.916,0.78,0.237,0.031,0.622,0.093,0.293,0.11,0.043,0.532
4.738,3.379,728,ITGAE+ Trm,0.717,0.049,1.788,0.099,0.01,0.149,0.02,0.829,0.137,2.276,0.203,1.213,0.25,0.103,0.366,0.662,0.54,0.352,0.346,0.47,0.144,0.488,0.076,0.235,0.154
6.411,6.759,592,ITGAE+ Tex,0.485,0.088,1.848,0.827,0.295,1.752,0.194,1.313,0.11,1.038,0.904,0.191,0.092,0.526,0.872,1.464,0.884,0.074,0.144,0.761,0.158,0.098,0.239,0.498,0.686
4.878,6.517,445,ITGAE+ Trm,0.728,0.072,2.105,0.566,0.116,1.314,0.081,1.209,0.107,1.61,0.754,0.309,0.089,0.183,1.035,1.377,0.853,0.122,0.074,0.741,0.199,0.166,0.183,0.855,0.481
4.181,3.862,750,ITGAE+ Trm,0.644,0.084,1.42,0.092,0.017,0.236,0.041,0.75,0.145,2.088,0.224,1.205,0.305,0.112,0.342,0.629,0.592,0.462,0.423,0.475,0.122,0.441,0.074,0.202,0.174
3.345,2.897,872,ITGAE+ Trm,0.634,0.067,1.263,0.04,0.022,0.052,0.021,0.723,0.238,2.692,0.139,1.37,0.527,0.081,0.223,0.667,0.471,0.724,0.888,0.501,0.111,0.547,0.036,0.123,0.044
4.041,4.103,549,Early Tcm/Tem,0.45,0.072,1.301,0.112,0.016,0.322,0.027,0.922,0.16,1.943,0.206,1.248,0.24,0.078,0.449,0.484,0.569,0.519,0.462,0.5,0.147,0.46,0.103,0.282,0.259
6.55,-0.241,659,MAIT,0.991,0.087,2.323,0.857,0.142,0.406,0.087,1.115,0.151,2.666,0.367,0.506,0.02,0.282,1.146,1.073,0.777,0.259,0.061,0.634,0.122,0.318,0.119,0.021,0.381
7.247,0.0,3,MAIT,1.0,0.657,1.072,1.193,0.0,0.0,0.0,1.276,0.0,1.728,0.332,1.089,0.0,0.0,0.818,0.0,0.657,0.495,0.0,0.332,0.0,1.089,0.0,0.536,0.0
6.689,4.828,846,CREM+ Trm,0.664,0.089,1.386,0.225,0.027,0.479,0.022,0.576,0.108,1.182,0.297,0.8,0.07,0.272,0.622,0.992,0.809,0.301,0.266,0.624,0.145,0.359,0.224,0.326,0.684
6.829,-0.724,213,MAIT,1.0,0.126,2.527,0.698,0.119,0.414,0.077,1.171,0.307,2.578,0.292,0.525,0.005,0.261,1.439,0.815,0.977,0.241,0.056,0.441,0.133,0.401,0.17,0.013,0.371
6.55,-0.724,443,MAIT,1.0,0.076,2.484,0.871,0.122,0.532,0.149,1.223,0.158,2.647,0.38,0.698,0.014,0.296,1.476,1.076,0.76,0.198,0.068,0.657,0.193,0.381,0.156,0.012,0.355
2.927,2.655,918,ITGAE+ Trm,0.89,0.046,1.119,0.015,0.013,0.025,0.024,0.557,0.297,2.953,0.118,1.236,0.708,0.072,0.093,0.978,0.562,1.002,1.38,0.369,0.067,0.448,0.027,0.021,0.019
4.32,4.103,707,ITGAE+ Trm,0.714,0.103,1.308,0.135,0.016,0.313,0.034,0.799,0.209,2.187,0.236,1.057,0.278,0.131,0.436,0.671,0.641,0.484,0.504,0.511,0.107,0.448,0.078,0.242,0.302
5.574,5.793,1141,ITGAE+ Trm,0.855,0.06,2.38,0.533,0.071,1.169,0.053,1.249,0.114,1.614,0.688,0.251,0.044,0.27,0.832,1.59,0.817,0.07,0.068,0.566,0.155,0.134,0.176,0.876,0.532
4.878,4.586,838,ITGAE+ Trm,0.837,0.144,1.726,0.22,0.023,0.454,0.03,0.931,0.184,2.3,0.3,0.727,0.172,0.174,0.532,0.938,0.744,0.32,0.239,0.485,0.109,0.353,0.102,0.421,0.371
11.428,10.138,572,Cycling T,1.0,0.043,1.497,0.355,0.345,1.845,0.57,1.386,0.585,0.184,0.708,0.433,0.119,0.561,1.049,1.62,0.698,0.08,0.196,0.596,0.157,0.069,0.466,0.376,0.417
10.034,6.276,609,GZMK+ Tex,0.967,0.018,1.359,0.718,0.298,1.131,1.096,0.911,0.254,0.087,0.365,0.151,0.025,0.881,1.546,1.867,0.608,0.016,0.061,0.442,0.323,0.036,0.837,0.207,0.159
4.738,4.345,825,ITGAE+ Trm,0.799,0.118,1.578,0.152,0.03,0.355,0.025,0.868,0.146,2.176,0.251,0.904,0.174,0.15,0.457,0.746,0.688,0.399,0.303,0.468,0.107,0.349,0.082,0.311,0.303
4.46,2.897,664,ITGAE+ Trm,0.505,0.048,1.617,0.082,0.019,0.111,0.022,0.825,0.111,2.315,0.249,1.39,0.358,0.076,0.397,0.527,0.498,0.459,0.57,0.618,0.15,0.662,0.083,0.21,0.123
6.689,6.276,601,ITGAE+ Tex,0.3,0.082,1.386,0.548,0.221,1.354,0.155,1.008,0.102,0.84,0.662,0.289,0.128,0.531,0.776,1.279,0.872,0.085,0.217,0.813,0.149,0.21,0.177,0.402,0.623
2.648,7.966,674,GNLY+ Temra,0.93,0.066,1.672,0.029,0.01,1.951,0.077,1.143,0.022,0.949,0.217,1.496,0.09,0.122,1.443,0.441,0.724,0.493,0.177,0.875,0.268,0.137,0.167,0.132,1.144
6.411,0.0,469,MAIT,0.959,0.085,2.556,0.714,0.118,0.33,0.054,1.173,0.159,2.798,0.381,0.494,0.037,0.305,0.971,1.135,0.641,0.217,0.041,0.605,0.16,0.271,0.149,0.059,0.343
5.435,4.586,1049,ITGAE+ Trm,0.858,0.077,2.312,0.293,0.028,0.543,0.022,1.124,0.14,2.228,0.448,0.595,0.089,0.192,0.578,1.275,0.729,0.199,0.121,0.443,0.169,0.3,0.114,0.571,0.368
8.222,7.966,545,ITGAE+ Tex,0.886,0.034,1.319,0.942,0.833,2.589,0.867,1.247,0.404,0.168,1.005,0.125,0.067,0.63,1.674,1.868,0.728,0.015,0.121,0.663,0.198,0.037,0.433,0.276,0.567
5.017,6.759,500,ITGAE+ Trm,0.798,0.051,2.173,0.627,0.16,1.337,0.077,1.257,0.153,1.494,0.866,0.238,0.068,0.186,1.064,1.507,0.877,0.04,0.073,0.761,0.205,0.169,0.209,0.938,0.355
6.689,-0.483,591,MAIT,0.997,0.101,2.274,0.872,0.179,0.645,0.107,1.159,0.237,2.449,0.366,0.353,0.013,0.331,1.372,1.146,0.847,0.197,0.048,0.586,0.103,0.254,0.169,0.033,0.46
3.763,7.0,330,GNLY+ Temra,0.794,0.125,1.542,0.056,0.01,0.987,0.043,1.059,0.018,0.755,0.217,1.299,0.078,0.153,0.854,0.545,0.803,0.527,0.18,0.746,0.154,0.175,0.134,0.206,1.158
5.296,11.104,661,ZNF683+ Teff,1.0,0.004,1.201,0.673,0.059,1.591,0.55,1.491,0.0,0.299,0.163,0.093,0.12,0.0,1.75,0.011,0.315,0.312,0.558,1.469,0.141,0.045,0.059,1.052,0.044
0.836,1.448,295,Tn,0.969,0.065,1.283,0.0,0.008,0.003,0.054,0.416,0.244,2.038,0.188,1.205,1.174,0.013,0.087,0.331,0.219,0.647,1.121,0.523,0.07,1.121,0.058,0.031,0.018
4.738,6.276,379,ITGAE+ Trm,0.557,0.077,1.947,0.538,0.064,1.127,0.057,1.131,0.125,1.548,0.567,0.492,0.089,0.197,1.003,1.177,0.835,0.206,0.119,0.613,0.19,0.172,0.152,0.715,0.629
6.829,5.069,911,CREM+ Trm,0.756,0.072,1.247,0.261,0.025,0.545,0.038,0.597,0.103,1.002,0.314,0.615,0.039,0.208,0.669,1.095,0.807,0.276,0.202,0.686,0.137,0.334,0.213,0.235,0.714
3.484,7.0,400,GNLY+ Temra,0.708,0.059,1.678,0.044,0.011,1.115,0.049,1.019,0.033,0.627,0.225,1.321,0.073,0.102,0.918,0.54,0.829,0.509,0.24,0.686,0.119,0.217,0.174,0.145,1.252
6.271,0.724,332,GZMK+ Tem,0.611,0.041,1.582,0.282,0.021,0.095,0.021,0.664,0.163,2.919,0.304,1.012,0.538,0.148,0.454,0.576,0.375,0.517,0.947,0.702,0.256,0.909,0.111,0.025,0.174
5.017,3.379,839,ITGAE+ Trm,0.744,0.041,2.045,0.145,0.015,0.156,0.011,0.944,0.126,2.34,0.304,1.046,0.232,0.114,0.376,0.751,0.558,0.273,0.297,0.484,0.136,0.481,0.066,0.255,0.172
4.32,3.621,840,ITGAE+ Trm,0.711,0.07,1.462,0.11,0.008,0.166,0.027,0.74,0.205,2.329,0.202,1.289,0.278,0.102,0.333,0.663,0.551,0.489,0.492,0.505,0.124,0.464,0.069,0.156,0.163
2.509,2.414,266,ITGAE+ Trm,0.519,0.062,1.31,0.049,0.012,0.064,0.013,0.301,0.327,2.066,0.135,1.151,0.669,0.054,0.114,0.618,0.274,0.658,0.891,0.405,0.05,0.564,0.065,0.033,0.023
5.296,5.793,1001,ITGAE+ Trm,0.877,0.068,2.134,0.554,0.066,1.296,0.04,1.171,0.106,1.877,0.691,0.323,0.056,0.256,0.857,1.51,0.933,0.085,0.078,0.589,0.142,0.18,0.137,0.776,0.487
6.271,0.241,207,MAIT,0.845,0.089,2.54,0.594,0.115,0.26,0.023,1.118,0.197,3.011,0.44,0.662,0.036,0.238,0.913,1.234,0.599,0.152,0.072,0.611,0.143,0.279,0.158,0.088,0.2
6.55,0.241,326,MAIT,0.945,0.108,2.822,0.629,0.108,0.281,0.03,1.332,0.185,2.766,0.352,0.477,0.021,0.267,0.93,1.118,0.665,0.251,0.029,0.479,0.138,0.174,0.18,0.064,0.423
4.878,4.103,862,ITGAE+ Trm,0.824,0.091,1.705,0.162,0.025,0.295,0.026,0.954,0.148,2.254,0.268,0.881,0.202,0.161,0.429,0.922,0.704,0.36,0.285,0.461,0.125,0.358,0.085,0.298,0.257
4.181,3.379,857,ITGAE+ Trm,0.595,0.048,1.435,0.072,0.023,0.163,0.03,0.728,0.129,2.252,0.185,1.316,0.363,0.094,0.329,0.589,0.506,0.47,0.47,0.537,0.113,0.507,0.063,0.198,0.124
9.895,6.035,681,GZMK+ Tex,0.956,0.024,1.501,0.728,0.267,1.067,1.116,0.851,0.283,0.103,0.386,0.287,0.039,0.945,1.593,1.91,0.696,0.041,0.1,0.49,0.383,0.038,0.852,0.186,0.142
9.198,8.69,227,Cycling T,0.749,0.032,1.245,0.58,0.48,2.247,0.562,1.151,0.584,0.2,0.587,0.257,0.07,0.717,1.4,1.577,0.559,0.055,0.187,0.584,0.147,0.033,0.423,0.261,0.385
1.394,2.897,25,MACF1+ T,0.44,0.0,0.712,0.0,0.0,0.0,0.09,0.263,0.493,2.238,0.144,0.967,1.298,0.056,0.438,0.119,0.376,0.447,0.932,0.646,0.176,1.732,0.203,0.304,0.152
1.672,1.448,587,Tn,0.923,0.046,1.648,0.009,0.003,0.002,0.036,0.411,0.362,1.629,0.159,1.134,0.897,0.005,0.057,0.27,0.289,0.444,0.858,0.312,0.041,0.873,0.021,0.013,0.007
10.452,8.931,350,Cycling T,1.0,0.019,0.924,0.225,0.32,1.277,0.409,0.765,0.424,0.183,0.589,0.363,0.176,0.479,1.077,0.936,0.59,0.075,0.376,0.499,0.204,0.083,0.523,0.571,0.36
10.173,7.483,190,GZMK+ Tex,0.821,0.013,0.887,0.477,0.523,1.372,0.873,1.055,0.621,0.103,0.463,0.157,0.046,0.884,1.5,1.454,0.518,0.061,0.2,0.368,0.173,0.081,0.882,1.198,0.319
5.296,6.276,1024,ITGAE+ Trm,0.886,0.064,2.143,0.63,0.092,1.489,0.051,1.262,0.091,1.689,0.827,0.203,0.055,0.307,0.987,1.597,0.972,0.058,0.051,0.645,0.152,0.101,0.157,0.915,0.504
6.132,0.0,186,MAIT,0.957,0.022,2.228,0.403,0.033,0.239,0.044,1.091,0.052,2.897,0.227,0.78,0.093,0.192,0.951,0.766,0.468,0.344,0.149,0.652,0.178,0.39,0.066,0.168,0.269
1.672,2.414,117,Tn,0.897,0.04,1.247,0.0,0.0,0.007,0.027,0.236,0.246,2.033,0.082,1.301,0.965,0.0,0.02,0.581,0.282,0.827,1.217,0.427,0.008,0.606,0.022,0.025,0.011
5.435,5.069,967,ITGAE+ Trm,0.847,0.07,2.283,0.441,0.039,0.741,0.027,1.195,0.126,2.026,0.562,0.436,0.102,0.215,0.672,1.423,0.826,0.132,0.131,0.598,0.163,0.228,0.165,0.739,0.383
5.574,5.31,966,ITGAE+ Trm,0.816,0.055,2.36,0.53,0.053,0.804,0.032,1.169,0.108,1.741,0.596,0.377,0.071,0.227,0.702,1.45,0.743,0.151,0.108,0.575,0.184,0.175,0.178,0.715,0.487
9.058,7.483,545,ITGAE+ Tex,0.824,0.015,1.497,0.673,0.422,2.646,0.932,1.3,0.762,0.109,0.654,0.262,0.033,0.953,1.618,2.153,0.603,0.018,0.057,0.472,0.166,0.03,0.513,0.282,0.402
1.115,2.414,17,MACF1+ T,0.588,0.133,2.125,0.0,0.0,0.0,0.0,0.536,0.412,2.36,0.117,1.507,0.926,0.0,0.129,0.49,0.145,0.239,1.235,0.221,0.11,0.407,0.0,0.0,0.0
11.01,6.517,587,GZMK+ Tex,0.993,0.005,0.509,0.446,0.504,0.429,1.111,1.153,0.342,0.054,0.219,0.018,0.015,1.03,1.29,1.012,0.345,0.003,0.011,0.25,0.367,0.019,1.16,0.281,0.097
7.107,3.621,825,ITGB2+ Trm,0.444,0.05,1.679,0.172,0.014,0.249,0.005,0.6,0.077,1.266,0.25,1.311,0.126,0.197,0.748,0.753,0.562,0.305,0.539,0.615,0.324,0.515,0.27,0.154,0.514
10.731,7.483,210,GZMK+ Tex,0.938,0.023,0.754,0.297,0.654,0.447,0.772,1.199,0.486,0.038,0.272,0.062,0.033,0.974,1.224,1.391,0.422,0.026,0.106,0.187,0.225,0.029,1.235,2.056,0.261
4.46,10.621,742,ZNF683+ Teff,1.0,0.001,1.14,0.494,0.06,1.683,0.514,1.435,0.004,0.363,0.162,0.13,0.105,0.009,1.65,0.012,0.237,0.346,0.746,1.432,0.119,0.048,0.038,0.714,0.04
6.411,0.483,246,MAIT,0.744,0.109,2.866,0.557,0.081,0.239,0.112,1.232,0.192,2.933,0.489,0.531,0.071,0.4,0.606,1.398,0.593,0.16,0.136,0.494,0.152,0.347,0.189,0.041,0.383
11.288,10.379,624,Cycling T,1.0,0.044,1.5,0.299,0.281,1.311,0.311,1.188,0.34,0.275,0.678,0.36,0.201,0.247,0.862,0.956,0.663,0.159,0.283,0.665,0.142,0.144,0.271,0.456,0.26
2.509,8.207,584,GNLY+ Temra,0.896,0.075,1.633,0.01,0.007,2.182,0.093,1.198,0.031,0.748,0.158,1.332,0.069,0.098,1.511,0.488,0.674,0.443,0.268,0.888,0.239,0.101,0.146,0.156,1.092
6.132,-0.966,496,MAIT,0.998,0.052,2.321,0.366,0.021,0.139,0.031,1.32,0.051,2.867,0.25,1.173,0.049,0.083,1.207,0.345,0.505,0.371,0.171,0.689,0.214,0.605,0.108,0.02,0.13
3.623,7.724,244,GNLY+ Temra,0.816,0.036,1.402,0.03,0.011,1.319,0.089,0.904,0.042,0.72,0.211,0.845,0.094,0.109,1.142,0.311,0.61,0.495,0.335,0.9,0.183,0.157,0.18,0.157,0.894
2.09,2.655,75,Tn,0.413,0.049,1.114,0.011,0.013,0.076,0.0,0.512,0.36,2.055,0.154,1.238,0.845,0.026,0.189,0.406,0.389,0.624,0.752,0.466,0.115,0.954,0.135,0.126,0.106
1.951,2.414,235,Tn,0.813,0.054,1.289,0.0,0.005,0.02,0.025,0.309,0.254,2.037,0.105,1.349,0.787,0.051,0.063,0.598,0.288,0.657,1.068,0.327,0.037,0.7,0.058,0.072,0.047
5.017,4.828,940,ITGAE+ Trm,0.86,0.074,1.809,0.303,0.04,0.584,0.022,0.946,0.153,2.201,0.419,0.556,0.112,0.212,0.583,1.085,0.737,0.227,0.153,0.484,0.117,0.302,0.096,0.498,0.408
6.132,6.276,598,ITGAE+ Trm,0.542,0.069,2.021,0.808,0.232,1.455,0.137,1.212,0.08,1.074,0.834,0.29,0.052,0.471,0.77,1.627,0.946,0.081,0.125,0.709,0.152,0.12,0.156,0.697,0.713
4.041,6.517,337,GNLY+ Temra,0.57,0.069,1.508,0.081,0.018,0.898,0.023,1.093,0.056,0.998,0.184,1.155,0.119,0.105,0.855,0.608,0.807,0.474,0.304,0.719,0.158,0.307,0.173,0.212,0.974
5.714,5.069,1028,ITGAE+ Trm,0.769,0.076,2.325,0.38,0.029,0.699,0.03,1.112,0.147,1.768,0.509,0.404,0.053,0.244,0.69,1.289,0.791,0.199,0.13,0.52,0.171,0.21,0.122,0.71,0.496
6.132,5.31,789,CREM+ Trm,0.483,0.098,1.63,0.393,0.05,0.74,0.035,0.879,0.139,1.413,0.428,0.51,0.076,0.275,0.699,1.148,0.764,0.339,0.124,0.616,0.121,0.296,0.177,0.515,0.629
6.271,-0.241,302,MAIT,0.99,0.08,2.284,0.719,0.081,0.265,0.062,1.076,0.147,2.881,0.444,0.605,0.017,0.225,0.95,0.836,0.508,0.287,0.096,0.728,0.161,0.3,0.138,0.088,0.27
6.411,4.828,758,CREM+ Trm,0.536,0.093,1.48,0.187,0.015,0.489,0.016,0.731,0.173,1.4,0.31,0.801,0.095,0.232,0.563,1.055,0.792,0.356,0.244,0.552,0.152,0.344,0.185,0.283,0.688
6.689,5.793,749,CREM+ Trm,0.652,0.067,1.264,0.492,0.072,1.217,0.074,0.798,0.106,0.722,0.51,0.389,0.061,0.372,0.923,1.152,0.791,0.151,0.154,0.841,0.108,0.211,0.157,0.325,0.71
4.181,2.897,681,ITGAE+ Trm,0.374,0.03,1.534,0.075,0.019,0.113,0.038,0.788,0.088,2.325,0.21,1.494,0.405,0.091,0.451,0.477,0.464,0.484,0.585,0.658,0.153,0.612,0.077,0.235,0.083
2.787,2.414,306,ITGAE+ Trm,0.654,0.016,1.316,0.03,0.009,0.037,0.025,0.468,0.305,2.369,0.131,1.42,0.652,0.057,0.115,0.606,0.463,0.806,1.048,0.433,0.09,0.706,0.03,0.055,0.038
5.296,3.862,937,ITGAE+ Trm,0.835,0.074,2.282,0.196,0.009,0.28,0.024,1.076,0.154,2.411,0.354,0.746,0.132,0.132,0.391,1.099,0.675,0.2,0.187,0.422,0.156,0.378,0.082,0.31,0.208
2.509,7.724,587,GNLY+ Temra,0.828,0.058,1.662,0.019,0.019,1.833,0.083,1.153,0.013,0.661,0.203,1.445,0.102,0.079,1.414,0.362,0.657,0.431,0.178,0.777,0.273,0.144,0.194,0.115,1.176
6.968,5.31,973,CREM+ Trm,0.803,0.082,1.159,0.39,0.063,0.782,0.05,0.609,0.07,0.766,0.376,0.505,0.045,0.339,0.801,1.105,0.774,0.223,0.148,0.816,0.163,0.322,0.191,0.187,0.691
3.205,7.966,371,GNLY+ Temra,0.9,0.099,1.403,0.036,0.003,1.782,0.044,1.021,0.031,0.742,0.198,0.945,0.047,0.085,1.215,0.435,0.819,0.454,0.164,0.849,0.156,0.076,0.123,0.205,1.138
3.623,6.759,382,GNLY+ Temra,0.602,0.091,1.529,0.04,0.02,1.144,0.034,1.037,0.021,0.594,0.201,1.428,0.044,0.105,0.96,0.58,0.901,0.45,0.222,0.714,0.153,0.22,0.223,0.23,1.131
7.107,-0.241,20,MAIT,0.95,0.191,2.328,0.347,0.159,0.55,0.0,1.458,0.258,1.868,0.273,0.501,0.0,0.426,1.202,0.626,0.773,0.445,0.0,0.234,0.11,0.505,0.181,0.288,0.424
0.836,2.414,6,Tn,0.5,0.336,1.195,0.0,0.0,0.0,0.0,0.741,0.715,2.582,0.138,1.334,1.009,0.0,0.0,0.128,0.972,0.849,1.712,1.032,0.0,0.585,0.0,0.0,0.0
4.738,5.793,676,ITGAE+ Trm,0.71,0.079,1.669,0.432,0.05,1.218,0.055,1.119,0.118,1.945,0.586,0.541,0.089,0.229,1.002,1.245,0.869,0.206,0.163,0.617,0.158,0.225,0.14,0.691,0.502
4.181,6.759,308,GNLY+ Temra,0.461,0.122,1.635,0.137,0.033,0.891,0.058,0.894,0.069,1.052,0.206,1.091,0.154,0.111,0.722,0.691,0.793,0.412,0.294,0.698,0.165,0.286,0.123,0.253,0.845
6.55,0.724,192,GZMK+ Tem,0.51,0.028,2.165,0.25,0.082,0.126,0.049,0.852,0.228,2.698,0.278,0.854,0.506,0.17,0.431,0.752,0.373,0.319,0.705,0.504,0.29,0.863,0.151,0.067,0.193
7.665,7.0,604,ITGAE+ Tex,0.672,0.059,1.506,0.787,0.409,1.892,0.463,1.063,0.222,0.544,0.777,0.305,0.102,0.605,1.207,1.602,0.806,0.066,0.263,0.763,0.195,0.128,0.288,0.356,0.499
-0.139,5.069,162,CMC1+ Temra,0.66,0.034,0.812,0.039,0.003,1.933,0.106,1.087,0.005,0.745,0.175,1.375,0.137,0.024,2.053,0.101,0.718,0.367,0.525,0.678,0.282,0.359,0.273,0.206,1.134
5.296,4.828,960,ITGAE+ Trm,0.862,0.08,2.021,0.353,0.019,0.623,0.026,1.057,0.116,2.097,0.425,0.492,0.088,0.162,0.603,1.29,0.763,0.203,0.115,0.445,0.136,0.247,0.109,0.548,0.382
1.394,1.448,483,Tn,0.967,0.071,1.565,0.003,0.001,0.006,0.03,0.446,0.295,1.822,0.17,1.304,0.89,0.007,0.074,0.261,0.276,0.498,1.05,0.381,0.061,0.932,0.029,0.008,0.01
4.32,5.069,509,ITGAE+ Trm,0.403,0.079,1.345,0.184,0.018,0.617,0.049,0.915,0.099,1.685,0.258,0.881,0.194,0.121,0.639,0.541,0.611,0.366,0.258,0.546,0.133,0.34,0.144,0.386,0.476
5.156,7.483,375,ITGAE+ Trm,0.435,0.085,2.027,0.68,0.249,1.066,0.157,1.007,0.167,1.121,0.752,0.324,0.112,0.201,1.16,1.253,0.72,0.091,0.155,0.715,0.316,0.126,0.325,0.593,0.492
6.132,0.483,164,MAIT,0.482,0.061,1.874,0.302,0.016,0.109,0.013,0.857,0.098,2.934,0.29,0.967,0.296,0.12,0.583,0.655,0.57,0.429,0.647,0.705,0.224,0.666,0.108,0.052,0.145
5.993,5.552,766,ITGAE+ Trm,0.544,0.092,1.887,0.476,0.093,0.957,0.045,0.951,0.137,1.275,0.538,0.36,0.051,0.264,0.685,1.296,0.741,0.207,0.108,0.584,0.137,0.187,0.157,0.643,0.66
9.895,7.0,314,GZMK+ Tex,0.85,0.019,1.044,0.639,0.436,1.809,1.231,1.226,0.454,0.082,0.423,0.162,0.022,0.793,1.718,1.788,0.605,0.016,0.078,0.494,0.261,0.017,0.854,0.39,0.273
5.574,6.759,730,ITGAE+ Trm,0.758,0.045,1.972,0.884,0.182,1.683,0.115,1.251,0.072,1.193,0.906,0.202,0.042,0.366,1.049,1.628,0.943,0.062,0.089,0.682,0.194,0.081,0.198,0.798,0.681
9.755,7.724,235,GZMK+ Tex,0.532,0.036,1.071,0.501,0.317,1.911,0.616,1.187,0.649,0.271,0.45,0.263,0.093,0.653,1.39,1.221,0.523,0.079,0.259,0.31,0.29,0.116,0.424,1.041,0.429
6.689,6.759,655,ITGAE+ Tex,0.563,0.069,1.539,0.785,0.292,1.522,0.212,1.134,0.102,0.908,0.858,0.261,0.103,0.507,0.878,1.364,0.821,0.08,0.197,0.775,0.145,0.143,0.245,0.375,0.639
0.697,2.172,17,Tn,0.706,0.067,1.093,0.0,0.0,0.0,0.0,0.347,0.067,2.334,0.0,1.375,1.361,0.152,0.308,0.534,0.19,1.045,1.16,0.549,0.0,0.628,0.0,0.0,0.0
5.574,-0.483,249,MAIT,0.972,0.051,1.658,0.387,0.015,0.202,0.03,1.039,0.035,3.028,0.244,1.065,0.304,0.032,0.933,0.325,0.418,0.391,0.405,0.695,0.141,0.723,0.072,0.073,0.162
3.066,4.345,439,Early Tcm/Tem,0.585,0.036,1.376,0.043,0.024,0.686,0.035,0.841,0.025,1.932,0.202,1.547,0.34,0.09,0.792,0.235,0.455,0.431,0.584,0.684,0.22,0.495,0.197,0.22,0.482
6.132,4.345,847,ITGAE+ Trm,0.646,0.086,2.377,0.294,0.024,0.541,0.016,1.049,0.168,1.706,0.41,0.874,0.115,0.179,0.561,1.287,0.685,0.25,0.265,0.496,0.18,0.296,0.141,0.531,0.434
3.345,7.241,465,GNLY+ Temra,0.703,0.117,1.734,0.052,0.016,1.409,0.094,1.015,0.022,0.663,0.199,1.303,0.037,0.094,1.104,0.496,0.87,0.502,0.302,0.7,0.169,0.155,0.162,0.147,1.23
4.878,5.069,806,ITGAE+ Trm,0.831,0.085,1.717,0.371,0.055,0.816,0.039,1.07,0.126,2.103,0.448,0.586,0.09,0.23,0.699,1.084,0.842,0.252,0.145,0.508,0.147,0.279,0.129,0.518,0.452
5.574,4.345,1158,ITGAE+ Trm,0.882,0.068,2.478,0.243,0.028,0.425,0.018,1.158,0.135,2.201,0.377,0.614,0.087,0.162,0.479,1.216,0.677,0.181,0.174,0.396,0.136,0.28,0.115,0.567,0.306
2.927,7.966,502,GNLY+ Temra,0.942,0.108,1.462,0.032,0.01,1.935,0.101,1.178,0.014,0.798,0.159,1.205,0.042,0.118,1.312,0.487,0.78,0.564,0.218,0.895,0.109,0.105,0.115,0.147,1.193
4.599,4.586,720,ITGAE+ Trm,0.743,0.061,1.49,0.191,0.027,0.432,0.039,0.851,0.166,2.138,0.255,0.851,0.189,0.122,0.538,0.763,0.723,0.416,0.298,0.471,0.134,0.413,0.078,0.352,0.331
0.418,1.69,76,Tn,0.908,0.084,1.083,0.011,0.013,0.009,0.065,0.282,0.286,1.993,0.134,0.936,1.291,0.0,0.174,0.389,0.284,0.658,1.358,0.693,0.074,0.889,0.12,0.061,0.066
6.132,0.966,572,GZMK+ Tem,0.86,0.032,1.248,0.131,0.017,0.047,0.036,0.418,0.099,2.879,0.223,1.252,0.638,0.108,0.407,0.307,0.337,0.559,1.123,0.713,0.266,1.126,0.111,0.038,0.119
7.386,5.552,767,CREM+ Trm,0.656,0.069,1.171,0.494,0.104,1.252,0.122,0.656,0.073,0.453,0.438,0.478,0.062,0.486,0.984,1.262,0.841,0.146,0.2,0.841,0.141,0.213,0.237,0.18,0.567
1.951,1.931,354,Tn,0.944,0.039,1.471,0.002,0.016,0.027,0.046,0.282,0.311,1.696,0.133,1.051,0.648,0.021,0.061,0.346,0.22,0.576,0.867,0.304,0.027,0.639,0.043,0.031,0.017
9.477,3.862,138,SELL+ Tpex,0.522,0.031,1.986,0.26,0.023,0.097,0.406,0.324,0.333,0.406,0.462,0.778,0.57,0.278,0.444,1.034,0.519,0.251,0.642,0.564,0.405,0.697,0.458,0.202,0.147
3.763,5.069,541,CMC1+ Temra,0.434,0.051,1.056,0.075,0.018,0.471,0.024,0.744,0.064,1.006,0.14,0.946,0.125,0.046,0.636,0.275,0.532,0.394,0.283,0.447,0.186,0.324,0.191,0.198,0.517
4.32,6.035,348,ITGAE+ Trm,0.21,0.084,1.573,0.106,0.028,0.872,0.084,0.951,0.063,1.269,0.249,1.097,0.093,0.117,0.931,0.647,0.802,0.398,0.297,0.554,0.183,0.293,0.18,0.344,0.757
4.599,5.552,514,ITGAE+ Trm,0.648,0.076,1.544,0.352,0.023,1.07,0.046,1.078,0.115,1.856,0.388,0.633,0.091,0.22,0.874,0.92,0.867,0.291,0.193,0.596,0.117,0.318,0.138,0.589,0.567
3.623,4.345,654,Early Tcm/Tem,0.758,0.032,1.282,0.095,0.021,0.573,0.043,1.112,0.029,1.712,0.22,1.234,0.264,0.081,0.635,0.315,0.476,0.421,0.425,0.668,0.191,0.424,0.136,0.396,0.209
11.985,10.621,60,Cycling T,1.0,0.005,1.34,0.375,0.361,0.924,0.392,1.035,0.414,0.097,0.789,0.277,0.251,0.449,0.929,0.929,0.464,0.106,0.264,0.486,0.19,0.165,0.44,0.425,0.123
5.296,6.759,631,ITGAE+ Trm,0.792,0.067,2.337,0.685,0.133,1.482,0.072,1.254,0.109,1.353,0.946,0.219,0.042,0.258,1.127,1.549,0.857,0.04,0.101,0.631,0.194,0.077,0.184,0.972,0.438
3.623,6.276,400,CMC1+ Temra,0.47,0.067,1.637,0.066,0.016,0.922,0.044,0.907,0.029,0.635,0.195,1.32,0.086,0.116,1.01,0.61,0.711,0.359,0.257,0.558,0.274,0.257,0.245,0.182,1.002
3.902,5.31,407,CMC1+ Temra,0.324,0.059,1.39,0.077,0.026,0.563,0.027,0.825,0.08,1.108,0.209,1.072,0.137,0.07,0.8,0.445,0.528,0.427,0.378,0.527,0.249,0.387,0.171,0.331,0.569
5.993,5.069,803,ITGAE+ Trm,0.56,0.079,2.003,0.337,0.025,0.634,0.032,0.967,0.123,1.525,0.436,0.546,0.061,0.224,0.604,1.21,0.716,0.295,0.15,0.548,0.164,0.269,0.135,0.681,0.571
3.205,7.483,520,GNLY+ Temra,0.821,0.067,1.514,0.033,0.0,1.537,0.074,0.999,0.003,0.561,0.206,1.142,0.043,0.12,1.124,0.383,0.767,0.49,0.229,0.778,0.146,0.18,0.134,0.082,1.153
6.55,5.552,866,CREM+ Trm,0.749,0.103,1.143,0.404,0.05,0.86,0.046,0.738,0.11,0.976,0.421,0.374,0.048,0.286,0.803,1.04,0.802,0.301,0.152,0.714,0.097,0.274,0.14,0.341,0.709
1.672,8.69,323,GNLY+ Temra,0.944,0.023,1.615,0.006,0.004,2.371,0.054,1.078,0.0,0.326,0.186,1.473,0.068,0.108,1.79,0.244,0.559,0.358,0.226,0.905,0.198,0.052,0.152,0.155,0.952
6.271,4.103,747,ITGAE+ Trm,0.501,0.049,2.215,0.214,0.011,0.359,0.024,1.0,0.141,1.642,0.301,0.934,0.109,0.177,0.5,1.053,0.597,0.257,0.312,0.503,0.167,0.338,0.151,0.482,0.372
4.599,6.517,319,ITGAE+ Trm,0.486,0.077,1.937,0.293,0.062,1.002,0.065,1.015,0.169,1.496,0.456,0.582,0.129,0.116,0.902,1.138,0.755,0.213,0.145,0.65,0.205,0.291,0.123,0.778,0.632
6.55,5.069,851,CREM+ Trm,0.729,0.093,1.317,0.283,0.03,0.526,0.025,0.642,0.112,1.224,0.318,0.704,0.064,0.239,0.649,1.018,0.856,0.382,0.194,0.656,0.129,0.407,0.171,0.339,0.71
6.271,5.552,785,CREM+ Trm,0.624,0.098,1.421,0.387,0.043,0.967,0.045,0.823,0.112,1.251,0.443,0.417,0.055,0.298,0.844,1.091,0.835,0.298,0.15,0.627,0.106,0.307,0.131,0.442,0.707
8.501,7.483,623,ITGAE+ Tex,0.889,0.025,1.427,0.848,0.589,2.634,0.83,1.214,0.431,0.13,0.857,0.222,0.036,0.83,1.694,2.107,0.708,0.019,0.096,0.655,0.182,0.029,0.468,0.252,0.505
5.574,4.828,1024,ITGAE+ Trm,0.833,0.087,2.344,0.342,0.031,0.605,0.027,1.135,0.152,1.999,0.502,0.516,0.072,0.191,0.614,1.32,0.717,0.181,0.115,0.487,0.147,0.234,0.139,0.648,0.372
0.976,1.69,321,Tn,0.981,0.093,1.351,0.0,0.006,0.0,0.04,0.292,0.233,2.062,0.155,1.196,1.105,0.007,0.069,0.312,0.296,0.732,1.061,0.453,0.063,0.899,0.042,0.0,0.031
4.32,3.138,650,ITGAE+ Trm,0.546,0.053,1.544,0.074,0.023,0.149,0.018,0.812,0.145,2.291,0.242,1.312,0.343,0.105,0.352,0.513,0.511,0.447,0.443,0.599,0.151,0.536,0.083,0.172,0.136
3.623,7.241,391,GNLY+ Temra,0.844,0.114,1.455,0.08,0.013,1.136,0.07,1.038,0.026,0.68,0.221,1.249,0.04,0.143,0.882,0.606,0.867,0.545,0.225,0.875,0.096,0.17,0.157,0.139,1.194
4.738,5.31,691,ITGAE+ Trm,0.75,0.073,1.653,0.434,0.04,0.999,0.028,1.06,0.101,2.093,0.469,0.504,0.077,0.19,0.827,1.112,0.908,0.284,0.163,0.607,0.138,0.289,0.098,0.603,0.435
5.156,10.862,689,ZNF683+ Teff,1.0,0.0,1.181,0.675,0.055,1.489,0.53,1.387,0.002,0.337,0.175,0.104,0.115,0.013,1.675,0.022,0.306,0.284,0.504,1.36,0.145,0.04,0.049,0.924,0.054
5.156,2.655,591,ITGAE+ Trm,0.475,0.025,1.967,0.147,0.012,0.089,0.03,0.821,0.08,2.587,0.263,1.34,0.346,0.087,0.436,0.605,0.48,0.395,0.49,0.668,0.207,0.651,0.108,0.205,0.135
7.107,6.035,616,CREM+ Trm,0.487,0.066,1.241,0.598,0.189,1.457,0.136,0.767,0.091,0.613,0.576,0.342,0.08,0.453,0.923,1.312,0.809,0.166,0.27,0.851,0.141,0.193,0.235,0.189,0.583
2.648,2.655,384,ITGAE+ Trm,0.773,0.042,1.264,0.018,0.013,0.06,0.018,0.496,0.301,2.499,0.109,1.331,0.668,0.06,0.096,0.807,0.448,0.807,1.25,0.369,0.073,0.592,0.033,0.057,0.044
10.731,4.586,162,SELL+ Tpex,1.0,0.0,1.028,0.227,0.038,0.058,0.797,0.031,0.329,0.211,0.781,1.369,1.018,0.031,0.757,0.324,0.374,0.6,1.606,1.045,0.511,1.182,0.257,0.006,0.059
6.968,5.793,733,CREM+ Trm,0.649,0.05,1.189,0.522,0.104,1.283,0.122,0.825,0.107,0.583,0.551,0.429,0.077,0.475,0.954,1.241,0.843,0.124,0.163,0.854,0.149,0.164,0.216,0.214,0.673
9.337,8.931,235,Cycling T,0.991,0.02,1.265,0.545,0.487,2.273,0.713,1.172,0.662,0.197,0.746,0.257,0.048,0.746,1.303,1.654,0.609,0.062,0.115,0.522,0.15,0.028,0.464,0.289,0.366
7.804,8.69,405,ITGAE+ Tex,0.79,0.028,1.204,1.056,1.073,2.731,0.818,1.34,0.269,0.239,1.127,0.094,0.023,0.556,1.74,1.416,0.735,0.027,0.111,0.672,0.251,0.019,0.525,0.158,0.509
6.829,5.552,866,CREM+ Trm,0.767,0.081,1.122,0.453,0.089,0.953,0.065,0.636,0.098,0.697,0.415,0.407,0.029,0.349,0.759,1.076,0.791,0.247,0.147,0.782,0.091,0.266,0.174,0.246,0.737
1.394,2.414,30,Tn,0.433,0.121,0.913,0.0,0.0,0.062,0.066,0.326,0.537,2.131,0.296,1.228,0.998,0.087,0.086,0.656,0.294,0.753,1.146,0.344,0.176,1.144,0.049,0.028,0.122
8.362,5.31,727,GZMK+ Tex,0.345,0.045,1.641,0.47,0.075,1.153,0.24,0.74,0.066,0.199,0.46,0.517,0.081,0.493,1.18,1.36,0.718,0.121,0.263,0.882,0.307,0.148,0.412,0.165,0.405
10.452,9.414,440,Cycling T,1.0,0.049,0.99,0.237,0.303,1.533,0.337,0.808,0.511,0.239,0.608,0.383,0.144,0.384,0.891,0.978,0.546,0.113,0.264,0.429,0.134,0.079,0.313,0.418,0.335
10.591,6.276,855,GZMK+ Tex,0.981,0.015,0.983,0.499,0.432,0.437,1.078,1.09,0.385,0.068,0.287,0.058,0.006,0.937,1.29,1.443,0.405,0.008,0.023,0.35,0.339,0.012,0.973,0.336,0.119
1.115,1.448,456,Tn,0.963,0.058,1.396,0.0,0.003,0.008,0.053,0.347,0.214,1.84,0.2,1.161,1.026,0.005,0.051,0.377,0.309,0.552,1.0,0.385,0.059,0.962,0.049,0.03,0.025
3.902,3.862,549,Early Tcm/Tem,0.537,0.054,1.194,0.094,0.023,0.333,0.041,0.91,0.129,2.086,0.213,1.206,0.313,0.102,0.539,0.363,0.512,0.471,0.537,0.589,0.166,0.51,0.066,0.328,0.172
5.993,4.586,954,ITGAE+ Trm,0.719,0.085,2.413,0.265,0.031,0.55,0.015,1.142,0.163,1.684,0.415,0.631,0.076,0.238,0.537,1.244,0.677,0.183,0.162,0.473,0.134,0.255,0.125,0.723,0.451
-1.951,0.966,471,Tn,1.0,0.009,0.505,0.002,0.007,0.018,0.02,0.394,0.067,2.588,0.132,1.676,1.973,0.0,0.094,0.02,0.248,0.574,1.994,0.806,0.183,2.152,0.026,0.004,0.026
5.156,5.552,1011,ITGAE+ Trm,0.865,0.063,2.036,0.502,0.045,1.028,0.041,1.106,0.099,2.012,0.606,0.332,0.074,0.249,0.85,1.428,0.835,0.128,0.085,0.56,0.146,0.208,0.134,0.733,0.459
3.066,1.448,747,Tcm,0.664,0.063,1.728,0.006,0.01,0.011,0.019,0.581,0.227,2.6,0.153,1.754,0.895,0.016,0.079,0.406,0.293,0.632,1.343,0.603,0.097,1.034,0.036,0.022,0.02
6.411,-0.966,377,MAIT,1.0,0.068,2.573,0.552,0.045,0.181,0.046,1.401,0.062,2.914,0.262,1.062,0.045,0.153,1.357,0.618,0.681,0.261,0.104,0.633,0.253,0.555,0.139,0.025,0.199
1.394,0.966,500,Tn,0.908,0.029,1.492,0.002,0.007,0.011,0.019,0.427,0.284,1.847,0.144,1.372,1.091,0.01,0.075,0.242,0.232,0.482,1.154,0.432,0.068,1.138,0.042,0.03,0.005
6.829,2.655,858,GZMK+ Tem,0.78,0.042,1.368,0.089,0.014,0.09,0.011,0.554,0.038,1.607,0.216,1.418,0.172,0.103,0.695,0.323,0.554,0.449,0.7,0.611,0.354,0.731,0.186,0.148,0.504
-0.418,4.586,172,ILTCK,0.965,0.051,1.37,0.077,0.029,2.087,0.209,1.291,0.061,1.848,0.243,1.995,0.428,0.041,2.243,0.179,0.672,0.518,1.086,1.001,0.381,0.928,0.281,0.285,0.815
-1.533,0.724,565,Tn,0.998,0.021,0.563,0.0,0.007,0.018,0.011,0.403,0.097,2.458,0.142,1.683,1.862,0.0,0.076,0.02,0.246,0.606,1.853,0.705,0.126,1.976,0.046,0.003,0.001
6.829,-1.207,40,MAIT,1.0,0.168,2.116,0.253,0.068,0.085,0.0,1.195,0.0,2.693,0.186,1.212,0.0,0.045,1.431,0.222,1.069,0.384,0.052,0.59,0.055,1.01,0.056,0.0,0.172
0.139,4.103,302,ILTCK,0.99,0.056,1.201,0.018,0.013,1.551,0.1,0.998,0.091,1.875,0.238,1.911,1.057,0.02,1.653,0.131,0.551,0.61,1.457,0.908,0.235,1.345,0.185,0.234,0.724
10.313,4.828,64,SELL+ Tpex,0.797,0.0,0.978,0.395,0.09,0.217,0.734,0.215,0.241,0.239,0.574,0.906,0.6,0.192,1.092,0.586,0.379,0.498,1.27,0.851,0.472,0.701,0.514,0.117,0.086
10.034,3.379,61,SELL+ Tpex,1.0,0.019,1.044,0.055,0.026,0.02,0.845,0.029,0.175,0.556,0.537,2.083,1.422,0.086,0.269,0.038,0.253,0.661,1.586,1.278,0.754,2.443,0.35,0.0,0.038
2.927,6.517,554,CMC1+ Temra,0.744,0.038,1.405,0.036,0.025,1.06,0.036,0.88,0.008,0.437,0.133,1.594,0.059,0.097,1.244,0.344,0.677,0.313,0.265,0.66,0.254,0.273,0.292,0.098,1.018
-1.812,0.724,573,Tn,1.0,0.022,0.528,0.002,0.005,0.012,0.018,0.374,0.109,2.451,0.189,1.63,1.982,0.0,0.092,0.012,0.216,0.661,1.933,0.749,0.15,2.043,0.064,0.002,0.011
-0.976,-0.241,737,Tn,1.0,0.012,0.516,0.0,0.002,0.011,0.01,0.466,0.102,2.074,0.181,1.629,1.74,0.003,0.097,0.04,0.219,0.508,1.822,0.626,0.122,1.796,0.06,0.001,0.017
10.452,4.586,121,SELL+ Tpex,0.992,0.023,1.066,0.407,0.101,0.129,0.849,0.091,0.265,0.218,0.707,1.238,0.789,0.091,0.853,0.341,0.39,0.631,1.376,0.867,0.526,0.881,0.372,0.011,0.088
5.714,0.241,121,MAIT,0.562,0.052,1.636,0.38,0.0,0.055,0.016,0.869,0.11,3.07,0.196,1.108,0.438,0.094,0.582,0.478,0.389,0.412,0.636,0.645,0.223,0.68,0.093,0.066,0.076
5.017,2.414,659,ITGAE+ Trm,0.405,0.03,1.78,0.108,0.016,0.094,0.029,0.777,0.077,2.545,0.272,1.389,0.441,0.08,0.42,0.478,0.429,0.444,0.598,0.685,0.206,0.777,0.085,0.167,0.1
6.132,2.414,694,GZMK+ Tem,0.634,0.056,1.628,0.11,0.012,0.114,0.011,0.782,0.057,2.18,0.239,1.412,0.267,0.112,0.641,0.423,0.49,0.44,0.657,0.635,0.246,0.688,0.134,0.146,0.328
-1.115,0.0,732,Tn,0.996,0.012,0.608,0.0,0.009,0.006,0.039,0.446,0.115,2.156,0.215,1.648,1.77,0.001,0.114,0.037,0.193,0.563,1.857,0.691,0.112,1.92,0.064,0.006,0.003
2.23,6.759,782,CMC1+ Temra,0.847,0.027,1.329,0.019,0.004,1.606,0.074,0.9,0.009,0.246,0.158,1.731,0.052,0.066,1.545,0.261,0.705,0.272,0.226,0.637,0.268,0.141,0.3,0.094,1.207
7.944,4.586,768,ITGB2+ Trm,0.478,0.083,1.865,0.344,0.035,0.784,0.061,0.683,0.081,0.426,0.345,0.645,0.061,0.328,0.809,1.389,0.753,0.128,0.243,0.688,0.254,0.215,0.392,0.246,0.483
8.362,4.345,711,ITGB2+ Trm,0.605,0.051,2.052,0.386,0.052,0.627,0.075,0.704,0.112,0.303,0.313,0.695,0.056,0.362,0.829,1.356,0.679,0.089,0.237,0.605,0.299,0.198,0.411,0.28,0.432
7.247,5.31,873,CREM+ Trm,0.694,0.075,1.358,0.391,0.043,0.988,0.06,0.646,0.106,0.581,0.404,0.512,0.061,0.378,0.874,1.213,0.82,0.176,0.207,0.852,0.156,0.256,0.229,0.181,0.632
3.763,5.552,389,CMC1+ Temra,0.452,0.048,1.433,0.051,0.021,0.632,0.05,0.793,0.059,0.848,0.175,1.355,0.15,0.119,0.959,0.393,0.634,0.377,0.391,0.516,0.27,0.464,0.244,0.251,0.862
-2.23,0.966,289,Tn,1.0,0.018,0.405,0.0,0.0,0.004,0.009,0.425,0.048,2.652,0.128,1.763,2.13,0.0,0.161,0.004,0.244,0.658,2.139,0.878,0.225,2.18,0.056,0.0,0.009
6.689,3.862,743,ITGB2+ Trm,0.412,0.06,1.794,0.14,0.013,0.278,0.02,0.728,0.125,1.476,0.228,1.242,0.159,0.133,0.649,0.806,0.648,0.317,0.468,0.55,0.228,0.466,0.196,0.201,0.449
-1.254,0.724,451,Tn,0.998,0.016,0.641,0.004,0.004,0.027,0.012,0.419,0.121,2.401,0.186,1.647,1.817,0.002,0.074,0.059,0.175,0.667,1.761,0.762,0.157,1.943,0.06,0.002,0.013
0.836,8.207,874,GNLY+ Temra,0.977,0.029,1.024,0.007,0.008,2.111,0.056,1.099,0.0,0.408,0.16,1.735,0.087,0.058,1.934,0.14,0.675,0.441,0.272,0.899,0.29,0.123,0.228,0.088,1.141
3.484,6.517,382,CMC1+ Temra,0.508,0.068,1.666,0.039,0.026,1.031,0.051,0.838,0.017,0.519,0.203,1.357,0.081,0.084,0.972,0.528,0.831,0.359,0.252,0.558,0.217,0.327,0.21,0.204,1.035
6.689,-0.966,221,MAIT,1.0,0.115,2.678,0.431,0.071,0.154,0.044,1.289,0.081,2.729,0.26,1.066,0.024,0.155,1.298,0.449,0.974,0.308,0.063,0.509,0.162,0.64,0.106,0.012,0.218
2.648,7.0,631,CMC1+ Temra,0.662,0.067,1.435,0.015,0.012,1.49,0.096,0.983,0.009,0.364,0.188,1.51,0.07,0.089,1.43,0.368,0.736,0.303,0.292,0.641,0.228,0.19,0.279,0.085,1.181
4.32,5.552,398,ITGAE+ Trm,0.359,0.085,1.526,0.232,0.024,0.958,0.064,0.929,0.105,1.535,0.25,0.863,0.142,0.138,0.82,0.697,0.73,0.33,0.302,0.501,0.156,0.31,0.156,0.424,0.602
5.853,5.793,820,ITGAE+ Trm,0.69,0.089,2.259,0.544,0.075,1.216,0.057,1.153,0.122,1.278,0.655,0.322,0.05,0.251,0.875,1.449,0.841,0.131,0.103,0.606,0.148,0.149,0.187,0.713,0.631
7.526,2.414,865,GZMK+ Tem,0.897,0.044,1.284,0.172,0.007,0.075,0.007,0.354,0.043,1.54,0.278,1.218,0.137,0.15,0.702,0.495,0.524,0.523,0.638,0.645,0.448,0.765,0.301,0.086,0.448
5.853,5.31,878,ITGAE+ Trm,0.651,0.084,2.215,0.415,0.057,0.839,0.027,1.104,0.111,1.59,0.497,0.406,0.057,0.223,0.69,1.455,0.777,0.203,0.085,0.579,0.151,0.208,0.136,0.626,0.557
6.55,3.621,713,ITGB2+ Trm,0.41,0.044,1.869,0.133,0.015,0.226,0.018,0.743,0.122,1.537,0.23,1.339,0.184,0.178,0.652,0.756,0.573,0.343,0.402,0.543,0.234,0.597,0.172,0.22,0.425
2.23,1.448,441,Tn,0.896,0.037,1.751,0.001,0.011,0.015,0.039,0.428,0.447,1.776,0.178,1.372,0.781,0.01,0.061,0.247,0.257,0.379,0.82,0.351,0.05,0.85,0.017,0.019,0.011
4.32,0.241,534,Tcm,0.951,0.019,0.746,0.05,0.007,0.021,0.012,0.336,0.107,3.011,0.176,1.163,0.594,0.021,0.182,0.038,0.237,0.76,1.005,0.776,0.185,1.188,0.022,0.03,0.01
4.878,7.0,443,ITGAE+ Trm,0.713,0.059,2.443,0.588,0.273,0.984,0.143,1.223,0.256,1.526,0.907,0.288,0.074,0.104,1.087,1.561,0.769,0.086,0.15,0.722,0.278,0.217,0.301,0.991,0.438
-1.951,0.483,617,Tn,1.0,0.015,0.468,0.0,0.011,0.012,0.014,0.488,0.08,2.499,0.169,1.758,1.983,0.0,0.11,0.028,0.209,0.591,1.99,0.729,0.159,2.143,0.03,0.009,0.008
10.591,4.345,259,SELL+ Tpex,1.0,0.009,1.186,0.295,0.04,0.036,0.892,0.038,0.249,0.275,0.653,1.549,1.055,0.051,0.701,0.298,0.41,0.657,1.501,1.066,0.594,1.41,0.3,0.004,0.061
2.369,0.241,639,Tn,0.9,0.025,1.882,0.004,0.0,0.008,0.016,0.427,0.324,1.953,0.15,1.652,0.927,0.007,0.073,0.229,0.2,0.388,1.252,0.447,0.111,1.224,0.016,0.017,0.006
2.369,7.483,809,CMC1+ Temra,0.528,0.065,1.527,0.014,0.018,2.03,0.118,1.103,0.007,0.347,0.18,1.723,0.062,0.086,1.844,0.306,0.695,0.301,0.186,0.693,0.273,0.116,0.303,0.05,1.38
7.386,4.103,893,ITGB2+ Trm,0.468,0.073,1.772,0.232,0.013,0.369,0.026,0.651,0.082,0.913,0.267,0.983,0.09,0.202,0.719,0.968,0.681,0.242,0.399,0.6,0.263,0.402,0.222,0.259,0.56
6.968,3.862,740,ITGB2+ Trm,0.47,0.065,1.653,0.142,0.018,0.286,0.013,0.658,0.084,1.279,0.236,1.265,0.151,0.153,0.621,0.771,0.559,0.277,0.443,0.629,0.234,0.467,0.234,0.2,0.459
9.755,3.379,111,SELL+ Tpex,0.991,0.012,1.277,0.073,0.0,0.024,0.455,0.024,0.348,0.794,0.519,1.551,1.267,0.069,0.221,0.187,0.377,0.587,1.629,0.937,0.639,2.134,0.451,0.0,0.048
5.993,6.035,654,ITGAE+ Trm,0.648,0.073,1.999,0.606,0.13,1.415,0.068,1.127,0.102,1.197,0.723,0.285,0.034,0.365,0.862,1.548,0.81,0.106,0.109,0.63,0.114,0.111,0.184,0.622,0.756
6.411,-0.483,413,MAIT,0.998,0.085,2.481,0.862,0.175,0.488,0.103,1.136,0.108,2.842,0.393,0.679,0.029,0.304,1.285,0.987,0.644,0.23,0.083,0.698,0.212,0.325,0.156,0.049,0.253
8.64,5.793,674,GZMK+ Tex,0.504,0.025,1.491,0.612,0.159,1.305,0.442,0.718,0.102,0.222,0.47,0.496,0.082,0.566,1.354,1.469,0.714,0.109,0.3,0.816,0.347,0.14,0.484,0.151,0.383
11.706,9.172,57,Cycling T,1.0,0.02,0.581,0.332,0.146,0.842,0.443,0.566,0.255,0.116,0.667,1.551,0.382,0.214,1.404,0.287,0.497,0.513,1.035,0.917,0.502,0.329,0.4,0.07,0.242
7.107,4.586,958,CREM+ Trm,0.592,0.089,1.485,0.222,0.025,0.428,0.021,0.605,0.127,0.972,0.259,0.895,0.116,0.236,0.619,1.037,0.831,0.251,0.292,0.613,0.172,0.415,0.257,0.217,0.665
-1.533,-0.241,754,Tn,1.0,0.014,0.493,0.0,0.005,0.002,0.017,0.477,0.08,2.243,0.19,1.69,1.871,0.001,0.091,0.052,0.2,0.57,1.864,0.679,0.117,2.01,0.076,0.002,0.005
-1.115,4.828,246,ILTCK,0.988,0.065,1.351,0.142,0.025,2.479,0.338,1.564,0.014,1.981,0.29,2.039,0.296,0.048,2.785,0.105,0.907,0.55,0.759,1.244,0.364,0.736,0.313,0.219,0.981
7.386,3.621,848,GZMK+ Tem,0.45,0.047,1.726,0.143,0.018,0.251,0.024,0.613,0.091,1.012,0.209,1.288,0.128,0.191,0.734,0.792,0.614,0.267,0.423,0.592,0.283,0.55,0.256,0.175,0.49
6.689,-1.448,118,MAIT,1.0,0.088,2.238,0.327,0.0,0.106,0.035,1.444,0.013,3.063,0.207,1.344,0.036,0.088,1.394,0.156,0.783,0.467,0.169,0.655,0.206,1.185,0.051,0.013,0.113
5.714,0.724,511,GZMK+ Tem,0.81,0.018,1.017,0.088,0.007,0.029,0.006,0.46,0.109,3.012,0.224,1.293,0.668,0.071,0.361,0.152,0.285,0.692,1.12,0.764,0.241,1.169,0.059,0.041,0.093
7.107,4.103,869,ITGB2+ Trm,0.446,0.084,1.635,0.156,0.013,0.336,0.012,0.685,0.096,1.062,0.252,1.116,0.104,0.179,0.65,0.939,0.64,0.246,0.388,0.597,0.217,0.404,0.224,0.244,0.483
-0.418,0.241,689,Tn,1.0,0.007,0.656,0.0,0.002,0.01,0.018,0.421,0.133,2.01,0.189,1.56,1.697,0.003,0.113,0.049,0.226,0.479,1.719,0.631,0.116,1.731,0.052,0.003,0.006
10.591,3.862,90,SELL+ Tpex,1.0,0.01,1.194,0.144,0.0,0.015,0.805,0.005,0.305,0.423,0.794,1.892,1.268,0.009,0.392,0.146,0.508,0.718,1.474,1.198,0.932,2.344,0.362,0.0,0.017
1.115,2.897,4,MACF1+ T,0.5,0.297,1.099,0.0,0.0,0.0,0.0,0.915,0.0,2.796,0.436,2.593,1.43,0.0,0.0,0.0,0.0,0.586,1.403,1.003,0.0,1.89,0.466,0.0,0.0
3.205,7.0,473,GNLY+ Temra,0.522,0.066,1.59,0.028,0.012,1.259,0.057,0.961,0.022,0.562,0.225,1.299,0.07,0.109,1.142,0.524,0.848,0.358,0.295,0.647,0.183,0.287,0.23,0.119,1.061
5.714,3.138,890,ITGAE+ Trm,0.604,0.037,2.445,0.211,0.013,0.176,0.017,1.032,0.117,2.541,0.269,0.965,0.161,0.113,0.545,0.93,0.473,0.226,0.279,0.513,0.227,0.428,0.118,0.214,0.199
3.484,6.035,445,CMC1+ Temra,0.609,0.038,1.454,0.053,0.002,0.829,0.014,0.855,0.027,0.439,0.176,1.553,0.088,0.061,1.056,0.467,0.647,0.274,0.332,0.623,0.279,0.31,0.319,0.127,0.885
5.296,2.414,599,ITGAE+ Trm,0.317,0.03,1.733,0.148,0.018,0.129,0.014,0.823,0.079,2.55,0.261,1.308,0.395,0.109,0.47,0.553,0.498,0.433,0.587,0.745,0.214,0.68,0.082,0.198,0.13
7.665,1.69,751,GZMK+ Tem,0.985,0.055,1.182,0.159,0.007,0.013,0.009,0.24,0.052,2.15,0.22,1.369,0.19,0.205,0.586,0.395,0.473,0.594,0.889,0.697,0.492,1.003,0.31,0.059,0.335
2.648,6.517,646,CMC1+ Temra,0.817,0.031,1.408,0.022,0.015,1.192,0.042,0.955,0.021,0.359,0.188,1.758,0.066,0.108,1.477,0.321,0.666,0.331,0.281,0.603,0.315,0.215,0.257,0.1,1.021
5.574,6.276,1123,ITGAE+ Trm,0.865,0.08,2.202,0.656,0.154,1.496,0.06,1.26,0.085,1.518,0.896,0.166,0.042,0.324,0.905,1.659,0.976,0.049,0.072,0.592,0.172,0.105,0.17,0.953,0.662
2.509,0.966,460,Tn,0.807,0.026,1.866,0.001,0.002,0.008,0.025,0.523,0.361,2.057,0.123,1.707,0.926,0.024,0.093,0.29,0.234,0.398,1.102,0.471,0.091,0.968,0.026,0.029,0.013
5.296,3.379,868,ITGAE+ Trm,0.794,0.059,2.378,0.199,0.014,0.171,0.012,0.985,0.121,2.538,0.305,0.926,0.17,0.116,0.359,0.969,0.563,0.188,0.215,0.429,0.166,0.42,0.106,0.231,0.152
7.386,2.172,899,GZMK+ Tem,0.95,0.03,1.261,0.111,0.008,0.041,0.006,0.367,0.054,1.781,0.217,1.233,0.172,0.153,0.742,0.43,0.5,0.551,0.726,0.636,0.43,0.817,0.261,0.105,0.432
6.55,-1.207,299,MAIT,1.0,0.101,2.478,0.465,0.029,0.09,0.048,1.381,0.036,3.117,0.201,1.323,0.06,0.133,1.379,0.411,0.716,0.363,0.113,0.64,0.222,0.826,0.131,0.023,0.209
8.501,5.552,707,GZMK+ Tex,0.405,0.043,1.611,0.461,0.093,1.279,0.232,0.723,0.071,0.214,0.502,0.516,0.073,0.524,1.238,1.289,0.722,0.13,0.337,0.827,0.313,0.158,0.504,0.162,0.387
9.477,2.897,60,SELL+ Tpex,0.85,0.0,1.129,0.103,0.023,0.023,0.404,0.146,0.377,0.987,0.575,1.512,0.992,0.134,0.209,0.282,0.426,0.518,1.583,0.631,0.534,1.94,0.212,0.073,0.022
6.132,3.862,944,ITGAE+ Trm,0.604,0.065,2.695,0.199,0.016,0.374,0.012,1.067,0.156,1.94,0.307,0.934,0.139,0.163,0.526,1.094,0.583,0.225,0.228,0.453,0.178,0.355,0.15,0.577,0.292
1.394,6.759,1088,CMC1+ Temra,0.879,0.028,0.966,0.012,0.011,1.955,0.095,0.93,0.005,0.232,0.143,1.806,0.045,0.054,2.011,0.153,0.667,0.217,0.17,0.633,0.314,0.1,0.388,0.06,1.301
1.394,5.31,964,CMC1+ Temra,0.948,0.029,1.162,0.037,0.004,1.274,0.046,0.821,0.02,0.67,0.159,1.74,0.106,0.051,1.616,0.105,0.535,0.246,0.298,0.527,0.284,0.285,0.312,0.05,1.167
7.804,1.931,784,GZMK+ Tem,0.973,0.04,1.321,0.182,0.005,0.036,0.018,0.265,0.069,1.698,0.271,1.332,0.181,0.191,0.611,0.484,0.452,0.471,0.768,0.635,0.487,0.913,0.334,0.102,0.338
6.689,5.31,917,CREM+ Trm,0.784,0.085,1.158,0.361,0.047,0.644,0.032,0.673,0.108,1.004,0.342,0.481,0.052,0.299,0.738,0.98,0.797,0.302,0.193,0.714,0.126,0.33,0.165,0.3,0.723
6.829,4.103,758,ITGB2+ Trm,0.385,0.05,1.677,0.149,0.015,0.29,0.019,0.679,0.132,1.341,0.218,1.104,0.141,0.174,0.623,1.021,0.66,0.305,0.36,0.662,0.227,0.39,0.231,0.213,0.523
-1.533,4.586,202,ILTCK,1.0,0.041,0.994,0.003,0.027,2.508,0.317,1.507,0.057,1.693,0.207,2.127,1.181,0.013,2.807,0.077,0.802,0.629,1.7,1.272,0.426,1.393,0.409,0.27,1.113
-0.279,4.345,264,ILTCK,0.981,0.059,1.308,0.046,0.021,1.805,0.143,1.127,0.06,1.871,0.264,1.944,0.8,0.025,1.913,0.198,0.716,0.454,1.385,0.974,0.239,1.123,0.189,0.436,0.727
3.345,6.759,386,GNLY+ Temra,0.456,0.081,1.57,0.041,0.017,1.045,0.031,0.935,0.035,0.539,0.161,1.395,0.069,0.105,0.945,0.496,0.751,0.39,0.292,0.659,0.18,0.201,0.188,0.142,1.02
6.689,4.345,765,CREM+ Trm,0.426,0.107,1.612,0.16,0.028,0.351,0.021,0.676,0.152,1.485,0.225,1.096,0.133,0.177,0.572,0.949,0.743,0.328,0.363,0.667,0.153,0.414,0.192,0.258,0.586
0.976,3.621,113,ILTCK,0.965,0.048,1.077,0.007,0.007,0.75,0.067,0.894,0.149,2.194,0.266,1.939,1.29,0.02,0.882,0.056,0.417,0.615,1.543,0.742,0.195,1.457,0.221,0.162,0.433
9.198,3.379,344,ITGB2+ Trm,0.782,0.049,2.842,0.44,0.017,0.167,0.049,0.577,0.229,0.423,0.335,0.728,0.132,0.376,0.619,1.448,0.427,0.083,0.245,0.455,0.334,0.341,0.539,0.328,0.213
-1.672,0.0,636,Tn,1.0,0.011,0.526,0.0,0.006,0.019,0.029,0.468,0.072,2.346,0.163,1.764,1.926,0.002,0.109,0.033,0.259,0.581,1.924,0.699,0.139,2.058,0.07,0.006,0.017
3.623,2.414,567,ITGAE+ Trm,0.43,0.046,1.549,0.023,0.018,0.024,0.029,0.719,0.174,2.506,0.189,1.676,0.589,0.046,0.208,0.434,0.442,0.561,0.847,0.544,0.116,0.753,0.031,0.115,0.049
4.738,2.897,742,ITGAE+ Trm,0.589,0.028,1.897,0.106,0.008,0.096,0.025,0.8,0.107,2.402,0.24,1.29,0.302,0.129,0.357,0.621,0.478,0.352,0.423,0.635,0.167,0.633,0.071,0.171,0.116
-1.394,-1.448,796,Tn,1.0,0.009,0.366,0.0,0.006,0.008,0.013,0.465,0.073,2.346,0.145,1.566,1.74,0.0,0.127,0.011,0.223,0.428,1.822,0.698,0.108,1.833,0.027,0.0,0.003
4.46,5.793,444,ITGAE+ Trm,0.43,0.063,1.573,0.232,0.029,1.087,0.066,1.011,0.118,1.638,0.359,0.778,0.105,0.159,0.927,0.895,0.832,0.368,0.214,0.674,0.17,0.293,0.145,0.561,0.576
-0.139,8.448,845,GNLY+ Temra,1.0,0.031,0.739,0.007,0.004,2.377,0.036,1.075,0.002,0.355,0.172,1.754,0.089,0.067,2.214,0.091,0.613,0.534,0.203,0.952,0.326,0.081,0.197,0.086,1.123
3.205,2.655,822,ITGAE+ Trm,0.751,0.056,1.278,0.03,0.012,0.046,0.011,0.616,0.276,2.725,0.133,1.526,0.601,0.056,0.161,0.692,0.491,0.82,1.097,0.455,0.089,0.577,0.046,0.059,0.032
3.345,4.345,589,Early Tcm/Tem,0.756,0.023,1.202,0.078,0.023,0.719,0.036,1.094,0.052,1.734,0.177,1.266,0.317,0.069,0.811,0.323,0.481,0.414,0.424,0.665,0.243,0.492,0.147,0.445,0.307
5.017,5.793,940,ITGAE+ Trm,0.839,0.078,1.942,0.542,0.048,1.275,0.045,1.137,0.106,2.027,0.641,0.368,0.083,0.261,0.883,1.384,0.912,0.113,0.073,0.606,0.149,0.189,0.115,0.804,0.486
3.623,5.31,456,CMC1+ Temra,0.482,0.043,1.313,0.108,0.015,0.575,0.028,0.76,0.029,0.853,0.206,1.217,0.173,0.113,0.881,0.3,0.559,0.329,0.348,0.56,0.289,0.399,0.219,0.151,0.74
10.731,3.621,3,SELL+ Tpex,1.0,0.0,1.629,0.275,0.0,0.0,1.108,0.0,0.0,0.275,1.202,2.425,0.616,0.0,0.765,0.345,1.611,1.456,0.945,1.682,0.84,2.304,0.946,0.0,0.212
-1.394,0.483,587,Tn,1.0,0.02,0.573,0.002,0.006,0.011,0.021,0.452,0.088,2.38,0.181,1.695,1.836,0.0,0.07,0.03,0.221,0.582,1.89,0.659,0.154,2.011,0.036,0.0,0.014
9.337,3.138,146,SELL+ Tpex,0.473,0.044,2.16,0.193,0.051,0.08,0.235,0.313,0.179,0.577,0.315,1.199,0.492,0.376,0.357,0.921,0.389,0.261,0.698,0.513,0.445,1.097,0.307,0.17,0.107
4.599,2.655,765,ITGAE+ Trm,0.473,0.017,1.726,0.078,0.019,0.071,0.026,0.762,0.089,2.344,0.278,1.465,0.378,0.076,0.313,0.541,0.462,0.485,0.574,0.683,0.159,0.721,0.05,0.18,0.102
4.46,6.276,359,ITGAE+ Trm,0.279,0.069,1.741,0.249,0.025,0.909,0.083,1.033,0.095,1.339,0.302,0.822,0.123,0.148,0.799,0.829,0.792,0.384,0.27,0.588,0.105,0.271,0.175,0.611,0.696
-0.697,1.207,173,Tn,1.0,0.056,0.957,0.0,0.0,0.025,0.038,0.477,0.157,2.182,0.189,1.62,1.784,0.005,0.09,0.088,0.2,0.661,1.774,0.645,0.143,1.811,0.019,0.0,0.006
5.993,3.138,757,ITGAE+ Trm,0.351,0.032,2.181,0.206,0.017,0.248,0.022,0.942,0.123,2.132,0.249,1.187,0.164,0.124,0.655,0.802,0.501,0.364,0.361,0.558,0.289,0.458,0.155,0.231,0.324
6.968,-0.966,14,MAIT,1.0,0.215,2.55,0.54,0.0,0.553,0.0,1.524,0.075,2.507,0.195,0.944,0.0,0.08,1.179,0.739,0.623,0.294,0.0,0.584,0.201,0.554,0.074,0.0,0.392
0.139,6.035,1197,CMC1+ Temra,0.948,0.027,0.649,0.013,0.005,2.214,0.074,0.875,0.001,0.242,0.156,1.937,0.03,0.054,2.243,0.067,0.71,0.224,0.222,0.695,0.342,0.122,0.397,0.045,1.398
4.738,2.414,712,ITGAE+ Trm,0.409,0.027,1.72,0.083,0.017,0.068,0.018,0.73,0.053,2.461,0.267,1.467,0.444,0.075,0.327,0.499,0.409,0.4,0.582,0.692,0.214,0.786,0.071,0.183,0.087
5.435,3.138,854,ITGAE+ Trm,0.693,0.05,2.299,0.141,0.015,0.148,0.024,0.981,0.126,2.632,0.297,1.036,0.202,0.125,0.374,0.859,0.522,0.239,0.285,0.491,0.182,0.464,0.074,0.191,0.156
1.812,6.517,942,CMC1+ Temra,0.918,0.028,1.135,0.016,0.009,1.701,0.068,0.899,0.001,0.267,0.153,1.738,0.045,0.098,1.753,0.21,0.68,0.234,0.169,0.621,0.326,0.173,0.361,0.08,1.258
0.418,7.966,923,GNLY+ Temra,0.969,0.033,0.872,0.009,0.008,2.132,0.047,1.053,0.0,0.495,0.183,1.668,0.099,0.061,2.016,0.105,0.677,0.462,0.27,0.919,0.38,0.125,0.211,0.104,1.104
4.878,3.621,750,ITGAE+ Trm,0.785,0.084,1.9,0.136,0.014,0.179,0.016,0.892,0.131,2.345,0.274,1.025,0.194,0.123,0.403,0.906,0.631,0.332,0.273,0.432,0.14,0.416,0.089,0.262,0.167
6.411,2.897,769,GZMK+ Tem,0.567,0.033,1.607,0.106,0.007,0.175,0.007,0.689,0.058,1.686,0.159,1.474,0.22,0.124,0.739,0.486,0.556,0.45,0.564,0.592,0.309,0.615,0.18,0.169,0.427
6.411,5.31,795,CREM+ Trm,0.707,0.082,1.273,0.355,0.046,0.644,0.048,0.692,0.148,1.285,0.37,0.542,0.062,0.309,0.726,1.003,0.798,0.355,0.169,0.72,0.112,0.32,0.15,0.256,0.711
7.526,3.862,857,ITGB2+ Trm,0.537,0.083,1.822,0.151,0.006,0.294,0.016,0.643,0.089,0.96,0.233,1.089,0.093,0.2,0.674,0.939,0.634,0.231,0.326,0.63,0.249,0.4,0.273,0.174,0.462
7.247,3.862,857,ITGB2+ Trm,0.478,0.079,1.692,0.183,0.019,0.298,0.012,0.636,0.095,1.015,0.237,1.24,0.124,0.188,0.737,0.882,0.562,0.281,0.383,0.594,0.296,0.439,0.261,0.225,0.5
2.509,7.241,798,CMC1+ Temra,0.652,0.058,1.6,0.009,0.015,1.895,0.14,1.046,0.004,0.338,0.152,1.69,0.071,0.085,1.667,0.303,0.759,0.232,0.206,0.677,0.247,0.133,0.35,0.062,1.38
-2.369,0.241,469,Tn,1.0,0.012,0.401,0.002,0.005,0.017,0.024,0.478,0.075,2.384,0.178,1.667,2.052,0.0,0.139,0.01,0.257,0.641,1.983,0.809,0.218,2.156,0.058,0.002,0.008
6.829,1.207,444,GZMK+ Tem,0.993,0.055,1.095,0.073,0.009,0.014,0.026,0.29,0.12,2.68,0.203,1.303,0.51,0.089,0.43,0.195,0.337,0.672,1.23,0.703,0.392,1.206,0.171,0.061,0.152
6.968,-1.448,11,MAIT,1.0,0.137,2.263,0.426,0.0,0.172,0.0,1.453,0.0,2.664,0.241,1.323,0.0,0.157,1.318,0.276,0.821,0.462,0.0,0.364,0.103,1.237,0.104,0.0,0.3
6.829,4.586,879,CREM+ Trm,0.585,0.081,1.536,0.218,0.013,0.405,0.018,0.604,0.117,1.26,0.25,1.029,0.083,0.242,0.592,1.015,0.71,0.314,0.29,0.624,0.178,0.39,0.209,0.258,0.643
4.46,1.931,764,Tcm,0.686,0.032,1.571,0.037,0.023,0.043,0.015,0.718,0.067,2.421,0.253,1.742,0.631,0.064,0.228,0.297,0.383,0.552,0.819,0.689,0.187,0.939,0.043,0.081,0.064
-1.394,4.345,629,ILTCK,1.0,0.035,0.962,0.012,0.013,2.205,0.314,1.278,0.07,1.716,0.244,2.085,1.32,0.007,2.547,0.077,0.698,0.593,1.69,1.197,0.309,1.57,0.306,0.26,0.803
10.313,3.862,153,SELL+ Tpex,1.0,0.006,1.253,0.147,0.033,0.011,0.825,0.05,0.237,0.396,0.515,1.757,1.131,0.053,0.398,0.299,0.478,0.679,1.364,0.979,0.727,1.907,0.37,0.0,0.025
5.435,4.103,1066,ITGAE+ Trm,0.875,0.075,2.532,0.217,0.019,0.266,0.019,1.106,0.122,2.342,0.359,0.681,0.107,0.158,0.415,1.207,0.623,0.136,0.149,0.392,0.161,0.337,0.103,0.496,0.301
-2.09,0.241,641,Tn,1.0,0.018,0.434,0.0,0.008,0.011,0.02,0.508,0.072,2.387,0.187,1.718,2.035,0.0,0.101,0.024,0.228,0.572,1.943,0.788,0.147,2.146,0.046,0.0,0.01
-0.279,1.448,76,Tn,0.947,0.03,1.071,0.017,0.017,0.013,0.046,0.372,0.216,2.154,0.174,1.163,1.535,0.0,0.069,0.04,0.238,0.661,1.713,0.619,0.089,1.322,0.024,0.018,0.02
-0.279,5.793,734,CMC1+ Temra,0.896,0.031,0.594,0.006,0.002,2.348,0.085,0.913,0.009,0.334,0.167,1.674,0.056,0.063,2.395,0.039,0.739,0.266,0.279,0.746,0.346,0.154,0.367,0.072,1.344
3.623,0.483,1295,Tcm,0.988,0.015,0.953,0.014,0.013,0.02,0.015,0.423,0.114,2.555,0.172,1.332,0.767,0.026,0.128,0.104,0.228,0.74,1.399,0.784,0.149,0.932,0.033,0.009,0.015
4.599,6.035,403,ITGAE+ Trm,0.439,0.059,1.839,0.376,0.039,1.067,0.044,1.052,0.102,1.444,0.489,0.706,0.109,0.141,0.967,1.094,0.847,0.236,0.214,0.601,0.154,0.203,0.164,0.611,0.638
6.829,0.724,56,GZMK+ Tem,0.893,0.074,1.308,0.06,0.021,0.031,0.023,0.299,0.244,2.586,0.266,1.148,0.691,0.091,0.502,0.442,0.555,0.732,1.268,0.72,0.27,1.17,0.133,0.078,0.105
0.836,6.276,1359,CMC1+ Temra,0.947,0.03,0.831,0.009,0.006,1.946,0.067,0.92,0.007,0.242,0.156,1.914,0.046,0.038,2.112,0.114,0.682,0.22,0.173,0.611,0.301,0.143,0.423,0.045,1.454
5.156,1.207,568,Tcm,0.467,0.023,1.237,0.072,0.009,0.021,0.019,0.565,0.07,2.901,0.209,1.44,0.637,0.051,0.38,0.163,0.339,0.574,0.78,0.735,0.207,1.041,0.069,0.1,0.071
0.557,4.345,163,ILTCK,0.687,0.07,1.279,0.045,0.017,1.429,0.09,0.933,0.082,1.561,0.262,1.756,0.641,0.039,1.613,0.153,0.57,0.513,0.924,0.864,0.189,0.841,0.183,0.15,0.88
11.149,5.31,12,SELL+ Tpex,1.0,0.0,1.196,0.285,0.0,0.0,0.389,0.0,0.356,0.386,0.547,1.517,1.296,0.0,0.74,0.0,0.413,0.612,1.013,0.947,0.66,1.16,0.215,0.0,0.117
6.968,4.345,862,CREM+ Trm,0.447,0.084,1.625,0.162,0.017,0.418,0.008,0.694,0.108,1.224,0.27,0.973,0.08,0.239,0.599,1.009,0.71,0.307,0.336,0.614,0.183,0.41,0.223,0.247,0.599
2.787,1.448,408,Tn,0.63,0.044,1.828,0.0,0.011,0.025,0.043,0.509,0.33,2.383,0.139,1.656,0.871,0.049,0.061,0.414,0.307,0.552,1.208,0.587,0.078,0.917,0.031,0.019,0.01
6.55,-1.69,214,MAIT,1.0,0.081,2.126,0.279,0.016,0.006,0.026,1.564,0.021,3.126,0.169,1.53,0.031,0.038,1.328,0.092,0.637,0.415,0.152,0.624,0.284,1.134,0.087,0.0,0.178
-0.418,4.103,491,ILTCK,0.998,0.038,1.177,0.016,0.005,1.577,0.118,1.053,0.054,1.84,0.253,1.903,1.077,0.012,1.66,0.124,0.652,0.591,1.616,0.893,0.228,1.417,0.181,0.378,0.569
3.902,0.0,1036,Tcm,0.991,0.01,0.742,0.01,0.004,0.013,0.01,0.386,0.155,2.856,0.171,1.245,0.774,0.011,0.147,0.064,0.247,0.742,1.257,0.788,0.14,1.037,0.021,0.0,0.013
5.853,6.759,760,ITGAE+ Trm,0.667,0.071,1.939,0.867,0.279,1.756,0.169,1.206,0.085,1.361,0.96,0.162,0.07,0.395,1.088,1.82,0.941,0.05,0.09,0.687,0.151,0.06,0.206,0.681,0.786
-1.672,1.448,139,Tn,1.0,0.049,0.588,0.0,0.017,0.076,0.012,0.294,0.136,2.544,0.152,1.231,1.749,0.011,0.076,0.009,0.203,0.686,1.973,0.88,0.192,1.79,0.059,0.008,0.023
-1.672,1.931,15,Tn,1.0,0.0,0.659,0.0,0.0,0.097,0.089,0.277,0.202,2.628,0.0,0.585,1.417,0.0,0.176,0.0,0.169,0.501,2.067,1.263,0.4,1.168,0.135,0.0,0.229
4.041,7.0,274,GNLY+ Temra,0.697,0.045,1.583,0.113,0.006,0.797,0.057,0.851,0.06,0.913,0.139,1.074,0.11,0.134,0.722,0.59,0.758,0.57,0.186,0.724,0.13,0.217,0.141,0.313,0.934
7.247,6.276,605,ITGAE+ Tex,0.324,0.065,1.309,0.68,0.217,1.475,0.246,0.861,0.161,0.624,0.645,0.355,0.12,0.554,1.03,1.331,0.833,0.089,0.29,0.795,0.158,0.186,0.258,0.207,0.55
4.041,2.655,675,ITGAE+ Trm,0.32,0.026,1.438,0.062,0.028,0.092,0.031,0.761,0.08,2.321,0.196,1.57,0.449,0.071,0.307,0.405,0.441,0.46,0.568,0.613,0.152,0.675,0.052,0.17,0.071
0.557,1.448,219,Tn,0.954,0.036,1.17,0.004,0.002,0.019,0.052,0.347,0.258,2.129,0.157,1.362,1.398,0.022,0.083,0.386,0.3,0.627,1.31,0.476,0.059,1.218,0.082,0.024,0.019
5.993,3.621,965,ITGAE+ Trm,0.67,0.051,2.73,0.194,0.011,0.277,0.022,1.102,0.137,2.151,0.294,0.928,0.108,0.146,0.471,1.195,0.554,0.184,0.233,0.426,0.169,0.368,0.133,0.379,0.3
2.09,7.0,1003,CMC1+ Temra,0.824,0.039,1.339,0.016,0.013,1.986,0.118,0.982,0.01,0.239,0.148,1.866,0.043,0.065,1.885,0.261,0.762,0.227,0.19,0.642,0.294,0.109,0.379,0.081,1.326
6.271,5.069,749,CREM+ Trm,0.549,0.088,1.458,0.281,0.032,0.611,0.019,0.753,0.137,1.409,0.293,0.65,0.064,0.22,0.668,1.026,0.777,0.354,0.241,0.615,0.126,0.342,0.138,0.389,0.629
1.254,0.241,662,Tn,0.977,0.01,1.256,0.0,0.002,0.01,0.049,0.421,0.249,2.036,0.181,1.545,1.216,0.002,0.051,0.181,0.181,0.446,1.412,0.51,0.105,1.3,0.032,0.005,0.003
7.804,5.793,743,CREM+ Trm,0.447,0.052,1.477,0.527,0.138,1.51,0.233,0.697,0.083,0.442,0.475,0.495,0.083,0.498,1.132,1.439,0.791,0.126,0.305,0.947,0.251,0.144,0.354,0.179,0.497
4.878,6.035,737,ITGAE+ Trm,0.752,0.068,1.843,0.598,0.065,1.442,0.049,1.156,0.085,1.856,0.649,0.359,0.065,0.242,1.062,1.4,0.882,0.131,0.088,0.592,0.151,0.201,0.121,0.774,0.512
3.484,3.621,717,Early Tcm/Tem,0.852,0.027,1.175,0.102,0.036,0.398,0.052,1.069,0.026,2.248,0.178,1.173,0.347,0.085,0.67,0.315,0.383,0.526,0.583,0.778,0.231,0.446,0.12,0.454,0.12
2.787,0.966,419,Tn,0.649,0.027,1.727,0.0,0.017,0.009,0.019,0.53,0.265,2.291,0.151,1.639,0.868,0.015,0.031,0.324,0.217,0.481,1.273,0.558,0.1,1.035,0.031,0.011,0.025
8.222,4.586,687,ITGB2+ Trm,0.472,0.067,1.915,0.355,0.047,0.74,0.083,0.715,0.103,0.397,0.36,0.69,0.052,0.43,0.928,1.424,0.687,0.134,0.255,0.686,0.349,0.23,0.407,0.245,0.44
1.115,0.483,596,Tn,0.988,0.023,1.186,0.0,0.005,0.005,0.031,0.396,0.253,1.976,0.163,1.494,1.299,0.002,0.059,0.182,0.2,0.484,1.377,0.514,0.06,1.288,0.047,0.005,0.004
7.526,0.966,31,GZMK+ Tem,1.0,0.0,1.022,0.082,0.0,0.0,0.0,0.168,0.044,2.548,0.174,1.6,0.435,0.11,0.444,0.041,0.597,0.601,1.278,0.875,0.663,1.601,0.35,0.158,0.192
-2.09,-1.207,245,Tn,1.0,0.01,0.327,0.0,0.005,0.008,0.012,0.51,0.049,2.292,0.182,1.627,1.864,0.0,0.184,0.02,0.223,0.445,1.807,0.736,0.118,1.985,0.036,0.0,0.0
5.853,0.483,254,GZMK+ Tem,0.669,0.029,1.215,0.131,0.0,0.033,0.015,0.555,0.114,3.105,0.205,1.131,0.465,0.068,0.429,0.224,0.317,0.595,1.056,0.674,0.246,1.119,0.037,0.049,0.072
0.697,1.207,347,Tn,0.974,0.047,1.318,0.008,0.0,0.021,0.036,0.347,0.24,2.055,0.21,1.375,1.352,0.004,0.075,0.237,0.254,0.588,1.384,0.543,0.083,1.227,0.045,0.018,0.01
-0.139,3.138,2,ILTCK,1.0,0.0,0.826,0.0,0.0,0.567,0.0,0.567,0.0,1.933,0.0,2.059,1.784,0.0,0.567,0.0,0.0,0.0,2.707,0.0,0.0,1.488,0.0,0.826,0.0
0.976,0.724,509,Tn,0.982,0.038,1.216,0.003,0.008,0.008,0.027,0.423,0.261,2.136,0.187,1.553,1.302,0.005,0.038,0.171,0.235,0.596,1.315,0.481,0.06,1.338,0.028,0.007,0.017
7.107,1.207,403,GZMK+ Tem,0.993,0.019,1.03,0.072,0.02,0.012,0.017,0.227,0.078,2.662,0.183,1.335,0.455,0.159,0.54,0.234,0.363,0.726,1.239,0.724,0.448,1.21,0.196,0.071,0.187
5.714,-0.241,129,MAIT,0.93,0.032,1.904,0.304,0.01,0.055,0.027,1.087,0.056,2.929,0.304,1.139,0.242,0.068,0.88,0.355,0.48,0.407,0.419,0.626,0.151,0.848,0.096,0.12,0.084
3.066,0.966,521,Tcm,0.658,0.026,1.467,0.0,0.006,0.009,0.018,0.521,0.177,2.499,0.142,1.467,0.909,0.018,0.051,0.319,0.214,0.659,1.456,0.654,0.132,1.09,0.038,0.01,0.022
2.927,5.069,709,CMC1+ Temra,0.711,0.039,1.019,0.075,0.012,0.71,0.018,0.67,0.028,0.781,0.169,1.143,0.102,0.094,0.943,0.17,0.51,0.359,0.327,0.543,0.273,0.393,0.175,0.113,0.685
2.648,-0.724,510,Tn,0.99,0.01,1.919,0.0,0.0,0.007,0.012,0.612,0.2,1.594,0.14,1.559,0.935,0.003,0.075,0.141,0.199,0.307,1.337,0.452,0.105,1.325,0.006,0.003,0.002
5.853,-2.897,20,MAIT,1.0,0.157,1.482,0.845,0.0,0.0,0.0,1.357,0.0,3.401,0.171,1.734,0.059,0.0,2.103,0.112,0.586,0.792,0.293,0.682,0.489,1.043,0.124,0.0,0.18
5.574,0.0,157,MAIT,0.777,0.04,1.481,0.3,0.0,0.052,0.011,0.818,0.071,2.985,0.29,1.226,0.406,0.067,0.735,0.204,0.346,0.41,0.501,0.683,0.218,0.838,0.085,0.098,0.077
-1.812,-1.207,677,Tn,1.0,0.007,0.305,0.0,0.003,0.013,0.011,0.425,0.072,2.242,0.183,1.666,1.786,0.0,0.134,0.007,0.187,0.472,1.734,0.723,0.142,1.927,0.026,0.0,0.002
1.533,0.724,610,Tn,0.918,0.034,1.505,0.003,0.007,0.021,0.025,0.432,0.412,1.959,0.167,1.516,1.133,0.007,0.065,0.267,0.245,0.413,1.242,0.443,0.075,1.116,0.034,0.012,0.018
-2.369,-0.241,480,Tn,1.0,0.012,0.363,0.003,0.014,0.014,0.008,0.517,0.072,2.223,0.175,1.827,2.042,0.002,0.137,0.027,0.227,0.534,2.035,0.778,0.19,2.175,0.077,0.0,0.011
2.648,1.207,407,Tn,0.771,0.026,1.844,0.004,0.021,0.023,0.03,0.576,0.388,2.208,0.157,1.699,0.88,0.023,0.081,0.316,0.215,0.485,1.189,0.496,0.095,1.071,0.049,0.016,0.043
5.156,3.621,844,ITGAE+ Trm,0.836,0.071,2.289,0.15,0.013,0.211,0.021,0.916,0.146,2.444,0.304,0.855,0.167,0.136,0.369,0.96,0.581,0.184,0.216,0.418,0.12,0.409,0.083,0.279,0.208
1.533,0.241,670,Tn,0.96,0.016,1.363,0.0,0.002,0.006,0.031,0.46,0.258,2.054,0.151,1.626,1.21,0.004,0.07,0.179,0.205,0.427,1.38,0.458,0.096,1.284,0.017,0.0,0.008
6.411,0.966,467,GZMK+ Tem,0.861,0.026,1.347,0.144,0.018,0.043,0.004,0.485,0.134,2.811,0.264,1.298,0.622,0.091,0.399,0.383,0.366,0.585,1.104,0.67,0.322,1.045,0.127,0.07,0.138
5.574,0.483,367,GZMK+ Tem,0.627,0.03,0.949,0.127,0.009,0.028,0.0,0.508,0.113,3.044,0.264,1.283,0.635,0.045,0.371,0.108,0.303,0.691,1.062,0.755,0.236,1.155,0.051,0.081,0.056
4.878,5.552,799,ITGAE+ Trm,0.805,0.101,1.793,0.471,0.045,1.159,0.049,1.087,0.101,2.064,0.539,0.432,0.083,0.234,0.905,1.32,0.949,0.182,0.125,0.59,0.146,0.232,0.105,0.732,0.457
-2.509,0.483,257,Tn,1.0,0.017,0.32,0.005,0.008,0.008,0.022,0.467,0.089,2.419,0.192,1.673,2.13,0.006,0.191,0.018,0.248,0.584,2.045,0.831,0.141,2.191,0.04,0.0,0.0
8.501,3.138,576,ITGB2+ Trm,0.679,0.05,2.437,0.331,0.011,0.135,0.024,0.608,0.149,0.889,0.233,1.182,0.081,0.347,0.615,1.28,0.524,0.16,0.298,0.548,0.366,0.439,0.409,0.242,0.397
1.951,4.345,513,CMC1+ Temra,0.737,0.039,1.358,0.047,0.011,0.839,0.036,0.684,0.071,1.916,0.149,1.647,0.428,0.037,1.095,0.195,0.436,0.375,0.641,0.651,0.191,0.649,0.188,0.086,0.844
5.853,3.379,965,ITGAE+ Trm,0.609,0.06,2.557,0.202,0.016,0.197,0.01,1.106,0.151,2.255,0.277,0.967,0.16,0.142,0.485,1.039,0.522,0.243,0.27,0.433,0.184,0.343,0.16,0.338,0.271
7.247,1.448,609,GZMK+ Tem,0.998,0.031,1.144,0.112,0.006,0.019,0.018,0.295,0.055,2.507,0.229,1.299,0.338,0.155,0.618,0.32,0.408,0.679,1.04,0.754,0.429,1.056,0.241,0.087,0.254
1.394,0.483,639,Tn,0.945,0.015,1.321,0.0,0.009,0.003,0.01,0.368,0.32,1.879,0.135,1.458,1.221,0.01,0.053,0.199,0.204,0.489,1.298,0.424,0.066,1.188,0.017,0.005,0.005
5.435,-2.655,232,MAIT,1.0,0.029,1.298,0.65,0.015,0.04,0.024,1.075,0.035,3.329,0.228,1.727,0.032,0.039,2.033,0.033,0.4,0.675,0.156,0.936,0.346,1.001,0.124,0.005,0.089
0.418,1.207,301,Tn,0.987,0.027,1.254,0.0,0.003,0.006,0.036,0.335,0.202,2.088,0.176,1.209,1.356,0.0,0.092,0.25,0.268,0.676,1.319,0.525,0.089,1.24,0.03,0.012,0.015
-2.927,0.241,8,Tn,1.0,0.0,0.369,0.0,0.0,0.0,0.0,0.653,0.179,2.216,0.166,2.037,2.197,0.0,0.42,0.0,0.522,0.664,2.202,0.456,0.279,2.27,0.0,0.0,0.0
0.418,6.517,1109,CMC1+ Temra,0.897,0.018,0.75,0.009,0.01,2.224,0.112,0.862,0.004,0.199,0.169,1.86,0.031,0.052,2.245,0.107,0.687,0.262,0.189,0.682,0.329,0.104,0.409,0.037,1.408
5.993,-2.655,120,MAIT,1.0,0.067,1.609,0.562,0.019,0.051,0.0,1.159,0.022,3.363,0.195,1.781,0.04,0.028,1.92,0.036,0.403,0.72,0.201,0.938,0.379,1.042,0.148,0.011,0.172
2.648,1.69,312,Tn,0.503,0.044,1.505,0.004,0.013,0.029,0.003,0.422,0.273,2.224,0.16,1.197,0.705,0.017,0.07,0.415,0.226,0.75,1.223,0.523,0.112,0.838,0.037,0.027,0.031
5.714,-2.655,215,MAIT,1.0,0.036,1.469,0.527,0.0,0.037,0.0,1.22,0.005,3.379,0.192,1.676,0.016,0.038,1.909,0.036,0.392,0.665,0.136,0.958,0.28,1.102,0.105,0.0,0.101
6.968,0.966,191,GZMK+ Tem,0.99,0.015,0.889,0.016,0.017,0.007,0.024,0.218,0.094,2.669,0.214,1.233,0.699,0.106,0.339,0.12,0.325,0.864,1.501,0.66,0.365,1.24,0.164,0.056,0.161
5.017,-2.414,384,MAIT,1.0,0.008,1.088,0.725,0.003,0.054,0.005,1.056,0.014,3.093,0.178,1.513,0.012,0.065,1.916,0.05,0.369,0.664,0.203,0.967,0.257,0.656,0.059,0.009,0.046
-2.09,1.207,202,Tn,1.0,0.019,0.461,0.006,0.0,0.017,0.008,0.435,0.073,2.584,0.141,1.749,2.087,0.0,0.145,0.006,0.274,0.618,2.235,0.878,0.205,2.066,0.022,0.0,0.0
0.836,6.759,1090,CMC1+ Temra,0.892,0.023,0.838,0.012,0.006,2.202,0.12,0.884,0.002,0.192,0.117,1.878,0.026,0.056,2.185,0.12,0.737,0.195,0.168,0.643,0.267,0.108,0.459,0.04,1.44
-2.509,-0.966,30,Tn,1.0,0.0,0.343,0.0,0.0,0.0,0.0,0.659,0.172,2.506,0.263,1.417,2.022,0.0,0.294,0.041,0.183,0.602,1.595,0.831,0.091,2.075,0.081,0.0,0.0
-0.557,1.448,72,Tn,0.958,0.062,0.958,0.0,0.0,0.014,0.056,0.447,0.219,2.34,0.177,1.473,1.545,0.032,0.093,0.224,0.275,0.901,1.64,0.545,0.114,1.71,0.138,0.0,0.0
0.836,0.483,556,Tn,0.995,0.021,1.146,0.002,0.015,0.015,0.02,0.423,0.159,2.14,0.152,1.524,1.404,0.012,0.058,0.142,0.247,0.566,1.488,0.572,0.106,1.528,0.04,0.004,0.008
8.64,2.414,264,GZMK+ Tem,0.625,0.036,2.366,0.454,0.005,0.031,0.077,0.43,0.1,1.559,0.343,1.248,0.16,0.384,0.567,1.174,0.373,0.176,0.511,0.564,0.586,0.692,0.505,0.192,0.19
1.812,0.724,649,Tn,0.9,0.025,1.65,0.003,0.002,0.015,0.027,0.487,0.352,1.825,0.157,1.478,1.012,0.009,0.061,0.251,0.2,0.408,1.098,0.434,0.068,1.056,0.03,0.009,0.014
0.418,2.655,3,Tn,0.667,0.0,1.008,0.0,0.0,0.0,0.0,0.408,0.342,1.928,0.408,1.521,2.153,0.0,0.0,0.0,0.342,0.799,1.266,0.0,0.0,1.566,0.618,0.0,0.765
-1.115,1.448,76,Tn,1.0,0.032,1.062,0.0,0.0,0.035,0.047,0.419,0.177,2.307,0.051,1.739,1.829,0.0,0.062,0.045,0.263,0.509,1.715,0.697,0.198,1.81,0.077,0.015,0.026
8.083,1.931,529,GZMK+ Tem,0.966,0.023,1.699,0.249,0.008,0.032,0.012,0.316,0.043,1.865,0.251,1.525,0.172,0.231,0.653,0.864,0.494,0.449,0.749,0.628,0.495,0.856,0.42,0.076,0.322
-1.951,-0.966,771,Tn,1.0,0.007,0.334,0.0,0.003,0.003,0.014,0.522,0.082,2.2,0.167,1.616,1.82,0.0,0.155,0.008,0.216,0.541,1.816,0.798,0.151,1.909,0.034,0.0,0.008
9.895,3.621,125,SELL+ Tpex,0.992,0.038,1.468,0.106,0.046,0.0,0.719,0.022,0.221,0.703,0.623,1.428,1.244,0.028,0.224,0.195,0.413,0.617,1.53,0.887,0.604,1.858,0.336,0.018,0.039
1.254,0.724,538,Tn,0.972,0.038,1.429,0.002,0.01,0.013,0.043,0.437,0.302,1.937,0.236,1.525,1.286,0.012,0.061,0.246,0.199,0.518,1.233,0.433,0.071,1.244,0.035,0.005,0.009
5.574,-2.414,572,MAIT,1.0,0.053,1.489,0.488,0.002,0.024,0.008,1.205,0.008,3.304,0.189,1.471,0.012,0.037,1.8,0.027,0.363,0.623,0.194,0.89,0.274,1.032,0.094,0.0,0.079
3.902,6.759,334,GNLY+ Temra,0.671,0.099,1.538,0.032,0.014,0.965,0.045,0.948,0.042,0.797,0.199,1.234,0.059,0.057,0.791,0.55,0.687,0.544,0.243,0.616,0.148,0.23,0.134,0.166,1.071
0.836,0.966,476,Tn,0.981,0.025,1.183,0.0,0.005,0.0,0.019,0.35,0.286,2.125,0.187,1.488,1.266,0.0,0.04,0.232,0.226,0.625,1.3,0.475,0.055,1.288,0.044,0.006,0.0
0.557,0.966,404,Tn,0.988,0.042,1.106,0.0,0.002,0.012,0.028,0.369,0.189,2.176,0.172,1.455,1.358,0.007,0.059,0.172,0.188,0.677,1.406,0.478,0.083,1.33,0.045,0.013,0.0
2.787,5.793,730,CMC1+ Temra,0.864,0.023,1.242,0.045,0.001,0.832,0.011,0.868,0.002,0.464,0.2,1.517,0.079,0.093,1.315,0.247,0.541,0.338,0.295,0.613,0.347,0.315,0.29,0.121,0.922
-1.394,1.931,25,Tn,0.6,0.052,0.92,0.0,0.11,0.081,0.308,0.259,0.132,1.915,0.197,1.049,1.461,0.0,0.117,0.0,0.356,0.394,1.74,0.48,0.289,1.536,0.048,0.0,0.082
-2.23,-0.483,724,Tn,1.0,0.014,0.357,0.002,0.01,0.008,0.011,0.553,0.076,2.118,0.19,1.661,1.961,0.0,0.151,0.019,0.259,0.574,1.821,0.773,0.137,2.078,0.048,0.0,0.006
2.09,-1.69,439,Tn,1.0,0.007,1.55,0.0,0.0,0.004,0.005,0.653,0.122,1.559,0.194,1.44,1.097,0.002,0.104,0.101,0.195,0.336,1.376,0.595,0.113,1.303,0.017,0.0,0.004
1.115,6.276,1302,CMC1+ Temra,0.951,0.014,0.909,0.016,0.01,1.858,0.079,0.962,0.008,0.21,0.145,1.934,0.038,0.031,1.953,0.092,0.668,0.24,0.188,0.612,0.289,0.152,0.41,0.037,1.432
5.017,2.897,715,ITGAE+ Trm,0.604,0.048,1.959,0.107,0.022,0.113,0.019,0.837,0.074,2.501,0.267,1.303,0.303,0.085,0.452,0.621,0.482,0.352,0.409,0.595,0.161,0.644,0.064,0.154,0.138
0.697,6.035,1318,CMC1+ Temra,0.961,0.025,0.782,0.013,0.004,1.905,0.088,0.859,0.009,0.201,0.125,1.941,0.039,0.029,2.119,0.102,0.713,0.196,0.187,0.638,0.34,0.141,0.434,0.038,1.461
-1.254,1.69,24,Tn,0.917,0.0,1.044,0.0,0.0,0.126,0.371,0.399,0.0,2.557,0.211,1.164,1.411,0.0,0.101,0.0,0.455,0.355,1.881,0.78,0.256,1.679,0.0,0.0,0.073
7.944,2.172,698,GZMK+ Tem,0.948,0.032,1.593,0.222,0.011,0.047,0.014,0.316,0.046,1.44,0.194,1.33,0.178,0.228,0.648,0.62,0.482,0.43,0.687,0.695,0.472,0.808,0.342,0.077,0.345
6.55,1.207,487,GZMK+ Tem,0.975,0.026,1.111,0.074,0.006,0.027,0.029,0.374,0.108,2.756,0.206,1.287,0.526,0.071,0.395,0.265,0.403,0.608,1.226,0.673,0.349,1.148,0.128,0.084,0.138
4.32,0.724,704,Tcm,0.94,0.024,0.946,0.033,0.008,0.007,0.012,0.433,0.073,2.876,0.198,1.261,0.677,0.021,0.18,0.089,0.307,0.625,0.872,0.703,0.179,1.083,0.014,0.045,0.029
2.927,2.172,311,ITGAE+ Trm,0.408,0.055,1.326,0.025,0.016,0.011,0.025,0.474,0.249,2.431,0.134,1.443,0.699,0.045,0.09,0.52,0.403,0.811,1.154,0.458,0.098,0.718,0.02,0.035,0.025
4.181,7.241,372,GNLY+ Temra,0.694,0.033,1.593,0.073,0.019,0.498,0.024,0.49,0.105,1.538,0.225,0.621,0.185,0.055,0.824,0.386,0.553,0.393,0.344,0.819,0.175,0.352,0.131,0.279,0.475
3.345,7.724,407,GNLY+ Temra,0.934,0.099,1.362,0.015,0.006,1.621,0.088,1.091,0.02,0.698,0.184,1.091,0.047,0.103,1.087,0.457,0.83,0.59,0.254,0.918,0.124,0.107,0.123,0.12,1.258
5.853,4.828,994,ITGAE+ Trm,0.766,0.084,2.38,0.303,0.035,0.607,0.018,1.16,0.145,1.775,0.495,0.512,0.058,0.226,0.585,1.291,0.713,0.208,0.106,0.481,0.166,0.22,0.149,0.76,0.448
5.574,-1.931,803,MAIT,1.0,0.035,1.495,0.434,0.001,0.082,0.007,1.198,0.011,3.158,0.2,1.247,0.054,0.045,1.604,0.051,0.38,0.538,0.207,0.82,0.235,0.748,0.094,0.004,0.099
1.533,6.517,1019,CMC1+ Temra,0.929,0.024,1.0,0.023,0.014,1.755,0.086,0.835,0.007,0.228,0.175,1.772,0.036,0.064,1.858,0.164,0.656,0.227,0.186,0.602,0.313,0.133,0.37,0.068,1.331
0.836,1.931,119,Tn,0.95,0.09,1.035,0.0,0.0,0.008,0.077,0.328,0.147,2.387,0.116,1.264,1.166,0.025,0.059,0.513,0.281,0.905,1.399,0.503,0.031,0.764,0.038,0.031,0.021
4.46,7.241,379,ITGAE+ Trm,0.557,0.068,2.144,0.404,0.23,0.622,0.137,0.996,0.219,1.635,0.644,0.502,0.184,0.059,1.009,1.304,0.717,0.225,0.338,0.893,0.32,0.323,0.291,0.582,0.428
-0.697,4.103,579,ILTCK,0.998,0.047,1.179,0.013,0.012,1.652,0.15,1.109,0.073,1.912,0.241,2.049,1.241,0.007,1.861,0.082,0.663,0.58,1.646,0.936,0.197,1.475,0.191,0.345,0.647
2.369,8.448,432,GNLY+ Temra,0.882,0.024,1.692,0.019,0.0,2.242,0.081,1.115,0.002,0.594,0.197,1.304,0.051,0.108,1.6,0.488,0.593,0.377,0.176,0.9,0.221,0.054,0.135,0.16,1.021
5.714,4.586,1057,ITGAE+ Trm,0.85,0.069,2.575,0.251,0.022,0.519,0.027,1.166,0.125,1.966,0.462,0.611,0.08,0.199,0.536,1.352,0.731,0.171,0.127,0.467,0.125,0.23,0.144,0.746,0.385
-0.976,1.207,200,Tn,1.0,0.058,0.854,0.0,0.0,0.004,0.016,0.369,0.13,2.259,0.115,1.368,1.819,0.0,0.097,0.059,0.247,0.793,1.721,0.634,0.117,1.814,0.054,0.0,0.019
-1.533,1.69,74,Tn,0.946,0.032,0.954,0.0,0.0,0.084,0.031,0.176,0.086,2.38,0.144,0.759,1.35,0.0,0.114,0.031,0.243,0.524,1.734,0.761,0.199,1.415,0.029,0.022,0.015
5.574,0.966,534,GZMK+ Tem,0.73,0.027,1.1,0.079,0.008,0.034,0.027,0.472,0.112,2.844,0.169,1.318,0.627,0.07,0.354,0.166,0.339,0.594,1.073,0.802,0.274,1.152,0.048,0.054,0.076
2.09,0.724,651,Tn,0.877,0.04,1.809,0.0,0.003,0.012,0.024,0.456,0.381,1.881,0.163,1.584,0.97,0.016,0.07,0.27,0.22,0.386,1.121,0.377,0.073,1.142,0.031,0.013,0.003
1.951,0.483,714,Tn,0.93,0.022,1.7,0.001,0.002,0.002,0.019,0.509,0.393,2.044,0.168,1.591,1.119,0.011,0.054,0.256,0.238,0.399,1.301,0.482,0.089,1.211,0.021,0.011,0.013
0.139,4.586,130,ILTCK,0.754,0.079,1.371,0.08,0.031,1.977,0.196,0.981,0.026,1.628,0.209,1.597,0.366,0.081,1.858,0.352,0.723,0.455,0.778,0.858,0.303,0.672,0.283,0.325,0.846
0.557,0.483,475,Tn,0.998,0.014,0.952,0.0,0.006,0.009,0.023,0.416,0.207,2.143,0.162,1.503,1.502,0.019,0.082,0.102,0.166,0.622,1.486,0.493,0.074,1.475,0.066,0.004,0.008
0.557,7.724,923,GNLY+ Temra,0.894,0.03,0.98,0.012,0.003,2.099,0.056,1.005,0.004,0.504,0.198,1.633,0.064,0.053,1.947,0.08,0.673,0.44,0.276,0.965,0.342,0.105,0.223,0.1,1.152
5.296,4.345,946,ITGAE+ Trm,0.862,0.081,2.196,0.249,0.016,0.357,0.014,1.039,0.147,2.275,0.357,0.693,0.111,0.161,0.481,1.137,0.707,0.194,0.183,0.466,0.148,0.314,0.127,0.473,0.344
-0.139,1.69,24,Tn,0.75,0.0,1.289,0.044,0.179,0.0,0.05,0.471,0.159,2.314,0.255,1.835,1.651,0.0,0.125,0.471,0.195,0.958,1.649,0.789,0.153,1.943,0.112,0.0,0.124
-0.418,5.552,443,CMC1+ Temra,0.847,0.028,0.732,0.013,0.005,2.355,0.075,0.942,0.005,0.304,0.2,1.514,0.069,0.03,2.346,0.057,0.669,0.325,0.408,0.795,0.344,0.207,0.257,0.104,1.213
4.738,0.0,409,Tcm,0.91,0.025,0.576,0.04,0.007,0.021,0.005,0.426,0.126,3.298,0.316,0.89,0.385,0.011,0.223,0.041,0.323,0.798,0.604,0.795,0.177,1.152,0.03,0.036,0.043
1.533,1.207,578,Tn,0.875,0.054,1.552,0.002,0.002,0.006,0.031,0.368,0.316,1.706,0.188,1.209,0.889,0.01,0.104,0.3,0.31,0.491,0.896,0.379,0.054,0.951,0.026,0.029,0.01
-0.697,1.69,22,Tn,0.773,0.0,1.185,0.0,0.047,0.0,0.445,0.46,0.07,2.309,0.104,1.496,1.803,0.0,0.225,0.15,0.361,0.708,1.671,0.85,0.187,1.864,0.172,0.052,0.081
5.156,-2.655,146,MAIT,1.0,0.02,1.114,0.909,0.014,0.008,0.0,0.931,0.008,3.108,0.196,1.762,0.01,0.097,1.942,0.015,0.286,0.667,0.072,1.017,0.398,0.777,0.059,0.008,0.079
-2.23,-0.966,302,Tn,1.0,0.017,0.318,0.0,0.0,0.005,0.007,0.419,0.107,2.095,0.153,1.666,1.949,0.0,0.157,0.011,0.236,0.531,1.746,0.738,0.124,1.955,0.041,0.0,0.009
4.738,-2.414,188,MAIT,1.0,0.019,0.925,0.933,0.0,0.089,0.011,0.782,0.025,2.821,0.191,1.812,0.027,0.049,1.887,0.039,0.31,0.662,0.148,1.003,0.251,0.569,0.071,0.0,0.025
2.927,7.483,637,GNLY+ Temra,0.664,0.065,1.689,0.037,0.011,1.718,0.108,1.1,0.02,0.528,0.189,1.3,0.059,0.117,1.373,0.457,0.758,0.36,0.237,0.695,0.195,0.151,0.228,0.148,1.202
4.041,-0.241,529,Tcm,0.974,0.012,0.707,0.019,0.012,0.021,0.015,0.441,0.107,3.108,0.145,1.2,0.828,0.006,0.13,0.032,0.246,0.772,1.267,0.826,0.142,1.114,0.009,0.01,0.004
1.812,7.483,918,CMC1+ Temra,0.538,0.032,1.207,0.014,0.015,2.05,0.102,1.081,0.008,0.308,0.148,1.725,0.065,0.095,1.897,0.237,0.699,0.266,0.252,0.727,0.29,0.112,0.278,0.096,1.222
5.296,2.897,608,ITGAE+ Trm,0.541,0.034,2.008,0.13,0.016,0.149,0.009,0.903,0.121,2.546,0.284,1.164,0.284,0.12,0.38,0.76,0.502,0.346,0.461,0.588,0.198,0.562,0.093,0.206,0.153
6.689,0.966,324,GZMK+ Tem,0.963,0.032,0.977,0.061,0.012,0.013,0.024,0.331,0.184,2.739,0.178,1.261,0.639,0.107,0.389,0.211,0.3,0.616,1.228,0.733,0.328,1.176,0.159,0.052,0.189
5.574,-2.897,29,MAIT,1.0,0.068,1.441,0.665,0.0,0.0,0.037,1.176,0.047,3.245,0.176,1.767,0.082,0.0,1.957,0.0,0.533,0.98,0.099,0.993,0.492,1.072,0.038,0.0,0.162
0.976,-0.241,653,Tn,0.997,0.006,0.98,0.0,0.006,0.003,0.018,0.415,0.11,2.042,0.181,1.709,1.387,0.003,0.065,0.127,0.202,0.526,1.546,0.553,0.113,1.464,0.043,0.0,0.009
4.599,0.724,756,Tcm,0.876,0.013,0.893,0.041,0.005,0.018,0.024,0.48,0.102,2.993,0.253,1.293,0.534,0.046,0.221,0.095,0.332,0.616,0.841,0.768,0.185,1.193,0.022,0.057,0.031
2.09,-0.241,644,Tn,0.977,0.013,1.718,0.003,0.003,0.01,0.019,0.563,0.302,2.003,0.178,1.648,1.04,0.007,0.054,0.16,0.217,0.409,1.352,0.489,0.09,1.275,0.038,0.0,0.009
4.878,-1.69,422,MAIT,1.0,0.02,1.104,0.399,0.008,0.098,0.0,0.965,0.018,2.812,0.229,1.154,0.063,0.047,1.481,0.022,0.338,0.523,0.209,0.788,0.195,0.508,0.059,0.007,0.066
5.435,0.241,253,MAIT,0.431,0.036,1.117,0.146,0.0,0.062,0.015,0.577,0.149,3.179,0.204,1.129,0.536,0.044,0.549,0.189,0.328,0.533,0.838,0.744,0.21,1.18,0.095,0.085,0.062
-2.648,-0.241,127,Tn,1.0,0.0,0.296,0.0,0.01,0.0,0.006,0.625,0.049,2.11,0.175,1.748,2.01,0.0,0.187,0.021,0.312,0.545,1.819,0.748,0.134,1.985,0.074,0.007,0.0
8.64,3.379,789,ITGB2+ Trm,0.849,0.062,2.607,0.276,0.009,0.14,0.016,0.752,0.185,0.647,0.252,1.029,0.065,0.272,0.53,1.353,0.537,0.087,0.232,0.436,0.319,0.335,0.301,0.325,0.367
5.296,-2.414,496,MAIT,1.0,0.037,1.262,0.615,0.018,0.018,0.011,1.047,0.03,3.241,0.182,1.48,0.024,0.043,1.834,0.047,0.366,0.571,0.166,0.885,0.271,0.778,0.103,0.008,0.104
0.0,5.793,993,CMC1+ Temra,0.945,0.022,0.594,0.007,0.006,2.191,0.072,0.833,0.001,0.25,0.144,1.959,0.036,0.038,2.272,0.062,0.673,0.23,0.25,0.667,0.375,0.165,0.404,0.042,1.387
10.731,4.103,109,SELL+ Tpex,1.0,0.007,1.117,0.377,0.039,0.024,1.285,0.0,0.204,0.156,0.758,1.803,1.193,0.029,0.866,0.318,0.476,0.853,1.272,1.287,0.754,1.778,0.39,0.0,0.074
2.787,0.483,298,Tn,0.607,0.017,1.535,0.0,0.0,0.003,0.02,0.454,0.287,2.139,0.216,1.578,1.032,0.015,0.071,0.242,0.224,0.499,1.324,0.489,0.125,1.169,0.025,0.05,0.016
-2.369,0.724,319,Tn,1.0,0.025,0.357,0.0,0.014,0.015,0.021,0.535,0.044,2.51,0.179,1.7,2.169,0.008,0.123,0.019,0.317,0.627,1.982,0.843,0.15,2.171,0.052,0.009,0.01
-2.648,0.241,127,Tn,1.0,0.036,0.372,0.0,0.0,0.008,0.007,0.504,0.061,2.348,0.222,1.714,2.095,0.0,0.155,0.029,0.281,0.482,2.025,0.866,0.211,2.178,0.147,0.008,0.0
1.812,3.138,82,Early Tcm/Tem,0.5,0.028,1.331,0.01,0.028,0.124,0.096,0.673,0.192,2.091,0.142,1.748,1.55,0.087,0.385,0.125,0.489,0.531,0.949,0.799,0.236,1.741,0.178,0.387,0.137
10.452,3.621,14,SELL+ Tpex,1.0,0.0,1.204,0.244,0.079,0.0,0.827,0.049,0.23,0.558,0.435,2.027,1.575,0.0,0.216,0.057,0.691,0.636,1.171,1.188,1.149,2.492,0.422,0.0,0.0
3.484,8.448,60,MACF1+ T,0.9,0.147,1.26,0.143,0.077,1.19,0.147,0.926,0.0,0.472,0.134,1.095,0.189,0.122,2.353,0.345,0.761,0.527,0.802,1.054,0.653,0.155,0.608,0.094,1.731
-2.509,-0.483,253,Tn,1.0,0.006,0.237,0.0,0.011,0.015,0.021,0.531,0.064,2.102,0.24,1.772,1.997,0.008,0.097,0.006,0.233,0.565,1.805,0.801,0.15,2.084,0.058,0.0,0.004
-0.976,1.69,27,Tn,0.704,0.132,1.31,0.0,0.0,0.0,0.071,0.629,0.106,2.756,0.102,1.239,1.831,0.0,0.146,0.106,0.311,0.583,1.419,0.411,0.026,1.081,0.051,0.0,0.0
0.697,7.483,834,GNLY+ Temra,0.681,0.023,0.882,0.009,0.001,2.12,0.063,0.981,0.004,0.462,0.18,1.639,0.058,0.063,1.975,0.063,0.628,0.374,0.29,0.822,0.318,0.148,0.252,0.085,1.144
-2.509,0.0,315,Tn,1.0,0.012,0.379,0.0,0.004,0.007,0.008,0.537,0.067,2.294,0.173,1.619,2.022,0.0,0.142,0.007,0.264,0.535,1.916,0.822,0.14,2.121,0.064,0.012,0.004
7.804,1.448,466,GZMK+ Tem,0.985,0.038,0.987,0.139,0.003,0.014,0.01,0.187,0.066,2.249,0.232,1.276,0.247,0.179,0.68,0.258,0.398,0.715,0.993,0.693,0.467,1.194,0.381,0.074,0.248
1.254,3.138,15,ILTCK,0.667,0.073,1.043,0.0,0.0,0.13,0.0,0.342,0.096,1.764,0.075,1.625,1.625,0.0,0.338,0.0,0.451,0.308,1.118,1.058,0.279,1.809,0.133,0.148,0.326
5.993,0.724,441,GZMK+ Tem,0.8,0.027,1.197,0.13,0.0,0.039,0.014,0.486,0.139,2.902,0.176,1.139,0.64,0.088,0.385,0.214,0.38,0.611,1.102,0.706,0.275,0.983,0.057,0.04,0.061
6.132,3.379,787,ITGAE+ Trm,0.379,0.036,2.207,0.171,0.009,0.211,0.016,0.962,0.114,1.93,0.251,1.23,0.163,0.133,0.647,0.795,0.547,0.303,0.346,0.519,0.238,0.468,0.134,0.291,0.37
4.181,-0.483,141,Tcm,0.986,0.03,0.623,0.043,0.0,0.02,0.02,0.443,0.122,3.206,0.166,1.093,0.874,0.022,0.199,0.038,0.331,0.904,1.293,0.887,0.159,0.928,0.032,0.007,0.027
7.804,2.897,813,GZMK+ Tem,0.716,0.025,1.601,0.192,0.007,0.113,0.014,0.415,0.063,1.063,0.253,1.208,0.095,0.22,0.659,0.662,0.57,0.349,0.589,0.639,0.395,0.639,0.32,0.125,0.398
8.362,1.931,200,GZMK+ Tem,0.94,0.058,1.933,0.249,0.0,0.013,0.006,0.317,0.072,1.939,0.377,1.523,0.176,0.368,0.586,0.869,0.422,0.364,0.963,0.658,0.607,0.837,0.524,0.042,0.24
0.139,1.69,37,Tn,0.757,0.057,1.465,0.035,0.0,0.0,0.086,0.366,0.233,2.288,0.185,1.255,1.52,0.0,0.068,0.412,0.562,0.79,1.417,0.513,0.111,1.395,0.0,0.02,0.028
2.648,5.552,738,CMC1+ Temra,0.879,0.031,1.169,0.067,0.009,0.919,0.02,0.807,0.015,0.574,0.197,1.422,0.08,0.062,1.368,0.205,0.552,0.343,0.271,0.6,0.316,0.337,0.292,0.108,0.921
-2.648,-0.724,36,Tn,1.0,0.0,0.223,0.0,0.04,0.026,0.0,0.393,0.093,2.022,0.171,1.709,2.099,0.0,0.162,0.0,0.262,0.466,1.84,0.815,0.109,2.184,0.038,0.0,0.0
7.247,0.966,128,GZMK+ Tem,0.977,0.0,0.875,0.095,0.005,0.0,0.013,0.249,0.171,2.607,0.186,1.156,0.443,0.143,0.487,0.111,0.385,0.821,1.362,0.713,0.478,1.366,0.199,0.06,0.205
4.878,-1.207,179,MAIT,1.0,0.031,1.01,0.375,0.007,0.15,0.0,0.911,0.045,2.863,0.303,1.137,0.121,0.052,1.191,0.064,0.278,0.417,0.218,0.73,0.19,0.577,0.083,0.01,0.073
2.09,1.207,647,Tn,0.832,0.027,1.777,0.008,0.003,0.019,0.042,0.381,0.438,1.635,0.169,1.381,0.86,0.009,0.11,0.327,0.286,0.407,0.911,0.433,0.062,0.814,0.024,0.021,0.033
1.812,4.103,395,CMC1+ Temra,0.575,0.051,1.437,0.019,0.008,0.891,0.027,0.761,0.058,1.996,0.205,1.849,0.646,0.028,1.027,0.139,0.476,0.404,0.883,0.618,0.235,0.921,0.195,0.089,0.72
8.083,1.448,120,GZMK+ Tem,0.983,0.033,1.14,0.175,0.01,0.0,0.033,0.134,0.081,2.043,0.316,1.49,0.16,0.27,0.684,0.339,0.394,0.609,0.935,0.731,0.521,1.126,0.332,0.089,0.27
3.763,-0.724,177,Tcm,0.994,0.0,0.764,0.007,0.0,0.007,0.015,0.577,0.164,3.105,0.118,0.966,1.048,0.008,0.135,0.048,0.288,0.983,1.883,0.997,0.203,1.113,0.006,0.0,0.007
2.927,1.207,515,Tn,0.513,0.023,1.731,0.004,0.008,0.005,0.023,0.529,0.315,2.525,0.186,1.76,0.977,0.033,0.065,0.311,0.296,0.626,1.427,0.611,0.101,1.053,0.04,0.009,0.02
3.345,0.966,809,Tcm,0.923,0.021,1.305,0.017,0.021,0.004,0.005,0.53,0.127,2.529,0.171,1.554,0.813,0.016,0.078,0.2,0.25,0.646,1.312,0.654,0.112,0.95,0.016,0.004,0.007
9.058,4.586,438,ITGB2+ Trm,0.557,0.034,2.139,0.49,0.057,0.621,0.231,0.79,0.141,0.25,0.497,0.381,0.11,0.52,0.806,1.635,0.553,0.076,0.274,0.63,0.27,0.204,0.507,0.272,0.211
2.369,6.035,800,CMC1+ Temra,0.894,0.027,1.182,0.032,0.011,1.246,0.03,0.887,0.007,0.392,0.158,1.573,0.05,0.075,1.488,0.236,0.599,0.319,0.268,0.642,0.353,0.227,0.287,0.101,1.029
5.017,-2.897,20,MAIT,1.0,0.102,0.997,0.926,0.0,0.0,0.111,0.628,0.0,3.299,0.179,2.06,0.0,0.053,2.043,0.058,0.387,1.064,0.056,1.277,0.431,0.712,0.171,0.0,0.118
1.812,0.241,623,Tn,0.945,0.008,1.554,0.002,0.012,0.007,0.03,0.497,0.313,2.094,0.204,1.683,1.168,0.001,0.037,0.177,0.223,0.436,1.293,0.453,0.1,1.331,0.029,0.0,0.009
2.648,7.483,614,GNLY+ Temra,0.664,0.06,1.607,0.024,0.01,1.786,0.101,1.11,0.013,0.476,0.185,1.507,0.066,0.134,1.378,0.374,0.72,0.341,0.271,0.76,0.273,0.146,0.241,0.085,1.204
2.369,-0.241,653,Tn,0.965,0.025,1.78,0.0,0.002,0.005,0.007,0.541,0.347,1.845,0.176,1.664,0.98,0.013,0.065,0.184,0.193,0.364,1.396,0.495,0.073,1.282,0.019,0.009,0.004
2.09,4.103,444,CMC1+ Temra,0.486,0.022,1.488,0.029,0.02,0.751,0.048,0.746,0.099,2.219,0.151,1.857,0.676,0.046,0.988,0.219,0.501,0.366,0.881,0.608,0.224,0.95,0.222,0.099,0.678
3.066,1.931,460,Tcm,0.67,0.067,1.481,0.016,0.002,0.014,0.023,0.67,0.248,2.54,0.18,1.588,0.763,0.042,0.092,0.548,0.439,0.711,1.223,0.552,0.094,0.774,0.033,0.011,0.015
3.066,7.724,561,GNLY+ Temra,0.922,0.1,1.392,0.025,0.011,1.688,0.079,1.042,0.009,0.701,0.204,1.148,0.045,0.113,1.164,0.481,0.749,0.584,0.184,0.851,0.162,0.123,0.142,0.069,1.164
0.697,6.517,1258,CMC1+ Temra,0.928,0.032,0.814,0.009,0.014,2.089,0.109,0.916,0.006,0.198,0.145,1.972,0.042,0.05,2.213,0.086,0.713,0.183,0.158,0.632,0.349,0.113,0.421,0.05,1.446
1.254,5.552,1074,CMC1+ Temra,0.965,0.026,1.017,0.014,0.0,1.48,0.052,0.821,0.016,0.473,0.137,1.796,0.079,0.055,1.663,0.11,0.616,0.222,0.247,0.598,0.297,0.253,0.328,0.059,1.227
7.804,3.862,932,ITGB2+ Trm,0.564,0.081,1.888,0.2,0.022,0.355,0.023,0.626,0.088,0.793,0.246,1.043,0.103,0.212,0.703,1.127,0.717,0.198,0.313,0.586,0.329,0.363,0.33,0.237,0.523
7.665,1.207,273,GZMK+ Tem,0.993,0.071,0.939,0.145,0.004,0.008,0.009,0.13,0.05,2.494,0.246,1.368,0.295,0.184,0.694,0.231,0.389,0.802,1.025,0.856,0.463,1.218,0.308,0.048,0.233
-0.836,4.828,277,ILTCK,1.0,0.042,1.403,0.088,0.024,2.285,0.297,1.495,0.018,1.942,0.222,1.904,0.317,0.05,2.573,0.157,0.754,0.532,0.802,1.207,0.338,0.819,0.266,0.248,0.884
1.672,6.276,954,CMC1+ Temra,0.945,0.029,1.117,0.014,0.011,1.56,0.066,0.888,0.007,0.287,0.135,1.695,0.046,0.056,1.73,0.169,0.645,0.234,0.216,0.626,0.289,0.199,0.371,0.067,1.264
2.509,3.862,363,Early Tcm/Tem,0.744,0.055,1.508,0.02,0.006,0.597,0.043,0.933,0.134,2.309,0.226,1.852,0.666,0.015,0.77,0.207,0.468,0.478,0.848,0.703,0.234,0.936,0.172,0.24,0.44
7.665,4.103,926,ITGB2+ Trm,0.521,0.087,1.901,0.197,0.015,0.366,0.019,0.654,0.108,0.782,0.268,0.92,0.08,0.233,0.665,1.175,0.698,0.189,0.33,0.568,0.272,0.344,0.345,0.269,0.545
-0.557,3.862,206,ILTCK,0.995,0.059,0.951,0.005,0.011,1.513,0.092,0.969,0.057,2.024,0.266,1.828,1.232,0.014,1.54,0.084,0.506,0.616,1.704,0.914,0.158,1.557,0.129,0.211,0.577
5.574,2.897,708,ITGAE+ Trm,0.492,0.053,2.126,0.219,0.014,0.153,0.013,0.949,0.115,2.484,0.314,1.193,0.235,0.125,0.528,0.78,0.508,0.335,0.349,0.553,0.24,0.485,0.114,0.148,0.175
-1.254,2.172,4,MACF1+ T,0.75,0.0,0.381,0.0,0.0,0.0,0.0,0.526,0.257,2.757,0.0,1.117,1.366,0.0,0.666,0.608,0.608,0.79,0.608,0.257,0.77,0.957,0.0,0.0,0.813
2.509,5.793,749,CMC1+ Temra,0.892,0.024,1.141,0.036,0.007,1.056,0.019,0.83,0.013,0.472,0.174,1.584,0.079,0.087,1.428,0.197,0.622,0.346,0.264,0.651,0.367,0.29,0.327,0.097,1.03
0.139,7.0,763,GNLY+ Temra,0.516,0.035,0.748,0.012,0.01,2.206,0.062,0.928,0.007,0.473,0.177,1.671,0.057,0.073,2.16,0.075,0.65,0.355,0.234,0.87,0.309,0.161,0.323,0.093,1.218
0.836,8.69,607,GNLY+ Temra,1.0,0.014,0.99,0.0,0.004,2.24,0.06,1.104,0.003,0.234,0.182,1.792,0.07,0.067,1.945,0.119,0.654,0.362,0.226,0.996,0.293,0.077,0.187,0.112,0.993
-0.697,7.483,989,GNLY+ Temra,0.996,0.025,0.635,0.014,0.003,2.314,0.035,0.996,0.001,0.729,0.194,1.558,0.117,0.06,2.181,0.036,0.644,0.544,0.35,1.049,0.43,0.147,0.244,0.085,1.195
8.78,3.138,590,ITGB2+ Trm,0.827,0.074,2.762,0.353,0.007,0.132,0.017,0.689,0.256,0.843,0.25,1.148,0.099,0.326,0.487,1.408,0.444,0.068,0.244,0.402,0.349,0.41,0.376,0.333,0.27
-0.418,6.517,671,CMC1+ Temra,0.583,0.028,0.671,0.019,0.001,2.358,0.078,0.997,0.004,0.482,0.2,1.744,0.066,0.048,2.333,0.051,0.74,0.382,0.313,0.93,0.365,0.145,0.311,0.066,1.275
-0.279,8.207,923,GNLY+ Temra,1.0,0.024,0.735,0.014,0.004,2.345,0.033,1.078,0.003,0.402,0.18,1.709,0.078,0.045,2.203,0.043,0.655,0.545,0.272,1.035,0.315,0.11,0.246,0.107,1.219
1.951,5.31,772,CMC1+ Temra,0.94,0.03,1.099,0.035,0.005,1.081,0.023,0.732,0.024,0.688,0.158,1.487,0.068,0.066,1.307,0.186,0.52,0.304,0.294,0.563,0.25,0.352,0.252,0.086,0.903
-1.812,7.966,208,GNLY+ Temra,1.0,0.017,0.365,0.0,0.0,2.831,0.042,1.067,0.0,0.471,0.188,1.731,0.059,0.028,2.623,0.0,0.641,0.749,0.31,1.215,0.328,0.101,0.202,0.06,1.258
2.369,4.586,493,CMC1+ Temra,0.671,0.037,1.259,0.046,0.011,0.777,0.038,0.653,0.031,1.519,0.198,1.392,0.263,0.068,1.085,0.216,0.505,0.425,0.533,0.679,0.239,0.551,0.232,0.107,0.728
0.139,7.966,1026,GNLY+ Temra,0.986,0.029,0.836,0.016,0.004,2.204,0.044,1.089,0.0,0.467,0.168,1.621,0.121,0.056,1.985,0.092,0.68,0.471,0.296,1.003,0.346,0.132,0.242,0.102,1.155
-0.557,7.724,1002,GNLY+ Temra,0.998,0.026,0.617,0.018,0.005,2.281,0.048,0.989,0.001,0.66,0.176,1.627,0.106,0.065,2.142,0.05,0.656,0.598,0.288,0.958,0.376,0.135,0.195,0.092,1.176
3.205,5.069,636,CMC1+ Temra,0.664,0.045,1.065,0.052,0.003,0.562,0.014,0.61,0.041,0.855,0.19,0.937,0.108,0.079,0.821,0.197,0.478,0.346,0.31,0.47,0.3,0.35,0.2,0.131,0.702
5.156,-0.241,209,MAIT,0.833,0.014,1.217,0.391,0.003,0.06,0.009,0.855,0.073,3.165,0.236,1.085,0.465,0.027,0.787,0.154,0.255,0.448,0.631,0.8,0.219,0.851,0.046,0.058,0.041
2.09,5.552,802,CMC1+ Temra,0.919,0.047,1.046,0.033,0.0,1.097,0.022,0.794,0.023,0.563,0.15,1.439,0.075,0.044,1.401,0.131,0.539,0.312,0.263,0.627,0.312,0.309,0.261,0.095,0.912
1.812,7.966,707,GNLY+ Temra,0.874,0.041,1.32,0.017,0.007,1.922,0.071,1.116,0.011,0.511,0.185,1.555,0.107,0.085,1.59,0.221,0.7,0.384,0.262,0.864,0.305,0.116,0.192,0.08,1.121
-0.697,7.0,697,GNLY+ Temra,0.923,0.026,0.655,0.017,0.008,2.23,0.048,0.945,0.004,0.669,0.195,1.587,0.119,0.045,2.189,0.041,0.575,0.507,0.354,0.946,0.373,0.141,0.235,0.058,1.193
0.697,8.931,468,GNLY+ Temra,1.0,0.0,0.869,0.005,0.005,2.13,0.059,0.954,0.0,0.182,0.154,1.681,0.071,0.07,1.992,0.087,0.597,0.378,0.296,0.98,0.283,0.059,0.197,0.109,0.868
-0.279,8.69,628,GNLY+ Temra,1.0,0.013,0.633,0.0,0.002,2.515,0.042,0.934,0.002,0.309,0.169,1.702,0.073,0.061,2.248,0.032,0.66,0.493,0.21,1.085,0.311,0.057,0.172,0.107,1.037
-1.394,8.69,124,GNLY+ Temra,1.0,0.019,0.32,0.0,0.011,2.826,0.029,1.082,0.0,0.462,0.167,1.803,0.086,0.057,2.546,0.011,0.674,0.682,0.128,1.141,0.345,0.066,0.201,0.064,1.128
2.23,7.724,647,GNLY+ Temra,0.716,0.034,1.539,0.026,0.004,1.796,0.089,1.081,0.01,0.559,0.183,1.603,0.096,0.104,1.565,0.307,0.684,0.36,0.378,0.796,0.273,0.125,0.235,0.11,1.186
0.139,8.931,704,GNLY+ Temra,0.999,0.016,0.699,0.003,0.006,2.391,0.037,0.918,0.002,0.223,0.137,1.551,0.089,0.05,2.23,0.049,0.524,0.56,0.191,1.041,0.32,0.076,0.229,0.101,0.922
-0.139,7.0,774,GNLY+ Temra,0.68,0.022,0.724,0.018,0.005,2.237,0.04,0.952,0.007,0.549,0.199,1.685,0.095,0.054,2.121,0.037,0.605,0.412,0.286,0.86,0.353,0.168,0.274,0.085,1.229
-0.139,7.483,916,GNLY+ Temra,0.96,0.027,0.736,0.017,0.005,2.165,0.033,0.963,0.007,0.702,0.188,1.566,0.116,0.063,2.038,0.058,0.631,0.519,0.324,0.959,0.352,0.163,0.213,0.093,1.174
0.0,6.759,763,CMC1+ Temra,0.586,0.028,0.74,0.009,0.001,2.233,0.069,0.936,0.002,0.49,0.212,1.768,0.066,0.071,2.265,0.051,0.67,0.389,0.264,0.796,0.335,0.151,0.305,0.056,1.248
-0.976,7.483,836,GNLY+ Temra,0.999,0.045,0.561,0.011,0.009,2.486,0.044,1.061,0.005,0.743,0.189,1.625,0.12,0.046,2.281,0.036,0.66,0.563,0.309,1.047,0.384,0.109,0.21,0.07,1.158
-1.394,7.241,614,GNLY+ Temra,1.0,0.029,0.471,0.008,0.007,2.638,0.048,1.092,0.002,0.717,0.181,1.626,0.125,0.053,2.495,0.032,0.688,0.641,0.31,1.085,0.363,0.096,0.194,0.063,1.26
-1.115,7.241,776,GNLY+ Temra,0.994,0.031,0.567,0.013,0.008,2.51,0.056,1.029,0.001,0.737,0.183,1.563,0.089,0.049,2.35,0.02,0.673,0.541,0.332,1.097,0.387,0.141,0.219,0.084,1.177
-1.115,9.172,23,GNLY+ Temra,1.0,0.0,0.302,0.0,0.059,2.583,0.0,0.789,0.0,0.843,0.276,1.766,0.134,0.0,2.534,0.0,0.454,0.592,0.201,1.315,0.223,0.0,0.052,0.09,1.072
-0.418,7.0,740,GNLY+ Temra,0.864,0.022,0.674,0.008,0.011,2.195,0.048,0.97,0.004,0.629,0.201,1.621,0.099,0.058,2.122,0.051,0.674,0.492,0.269,0.925,0.347,0.171,0.241,0.06,1.221
-1.254,7.483,752,GNLY+ Temra,1.0,0.024,0.527,0.016,0.007,2.548,0.026,1.002,0.0,0.805,0.189,1.687,0.088,0.033,2.376,0.022,0.67,0.587,0.339,1.053,0.378,0.114,0.199,0.103,1.188
-1.672,7.724,452,GNLY+ Temra,1.0,0.035,0.44,0.004,0.012,2.814,0.044,1.16,0.005,0.735,0.185,1.687,0.11,0.04,2.599,0.0,0.656,0.712,0.285,1.154,0.382,0.091,0.188,0.08,1.236
-1.115,6.759,445,GNLY+ Temra,0.969,0.032,0.59,0.013,0.006,2.538,0.079,1.032,0.0,0.627,0.178,1.622,0.122,0.04,2.4,0.022,0.697,0.515,0.387,1.027,0.365,0.112,0.187,0.097,1.168
-0.557,7.241,823,GNLY+ Temra,0.971,0.027,0.667,0.016,0.011,2.24,0.038,1.056,0.0,0.766,0.174,1.621,0.109,0.053,2.1,0.045,0.643,0.578,0.387,0.942,0.355,0.151,0.211,0.091,1.155
-0.279,6.759,699,GNLY+ Temra,0.622,0.025,0.669,0.029,0.003,2.168,0.045,0.956,0.0,0.667,0.163,1.744,0.077,0.051,2.21,0.06,0.692,0.435,0.299,0.901,0.364,0.186,0.258,0.071,1.224
-1.115,8.207,802,GNLY+ Temra,1.0,0.024,0.5,0.016,0.003,2.593,0.028,0.999,0.0,0.513,0.182,1.601,0.099,0.029,2.336,0.022,0.598,0.556,0.213,1.069,0.362,0.088,0.196,0.079,1.104
1.951,6.276,909,CMC1+ Temra,0.91,0.015,1.191,0.02,0.015,1.483,0.044,0.886,0.006,0.343,0.171,1.641,0.066,0.066,1.621,0.217,0.661,0.268,0.272,0.645,0.308,0.205,0.319,0.076,1.163
0.0,6.276,952,CMC1+ Temra,0.883,0.026,0.68,0.012,0.018,2.216,0.078,0.926,0.001,0.301,0.141,1.856,0.049,0.046,2.284,0.061,0.71,0.247,0.245,0.731,0.345,0.137,0.37,0.053,1.38
3.066,4.828,534,CMC1+ Temra,0.584,0.026,1.132,0.072,0.008,0.658,0.03,0.656,0.045,1.234,0.169,1.098,0.154,0.056,0.962,0.197,0.439,0.398,0.379,0.511,0.199,0.416,0.16,0.132,0.595
-0.279,7.241,843,GNLY+ Temra,0.924,0.028,0.698,0.014,0.001,2.176,0.038,0.997,0.002,0.715,0.196,1.538,0.126,0.073,2.133,0.046,0.642,0.48,0.301,0.997,0.376,0.18,0.206,0.094,1.131
-1.812,8.448,35,GNLY+ Temra,1.0,0.0,0.154,0.0,0.0,2.774,0.0,1.204,0.0,0.268,0.206,2.031,0.11,0.0,2.811,0.0,0.764,0.817,0.111,0.954,0.56,0.0,0.192,0.046,1.222
-0.557,8.207,899,GNLY+ Temra,1.0,0.028,0.639,0.008,0.002,2.506,0.032,1.04,0.0,0.424,0.202,1.696,0.078,0.068,2.251,0.059,0.662,0.523,0.243,0.985,0.381,0.086,0.255,0.093,1.16
0.836,4.828,697,CMC1+ Temra,0.937,0.028,1.119,0.03,0.007,1.433,0.049,0.896,0.047,1.15,0.17,1.656,0.198,0.034,1.566,0.108,0.474,0.249,0.455,0.606,0.235,0.366,0.272,0.067,1.066
1.533,7.0,1047,CMC1+ Temra,0.845,0.046,1.121,0.011,0.011,2.156,0.116,0.979,0.004,0.233,0.144,1.815,0.052,0.066,2.093,0.205,0.656,0.204,0.207,0.66,0.284,0.109,0.431,0.064,1.33
0.976,5.069,1090,CMC1+ Temra,0.956,0.034,1.135,0.038,0.008,1.408,0.046,0.839,0.053,0.827,0.118,1.835,0.124,0.019,1.613,0.109,0.448,0.214,0.338,0.566,0.254,0.301,0.299,0.052,1.124
1.812,1.207,675,Tn,0.784,0.056,1.667,0.008,0.003,0.014,0.048,0.36,0.408,1.521,0.169,1.273,0.954,0.006,0.113,0.271,0.327,0.406,0.88,0.451,0.054,0.927,0.028,0.041,0.007
-1.812,7.0,93,GNLY+ Temra,0.989,0.028,0.322,0.0,0.0,2.853,0.061,1.074,0.014,0.49,0.236,1.812,0.15,0.0,2.671,0.031,0.826,0.627,0.534,1.122,0.459,0.066,0.228,0.081,1.292
1.672,4.345,518,CMC1+ Temra,0.778,0.021,1.434,0.03,0.006,1.066,0.048,0.746,0.072,1.833,0.204,1.714,0.405,0.049,1.155,0.173,0.393,0.37,0.669,0.615,0.256,0.641,0.255,0.069,0.793
-1.533,7.0,363,GNLY+ Temra,1.0,0.027,0.474,0.003,0.009,2.779,0.105,1.051,0.003,0.588,0.188,1.695,0.101,0.033,2.59,0.027,0.641,0.542,0.374,1.179,0.342,0.119,0.197,0.084,1.23
2.509,4.345,399,CMC1+ Temra,0.461,0.043,1.408,0.04,0.014,0.736,0.026,0.718,0.067,1.762,0.203,1.672,0.415,0.039,0.94,0.217,0.47,0.435,0.734,0.591,0.259,0.779,0.216,0.12,0.759
0.418,6.035,1208,CMC1+ Temra,0.959,0.028,0.689,0.005,0.01,2.023,0.099,0.918,0.001,0.179,0.134,1.993,0.033,0.036,2.157,0.078,0.696,0.235,0.198,0.655,0.318,0.131,0.404,0.028,1.462
1.254,4.586,655,CMC1+ Temra,0.954,0.024,1.244,0.009,0.002,1.177,0.046,0.788,0.084,1.705,0.156,1.947,0.242,0.024,1.361,0.12,0.479,0.212,0.59,0.522,0.213,0.517,0.245,0.036,0.932
5.574,-0.966,464,MAIT,0.998,0.043,1.713,0.339,0.011,0.129,0.011,1.115,0.036,3.039,0.266,1.184,0.241,0.087,1.107,0.216,0.476,0.376,0.386,0.662,0.207,0.7,0.074,0.046,0.107
10.173,3.621,132,SELL+ Tpex,1.0,0.018,1.318,0.109,0.018,0.0,0.882,0.013,0.376,0.521,0.569,1.603,1.172,0.019,0.319,0.162,0.623,0.658,1.265,0.956,0.839,2.242,0.346,0.0,0.007
0.976,4.586,532,CMC1+ Temra,0.9,0.044,1.226,0.019,0.005,1.275,0.063,0.812,0.082,1.613,0.153,1.828,0.317,0.038,1.477,0.132,0.504,0.204,0.6,0.587,0.25,0.468,0.197,0.063,1.018
3.345,0.0,336,Tcm,0.946,0.024,0.724,0.018,0.003,0.006,0.008,0.421,0.156,2.718,0.164,1.168,0.96,0.013,0.098,0.064,0.214,0.855,1.683,0.719,0.149,1.149,0.018,0.0,0.009
0.836,5.31,1160,CMC1+ Temra,0.966,0.031,0.942,0.014,0.004,1.529,0.063,0.912,0.017,0.497,0.144,1.89,0.076,0.032,1.731,0.11,0.583,0.22,0.295,0.538,0.292,0.225,0.324,0.048,1.228
5.435,3.621,1074,ITGAE+ Trm,0.831,0.061,2.515,0.202,0.015,0.204,0.018,1.059,0.137,2.561,0.32,0.752,0.133,0.125,0.416,1.113,0.608,0.162,0.132,0.413,0.168,0.369,0.087,0.306,0.177
-1.672,7.241,314,GNLY+ Temra,1.0,0.031,0.439,0.006,0.0,2.876,0.084,1.148,0.0,0.574,0.128,1.78,0.132,0.005,2.724,0.023,0.669,0.569,0.377,1.122,0.384,0.124,0.192,0.112,1.231
1.951,6.759,968,CMC1+ Temra,0.879,0.02,1.176,0.012,0.01,1.811,0.075,0.944,0.017,0.206,0.159,1.809,0.055,0.07,1.687,0.227,0.662,0.242,0.18,0.621,0.284,0.14,0.325,0.056,1.239
1.533,8.448,598,GNLY+ Temra,0.943,0.058,1.437,0.01,0.01,2.115,0.061,1.168,0.003,0.327,0.136,1.643,0.094,0.101,1.827,0.23,0.645,0.396,0.283,0.901,0.3,0.081,0.146,0.136,1.111
2.23,4.345,424,CMC1+ Temra,0.604,0.026,1.497,0.048,0.009,0.913,0.039,0.725,0.099,1.923,0.191,1.75,0.401,0.093,1.094,0.224,0.465,0.333,0.681,0.621,0.238,0.671,0.236,0.083,0.746
8.362,3.862,879,ITGB2+ Trm,0.741,0.058,2.374,0.296,0.032,0.39,0.03,0.722,0.106,0.418,0.308,0.789,0.071,0.297,0.698,1.455,0.662,0.081,0.187,0.526,0.286,0.242,0.393,0.375,0.418
-1.533,7.966,639,GNLY+ Temra,1.0,0.032,0.346,0.008,0.002,2.715,0.011,0.964,0.0,0.591,0.2,1.663,0.08,0.043,2.526,0.015,0.707,0.723,0.21,1.153,0.446,0.084,0.191,0.078,1.238
2.369,6.517,766,CMC1+ Temra,0.868,0.024,1.259,0.033,0.008,1.394,0.05,0.817,0.007,0.303,0.176,1.681,0.069,0.072,1.497,0.253,0.672,0.286,0.256,0.632,0.324,0.181,0.269,0.108,1.056
0.557,6.759,1079,CMC1+ Temra,0.846,0.025,0.793,0.016,0.009,2.259,0.109,0.893,0.003,0.26,0.135,1.892,0.054,0.052,2.238,0.106,0.657,0.231,0.204,0.7,0.336,0.114,0.413,0.045,1.356
2.23,3.862,442,Early Tcm/Tem,0.645,0.048,1.6,0.019,0.012,0.592,0.03,0.825,0.098,2.297,0.183,2.041,0.858,0.049,0.787,0.2,0.497,0.486,1.007,0.732,0.178,1.101,0.14,0.172,0.524
1.533,4.586,651,CMC1+ Temra,0.919,0.025,1.291,0.05,0.009,1.041,0.042,0.857,0.061,1.761,0.142,1.796,0.343,0.035,1.236,0.133,0.413,0.238,0.46,0.573,0.269,0.509,0.201,0.067,0.888
2.509,5.31,753,CMC1+ Temra,0.85,0.019,1.084,0.058,0.003,0.847,0.03,0.748,0.009,0.707,0.148,1.27,0.086,0.059,1.158,0.148,0.514,0.343,0.349,0.56,0.262,0.317,0.185,0.107,0.813
0.976,8.931,289,GNLY+ Temra,1.0,0.023,0.988,0.019,0.0,2.197,0.046,1.089,0.0,0.145,0.17,1.667,0.068,0.079,1.96,0.121,0.58,0.362,0.321,0.939,0.202,0.073,0.201,0.103,0.985
1.115,5.31,1052,CMC1+ Temra,0.977,0.031,1.175,0.012,0.003,1.383,0.056,0.85,0.022,0.587,0.122,1.884,0.087,0.042,1.688,0.113,0.552,0.224,0.26,0.553,0.279,0.242,0.308,0.043,1.22
1.254,4.103,383,CMC1+ Temra,0.507,0.069,1.184,0.019,0.002,1.318,0.071,0.635,0.06,1.491,0.264,1.463,0.586,0.024,1.294,0.115,0.468,0.473,0.723,0.732,0.273,0.805,0.184,0.086,0.83
-1.533,7.483,603,GNLY+ Temra,1.0,0.027,0.424,0.005,0.004,2.703,0.039,1.042,0.0,0.671,0.178,1.634,0.104,0.035,2.512,0.02,0.667,0.667,0.314,1.192,0.389,0.089,0.164,0.078,1.22
0.139,6.517,999,CMC1+ Temra,0.841,0.028,0.703,0.016,0.011,2.297,0.062,0.951,0.006,0.27,0.174,1.903,0.038,0.053,2.269,0.071,0.698,0.264,0.193,0.775,0.35,0.12,0.361,0.057,1.384
5.017,0.0,313,Tcm,0.62,0.027,0.843,0.177,0.006,0.079,0.013,0.467,0.077,3.26,0.292,0.908,0.339,0.031,0.488,0.086,0.341,0.645,0.544,0.814,0.159,0.977,0.048,0.056,0.045
2.369,7.0,803,CMC1+ Temra,0.729,0.032,1.381,0.013,0.013,1.615,0.077,0.952,0.018,0.264,0.169,1.777,0.071,0.068,1.591,0.281,0.672,0.261,0.22,0.646,0.259,0.18,0.326,0.079,1.18
-0.139,6.035,871,CMC1+ Temra,0.915,0.023,0.635,0.01,0.007,2.327,0.089,0.876,0.011,0.236,0.166,1.83,0.041,0.038,2.313,0.061,0.657,0.234,0.268,0.763,0.317,0.155,0.38,0.032,1.285
0.976,9.414,8,GNLY+ Temra,1.0,0.0,0.801,0.0,0.09,2.627,0.09,0.691,0.0,0.111,0.332,2.099,0.0,0.186,2.194,0.167,0.772,0.289,0.253,1.148,0.26,0.0,0.09,0.0,0.803
0.279,7.241,795,GNLY+ Temra,0.67,0.018,0.789,0.021,0.006,2.17,0.075,0.972,0.001,0.549,0.174,1.727,0.11,0.074,2.113,0.107,0.711,0.417,0.309,0.935,0.387,0.145,0.273,0.073,1.224
4.46,-0.483,27,Tcm,0.963,0.05,0.732,0.046,0.0,0.0,0.0,0.267,0.153,3.146,0.052,0.853,0.526,0.0,0.184,0.083,0.171,0.768,0.657,0.869,0.081,0.817,0.0,0.0,0.058
8.919,2.414,96,SELL+ Tpex,0.417,0.047,1.811,0.281,0.0,0.011,0.145,0.289,0.146,1.226,0.416,1.352,0.606,0.338,0.483,0.826,0.412,0.333,1.103,0.772,0.427,1.388,0.374,0.031,0.059
1.533,7.966,794,GNLY+ Temra,0.863,0.035,1.258,0.022,0.0,2.0,0.069,1.132,0.008,0.391,0.171,1.618,0.097,0.093,1.814,0.211,0.665,0.406,0.296,0.91,0.288,0.121,0.226,0.11,1.166
1.115,8.69,455,GNLY+ Temra,0.996,0.031,1.186,0.011,0.007,2.186,0.072,1.146,0.0,0.292,0.164,1.721,0.073,0.07,1.923,0.204,0.625,0.392,0.283,0.968,0.229,0.099,0.18,0.108,1.059
3.345,-0.483,72,Tcm,0.806,0.0,0.64,0.0,0.0,0.0,0.04,0.374,0.2,2.871,0.201,1.33,1.093,0.0,0.064,0.041,0.253,0.732,1.471,0.818,0.229,1.353,0.033,0.0,0.0
4.738,0.483,820,Tcm,0.866,0.021,0.679,0.066,0.004,0.019,0.013,0.415,0.078,3.161,0.283,1.065,0.496,0.019,0.239,0.056,0.331,0.685,0.628,0.77,0.217,1.125,0.024,0.076,0.042
2.369,5.069,673,CMC1+ Temra,0.817,0.032,1.066,0.05,0.003,0.855,0.02,0.69,0.043,0.959,0.198,1.273,0.108,0.062,1.075,0.135,0.428,0.353,0.406,0.557,0.306,0.414,0.202,0.104,0.773
8.222,1.69,157,GZMK+ Tem,0.981,0.024,1.473,0.254,0.008,0.011,0.019,0.145,0.073,1.777,0.27,1.349,0.219,0.3,0.503,0.711,0.477,0.475,0.956,0.833,0.495,0.947,0.448,0.07,0.28
4.041,-0.724,204,Tcm,1.0,0.006,0.94,0.0,0.0,0.005,0.0,0.584,0.127,3.301,0.136,0.956,0.992,0.009,0.148,0.041,0.221,0.9,1.787,0.832,0.236,1.039,0.03,0.0,0.024
5.156,0.241,489,Tcm,0.544,0.035,0.837,0.156,0.002,0.043,0.019,0.496,0.095,3.19,0.252,1.057,0.51,0.03,0.473,0.078,0.355,0.579,0.769,0.813,0.221,1.082,0.03,0.04,0.046
5.853,3.862,1092,ITGAE+ Trm,0.766,0.078,2.816,0.205,0.03,0.302,0.015,1.167,0.163,2.208,0.344,0.756,0.084,0.134,0.474,1.264,0.613,0.149,0.175,0.392,0.19,0.305,0.121,0.499,0.265
7.107,0.724,15,GZMK+ Tem,1.0,0.0,0.545,0.111,0.0,0.0,0.0,0.186,0.344,3.005,0.352,1.093,0.74,0.095,0.476,0.0,0.429,0.727,1.367,0.687,0.286,1.383,0.092,0.0,0.085
8.78,2.655,298,ITGB2+ Trm,0.493,0.073,2.51,0.488,0.014,0.047,0.051,0.407,0.152,1.298,0.398,1.039,0.155,0.375,0.589,1.356,0.495,0.132,0.504,0.664,0.44,0.606,0.532,0.252,0.178
4.878,-0.241,131,Tcm,0.534,0.019,0.855,0.251,0.013,0.111,0.019,0.568,0.127,3.274,0.247,0.953,0.352,0.018,0.563,0.022,0.275,0.674,0.531,0.736,0.17,0.869,0.033,0.049,0.09
1.254,5.069,887,CMC1+ Temra,0.955,0.033,1.12,0.027,0.009,1.252,0.031,0.806,0.05,0.998,0.112,1.827,0.154,0.045,1.448,0.114,0.509,0.249,0.366,0.587,0.313,0.319,0.263,0.052,1.087
8.222,4.103,810,ITGB2+ Trm,0.662,0.103,2.095,0.302,0.029,0.507,0.04,0.686,0.112,0.408,0.28,0.712,0.059,0.29,0.71,1.339,0.641,0.085,0.2,0.553,0.28,0.22,0.329,0.304,0.521
4.599,-0.241,139,Tcm,0.885,0.028,0.534,0.09,0.014,0.011,0.0,0.336,0.09,3.353,0.284,1.024,0.432,0.0,0.229,0.045,0.333,0.672,0.683,0.79,0.142,1.12,0.033,0.0,0.021
4.46,0.483,683,Tcm,0.931,0.023,0.688,0.027,0.004,0.009,0.015,0.392,0.1,3.053,0.259,1.122,0.557,0.015,0.175,0.063,0.29,0.649,0.811,0.763,0.165,1.102,0.038,0.037,0.014
2.648,8.448,421,GNLY+ Temra,0.762,0.064,1.305,0.023,0.008,2.296,0.088,0.995,0.02,0.681,0.187,1.152,0.036,0.108,1.769,0.416,0.762,0.421,0.232,0.958,0.292,0.079,0.218,0.123,1.202
-0.139,6.517,696,CMC1+ Temra,0.73,0.012,0.611,0.028,0.013,2.224,0.084,0.887,0.002,0.411,0.2,1.705,0.062,0.07,2.337,0.054,0.676,0.327,0.255,0.809,0.332,0.149,0.289,0.05,1.317
5.296,5.31,1013,ITGAE+ Trm,0.87,0.086,2.1,0.408,0.042,0.876,0.036,1.095,0.134,2.016,0.57,0.422,0.087,0.221,0.714,1.349,0.785,0.146,0.086,0.531,0.148,0.201,0.149,0.625,0.478
3.902,-0.483,711,Tcm,1.0,0.01,0.744,0.001,0.014,0.005,0.004,0.515,0.126,3.073,0.141,1.117,0.96,0.008,0.114,0.042,0.246,0.796,1.597,0.896,0.184,1.029,0.014,0.005,0.009
5.993,0.241,132,MAIT,0.735,0.032,1.896,0.349,0.034,0.194,0.039,1.095,0.091,2.918,0.281,0.927,0.268,0.104,0.83,0.607,0.387,0.427,0.357,0.645,0.201,0.568,0.076,0.094,0.118
3.066,0.0,178,Tcm,0.781,0.035,0.949,0.0,0.014,0.006,0.012,0.352,0.153,2.489,0.173,1.159,0.924,0.009,0.072,0.102,0.222,0.642,1.584,0.751,0.17,1.211,0.013,0.005,0.005
4.878,0.241,812,Tcm,0.861,0.033,0.678,0.083,0.003,0.023,0.018,0.396,0.078,3.234,0.304,0.977,0.443,0.029,0.267,0.067,0.338,0.713,0.633,0.809,0.198,1.196,0.025,0.053,0.051
9.058,3.138,557,ITGB2+ Trm,0.824,0.054,2.974,0.347,0.0,0.076,0.041,0.635,0.275,0.514,0.275,1.084,0.094,0.352,0.536,1.395,0.424,0.08,0.245,0.409,0.306,0.358,0.447,0.341,0.24
3.205,0.241,307,Tcm,0.912,0.006,0.875,0.008,0.014,0.005,0.028,0.337,0.122,2.56,0.231,1.163,0.891,0.024,0.075,0.098,0.249,0.846,1.616,0.734,0.203,1.188,0.024,0.002,0.022
10.452,7.966,93,GZMK+ Tex,0.613,0.019,0.772,0.2,0.385,0.681,0.402,0.756,0.471,0.174,0.463,0.318,0.171,0.546,1.17,1.164,0.403,0.1,0.374,0.35,0.288,0.148,0.711,1.371,0.273
3.763,0.241,1395,Tcm,0.992,0.011,0.768,0.012,0.013,0.016,0.013,0.384,0.141,2.707,0.158,1.268,0.784,0.017,0.119,0.086,0.228,0.73,1.302,0.818,0.148,1.011,0.04,0.004,0.017
8.64,1.931,27,GZMK+ Tem,0.704,0.113,2.153,0.108,0.06,0.0,0.047,0.046,0.126,1.543,0.323,2.111,0.405,0.319,0.405,1.142,0.514,0.379,0.948,0.628,0.643,1.372,0.395,0.0,0.423
1.672,5.31,854,CMC1+ Temra,0.957,0.031,1.114,0.032,0.01,1.199,0.037,0.787,0.023,0.683,0.166,1.711,0.1,0.051,1.454,0.148,0.546,0.285,0.325,0.56,0.288,0.336,0.34,0.079,1.009
1.812,4.586,595,CMC1+ Temra,0.864,0.018,1.22,0.046,0.013,0.973,0.02,0.699,0.045,1.645,0.165,1.689,0.307,0.057,1.176,0.148,0.479,0.302,0.539,0.647,0.264,0.536,0.229,0.067,0.784
3.066,3.379,981,Early Tcm/Tem,0.952,0.029,1.07,0.046,0.02,0.387,0.027,1.234,0.033,2.671,0.166,1.201,0.445,0.038,0.739,0.222,0.364,0.535,0.654,0.921,0.273,0.539,0.103,0.517,0.083
-0.697,6.035,409,CMC1+ Temra,0.68,0.019,0.793,0.021,0.004,2.554,0.14,0.991,0.0,0.329,0.188,1.687,0.073,0.061,2.524,0.046,0.799,0.348,0.39,0.935,0.41,0.157,0.308,0.072,1.284
1.394,4.828,796,CMC1+ Temra,0.943,0.044,1.198,0.046,0.018,1.112,0.051,0.843,0.046,1.374,0.162,1.753,0.256,0.04,1.308,0.085,0.491,0.262,0.426,0.516,0.254,0.423,0.253,0.052,0.943
3.902,7.241,244,GNLY+ Temra,0.791,0.062,1.54,0.052,0.022,0.936,0.045,0.804,0.024,0.85,0.226,0.859,0.067,0.146,0.819,0.536,0.677,0.402,0.279,0.751,0.096,0.173,0.169,0.212,0.798
0.279,8.69,700,GNLY+ Temra,1.0,0.016,0.821,0.006,0.005,2.286,0.029,1.033,0.004,0.285,0.131,1.639,0.096,0.045,2.109,0.078,0.635,0.426,0.201,0.97,0.309,0.087,0.218,0.101,1.029
2.648,3.621,513,Early Tcm/Tem,0.881,0.033,1.174,0.037,0.02,0.518,0.033,1.137,0.046,2.528,0.155,1.465,0.66,0.018,0.751,0.239,0.417,0.539,0.847,0.79,0.229,0.825,0.122,0.436,0.216
1.115,6.759,1136,CMC1+ Temra,0.894,0.019,0.874,0.013,0.006,2.124,0.108,0.929,0.007,0.217,0.152,1.869,0.048,0.054,2.101,0.14,0.681,0.208,0.156,0.624,0.306,0.127,0.382,0.047,1.385
0.976,6.035,1299,CMC1+ Temra,0.957,0.028,0.846,0.013,0.005,1.783,0.087,0.878,0.01,0.229,0.144,1.914,0.036,0.041,1.953,0.113,0.683,0.217,0.227,0.6,0.354,0.157,0.415,0.044,1.44
3.763,-0.241,1185,Tcm,0.99,0.012,0.669,0.004,0.014,0.01,0.011,0.408,0.157,2.896,0.167,1.189,0.86,0.009,0.135,0.043,0.204,0.844,1.578,0.856,0.149,1.084,0.012,0.002,0.007
4.46,0.0,518,Tcm,0.95,0.033,0.559,0.045,0.004,0.012,0.006,0.33,0.127,3.186,0.224,0.974,0.572,0.018,0.143,0.031,0.308,0.825,0.853,0.727,0.158,1.183,0.013,0.023,0.021
4.878,-0.724,90,MAIT,0.978,0.038,0.841,0.399,0.008,0.042,0.0,0.811,0.085,2.926,0.184,1.346,0.281,0.056,1.101,0.042,0.322,0.548,0.552,0.83,0.113,0.761,0.035,0.027,0.07
1.254,6.035,1147,CMC1+ Temra,0.967,0.031,0.904,0.022,0.007,1.677,0.072,0.875,0.014,0.251,0.117,1.781,0.038,0.038,1.869,0.131,0.6,0.241,0.211,0.644,0.356,0.199,0.384,0.048,1.408
1.951,4.828,651,CMC1+ Temra,0.842,0.04,1.142,0.044,0.009,0.957,0.034,0.661,0.03,1.283,0.194,1.488,0.219,0.062,1.221,0.168,0.5,0.319,0.388,0.594,0.329,0.477,0.177,0.088,0.774
2.09,7.483,900,CMC1+ Temra,0.544,0.028,1.386,0.011,0.006,2.021,0.11,1.1,0.004,0.318,0.185,1.728,0.06,0.081,1.868,0.241,0.671,0.25,0.233,0.733,0.297,0.105,0.303,0.078,1.295
-1.812,1.207,262,Tn,1.0,0.041,0.694,0.0,0.008,0.041,0.014,0.325,0.073,2.499,0.103,1.56,1.941,0.009,0.108,0.019,0.192,0.727,2.037,0.782,0.183,2.008,0.025,0.0,0.008
7.944,6.035,631,CREM+ Trm,0.304,0.06,1.446,0.592,0.157,1.49,0.337,0.794,0.09,0.459,0.533,0.431,0.096,0.498,1.215,1.405,0.791,0.129,0.382,0.829,0.25,0.188,0.361,0.197,0.504
6.55,4.103,664,ITGB2+ Trm,0.352,0.059,1.803,0.149,0.009,0.34,0.02,0.727,0.134,1.447,0.258,1.171,0.167,0.167,0.582,0.903,0.602,0.299,0.355,0.574,0.228,0.424,0.123,0.321,0.441
5.993,-0.724,360,MAIT,0.997,0.07,2.206,0.337,0.021,0.16,0.007,1.229,0.046,2.858,0.228,1.048,0.085,0.111,1.151,0.38,0.463,0.318,0.24,0.672,0.144,0.497,0.075,0.033,0.168
-1.115,4.345,544,ILTCK,1.0,0.057,1.185,0.011,0.021,2.069,0.284,1.244,0.049,1.722,0.243,2.086,1.154,0.017,2.376,0.115,0.722,0.596,1.587,1.105,0.314,1.469,0.291,0.287,0.808
9.616,5.069,454,GZMK+ Tex,0.795,0.029,1.805,0.513,0.126,0.477,0.587,0.689,0.247,0.225,0.437,0.3,0.085,0.583,1.021,1.838,0.627,0.029,0.176,0.429,0.399,0.132,0.763,0.282,0.132
1.812,7.0,1106,CMC1+ Temra,0.839,0.038,1.167,0.018,0.009,2.03,0.134,0.935,0.01,0.211,0.16,1.85,0.055,0.079,1.91,0.208,0.65,0.251,0.17,0.607,0.31,0.119,0.372,0.057,1.338
9.337,4.586,304,ITGB2+ Trm,0.48,0.051,2.105,0.426,0.09,0.413,0.351,0.77,0.235,0.257,0.466,0.348,0.141,0.57,0.8,1.611,0.472,0.083,0.25,0.514,0.335,0.217,0.642,0.318,0.219
5.156,7.0,469,ITGAE+ Trm,0.68,0.067,2.307,0.715,0.198,1.267,0.075,1.159,0.152,1.459,0.923,0.227,0.074,0.163,1.145,1.38,0.817,0.076,0.132,0.716,0.204,0.186,0.291,0.997,0.463
3.345,2.414,664,ITGAE+ Trm,0.633,0.061,1.537,0.007,0.009,0.042,0.022,0.619,0.259,2.528,0.16,1.636,0.641,0.061,0.14,0.591,0.479,0.775,1.058,0.515,0.095,0.723,0.032,0.056,0.029
7.386,4.586,992,CREM+ Trm,0.51,0.119,1.522,0.224,0.032,0.488,0.019,0.637,0.08,0.652,0.247,0.822,0.057,0.246,0.714,1.207,0.752,0.179,0.233,0.622,0.224,0.333,0.299,0.252,0.627
-0.836,3.862,231,ILTCK,1.0,0.07,0.916,0.002,0.011,2.058,0.211,0.971,0.086,2.04,0.296,1.655,1.141,0.005,1.768,0.116,0.65,0.702,1.449,1.06,0.153,1.406,0.152,0.129,0.673
6.411,5.793,740,CREM+ Trm,0.63,0.097,1.281,0.488,0.105,1.161,0.069,0.781,0.102,0.827,0.48,0.341,0.044,0.298,0.799,1.125,0.817,0.213,0.112,0.726,0.091,0.266,0.142,0.409,0.762
9.616,3.138,79,SELL+ Tpex,0.962,0.038,1.111,0.084,0.029,0.033,0.395,0.053,0.21,0.642,0.466,1.916,1.095,0.026,0.24,0.228,0.336,0.62,1.772,0.912,0.79,2.181,0.426,0.042,0.058
7.804,4.345,916,ITGB2+ Trm,0.497,0.104,1.783,0.25,0.024,0.495,0.03,0.725,0.099,0.567,0.265,0.836,0.069,0.293,0.706,1.295,0.776,0.144,0.234,0.527,0.252,0.287,0.324,0.232,0.582
7.526,4.345,888,ITGB2+ Trm,0.436,0.094,1.694,0.194,0.031,0.463,0.02,0.627,0.098,0.748,0.29,0.901,0.084,0.274,0.609,1.183,0.707,0.168,0.327,0.574,0.22,0.301,0.303,0.238,0.555
0.697,3.621,77,ILTCK,1.0,0.073,0.974,0.036,0.026,0.502,0.024,0.743,0.126,2.363,0.159,1.736,1.513,0.011,0.973,0.055,0.345,0.61,1.611,0.978,0.269,1.551,0.143,0.106,0.596
7.944,4.103,949,ITGB2+ Trm,0.58,0.089,1.967,0.225,0.021,0.383,0.031,0.63,0.103,0.605,0.286,0.836,0.087,0.289,0.662,1.273,0.719,0.134,0.258,0.563,0.249,0.294,0.331,0.275,0.545
11.01,8.931,378,Cycling T,1.0,0.019,0.589,0.104,0.146,1.045,0.216,0.559,0.14,0.196,0.588,0.687,0.162,0.209,1.2,0.438,0.56,0.23,0.795,0.65,0.237,0.17,0.277,0.106,0.429
6.829,6.035,601,CREM+ Trm,0.493,0.092,1.238,0.591,0.166,1.459,0.132,0.795,0.129,0.739,0.56,0.346,0.09,0.559,0.896,1.22,0.849,0.124,0.226,0.794,0.144,0.198,0.202,0.278,0.642
11.01,5.069,32,SELL+ Tpex,1.0,0.0,0.861,0.106,0.0,0.028,0.679,0.0,0.363,0.204,0.835,1.422,1.173,0.018,0.622,0.195,0.387,0.566,1.58,0.98,0.351,1.143,0.124,0.0,0.038
-0.836,1.931,10,MACF1+ T,0.9,0.0,1.712,0.0,0.0,0.0,0.19,0.297,0.0,1.812,0.0,0.694,1.529,0.0,0.0,0.0,0.243,0.674,2.208,1.24,0.299,1.589,0.0,0.0,0.0
5.714,5.552,981,ITGAE+ Trm,0.779,0.074,2.383,0.483,0.062,0.898,0.045,1.213,0.105,1.538,0.67,0.345,0.043,0.244,0.798,1.56,0.8,0.137,0.066,0.564,0.181,0.143,0.187,0.864,0.564
0.418,4.103,253,ILTCK,0.992,0.044,1.115,0.022,0.024,1.467,0.067,0.897,0.094,1.927,0.194,2.029,1.066,0.024,1.592,0.166,0.571,0.728,1.469,0.862,0.271,1.406,0.227,0.243,0.737
0.697,4.103,192,ILTCK,0.927,0.053,1.169,0.024,0.017,1.339,0.041,0.813,0.062,1.807,0.201,1.769,1.033,0.008,1.537,0.184,0.597,0.555,1.203,0.905,0.245,1.24,0.221,0.163,0.744
-2.23,0.0,572,Tn,1.0,0.008,0.439,0.002,0.01,0.006,0.014,0.452,0.07,2.298,0.192,1.672,1.953,0.0,0.113,0.014,0.203,0.503,1.923,0.795,0.132,2.135,0.05,0.0,0.009
8.919,3.862,568,ITGB2+ Trm,0.842,0.053,2.634,0.4,0.015,0.402,0.064,0.701,0.21,0.24,0.395,0.497,0.072,0.394,0.707,1.496,0.573,0.052,0.138,0.498,0.301,0.182,0.387,0.495,0.253
10.87,4.345,128,SELL+ Tpex,1.0,0.0,1.012,0.197,0.045,0.018,0.93,0.011,0.276,0.235,0.723,1.721,1.238,0.043,0.578,0.176,0.356,0.767,1.623,1.083,0.673,1.729,0.239,0.0,0.071
5.853,-0.483,229,MAIT,0.996,0.039,1.966,0.434,0.029,0.187,0.007,0.96,0.016,2.96,0.313,1.057,0.209,0.076,0.966,0.501,0.485,0.364,0.315,0.788,0.142,0.472,0.088,0.099,0.107
10.173,4.103,194,SELL+ Tpex,0.99,0.043,1.328,0.218,0.052,0.011,0.793,0.08,0.275,0.355,0.708,1.238,0.844,0.029,0.469,0.462,0.608,0.377,1.162,0.827,0.409,1.492,0.293,0.0,0.047
-0.557,4.828,163,ILTCK,0.982,0.059,1.461,0.059,0.032,2.246,0.242,1.471,0.016,1.748,0.34,1.861,0.36,0.052,2.428,0.148,0.615,0.5,1.077,1.112,0.377,0.812,0.3,0.332,0.776
7.665,5.069,738,CREM+ Trm,0.522,0.084,1.565,0.354,0.062,0.953,0.075,0.68,0.065,0.383,0.42,0.526,0.064,0.393,0.903,1.327,0.776,0.156,0.219,0.805,0.229,0.2,0.31,0.191,0.53
1.254,8.448,721,GNLY+ Temra,0.976,0.028,1.189,0.012,0.002,2.125,0.055,1.122,0.008,0.347,0.21,1.686,0.075,0.077,1.796,0.207,0.653,0.376,0.239,0.878,0.274,0.091,0.202,0.075,1.09
6.829,-1.69,11,MAIT,1.0,0.233,2.276,0.188,0.0,0.0,0.119,1.49,0.0,3.334,0.2,1.342,0.0,0.0,1.812,0.274,0.909,0.858,0.0,0.5,0.229,0.957,0.092,0.0,0.0
6.132,5.793,735,CREM+ Trm,0.426,0.084,1.594,0.533,0.079,1.139,0.064,0.927,0.097,1.088,0.518,0.362,0.043,0.334,0.865,1.202,0.815,0.224,0.119,0.633,0.116,0.194,0.192,0.464,0.697
-0.279,3.862,249,ILTCK,0.996,0.051,0.962,0.0,0.0,1.376,0.096,0.936,0.055,2.086,0.239,2.06,1.285,0.015,1.538,0.098,0.577,0.555,1.872,0.901,0.235,1.615,0.142,0.21,0.613
-1.812,4.586,114,ILTCK,1.0,0.039,0.956,0.018,0.007,2.563,0.456,1.399,0.055,1.708,0.303,2.248,1.396,0.0,3.022,0.036,0.801,0.619,1.681,1.4,0.444,1.608,0.514,0.249,1.2
10.731,9.414,562,Cycling T,1.0,0.067,1.095,0.197,0.24,1.23,0.296,0.7,0.54,0.231,0.663,0.329,0.146,0.353,0.747,0.986,0.574,0.108,0.278,0.449,0.118,0.084,0.352,0.433,0.306
5.714,3.621,1122,ITGAE+ Trm,0.783,0.037,2.765,0.191,0.012,0.232,0.013,1.202,0.156,2.335,0.294,0.784,0.137,0.147,0.396,1.179,0.529,0.173,0.166,0.364,0.158,0.358,0.109,0.388,0.181
11.01,4.586,26,SELL+ Tpex,1.0,0.0,0.834,0.141,0.022,0.0,0.684,0.0,0.355,0.305,0.598,1.378,1.257,0.027,0.527,0.115,0.531,0.793,1.623,1.26,0.54,1.698,0.055,0.0,0.031
11.846,8.931,11,Cycling T,1.0,0.0,0.741,0.422,0.112,0.385,0.556,0.428,0.34,0.062,1.06,1.518,0.933,0.048,0.846,0.349,0.466,0.993,1.506,1.099,0.546,0.916,0.343,0.081,0.204
8.919,3.379,658,ITGB2+ Trm,0.883,0.069,2.935,0.295,0.012,0.201,0.019,0.726,0.221,0.435,0.293,0.946,0.055,0.324,0.532,1.44,0.485,0.063,0.175,0.432,0.27,0.234,0.352,0.417,0.309
10.313,4.345,215,SELL+ Tpex,0.986,0.021,1.255,0.253,0.069,0.097,0.871,0.058,0.177,0.314,0.835,1.229,0.809,0.085,0.601,0.548,0.518,0.487,1.248,0.963,0.454,1.17,0.331,0.008,0.133
7.247,5.793,694,CREM+ Trm,0.633,0.068,1.198,0.563,0.132,1.258,0.113,0.68,0.071,0.525,0.48,0.369,0.061,0.456,1.033,1.198,0.867,0.158,0.219,0.872,0.176,0.169,0.256,0.203,0.603
0.139,3.621,46,ILTCK,1.0,0.039,0.86,0.0,0.0,0.76,0.0,0.391,0.111,2.104,0.212,2.119,1.386,0.0,1.066,0.029,0.345,0.478,1.781,0.796,0.236,1.618,0.202,0.341,0.224
5.435,6.035,1112,ITGAE+ Trm,0.873,0.073,2.264,0.54,0.093,1.322,0.052,1.248,0.091,1.632,0.805,0.248,0.045,0.264,0.881,1.648,0.925,0.074,0.047,0.581,0.169,0.126,0.15,0.86,0.527
10.87,4.828,75,SELL+ Tpex,0.987,0.0,1.002,0.286,0.018,0.021,0.645,0.009,0.381,0.245,0.786,1.17,0.993,0.025,0.817,0.304,0.417,0.672,1.395,1.059,0.454,1.032,0.264,0.0,0.095
5.017,6.276,769,ITGAE+ Trm,0.8,0.066,2.041,0.566,0.064,1.46,0.048,1.253,0.11,1.674,0.855,0.314,0.057,0.287,1.062,1.465,0.924,0.079,0.072,0.67,0.173,0.152,0.17,1.001,0.468
-0.836,-1.931,169,Tn,1.0,0.0,0.451,0.0,0.0,0.022,0.006,0.442,0.04,2.536,0.143,1.525,1.632,0.0,0.062,0.007,0.189,0.524,1.692,0.624,0.083,1.709,0.017,0.0,0.006
5.574,3.379,1056,ITGAE+ Trm,0.759,0.051,2.607,0.21,0.013,0.148,0.013,1.096,0.141,2.592,0.287,0.827,0.169,0.11,0.399,1.05,0.561,0.184,0.198,0.404,0.184,0.379,0.068,0.214,0.147
1.115,3.862,255,ILTCK,0.89,0.043,1.005,0.018,0.008,1.045,0.038,0.791,0.078,2.036,0.233,1.78,1.023,0.049,1.118,0.064,0.423,0.522,1.312,0.86,0.245,1.327,0.194,0.138,0.577
5.435,-0.724,304,MAIT,0.993,0.054,1.454,0.429,0.014,0.11,0.013,0.985,0.047,3.055,0.284,1.141,0.339,0.066,1.049,0.17,0.319,0.408,0.438,0.705,0.196,0.749,0.085,0.078,0.109
8.362,3.379,833,ITGB2+ Trm,0.729,0.073,2.467,0.266,0.008,0.216,0.035,0.689,0.164,0.865,0.273,1.097,0.065,0.239,0.576,1.279,0.542,0.142,0.273,0.493,0.301,0.311,0.373,0.283,0.385
-0.418,-2.172,18,Tn,1.0,0.0,0.54,0.0,0.0,0.0,0.0,0.38,0.076,2.468,0.209,1.16,1.59,0.0,0.069,0.0,0.292,0.387,1.527,0.436,0.11,1.572,0.0,0.0,0.0
-1.812,4.103,152,ILTCK,1.0,0.03,0.69,0.0,0.015,2.657,0.308,1.316,0.019,1.942,0.319,1.909,1.33,0.0,2.826,0.02,0.698,0.596,1.8,1.395,0.276,1.397,0.225,0.057,0.833
1.951,1.448,606,Tn,0.838,0.045,1.679,0.015,0.009,0.024,0.046,0.376,0.453,1.557,0.168,1.137,0.775,0.009,0.093,0.278,0.292,0.436,0.71,0.4,0.045,0.697,0.031,0.046,0.012
7.247,4.828,871,CREM+ Trm,0.643,0.092,1.405,0.233,0.034,0.574,0.03,0.574,0.096,0.738,0.336,0.739,0.045,0.281,0.723,1.217,0.808,0.178,0.198,0.665,0.176,0.311,0.244,0.257,0.664
2.509,1.931,297,Tn,0.539,0.039,1.382,0.019,0.023,0.015,0.02,0.337,0.41,2.157,0.179,1.016,0.603,0.019,0.081,0.333,0.278,0.754,1.148,0.421,0.07,0.734,0.057,0.031,0.025
10.591,4.828,56,SELL+ Tpex,0.982,0.012,0.915,0.362,0.053,0.095,0.907,0.0,0.303,0.183,0.852,0.949,0.736,0.12,1.022,0.231,0.396,0.423,1.552,0.799,0.449,0.653,0.276,0.025,0.043
2.369,7.966,673,GNLY+ Temra,0.897,0.039,1.665,0.008,0.019,1.98,0.099,1.106,0.012,0.723,0.226,1.533,0.092,0.096,1.546,0.389,0.672,0.435,0.234,0.9,0.26,0.125,0.207,0.138,1.149
-1.394,5.31,171,ILTCK,1.0,0.097,1.09,0.015,0.012,3.124,0.576,1.698,0.0,0.361,0.279,1.959,0.081,0.04,3.153,0.131,1.078,0.366,0.496,1.354,0.453,0.155,0.482,0.137,1.566
0.279,6.276,1143,CMC1+ Temra,0.925,0.024,0.683,0.009,0.007,2.185,0.089,0.932,0.003,0.264,0.138,1.917,0.034,0.048,2.246,0.055,0.692,0.247,0.151,0.703,0.341,0.116,0.389,0.047,1.416
5.156,6.035,965,ITGAE+ Trm,0.867,0.065,2.046,0.589,0.069,1.449,0.06,1.201,0.088,1.818,0.798,0.262,0.035,0.306,1.015,1.509,0.925,0.073,0.059,0.639,0.135,0.153,0.161,0.867,0.455
9.616,3.621,98,SELL+ Tpex,0.939,0.025,1.422,0.175,0.025,0.032,0.501,0.137,0.26,0.737,0.592,1.268,1.025,0.146,0.343,0.473,0.538,0.407,1.292,0.747,0.502,1.396,0.281,0.028,0.028
9.198,2.897,180,ITGB2+ Trm,0.511,0.04,2.42,0.313,0.018,0.052,0.158,0.376,0.2,0.732,0.287,1.265,0.43,0.302,0.449,0.877,0.498,0.197,0.705,0.648,0.455,0.98,0.33,0.175,0.178
0.976,4.103,249,ILTCK,0.635,0.043,1.2,0.034,0.019,1.33,0.035,0.733,0.084,1.431,0.263,1.542,0.646,0.037,1.414,0.206,0.528,0.503,0.907,0.807,0.297,0.983,0.25,0.14,0.726
0.0,4.345,211,ILTCK,0.981,0.043,1.288,0.045,0.024,1.875,0.141,1.103,0.033,1.804,0.248,1.934,0.889,0.042,1.94,0.179,0.717,0.582,1.224,1.062,0.288,1.159,0.278,0.259,0.75
7.247,-1.448,2,MAIT,1.0,0.0,2.709,0.614,0.0,0.0,0.0,2.025,0.0,2.993,0.457,0.457,0.0,0.0,1.731,0.0,0.971,0.457,0.0,0.691,0.0,1.054,0.0,0.0,0.0
3.205,4.586,420,Early Tcm/Tem,0.429,0.052,1.121,0.084,0.02,0.644,0.03,0.808,0.047,1.577,0.174,1.308,0.284,0.046,0.796,0.201,0.471,0.379,0.48,0.59,0.208,0.51,0.193,0.236,0.482
2.927,-0.241,133,Tn,0.624,0.03,1.35,0.0,0.0,0.0,0.019,0.48,0.201,2.152,0.106,1.215,0.818,0.01,0.083,0.074,0.25,0.405,1.335,0.499,0.143,1.178,0.021,0.022,0.007
3.484,7.483,402,GNLY+ Temra,0.843,0.081,1.417,0.038,0.01,1.308,0.071,0.942,0.019,0.584,0.214,1.076,0.027,0.125,1.046,0.497,0.797,0.507,0.22,0.8,0.177,0.153,0.149,0.171,1.229
3.623,-0.483,235,Tcm,0.974,0.007,0.609,0.011,0.008,0.0,0.02,0.4,0.16,2.898,0.098,1.234,1.031,0.011,0.107,0.065,0.289,0.81,1.666,0.876,0.168,1.089,0.013,0.0,0.023
4.738,-1.448,89,MAIT,1.0,0.013,0.755,0.345,0.0,0.099,0.0,0.848,0.036,2.69,0.195,1.285,0.069,0.028,1.501,0.015,0.309,0.515,0.28,0.642,0.295,0.625,0.059,0.018,0.083
9.337,2.655,38,SELL+ Tpex,0.763,0.036,1.231,0.126,0.0,0.0,0.367,0.229,0.239,1.383,0.438,1.536,1.121,0.051,0.183,0.282,0.46,0.618,1.644,0.963,0.521,1.919,0.211,0.0,0.077
4.599,-2.172,110,MAIT,1.0,0.022,0.893,0.672,0.0,0.054,0.014,0.798,0.0,2.539,0.131,1.459,0.022,0.042,1.773,0.014,0.271,0.521,0.169,0.773,0.275,0.416,0.056,0.02,0.038
4.878,-2.655,157,MAIT,1.0,0.0,0.911,1.039,0.0,0.037,0.007,0.682,0.015,2.967,0.193,1.995,0.013,0.088,1.989,0.026,0.267,0.656,0.041,0.974,0.48,0.608,0.026,0.0,0.097
4.738,-1.931,260,MAIT,1.0,0.01,1.102,0.574,0.018,0.121,0.003,0.92,0.021,2.662,0.197,1.29,0.054,0.064,1.779,0.015,0.315,0.59,0.201,0.892,0.225,0.512,0.055,0.02,0.123
4.599,-1.207,16,MAIT,1.0,0.0,0.698,0.415,0.0,0.404,0.0,0.513,0.0,2.432,0.08,1.708,0.225,0.0,1.361,0.0,0.244,0.563,0.271,1.162,0.221,0.412,0.0,0.0,0.058
1.115,3.379,30,ILTCK,0.933,0.08,0.685,0.029,0.048,0.672,0.05,0.705,0.052,2.554,0.127,2.225,1.39,0.0,0.778,0.055,0.442,0.563,1.719,0.88,0.213,1.895,0.018,0.138,0.297
8.222,5.069,665,ITGB2+ Trm,0.29,0.043,1.713,0.399,0.083,0.97,0.139,0.66,0.068,0.276,0.47,0.573,0.067,0.441,1.062,1.361,0.748,0.122,0.266,0.851,0.299,0.141,0.451,0.137,0.448
4.878,-2.172,454,MAIT,1.0,0.03,1.163,0.658,0.002,0.103,0.004,1.044,0.02,2.855,0.198,1.294,0.029,0.063,1.847,0.03,0.301,0.512,0.135,0.81,0.228,0.531,0.081,0.003,0.076
4.738,-0.483,50,MAIT,0.66,0.0,1.155,0.227,0.037,0.036,0.0,0.953,0.099,2.796,0.251,1.368,0.464,0.085,0.891,0.017,0.284,0.578,0.874,0.871,0.158,0.982,0.0,0.0,0.078
-0.418,3.621,21,ILTCK,0.952,0.0,0.831,0.0,0.0,1.577,0.38,0.89,0.314,2.341,0.158,1.837,1.363,0.0,1.569,0.186,0.551,0.463,1.506,0.736,0.0,1.483,0.038,0.142,0.738
3.484,-0.241,292,Tcm,0.942,0.01,0.703,0.018,0.003,0.013,0.011,0.416,0.167,2.908,0.135,1.115,0.894,0.008,0.123,0.037,0.263,0.794,1.61,0.821,0.153,1.161,0.014,0.0,0.022
4.181,0.0,500,Tcm,0.954,0.031,0.619,0.019,0.004,0.012,0.011,0.378,0.135,3.051,0.21,1.231,0.695,0.026,0.125,0.056,0.258,0.717,1.039,0.771,0.176,1.151,0.015,0.005,0.012
5.017,-1.448,435,MAIT,0.998,0.029,1.227,0.371,0.006,0.111,0.022,1.044,0.048,2.858,0.214,1.129,0.113,0.058,1.25,0.055,0.371,0.476,0.242,0.77,0.213,0.6,0.057,0.016,0.096
4.32,-0.241,197,Tcm,0.97,0.029,0.623,0.0,0.006,0.02,0.0,0.338,0.121,3.228,0.21,1.139,0.666,0.013,0.216,0.019,0.275,0.729,0.901,0.743,0.171,1.221,0.0,0.004,0.006
5.853,0.0,134,MAIT,0.828,0.021,1.881,0.333,0.038,0.159,0.01,0.816,0.061,3.015,0.383,1.01,0.252,0.11,0.682,0.604,0.482,0.352,0.423,0.772,0.222,0.563,0.088,0.087,0.179
5.017,-0.966,236,MAIT,0.996,0.032,1.088,0.488,0.0,0.105,0.0,0.942,0.034,2.906,0.253,1.09,0.212,0.073,1.129,0.1,0.28,0.439,0.336,0.806,0.236,0.608,0.073,0.028,0.056
2.927,-0.724,109,Tn,0.963,0.019,2.016,0.0,0.0,0.0,0.032,0.596,0.192,1.366,0.13,1.64,0.843,0.0,0.064,0.157,0.122,0.283,1.122,0.55,0.092,1.343,0.019,0.012,0.023
9.058,6.035,501,GZMK+ Tex,0.691,0.055,1.559,0.694,0.22,1.553,0.777,0.755,0.148,0.185,0.531,0.399,0.071,0.695,1.406,1.757,0.656,0.077,0.264,0.692,0.29,0.111,0.571,0.157,0.323
4.738,-0.966,41,MAIT,0.976,0.027,1.119,0.205,0.065,0.133,0.0,0.936,0.088,2.614,0.375,1.363,0.356,0.127,1.425,0.103,0.421,0.484,0.596,0.824,0.169,0.427,0.1,0.123,0.06
9.616,7.0,368,GZMK+ Tex,0.587,0.021,1.256,0.6,0.334,1.966,1.066,1.161,0.522,0.114,0.544,0.302,0.058,0.979,1.64,1.73,0.646,0.041,0.118,0.54,0.253,0.088,0.76,0.312,0.312
2.648,-0.241,410,Tn,0.924,0.027,1.842,0.0,0.003,0.0,0.029,0.545,0.275,1.818,0.198,1.581,0.811,0.005,0.065,0.153,0.195,0.339,1.208,0.488,0.107,1.269,0.016,0.0,0.0
3.484,-0.724,18,Tcm,0.944,0.0,0.644,0.0,0.0,0.0,0.0,0.167,0.085,3.06,0.284,1.309,1.01,0.0,0.147,0.0,0.0,0.484,1.564,0.73,0.412,1.238,0.133,0.0,0.0
6.689,0.483,65,MAIT,0.846,0.138,3.011,0.424,0.176,0.335,0.053,1.228,0.268,2.582,0.312,0.603,0.036,0.193,0.917,1.133,0.804,0.198,0.139,0.392,0.136,0.312,0.199,0.053,0.323
8.362,2.897,485,GZMK+ Tem,0.573,0.046,2.123,0.331,0.009,0.105,0.017,0.524,0.092,1.011,0.276,1.155,0.139,0.322,0.633,1.071,0.487,0.223,0.408,0.597,0.426,0.467,0.396,0.182,0.336
4.46,-1.448,5,MAIT,1.0,0.0,0.348,0.515,0.0,0.782,0.0,1.317,0.0,2.7,0.242,1.467,0.0,0.242,1.967,0.0,0.282,0.659,0.0,0.524,0.0,0.0,0.0,0.0,0.0
6.55,-2.172,49,MAIT,1.0,0.088,1.998,0.251,0.0,0.029,0.019,1.428,0.0,3.321,0.371,1.64,0.024,0.052,1.623,0.115,0.545,0.48,0.242,0.754,0.275,1.002,0.049,0.0,0.324
9.477,5.793,580,GZMK+ Tex,0.878,0.033,1.463,0.696,0.175,1.014,0.906,0.753,0.204,0.146,0.476,0.508,0.061,0.795,1.504,1.774,0.674,0.073,0.241,0.626,0.403,0.079,0.705,0.193,0.18
9.477,3.379,101,SELL+ Tpex,0.703,0.0,1.956,0.199,0.022,0.053,0.451,0.235,0.226,0.588,0.473,1.407,0.917,0.199,0.421,0.619,0.38,0.292,1.228,0.576,0.579,1.429,0.393,0.136,0.074
10.034,4.345,125,SELL+ Tpex,0.952,0.011,1.299,0.348,0.054,0.125,0.813,0.09,0.3,0.44,0.697,0.957,0.698,0.123,0.524,0.512,0.537,0.51,1.003,0.853,0.406,1.058,0.253,0.019,0.128
3.205,-0.241,132,Tcm,0.811,0.016,0.805,0.0,0.0,0.0,0.028,0.353,0.15,2.786,0.154,1.273,0.853,0.013,0.109,0.071,0.247,0.629,1.614,0.711,0.212,1.305,0.008,0.007,0.008
0.557,5.793,1328,CMC1+ Temra,0.974,0.015,0.729,0.008,0.01,1.899,0.06,0.872,0.007,0.206,0.141,1.948,0.039,0.036,2.077,0.067,0.629,0.21,0.222,0.593,0.323,0.125,0.431,0.032,1.48
2.23,5.31,774,CMC1+ Temra,0.884,0.029,1.069,0.054,0.005,1.035,0.022,0.681,0.022,0.753,0.147,1.34,0.099,0.058,1.207,0.171,0.528,0.354,0.297,0.597,0.299,0.365,0.252,0.101,0.837
1.394,5.793,1069,CMC1+ Temra,0.961,0.032,0.942,0.02,0.003,1.531,0.035,0.868,0.009,0.394,0.162,1.816,0.067,0.042,1.728,0.108,0.655,0.239,0.245,0.63,0.337,0.188,0.365,0.051,1.336
0.139,5.552,1073,CMC1+ Temra,0.962,0.03,0.678,0.018,0.003,1.974,0.068,0.884,0.002,0.296,0.143,1.877,0.043,0.042,2.135,0.07,0.676,0.201,0.241,0.643,0.334,0.165,0.408,0.058,1.414
1.812,5.069,756,CMC1+ Temra,0.911,0.027,1.103,0.052,0.008,1.088,0.021,0.77,0.03,0.914,0.139,1.474,0.155,0.075,1.243,0.129,0.481,0.29,0.365,0.599,0.264,0.41,0.246,0.077,0.887
8.501,1.69,20,GZMK+ Tem,0.85,0.0,1.692,0.091,0.0,0.0,0.0,0.282,0.0,2.241,0.557,1.729,0.194,0.125,0.562,0.77,0.261,0.398,1.522,0.615,0.441,1.281,0.281,0.0,0.367
3.066,5.31,640,CMC1+ Temra,0.73,0.026,1.112,0.057,0.007,0.769,0.023,0.677,0.016,0.678,0.174,1.257,0.103,0.109,1.053,0.217,0.541,0.334,0.309,0.572,0.349,0.387,0.275,0.11,0.785
0.836,4.345,235,CMC1+ Temra,0.621,0.023,1.211,0.027,0.021,1.396,0.074,0.83,0.078,1.549,0.284,1.543,0.488,0.032,1.439,0.12,0.454,0.428,0.63,0.837,0.282,0.701,0.22,0.065,0.96
2.09,5.069,656,CMC1+ Temra,0.869,0.05,1.073,0.046,0.01,1.033,0.017,0.759,0.033,0.992,0.185,1.428,0.134,0.07,1.219,0.12,0.486,0.33,0.4,0.605,0.31,0.329,0.257,0.108,0.801
2.509,6.276,777,CMC1+ Temra,0.862,0.036,1.256,0.044,0.006,1.266,0.035,0.817,0.002,0.309,0.184,1.716,0.069,0.094,1.478,0.241,0.603,0.352,0.234,0.67,0.289,0.237,0.256,0.116,0.982
1.115,7.241,915,CMC1+ Temra,0.662,0.022,0.92,0.012,0.01,2.133,0.082,0.95,0.006,0.299,0.16,1.745,0.06,0.089,2.038,0.156,0.667,0.288,0.215,0.698,0.326,0.107,0.312,0.064,1.237
2.23,0.966,595,Tn,0.84,0.051,1.846,0.002,0.011,0.014,0.02,0.436,0.39,1.764,0.137,1.434,0.896,0.024,0.086,0.26,0.233,0.34,1.004,0.419,0.071,1.026,0.029,0.031,0.025
5.156,5.069,922,ITGAE+ Trm,0.869,0.072,1.979,0.38,0.038,0.773,0.031,1.057,0.141,2.198,0.499,0.458,0.085,0.22,0.702,1.325,0.803,0.175,0.102,0.467,0.132,0.247,0.133,0.594,0.382
7.386,5.069,822,CREM+ Trm,0.641,0.081,1.356,0.342,0.059,0.791,0.051,0.618,0.078,0.586,0.357,0.604,0.058,0.32,0.869,1.202,0.788,0.181,0.202,0.733,0.173,0.229,0.281,0.252,0.632
2.509,1.448,347,Tn,0.784,0.03,1.77,0.0,0.011,0.013,0.045,0.48,0.437,1.988,0.149,1.554,0.788,0.025,0.106,0.262,0.272,0.447,0.933,0.368,0.043,0.863,0.024,0.022,0.025
3.623,8.207,69,MACF1+ T,0.754,0.106,1.45,0.161,0.044,1.066,0.15,0.727,0.0,0.98,0.102,1.026,0.131,0.095,1.907,0.251,0.752,0.351,0.789,1.143,0.512,0.198,0.398,0.093,1.264
3.623,5.793,432,CMC1+ Temra,0.59,0.055,1.503,0.092,0.01,0.805,0.024,0.825,0.025,0.556,0.164,1.393,0.071,0.093,1.022,0.434,0.668,0.307,0.338,0.518,0.243,0.353,0.247,0.158,0.855
2.509,0.483,467,Tn,0.827,0.038,1.787,0.0,0.004,0.0,0.015,0.576,0.307,2.073,0.168,1.598,0.958,0.013,0.071,0.26,0.18,0.428,1.207,0.461,0.106,1.066,0.031,0.016,0.02
3.484,7.966,151,GNLY+ Temra,0.735,0.047,1.322,0.081,0.034,1.43,0.075,0.768,0.024,0.715,0.164,0.695,0.099,0.059,1.251,0.265,0.561,0.454,0.228,0.737,0.181,0.139,0.116,0.131,1.162
7.107,7.0,668,ITGAE+ Tex,0.623,0.062,1.579,0.753,0.423,1.758,0.33,1.036,0.195,0.673,0.796,0.224,0.116,0.554,0.998,1.465,0.781,0.04,0.247,0.758,0.207,0.164,0.219,0.449,0.545
2.509,-0.483,593,Tn,0.987,0.019,1.823,0.0,0.008,0.0,0.016,0.517,0.213,1.697,0.159,1.583,0.943,0.008,0.042,0.157,0.19,0.358,1.343,0.446,0.098,1.291,0.008,0.003,0.003
3.763,7.483,231,GNLY+ Temra,0.81,0.087,1.461,0.022,0.006,1.107,0.006,0.764,0.02,0.712,0.178,0.702,0.042,0.076,0.827,0.374,0.615,0.489,0.28,0.633,0.159,0.139,0.197,0.214,0.77
2.369,0.724,523,Tn,0.857,0.025,1.825,0.002,0.01,0.012,0.024,0.483,0.402,1.934,0.16,1.701,0.918,0.021,0.054,0.242,0.189,0.391,1.115,0.438,0.11,1.12,0.018,0.016,0.005
2.09,7.966,703,GNLY+ Temra,0.878,0.045,1.522,0.012,0.01,2.005,0.067,1.112,0.019,0.553,0.189,1.56,0.106,0.089,1.54,0.325,0.682,0.427,0.325,0.856,0.267,0.112,0.21,0.116,1.103
4.32,-0.724,11,Tcm,1.0,0.0,0.821,0.0,0.0,0.0,0.0,0.811,0.0,2.955,0.2,1.367,0.825,0.0,0.11,0.0,0.0,0.895,1.074,0.457,0.0,0.951,0.0,0.0,0.0
9.198,4.828,424,GZMK+ Tex,0.403,0.046,1.994,0.525,0.116,0.545,0.325,0.744,0.144,0.271,0.438,0.426,0.14,0.586,0.946,1.762,0.589,0.068,0.283,0.569,0.354,0.227,0.647,0.272,0.166
4.599,-0.724,14,MAIT,0.714,0.0,1.2,0.317,0.069,0.0,0.0,0.475,0.074,3.036,0.215,1.192,0.522,0.095,0.459,0.069,0.263,0.395,0.592,0.988,0.143,0.962,0.0,0.0,0.0
9.477,4.345,239,ITGB2+ Trm,0.498,0.018,2.225,0.412,0.095,0.172,0.339,0.538,0.186,0.278,0.345,0.477,0.249,0.526,0.741,1.785,0.585,0.111,0.389,0.479,0.367,0.461,0.63,0.186,0.165
4.46,-1.931,19,MAIT,1.0,0.0,1.17,0.56,0.0,0.142,0.051,0.466,0.076,2.563,0.37,1.075,0.0,0.056,1.598,0.0,0.32,0.683,0.278,0.725,0.0,0.338,0.107,0.051,0.097
8.78,7.0,604,ITGAE+ Tex,0.816,0.07,1.554,0.686,0.452,2.539,0.947,1.209,0.467,0.098,0.818,0.3,0.026,0.778,1.664,2.143,0.679,0.023,0.083,0.693,0.246,0.043,0.487,0.22,0.449
8.083,8.207,563,ITGAE+ Tex,0.915,0.025,1.21,1.061,0.892,2.75,0.81,1.25,0.479,0.203,1.095,0.083,0.049,0.692,1.713,1.888,0.78,0.017,0.072,0.583,0.145,0.025,0.533,0.33,0.692
8.919,8.207,368,ITGAE+ Tex,0.723,0.025,1.286,0.641,0.525,2.544,0.709,1.213,0.773,0.172,0.699,0.191,0.051,0.735,1.572,1.702,0.531,0.058,0.146,0.519,0.153,0.052,0.472,0.417,0.394
9.616,8.448,183,Cycling T,0.891,0.006,1.134,0.466,0.288,1.867,0.704,1.035,0.566,0.209,0.515,0.452,0.118,0.557,1.306,1.464,0.451,0.059,0.223,0.541,0.168,0.096,0.464,0.359,0.341
5.435,10.862,710,ZNF683+ Teff,1.0,0.006,1.291,0.88,0.081,1.636,0.653,1.555,0.002,0.279,0.189,0.099,0.082,0.02,1.761,0.026,0.348,0.225,0.384,1.358,0.143,0.022,0.05,1.128,0.048
10.313,11.586,16,Cycling T,1.0,0.298,0.983,0.674,0.898,1.235,0.488,1.19,0.0,0.94,0.627,0.2,0.043,0.255,1.589,0.499,0.736,0.19,0.33,1.191,0.38,0.0,0.371,0.387,0.496
7.526,11.104,1,XBP1+ Tex,1.0,1.016,0.0,0.0,0.0,3.683,1.016,1.838,0.0,0.0,0.0,1.016,0.0,0.0,2.924,0.0,2.086,1.016,0.0,1.838,1.016,0.0,1.51,1.016,1.016
10.87,10.621,627,Cycling T,0.998,0.018,1.243,0.193,0.415,1.53,0.298,1.361,0.11,0.348,0.609,0.779,0.095,0.155,1.101,0.4,0.584,0.282,0.285,0.858,0.116,0.075,0.27,0.333,0.232
7.526,5.31,771,CREM+ Trm,0.62,0.075,1.352,0.492,0.068,1.1,0.087,0.634,0.092,0.434,0.46,0.533,0.053,0.416,1.037,1.233,0.768,0.137,0.203,0.752,0.188,0.198,0.289,0.157,0.571
7.247,11.104,1,XBP1+ Tex,1.0,0.0,0.924,0.0,0.0,2.578,0.0,2.785,0.0,0.0,0.0,2.152,0.0,0.0,2.455,0.0,1.958,1.397,0.0,0.924,0.0,0.0,0.924,0.0,0.924
5.714,11.345,551,ZNF683+ Teff,1.0,0.008,1.166,0.791,0.081,1.566,0.616,1.425,0.003,0.278,0.143,0.051,0.128,0.01,1.795,0.003,0.24,0.334,0.532,1.523,0.141,0.026,0.075,1.051,0.076
10.452,10.379,759,Cycling T,1.0,0.019,1.374,0.128,0.365,1.368,0.266,1.272,0.132,0.403,0.509,0.971,0.099,0.095,1.024,0.311,0.532,0.274,0.253,0.764,0.1,0.092,0.178,0.227,0.193
10.173,6.517,599,GZMK+ Tex,0.977,0.012,1.137,0.744,0.484,1.084,1.108,1.148,0.372,0.053,0.43,0.125,0.01,0.981,1.521,1.714,0.579,0.017,0.049,0.488,0.318,0.016,0.921,0.254,0.162
9.198,2.414,21,SELL+ Tpex,0.857,0.0,1.384,0.0,0.0,0.0,0.194,0.22,0.122,0.645,0.344,2.122,1.243,0.059,0.196,0.123,0.721,1.033,1.839,0.793,0.661,2.209,0.363,0.0,0.038
10.034,3.862,187,SELL+ Tpex,1.0,0.031,1.611,0.226,0.019,0.0,0.779,0.066,0.308,0.384,0.656,1.298,0.953,0.057,0.41,0.479,0.556,0.434,1.215,0.817,0.554,1.571,0.414,0.003,0.079
-0.418,6.035,660,CMC1+ Temra,0.806,0.032,0.629,0.011,0.006,2.391,0.07,0.938,0.01,0.337,0.175,1.74,0.069,0.048,2.447,0.058,0.733,0.331,0.345,0.845,0.303,0.133,0.352,0.076,1.27
3.066,-0.483,64,Tn,0.641,0.0,1.204,0.0,0.0,0.0,0.034,0.3,0.183,2.384,0.049,1.388,0.605,0.022,0.181,0.122,0.212,0.658,1.376,0.575,0.156,1.384,0.024,0.0,0.0
-1.951,7.724,58,GNLY+ Temra,1.0,0.0,0.265,0.0,0.0,2.856,0.052,0.748,0.0,0.569,0.126,1.642,0.137,0.039,2.709,0.0,0.628,0.905,0.245,1.094,0.552,0.029,0.112,0.144,1.225
9.337,3.621,170,ITGB2+ Trm,0.612,0.037,2.581,0.491,0.0,0.128,0.152,0.445,0.165,0.275,0.352,0.68,0.256,0.374,0.495,1.32,0.425,0.12,0.392,0.454,0.409,0.469,0.548,0.259,0.174
9.058,3.621,504,ITGB2+ Trm,0.835,0.043,2.728,0.368,0.014,0.291,0.033,0.68,0.246,0.301,0.295,0.647,0.09,0.363,0.627,1.483,0.509,0.052,0.177,0.498,0.286,0.269,0.425,0.423,0.279
9.198,3.862,285,ITGB2+ Trm,0.733,0.045,2.458,0.373,0.025,0.242,0.107,0.576,0.197,0.241,0.362,0.48,0.085,0.47,0.61,1.671,0.56,0.069,0.223,0.513,0.299,0.269,0.573,0.379,0.233
8.64,3.862,786,ITGB2+ Trm,0.832,0.069,2.558,0.332,0.016,0.415,0.051,0.698,0.175,0.321,0.346,0.626,0.053,0.332,0.715,1.508,0.566,0.053,0.171,0.503,0.293,0.179,0.392,0.489,0.373
5.714,6.035,1034,ITGAE+ Trm,0.813,0.077,2.366,0.588,0.093,1.275,0.039,1.219,0.088,1.424,0.765,0.245,0.041,0.285,0.867,1.628,0.899,0.062,0.046,0.593,0.142,0.119,0.168,0.868,0.617
9.058,4.103,387,ITGB2+ Trm,0.811,0.031,2.504,0.422,0.023,0.508,0.115,0.632,0.211,0.244,0.391,0.372,0.066,0.446,0.665,1.783,0.571,0.064,0.189,0.462,0.3,0.192,0.477,0.404,0.251
8.78,3.621,727,ITGB2+ Trm,0.889,0.054,2.788,0.28,0.005,0.362,0.037,0.837,0.173,0.335,0.289,0.709,0.048,0.322,0.609,1.445,0.546,0.078,0.154,0.404,0.263,0.191,0.375,0.408,0.322
9.058,2.655,119,ITGB2+ Trm,0.471,0.042,2.354,0.492,0.0,0.031,0.064,0.298,0.123,1.058,0.297,1.406,0.326,0.383,0.534,0.956,0.39,0.275,0.786,0.52,0.559,0.946,0.459,0.293,0.252
8.78,4.103,554,ITGB2+ Trm,0.792,0.045,2.474,0.456,0.013,0.582,0.09,0.778,0.142,0.272,0.396,0.493,0.039,0.384,0.789,1.527,0.615,0.053,0.117,0.542,0.292,0.159,0.41,0.424,0.255
7.944,3.621,856,ITGB2+ Trm,0.565,0.07,1.999,0.225,0.018,0.233,0.022,0.676,0.105,0.803,0.249,1.163,0.083,0.245,0.704,1.117,0.582,0.158,0.353,0.566,0.304,0.396,0.308,0.202,0.469
8.501,4.103,773,ITGB2+ Trm,0.722,0.05,2.347,0.383,0.033,0.565,0.055,0.678,0.121,0.326,0.356,0.598,0.049,0.325,0.811,1.48,0.619,0.083,0.172,0.595,0.327,0.171,0.41,0.407,0.391
9.337,4.103,245,ITGB2+ Trm,0.58,0.005,2.155,0.319,0.075,0.227,0.19,0.435,0.189,0.347,0.392,0.55,0.205,0.462,0.578,1.504,0.551,0.122,0.365,0.485,0.281,0.314,0.575,0.323,0.214
8.501,3.621,899,ITGB2+ Trm,0.814,0.067,2.491,0.254,0.01,0.285,0.016,0.803,0.176,0.529,0.308,0.936,0.054,0.254,0.577,1.413,0.599,0.102,0.202,0.418,0.27,0.268,0.361,0.352,0.393
8.64,4.345,610,ITGB2+ Trm,0.702,0.04,2.174,0.445,0.032,0.661,0.096,0.692,0.124,0.27,0.393,0.534,0.07,0.356,0.819,1.547,0.602,0.091,0.185,0.603,0.303,0.167,0.485,0.301,0.364
9.895,4.103,158,SELL+ Tpex,0.93,0.064,1.697,0.199,0.03,0.05,0.644,0.106,0.202,0.476,0.667,1.096,0.782,0.152,0.542,0.649,0.597,0.305,0.691,0.74,0.395,1.045,0.387,0.025,0.119
7.804,5.31,732,CREM+ Trm,0.477,0.072,1.547,0.496,0.062,1.272,0.148,0.68,0.087,0.375,0.347,0.452,0.057,0.413,1.093,1.323,0.805,0.084,0.212,0.801,0.235,0.135,0.363,0.147,0.502
5.435,6.517,945,ITGAE+ Trm,0.888,0.051,2.158,0.706,0.119,1.687,0.069,1.261,0.083,1.47,0.923,0.164,0.042,0.288,1.11,1.637,0.959,0.051,0.067,0.65,0.159,0.082,0.19,0.987,0.519
5.993,6.517,698,ITGAE+ Trm,0.688,0.086,2.1,0.831,0.242,1.634,0.134,1.22,0.057,1.165,0.884,0.192,0.047,0.431,0.892,1.676,0.888,0.057,0.102,0.706,0.145,0.076,0.217,0.764,0.732
5.435,7.0,418,ITGAE+ Trm,0.651,0.095,2.218,0.773,0.204,1.349,0.117,1.186,0.152,1.184,0.944,0.159,0.079,0.252,1.064,1.61,0.83,0.076,0.09,0.731,0.216,0.119,0.313,0.721,0.55
2.509,8.69,322,GNLY+ Temra,0.668,0.041,1.088,0.005,0.006,2.393,0.079,1.093,0.019,0.494,0.123,1.067,0.041,0.088,1.984,0.303,0.625,0.445,0.178,1.038,0.287,0.065,0.236,0.104,1.207
6.55,6.035,577,CREM+ Trm,0.447,0.046,1.397,0.621,0.121,1.296,0.099,0.891,0.086,0.796,0.606,0.276,0.081,0.428,0.892,1.278,0.867,0.129,0.136,0.799,0.134,0.151,0.181,0.332,0.643
3.066,8.69,191,MACF1+ T,0.911,0.057,1.215,0.038,0.028,1.71,0.16,0.889,0.007,0.603,0.046,1.273,0.101,0.107,2.663,0.257,0.637,0.353,0.379,1.272,0.582,0.156,0.484,0.01,2.244
7.107,5.552,770,CREM+ Trm,0.784,0.082,1.068,0.412,0.094,0.983,0.064,0.607,0.125,0.581,0.445,0.363,0.039,0.422,0.924,1.179,0.841,0.171,0.155,0.812,0.125,0.26,0.208,0.201,0.654
9.198,4.345,323,ITGB2+ Trm,0.703,0.05,2.427,0.477,0.076,0.419,0.184,0.659,0.288,0.232,0.453,0.461,0.088,0.552,0.777,1.779,0.502,0.077,0.218,0.594,0.33,0.269,0.654,0.389,0.189
3.902,7.724,208,GNLY+ Temra,0.558,0.023,1.341,0.112,0.008,0.94,0.051,0.722,0.009,1.002,0.117,0.834,0.135,0.093,1.12,0.278,0.553,0.38,0.467,0.997,0.302,0.175,0.194,0.178,0.883
7.665,4.586,796,CREM+ Trm,0.44,0.092,1.56,0.263,0.022,0.606,0.033,0.569,0.075,0.56,0.317,0.757,0.065,0.32,0.729,1.211,0.74,0.142,0.233,0.631,0.224,0.282,0.327,0.223,0.59
5.853,6.276,825,ITGAE+ Trm,0.776,0.077,2.187,0.775,0.162,1.506,0.088,1.289,0.086,1.316,0.831,0.183,0.031,0.372,0.893,1.704,0.888,0.065,0.065,0.661,0.143,0.107,0.202,0.844,0.751
6.968,0.0,19,MAIT,1.0,0.0,2.958,0.435,0.079,0.194,0.149,1.187,0.182,2.69,0.343,0.436,0.0,0.489,0.747,1.082,0.798,0.192,0.0,0.415,0.491,0.293,0.245,0.112,0.172
9.477,4.828,347,GZMK+ Tex,0.536,0.042,1.999,0.524,0.08,0.384,0.445,0.77,0.225,0.318,0.371,0.327,0.195,0.55,0.881,1.728,0.604,0.102,0.31,0.494,0.377,0.3,0.801,0.273,0.185
5.156,6.517,728,ITGAE+ Trm,0.834,0.043,2.142,0.677,0.084,1.44,0.068,1.224,0.096,1.511,0.851,0.159,0.038,0.235,1.11,1.462,0.881,0.061,0.037,0.715,0.16,0.152,0.192,1.0,0.417
6.271,6.035,591,ITGAE+ Trm,0.384,0.079,1.644,0.64,0.13,1.256,0.088,0.957,0.096,0.934,0.604,0.321,0.088,0.366,0.884,1.466,0.795,0.137,0.17,0.702,0.118,0.192,0.18,0.374,0.698
7.107,-0.724,22,MAIT,1.0,0.098,2.481,1.087,0.059,1.437,0.206,1.37,0.513,2.413,0.349,0.248,0.0,0.446,1.44,0.979,0.549,0.121,0.044,0.313,0.135,0.238,0.058,0.0,0.388
9.198,6.759,495,GZMK+ Tex,0.515,0.037,1.438,0.669,0.382,2.139,0.899,1.074,0.355,0.143,0.672,0.267,0.046,0.97,1.668,1.969,0.751,0.031,0.127,0.558,0.248,0.066,0.678,0.26,0.379
8.083,5.793,717,CREM+ Trm,0.335,0.067,1.531,0.57,0.117,1.506,0.268,0.734,0.067,0.28,0.533,0.502,0.069,0.513,1.296,1.443,0.764,0.103,0.299,0.917,0.275,0.133,0.365,0.108,0.465
8.919,2.897,407,ITGB2+ Trm,0.651,0.052,2.712,0.465,0.006,0.042,0.034,0.418,0.185,0.947,0.334,1.164,0.123,0.398,0.567,1.248,0.499,0.114,0.385,0.557,0.372,0.54,0.518,0.289,0.21
7.944,5.552,738,CREM+ Trm,0.377,0.065,1.618,0.501,0.072,1.414,0.189,0.733,0.071,0.281,0.449,0.583,0.07,0.511,1.141,1.413,0.763,0.114,0.271,0.911,0.221,0.146,0.37,0.135,0.482
8.78,4.586,463,ITGB2+ Trm,0.596,0.046,2.166,0.471,0.053,0.666,0.161,0.785,0.148,0.317,0.386,0.572,0.12,0.464,0.886,1.608,0.672,0.103,0.28,0.644,0.382,0.237,0.563,0.276,0.311
7.665,5.552,716,CREM+ Trm,0.517,0.068,1.426,0.557,0.098,1.419,0.147,0.713,0.069,0.381,0.48,0.438,0.052,0.469,1.113,1.351,0.87,0.122,0.262,0.861,0.228,0.176,0.289,0.221,0.51
6.55,7.0,790,ITGAE+ Tex,0.594,0.068,1.732,0.925,0.428,1.761,0.233,1.308,0.08,1.006,0.966,0.21,0.108,0.492,0.864,1.507,0.858,0.069,0.194,0.766,0.147,0.127,0.259,0.514,0.685
7.386,6.517,578,ITGAE+ Tex,0.464,0.077,1.284,0.584,0.266,1.654,0.319,0.857,0.145,0.677,0.69,0.32,0.113,0.579,1.126,1.389,0.765,0.102,0.352,0.825,0.16,0.16,0.306,0.307,0.523
8.083,5.31,771,CREM+ Trm,0.318,0.049,1.62,0.452,0.059,1.259,0.162,0.694,0.052,0.259,0.474,0.547,0.086,0.457,1.075,1.338,0.742,0.102,0.255,0.826,0.295,0.119,0.373,0.134,0.415
7.804,6.276,608,ITGAE+ Tex,0.299,0.065,1.263,0.523,0.235,1.437,0.353,0.86,0.112,0.652,0.619,0.44,0.113,0.468,1.245,1.389,0.761,0.098,0.337,0.828,0.2,0.222,0.36,0.23,0.558
7.386,6.035,615,CREM+ Trm,0.449,0.047,1.327,0.607,0.145,1.402,0.241,0.763,0.102,0.495,0.562,0.395,0.091,0.538,1.122,1.346,0.808,0.082,0.237,0.866,0.192,0.159,0.268,0.197,0.593
6.968,6.276,639,ITGAE+ Tex,0.322,0.056,1.304,0.644,0.179,1.463,0.166,0.885,0.123,0.672,0.653,0.364,0.118,0.492,0.978,1.284,0.785,0.088,0.257,0.776,0.179,0.173,0.266,0.271,0.605
8.083,4.828,647,ITGB2+ Trm,0.393,0.048,1.819,0.395,0.045,0.833,0.085,0.745,0.06,0.344,0.332,0.607,0.096,0.387,0.952,1.348,0.728,0.142,0.259,0.806,0.227,0.184,0.394,0.223,0.473
8.362,4.828,636,ITGB2+ Trm,0.415,0.053,1.871,0.465,0.061,0.816,0.116,0.76,0.067,0.331,0.387,0.627,0.1,0.413,1.011,1.375,0.701,0.125,0.301,0.707,0.36,0.237,0.396,0.24,0.447
8.501,6.517,501,ITGAE+ Tex,0.499,0.042,1.492,0.773,0.318,2.119,0.756,0.949,0.202,0.263,0.709,0.373,0.066,0.781,1.536,1.855,0.747,0.055,0.206,0.793,0.249,0.065,0.509,0.236,0.499
7.526,5.793,694,CREM+ Trm,0.546,0.066,1.352,0.551,0.135,1.361,0.216,0.714,0.081,0.511,0.517,0.472,0.072,0.543,1.079,1.348,0.884,0.135,0.249,0.876,0.217,0.194,0.322,0.203,0.566
8.919,4.345,422,ITGB2+ Trm,0.72,0.039,2.215,0.449,0.032,0.562,0.15,0.771,0.178,0.255,0.422,0.509,0.092,0.398,0.798,1.591,0.563,0.035,0.195,0.583,0.28,0.133,0.437,0.271,0.319
8.083,4.345,770,ITGB2+ Trm,0.556,0.072,1.932,0.272,0.028,0.512,0.056,0.685,0.092,0.44,0.34,0.688,0.071,0.336,0.78,1.325,0.691,0.092,0.241,0.592,0.261,0.226,0.338,0.256,0.48
1.533,5.069,815,CMC1+ Temra,0.958,0.042,1.182,0.03,0.005,1.183,0.04,0.774,0.029,0.964,0.141,1.69,0.126,0.042,1.377,0.146,0.471,0.234,0.35,0.55,0.289,0.333,0.225,0.055,0.962
9.755,4.345,131,SELL+ Tpex,0.58,0.03,1.583,0.322,0.071,0.019,0.478,0.368,0.232,0.422,0.511,0.709,0.495,0.307,0.575,1.085,0.494,0.312,0.668,0.636,0.425,0.601,0.577,0.056,0.099
8.919,5.793,494,GZMK+ Tex,0.589,0.042,1.533,0.606,0.194,1.19,0.549,0.787,0.118,0.238,0.514,0.514,0.114,0.639,1.32,1.548,0.71,0.114,0.35,0.764,0.314,0.147,0.616,0.181,0.296
1.115,7.724,822,GNLY+ Temra,0.727,0.039,0.96,0.014,0.007,1.965,0.065,1.049,0.005,0.418,0.147,1.663,0.08,0.069,1.873,0.163,0.719,0.351,0.241,0.835,0.318,0.126,0.273,0.083,1.161
9.058,7.0,624,ITGAE+ Tex,0.702,0.033,1.606,0.713,0.358,2.402,0.9,1.226,0.566,0.097,0.651,0.287,0.042,0.91,1.581,2.184,0.632,0.026,0.1,0.563,0.215,0.04,0.52,0.277,0.38
11.288,9.414,364,Cycling T,1.0,0.029,0.9,0.133,0.305,1.072,0.405,0.758,0.485,0.135,0.546,0.426,0.061,0.427,0.936,1.012,0.724,0.119,0.347,0.499,0.191,0.094,0.658,0.394,0.364
10.034,5.31,589,GZMK+ Tex,0.942,0.017,1.878,0.521,0.186,0.339,0.775,0.749,0.283,0.149,0.306,0.224,0.038,0.849,1.348,2.12,0.575,0.047,0.095,0.337,0.447,0.072,0.814,0.229,0.098
7.526,6.759,707,ITGAE+ Tex,0.608,0.075,1.364,0.672,0.388,1.651,0.362,0.962,0.171,0.722,0.786,0.328,0.081,0.549,1.199,1.527,0.738,0.085,0.325,0.849,0.179,0.247,0.292,0.384,0.51
8.362,5.793,651,GZMK+ Tex,0.415,0.038,1.581,0.548,0.141,1.537,0.329,0.741,0.072,0.247,0.503,0.526,0.075,0.597,1.337,1.474,0.735,0.114,0.257,0.896,0.291,0.142,0.529,0.159,0.432
-0.697,6.517,550,GNLY+ Temra,0.596,0.008,0.596,0.016,0.0,2.359,0.058,0.908,0.006,0.497,0.245,1.662,0.089,0.074,2.335,0.05,0.661,0.418,0.317,0.967,0.401,0.138,0.29,0.053,1.135
8.083,6.276,685,ITGAE+ Tex,0.318,0.061,1.304,0.546,0.206,1.446,0.333,0.888,0.137,0.641,0.6,0.477,0.132,0.514,1.325,1.376,0.767,0.125,0.385,0.851,0.252,0.225,0.394,0.256,0.525
6.132,-0.483,231,MAIT,0.983,0.045,2.304,0.542,0.027,0.232,0.061,1.124,0.114,2.829,0.315,0.802,0.09,0.183,1.058,0.55,0.514,0.304,0.152,0.642,0.136,0.412,0.144,0.06,0.179
6.132,6.759,659,ITGAE+ Trm,0.436,0.064,1.915,1.012,0.316,1.812,0.198,1.237,0.074,1.092,0.993,0.195,0.072,0.459,0.924,1.691,0.889,0.07,0.088,0.76,0.155,0.079,0.226,0.591,0.795
11.149,9.655,551,Cycling T,1.0,0.05,1.261,0.284,0.32,1.618,0.457,0.981,0.534,0.152,0.674,0.369,0.08,0.475,0.936,1.271,0.697,0.07,0.22,0.509,0.177,0.053,0.509,0.486,0.398
2.09,8.448,552,GNLY+ Temra,0.897,0.042,1.606,0.0,0.004,2.285,0.094,1.27,0.025,0.509,0.169,1.372,0.08,0.12,1.655,0.374,0.61,0.323,0.24,0.937,0.244,0.065,0.194,0.132,0.992
8.78,5.069,545,GZMK+ Tex,0.314,0.054,1.791,0.474,0.052,0.844,0.24,0.719,0.107,0.245,0.508,0.586,0.099,0.532,1.153,1.373,0.681,0.143,0.306,0.725,0.339,0.22,0.502,0.205,0.365
7.526,6.276,633,ITGAE+ Tex,0.31,0.065,1.323,0.585,0.232,1.467,0.285,0.845,0.124,0.624,0.644,0.436,0.119,0.488,1.105,1.411,0.787,0.115,0.348,0.884,0.203,0.227,0.267,0.186,0.574
8.222,6.517,551,ITGAE+ Tex,0.559,0.053,1.379,0.686,0.318,1.791,0.552,0.896,0.172,0.409,0.673,0.39,0.08,0.521,1.317,1.627,0.677,0.078,0.302,0.848,0.243,0.192,0.356,0.268,0.478
7.247,7.241,585,ITGAE+ Tex,0.728,0.052,1.499,0.895,0.478,1.95,0.409,1.165,0.164,0.594,0.935,0.205,0.109,0.559,1.066,1.537,0.837,0.038,0.221,0.739,0.147,0.121,0.24,0.42,0.566
6.411,6.276,526,ITGAE+ Trm,0.342,0.096,1.639,0.665,0.198,1.467,0.119,1.08,0.115,1.0,0.624,0.292,0.077,0.472,0.813,1.433,0.919,0.09,0.178,0.73,0.122,0.128,0.223,0.425,0.696
8.919,4.828,491,GZMK+ Tex,0.322,0.071,1.844,0.57,0.055,0.64,0.287,0.677,0.126,0.297,0.484,0.566,0.106,0.503,0.943,1.597,0.721,0.098,0.349,0.624,0.378,0.268,0.598,0.201,0.336
10.173,7.966,244,GZMK+ Tex,0.684,0.026,0.897,0.177,0.325,1.676,0.479,1.027,0.539,0.248,0.357,0.143,0.148,0.572,1.231,0.833,0.482,0.041,0.252,0.278,0.189,0.111,0.47,1.783,0.371
6.829,6.517,619,ITGAE+ Tex,0.451,0.064,1.467,0.714,0.23,1.473,0.193,1.092,0.148,0.753,0.741,0.299,0.107,0.524,0.857,1.336,0.777,0.085,0.241,0.696,0.164,0.174,0.269,0.322,0.588
11.01,9.414,469,Cycling T,1.0,0.037,0.966,0.155,0.261,1.257,0.336,0.729,0.428,0.184,0.646,0.386,0.114,0.372,0.775,0.945,0.737,0.122,0.3,0.514,0.136,0.097,0.418,0.346,0.309
8.222,7.0,602,ITGAE+ Tex,0.831,0.044,1.379,0.831,0.422,2.284,0.744,1.075,0.29,0.215,0.762,0.267,0.041,0.781,1.507,1.973,0.833,0.035,0.122,0.78,0.208,0.061,0.366,0.188,0.538
7.107,0.241,7,MAIT,1.0,0.0,2.257,1.176,0.225,0.225,0.308,1.631,0.43,2.536,0.135,0.412,0.0,0.0,0.936,1.31,0.34,0.0,0.0,0.431,0.148,0.354,0.0,0.0,1.022
9.198,5.793,473,GZMK+ Tex,0.793,0.038,1.587,0.74,0.208,1.165,0.712,0.758,0.197,0.187,0.457,0.523,0.086,0.696,1.443,1.649,0.651,0.095,0.308,0.709,0.352,0.11,0.677,0.156,0.254
7.247,6.759,601,ITGAE+ Tex,0.567,0.091,1.386,0.683,0.323,1.65,0.269,1.057,0.18,0.674,0.753,0.291,0.109,0.479,1.071,1.312,0.776,0.092,0.325,0.747,0.155,0.183,0.219,0.335,0.481
6.968,6.759,689,ITGAE+ Tex,0.591,0.073,1.552,0.747,0.28,1.632,0.235,1.139,0.137,0.751,0.734,0.314,0.11,0.506,0.932,1.362,0.771,0.073,0.258,0.751,0.186,0.131,0.226,0.343,0.554
9.198,6.276,487,GZMK+ Tex,0.786,0.027,1.493,0.706,0.257,1.717,0.853,0.763,0.179,0.141,0.536,0.351,0.05,0.738,1.537,1.817,0.806,0.052,0.197,0.612,0.268,0.065,0.651,0.164,0.304
7.665,6.517,652,ITGAE+ Tex,0.485,0.073,1.2,0.608,0.314,1.352,0.302,0.826,0.19,0.75,0.675,0.347,0.116,0.532,1.139,1.417,0.716,0.097,0.39,0.853,0.22,0.276,0.324,0.326,0.541
9.337,7.483,524,ITGAE+ Tex,0.769,0.013,1.339,0.688,0.388,2.438,0.926,1.322,0.93,0.133,0.51,0.277,0.039,0.932,1.556,2.053,0.552,0.029,0.095,0.45,0.126,0.064,0.507,0.408,0.348
1.533,2.655,21,MACF1+ T,0.524,0.083,1.666,0.0,0.0,0.0,0.0,0.296,0.425,1.903,0.11,0.898,1.011,0.09,0.216,0.755,0.245,0.256,0.797,0.424,0.131,1.256,0.158,0.0,0.075
6.829,0.241,33,MAIT,0.818,0.035,2.593,0.705,0.028,0.548,0.054,1.112,0.089,2.725,0.409,0.286,0.074,0.16,1.08,1.628,0.83,0.204,0.046,0.557,0.218,0.683,0.181,0.041,0.509
10.591,8.69,287,Cycling T,0.983,0.014,0.763,0.114,0.223,0.963,0.281,0.602,0.344,0.205,0.572,0.456,0.181,0.365,1.098,0.696,0.531,0.129,0.469,0.506,0.205,0.134,0.46,0.564,0.368
7.107,6.517,613,ITGAE+ Tex,0.498,0.09,1.438,0.65,0.242,1.552,0.266,0.911,0.171,0.683,0.703,0.338,0.129,0.533,1.039,1.392,0.789,0.084,0.283,0.802,0.167,0.139,0.27,0.265,0.56
9.337,6.035,525,GZMK+ Tex,0.851,0.024,1.46,0.704,0.227,1.418,0.799,0.761,0.178,0.132,0.514,0.433,0.049,0.841,1.51,1.85,0.785,0.069,0.196,0.602,0.315,0.062,0.694,0.203,0.281
7.944,7.0,609,ITGAE+ Tex,0.8,0.082,1.462,0.93,0.423,2.181,0.671,1.157,0.237,0.337,0.874,0.248,0.084,0.695,1.382,1.806,0.761,0.033,0.177,0.837,0.212,0.088,0.344,0.207,0.548
6.829,7.0,748,ITGAE+ Tex,0.626,0.064,1.652,0.805,0.417,1.708,0.272,1.2,0.144,0.865,0.802,0.261,0.133,0.499,0.939,1.513,0.791,0.063,0.214,0.766,0.191,0.157,0.228,0.426,0.632
0.0,7.241,788,GNLY+ Temra,0.826,0.033,0.806,0.01,0.004,2.164,0.048,1.051,0.0,0.639,0.181,1.739,0.113,0.078,2.09,0.091,0.679,0.44,0.315,0.914,0.359,0.15,0.223,0.074,1.218
11.706,10.138,460,Cycling T,1.0,0.03,1.427,0.424,0.292,1.494,0.6,1.27,0.687,0.08,0.637,0.268,0.057,0.699,1.054,1.636,0.591,0.028,0.12,0.611,0.214,0.04,0.619,0.486,0.284
7.386,7.0,635,ITGAE+ Tex,0.622,0.08,1.404,0.717,0.401,1.602,0.359,0.945,0.22,0.667,0.779,0.245,0.138,0.552,1.019,1.418,0.74,0.064,0.291,0.735,0.145,0.149,0.254,0.362,0.485
8.222,6.035,660,GZMK+ Tex,0.256,0.061,1.563,0.599,0.187,1.521,0.355,0.746,0.095,0.386,0.53,0.503,0.118,0.582,1.312,1.452,0.789,0.103,0.363,0.853,0.282,0.167,0.455,0.15,0.444
7.526,7.241,604,ITGAE+ Tex,0.74,0.056,1.446,0.948,0.51,2.005,0.521,1.055,0.164,0.563,0.85,0.228,0.107,0.546,1.271,1.617,0.706,0.055,0.239,0.8,0.19,0.11,0.272,0.338,0.483
1.812,8.931,70,GNLY+ Temra,0.986,0.0,1.45,0.0,0.0,2.498,0.056,1.111,0.0,0.239,0.144,1.26,0.039,0.039,1.685,0.198,0.601,0.273,0.257,0.832,0.042,0.021,0.168,0.21,0.776
8.64,7.241,663,ITGAE+ Tex,0.864,0.05,1.51,0.744,0.488,2.675,1.045,1.273,0.446,0.088,0.76,0.239,0.025,0.942,1.685,2.192,0.729,0.012,0.08,0.686,0.241,0.031,0.461,0.194,0.537
2.648,8.931,50,MACF1+ T,0.68,0.029,0.969,0.0,0.0,2.273,0.097,1.032,0.0,0.252,0.118,1.346,0.087,0.111,2.645,0.181,0.742,0.546,0.485,1.333,0.448,0.053,0.42,0.029,1.77
2.787,8.207,447,GNLY+ Temra,0.861,0.067,1.49,0.038,0.004,2.05,0.091,1.174,0.022,0.762,0.153,1.16,0.071,0.092,1.401,0.514,0.693,0.475,0.184,0.851,0.161,0.103,0.153,0.153,1.17
2.787,-1.448,46,Tn,1.0,0.0,1.675,0.0,0.0,0.0,0.0,0.678,0.175,1.18,0.253,1.243,0.88,0.0,0.022,0.146,0.156,0.28,0.857,0.46,0.136,1.107,0.0,0.0,0.0
1.394,8.69,360,GNLY+ Temra,0.992,0.027,1.313,0.003,0.011,2.276,0.038,1.072,0.0,0.299,0.242,1.762,0.078,0.052,1.791,0.179,0.603,0.374,0.246,0.931,0.254,0.068,0.164,0.066,1.023
1.672,0.483,683,Tn,0.925,0.019,1.477,0.0,0.005,0.011,0.013,0.453,0.298,1.977,0.176,1.579,1.177,0.006,0.061,0.214,0.204,0.441,1.254,0.486,0.077,1.154,0.019,0.006,0.015
2.23,0.483,641,Tn,0.919,0.027,1.745,0.0,0.0,0.008,0.026,0.491,0.39,1.883,0.153,1.624,1.001,0.006,0.043,0.223,0.206,0.377,1.194,0.386,0.076,1.14,0.015,0.009,0.01
1.672,0.966,610,Tn,0.893,0.047,1.659,0.006,0.005,0.016,0.021,0.417,0.384,1.79,0.166,1.387,1.022,0.007,0.073,0.265,0.238,0.429,1.002,0.366,0.058,1.006,0.026,0.037,0.012
2.787,7.724,599,GNLY+ Temra,0.898,0.068,1.572,0.013,0.01,1.798,0.085,1.117,0.02,0.763,0.214,1.391,0.061,0.152,1.308,0.508,0.698,0.521,0.231,0.866,0.189,0.143,0.192,0.091,1.128
2.787,-0.483,267,Tn,0.959,0.013,1.85,0.0,0.003,0.0,0.009,0.53,0.234,1.836,0.16,1.467,0.793,0.004,0.046,0.184,0.14,0.35,1.279,0.465,0.084,1.342,0.0,0.0,0.017
2.509,-1.448,282,Tn,1.0,0.006,1.876,0.0,0.0,0.004,0.014,0.661,0.13,1.315,0.154,1.478,0.851,0.004,0.117,0.171,0.176,0.323,1.294,0.523,0.078,1.24,0.009,0.0,0.0
1.951,8.69,335,GNLY+ Temra,0.854,0.024,1.521,0.003,0.005,2.444,0.082,1.221,0.017,0.334,0.153,1.282,0.058,0.062,1.773,0.349,0.673,0.336,0.268,1.03,0.205,0.08,0.194,0.148,1.113
2.648,-1.207,332,Tn,1.0,0.005,1.91,0.0,0.0,0.002,0.013,0.649,0.163,1.344,0.153,1.466,0.791,0.0,0.078,0.139,0.152,0.341,1.214,0.471,0.062,1.224,0.005,0.0,0.0
9.755,3.862,131,SELL+ Tpex,0.969,0.048,1.596,0.142,0.071,0.039,0.611,0.064,0.31,0.571,0.509,1.185,0.892,0.182,0.322,0.588,0.45,0.334,1.203,0.829,0.565,1.34,0.387,0.011,0.086
2.369,1.69,334,Tn,0.805,0.025,1.558,0.019,0.02,0.029,0.013,0.4,0.45,1.699,0.177,1.165,0.648,0.024,0.082,0.296,0.305,0.432,0.857,0.294,0.055,0.818,0.015,0.037,0.047
2.648,0.724,388,Tn,0.768,0.018,1.783,0.0,0.021,0.014,0.017,0.458,0.346,2.127,0.156,1.653,0.928,0.034,0.038,0.312,0.235,0.477,1.254,0.526,0.087,1.111,0.05,0.009,0.011
2.927,1.69,460,Tcm,0.496,0.054,1.668,0.019,0.003,0.009,0.006,0.562,0.266,2.478,0.181,1.424,0.793,0.024,0.066,0.43,0.273,0.665,1.184,0.514,0.088,0.844,0.061,0.028,0.022
10.87,6.276,710,GZMK+ Tex,0.98,0.002,0.736,0.421,0.443,0.338,0.991,1.014,0.395,0.078,0.216,0.025,0.022,0.994,1.191,1.265,0.364,0.002,0.019,0.269,0.379,0.01,1.065,0.293,0.066
1.254,1.207,468,Tn,0.968,0.041,1.489,0.0,0.008,0.022,0.03,0.355,0.268,1.828,0.142,1.333,1.063,0.01,0.059,0.277,0.259,0.513,0.967,0.407,0.079,0.973,0.045,0.022,0.015
2.369,3.138,169,Early Tcm/Tem,0.651,0.033,1.459,0.033,0.0,0.148,0.033,0.68,0.278,2.22,0.219,1.759,1.24,0.045,0.441,0.269,0.356,0.576,0.971,0.756,0.173,1.436,0.103,0.208,0.145
2.369,1.207,452,Tn,0.861,0.033,1.833,0.005,0.01,0.012,0.027,0.495,0.452,1.899,0.155,1.43,0.843,0.023,0.07,0.333,0.25,0.383,0.965,0.401,0.091,0.935,0.031,0.055,0.015
2.787,1.931,302,Tcm,0.523,0.064,1.365,0.014,0.008,0.032,0.007,0.434,0.302,2.38,0.2,1.094,0.635,0.042,0.054,0.453,0.297,0.826,1.112,0.51,0.115,0.738,0.022,0.027,0.031
0.976,1.207,438,Tn,0.977,0.056,1.361,0.004,0.006,0.008,0.049,0.425,0.277,1.916,0.194,1.226,1.211,0.015,0.08,0.369,0.273,0.559,1.142,0.466,0.065,1.063,0.05,0.015,0.011
5.993,-0.241,166,MAIT,0.97,0.052,2.25,0.569,0.015,0.237,0.038,1.193,0.086,2.895,0.314,0.937,0.105,0.183,0.856,0.619,0.548,0.278,0.197,0.54,0.157,0.39,0.093,0.115,0.067
9.616,4.103,149,SELL+ Tpex,0.658,0.066,1.643,0.236,0.076,0.076,0.499,0.348,0.255,0.553,0.594,0.747,0.575,0.36,0.492,0.92,0.578,0.316,0.856,0.628,0.421,0.781,0.509,0.105,0.175
10.452,5.069,39,SELL+ Tpex,0.487,0.0,1.218,0.698,0.275,0.099,0.599,0.435,0.228,0.404,0.387,0.6,0.394,0.392,1.197,1.078,0.441,0.309,0.874,0.618,0.374,0.453,0.644,0.05,0.099
11.01,6.035,93,GZMK+ Tex,0.892,0.015,0.746,0.569,0.331,0.258,0.872,1.113,0.514,0.103,0.229,0.084,0.076,0.915,1.121,1.122,0.369,0.097,0.164,0.354,0.375,0.124,1.178,0.353,0.037
10.87,5.31,27,SELL+ Tpex,0.889,0.028,0.763,0.202,0.176,0.331,0.831,0.032,0.512,0.316,0.894,0.947,0.707,0.264,1.08,0.371,0.33,0.722,1.662,0.814,0.407,0.799,0.472,0.276,0.071
11.567,7.966,8,SELL+ Tpex,0.875,0.0,1.053,0.268,0.0,0.0,0.663,0.133,0.22,0.089,0.558,1.56,1.131,0.089,0.495,0.069,0.532,0.475,1.619,0.792,0.382,1.517,0.15,0.0,0.158
11.428,8.69,238,Cycling T,1.0,0.009,0.253,0.214,0.17,1.047,0.288,0.388,0.18,0.058,0.702,1.18,0.226,0.274,1.382,0.169,0.509,0.373,0.975,0.707,0.334,0.161,0.359,0.054,0.216
10.173,4.586,121,SELL+ Tpex,0.843,0.0,1.305,0.426,0.161,0.141,0.684,0.114,0.16,0.366,0.661,1.11,0.601,0.154,0.903,0.718,0.555,0.385,1.186,0.733,0.405,0.607,0.417,0.022,0.12
11.428,5.793,2,SELL+ Tpex,1.0,0.0,1.348,0.459,0.0,0.281,1.348,0.0,0.281,0.0,0.567,1.87,1.276,0.0,0.695,0.459,0.0,0.459,1.8,1.054,0.0,0.36,0.0,0.0,0.0
10.591,7.724,82,GZMK+ Tex,0.866,0.023,0.577,0.207,0.496,0.879,0.559,0.988,0.643,0.048,0.375,0.178,0.075,0.857,1.362,1.147,0.425,0.032,0.163,0.265,0.369,0.038,1.076,2.032,0.2
10.452,6.517,837,GZMK+ Tex,0.988,0.015,0.864,0.61,0.513,0.718,1.256,1.217,0.423,0.025,0.313,0.062,0.02,0.963,1.379,1.442,0.421,0.006,0.028,0.402,0.347,0.009,0.963,0.282,0.088
10.731,8.448,147,Cycling T,0.973,0.013,0.497,0.138,0.094,0.656,0.224,0.532,0.147,0.117,0.566,0.96,0.271,0.236,1.279,0.352,0.604,0.258,0.827,0.689,0.232,0.283,0.307,0.103,0.426
1.951,0.966,743,Tn,0.83,0.032,1.707,0.004,0.002,0.007,0.027,0.387,0.407,1.664,0.175,1.378,0.902,0.008,0.093,0.239,0.247,0.411,0.956,0.368,0.047,0.927,0.033,0.016,0.012
2.369,-1.69,170,Tn,1.0,0.026,1.792,0.0,0.0,0.0,0.0,0.54,0.138,1.56,0.113,1.412,0.929,0.0,0.098,0.136,0.125,0.297,1.579,0.645,0.096,1.349,0.0,0.0,0.0
10.87,8.207,47,Cycling T,1.0,0.007,0.346,0.268,0.167,1.005,0.311,0.494,0.181,0.112,0.54,1.143,0.254,0.199,1.525,0.255,0.563,0.217,1.028,0.898,0.35,0.211,0.274,0.097,0.315
9.616,4.586,245,GZMK+ Tex,0.449,0.043,2.051,0.403,0.102,0.24,0.438,0.656,0.165,0.366,0.441,0.515,0.221,0.625,0.841,1.753,0.508,0.093,0.276,0.548,0.321,0.316,0.715,0.269,0.109
11.149,6.759,152,GZMK+ Tex,0.98,0.0,0.579,0.357,0.61,0.414,1.204,1.182,0.616,0.023,0.155,0.034,0.017,1.206,1.233,1.026,0.355,0.027,0.04,0.244,0.419,0.021,1.25,0.317,0.11
11.706,8.69,28,Cycling T,0.964,0.0,0.607,0.293,0.152,0.551,0.635,0.398,0.278,0.117,0.812,1.635,0.851,0.164,1.243,0.136,0.417,0.634,1.225,1.077,0.505,0.567,0.398,0.021,0.126
11.567,9.414,157,Cycling T,1.0,0.015,0.816,0.222,0.278,0.62,0.386,0.654,0.45,0.143,0.464,0.587,0.144,0.406,1.032,0.925,0.649,0.154,0.445,0.587,0.316,0.159,0.692,0.214,0.208
5.156,11.345,517,ZNF683+ Teff,1.0,0.008,0.987,0.508,0.06,1.415,0.487,1.352,0.0,0.361,0.141,0.098,0.168,0.0,1.648,0.003,0.224,0.451,0.895,1.517,0.172,0.045,0.045,0.714,0.049
5.853,11.586,116,ZNF683+ Teff,1.0,0.0,1.05,0.689,0.091,1.565,0.667,1.288,0.0,0.315,0.088,0.011,0.196,0.014,1.88,0.0,0.31,0.358,0.753,1.518,0.119,0.062,0.042,1.041,0.058
3.902,11.104,209,ZNF683+ Teff,1.0,0.016,1.098,0.366,0.037,1.734,0.478,1.526,0.003,0.403,0.218,0.113,0.239,0.0,1.82,0.006,0.321,0.525,1.148,1.563,0.144,0.051,0.023,0.643,0.02
3.763,11.345,16,ZNF683+ Teff,1.0,0.0,1.06,0.546,0.083,1.254,0.27,1.199,0.0,0.524,0.174,0.52,0.437,0.0,1.663,0.0,0.419,0.414,0.652,1.707,0.268,0.0,0.086,0.738,0.083
5.017,11.586,126,ZNF683+ Teff,1.0,0.0,1.005,0.372,0.084,1.363,0.52,1.331,0.0,0.411,0.173,0.061,0.258,0.0,1.819,0.014,0.279,0.486,1.05,1.554,0.18,0.012,0.059,0.524,0.112
4.738,11.104,608,ZNF683+ Teff,1.0,0.007,0.976,0.489,0.045,1.546,0.466,1.455,0.0,0.428,0.189,0.124,0.136,0.01,1.643,0.014,0.257,0.485,0.863,1.53,0.136,0.037,0.035,0.761,0.051
4.041,11.345,63,ZNF683+ Teff,1.0,0.014,1.055,0.262,0.035,1.651,0.443,1.753,0.0,0.62,0.185,0.0,0.197,0.0,1.417,0.0,0.289,0.289,1.05,1.465,0.171,0.072,0.016,0.656,0.021
5.993,11.345,481,ZNF683+ Teff,1.0,0.015,1.194,0.957,0.085,1.525,0.743,1.36,0.003,0.228,0.203,0.047,0.134,0.006,1.84,0.003,0.277,0.261,0.556,1.479,0.149,0.025,0.075,1.128,0.094
5.574,12.069,1,ZNF683+ Teff,1.0,0.0,1.193,0.0,0.0,2.321,1.193,1.193,0.0,0.0,0.0,0.0,0.0,0.0,2.525,0.0,0.0,0.0,1.193,1.193,0.0,0.0,0.0,1.722,0.0
6.55,11.345,128,ZNF683+ Teff,1.0,0.024,1.29,1.13,0.116,1.711,0.792,1.226,0.0,0.172,0.184,0.026,0.112,0.0,1.915,0.026,0.231,0.155,0.311,1.64,0.218,0.0,0.064,1.267,0.097
6.689,11.104,218,ZNF683+ Teff,1.0,0.02,1.393,1.039,0.178,1.717,0.894,1.377,0.005,0.151,0.2,0.026,0.156,0.011,2.01,0.008,0.321,0.146,0.347,1.498,0.28,0.021,0.138,1.395,0.118
6.132,11.586,79,ZNF683+ Teff,1.0,0.015,1.141,0.878,0.113,1.644,0.942,1.425,0.0,0.205,0.107,0.04,0.1,0.0,1.88,0.0,0.337,0.346,0.796,1.593,0.144,0.045,0.021,1.075,0.014
4.32,11.345,122,ZNF683+ Teff,1.0,0.008,0.978,0.321,0.07,1.581,0.546,1.428,0.0,0.42,0.074,0.128,0.243,0.0,1.87,0.0,0.253,0.539,1.255,1.558,0.112,0.06,0.032,0.75,0.019
2.09,8.931,77,GNLY+ Temra,0.922,0.018,1.53,0.0,0.0,2.576,0.07,1.085,0.05,0.175,0.208,1.197,0.026,0.11,1.559,0.282,0.568,0.368,0.169,0.978,0.195,0.066,0.17,0.192,1.148
4.738,11.586,55,ZNF683+ Teff,1.0,0.016,1.055,0.324,0.027,1.745,0.422,1.557,0.0,0.498,0.154,0.149,0.188,0.0,1.733,0.0,0.203,0.425,1.111,1.818,0.18,0.054,0.059,0.846,0.059
6.271,11.345,267,ZNF683+ Teff,0.996,0.019,1.156,0.987,0.083,1.379,0.734,1.286,0.0,0.229,0.108,0.047,0.107,0.009,1.819,0.021,0.294,0.243,0.524,1.383,0.279,0.034,0.062,1.18,0.072
5.574,11.586,174,ZNF683+ Teff,1.0,0.0,0.955,0.488,0.036,1.561,0.606,1.236,0.0,0.339,0.145,0.081,0.179,0.0,1.82,0.0,0.227,0.483,0.807,1.46,0.069,0.054,0.043,0.74,0.042
5.156,11.828,17,ZNF683+ Teff,1.0,0.0,1.161,0.578,0.0,0.98,0.615,1.382,0.0,0.751,0.3,0.079,0.101,0.0,1.719,0.0,0.385,0.478,1.013,1.67,0.193,0.071,0.116,0.565,0.311
0.836,5.793,1231,CMC1+ Temra,0.964,0.022,0.906,0.011,0.003,1.7,0.057,0.9,0.004,0.292,0.136,1.938,0.039,0.033,1.937,0.103,0.636,0.176,0.229,0.587,0.308,0.144,0.403,0.029,1.425
9.058,10.862,16,Cycling T,1.0,0.068,0.519,0.23,0.208,0.782,0.449,1.575,0.0,0.27,0.353,0.163,0.189,0.0,1.377,0.0,0.371,0.364,0.978,1.674,0.263,0.0,0.0,1.221,0.0
6.411,11.586,21,ZNF683+ Teff,1.0,0.0,1.059,0.997,0.118,1.236,0.858,1.251,0.0,0.162,0.23,0.0,0.29,0.0,1.912,0.0,0.159,0.143,0.398,1.197,0.289,0.0,0.0,1.148,0.0
4.181,11.586,13,ZNF683+ Teff,1.0,0.0,0.771,0.875,0.067,1.802,0.653,1.356,0.0,0.761,0.26,0.129,0.211,0.0,1.708,0.0,0.149,0.469,0.703,1.517,0.067,0.0,0.246,0.671,0.0
3.623,11.104,54,ZNF683+ Teff,1.0,0.0,1.079,0.407,0.018,1.761,0.466,1.507,0.0,0.472,0.292,0.117,0.142,0.0,2.079,0.0,0.453,0.539,1.071,1.714,0.052,0.028,0.05,0.84,0.0
4.878,11.828,8,ZNF683+ Teff,1.0,0.0,0.506,0.381,0.309,1.386,0.443,1.765,0.0,0.682,0.395,0.0,0.0,0.0,1.833,0.0,0.309,0.688,0.685,1.274,0.0,0.176,0.0,0.664,0.258
5.714,11.828,12,ZNF683+ Teff,1.0,0.0,1.255,0.939,0.268,1.846,0.496,1.296,0.0,0.0,0.097,0.0,0.24,0.0,1.461,0.0,0.095,0.0,0.478,1.312,0.192,0.0,0.0,0.772,0.095
6.829,11.345,12,ZNF683+ Teff,1.0,0.0,1.608,1.07,0.134,1.689,1.088,1.367,0.0,0.159,0.0,0.0,0.259,0.0,1.781,0.0,0.255,0.14,0.393,1.662,0.247,0.097,0.0,1.829,0.205
4.599,11.828,3,ZNF683+ Teff,1.0,0.0,0.929,0.336,0.0,1.185,0.336,0.499,0.0,0.0,0.0,0.0,0.0,0.0,1.823,0.0,0.609,0.336,0.812,2.172,0.0,0.0,0.0,0.913,0.0
4.46,11.586,25,ZNF683+ Teff,1.0,0.0,1.056,0.361,0.0,1.183,0.515,1.379,0.0,0.319,0.174,0.034,0.174,0.0,1.504,0.0,0.12,0.618,1.401,1.597,0.253,0.0,0.0,0.492,0.058
5.993,11.828,12,ZNF683+ Teff,1.0,0.0,0.65,1.246,0.0,1.624,0.457,1.472,0.0,0.334,0.096,0.0,0.136,0.0,2.12,0.0,0.4,0.244,1.021,1.842,0.101,0.0,0.101,0.874,0.244
2.23,8.69,365,GNLY+ Temra,0.759,0.035,1.551,0.003,0.009,2.419,0.104,1.173,0.014,0.449,0.164,1.214,0.071,0.083,1.848,0.302,0.557,0.329,0.202,0.99,0.28,0.034,0.214,0.157,1.226
9.755,5.31,591,GZMK+ Tex,0.895,0.043,1.932,0.496,0.173,0.405,0.732,0.797,0.303,0.179,0.34,0.333,0.056,0.796,1.207,2.101,0.577,0.049,0.131,0.449,0.418,0.098,0.859,0.253,0.084
5.435,11.828,17,ZNF683+ Teff,1.0,0.092,0.904,0.384,0.0,1.617,0.647,1.12,0.0,0.307,0.0,0.227,0.233,0.0,1.365,0.0,0.138,0.677,1.257,1.498,0.0,0.087,0.0,0.415,0.0
6.968,11.586,1,ZNF683+ Teff,1.0,0.0,1.621,1.108,0.0,0.0,1.108,1.621,0.0,1.108,0.0,0.0,0.0,0.0,1.621,0.0,0.0,0.0,2.578,1.621,1.108,0.0,0.0,0.0,0.0
4.32,11.828,2,ZNF683+ Teff,1.0,0.0,0.702,0.702,0.517,1.371,0.517,2.291,0.0,0.517,0.0,0.0,0.0,0.0,1.238,0.0,0.0,0.931,0.0,1.633,0.517,0.0,0.0,0.702,0.0
8.501,10.862,5,Cycling T,1.0,0.0,0.434,0.0,0.49,0.787,0.393,1.569,0.0,0.549,0.203,0.203,0.265,0.0,1.83,0.0,0.528,0.623,1.229,2.118,0.0,0.0,0.0,0.877,0.248
3.345,11.104,13,ZNF683+ Teff,1.0,0.0,0.555,0.577,0.0,1.432,0.735,1.159,0.0,0.451,0.186,0.086,0.438,0.0,1.384,0.0,0.37,0.532,0.821,1.573,0.128,0.086,0.0,0.439,0.0
3.484,11.345,4,ZNF683+ Teff,1.0,0.0,1.988,0.0,0.0,1.303,0.303,1.309,0.0,1.146,0.383,0.0,0.0,0.0,2.029,0.0,0.327,0.327,0.383,2.044,0.0,0.0,0.0,0.383,0.0
8.78,10.862,12,Cycling T,1.0,0.0,0.408,0.247,0.0,1.115,0.275,0.65,0.0,0.733,0.556,0.0,0.062,0.0,1.875,0.0,0.52,0.807,1.382,1.291,0.173,0.0,0.062,0.76,0.0
6.271,11.828,3,ZNF683+ Teff,1.0,0.0,1.392,0.0,0.0,1.594,0.0,1.665,0.0,0.0,0.308,0.0,0.0,0.0,1.205,0.0,0.947,0.508,0.701,1.44,0.0,0.0,0.0,1.194,0.0
8.919,10.621,57,Cycling T,1.0,0.058,0.466,0.188,0.178,0.961,0.321,1.75,0.0,0.592,0.429,0.42,0.082,0.016,1.506,0.09,0.41,0.466,0.633,1.351,0.137,0.07,0.051,0.66,0.075
9.337,7.0,416,ITGAE+ Tex,0.543,0.047,1.522,0.667,0.368,2.356,0.92,1.105,0.624,0.126,0.516,0.346,0.058,0.871,1.629,2.029,0.577,0.036,0.138,0.536,0.216,0.044,0.65,0.438,0.365
8.78,7.966,506,ITGAE+ Tex,0.858,0.014,1.537,0.759,0.61,2.652,0.842,1.075,0.717,0.092,0.875,0.101,0.033,0.815,1.633,2.001,0.645,0.016,0.147,0.463,0.16,0.013,0.595,0.288,0.421
8.64,6.759,519,ITGAE+ Tex,0.674,0.045,1.456,0.841,0.357,2.154,0.771,1.067,0.328,0.162,0.677,0.277,0.031,0.813,1.531,1.947,0.73,0.042,0.148,0.752,0.236,0.04,0.543,0.205,0.369
11.149,8.69,531,Cycling T,1.0,0.013,0.435,0.063,0.111,0.837,0.16,0.497,0.1,0.163,0.612,0.733,0.2,0.175,1.238,0.271,0.573,0.223,0.9,0.641,0.251,0.187,0.289,0.104,0.363
11.706,11.104,221,Cycling T,1.0,0.007,1.297,0.153,0.179,0.958,0.333,1.335,0.079,0.258,0.532,0.219,0.176,0.065,1.112,0.348,0.564,0.311,0.586,1.042,0.143,0.087,0.123,0.638,0.099
10.034,8.69,229,Cycling T,0.983,0.033,1.01,0.342,0.325,1.565,0.479,0.886,0.341,0.215,0.508,0.459,0.073,0.477,1.322,0.979,0.62,0.125,0.356,0.569,0.219,0.127,0.48,0.399,0.386
0.418,9.414,56,GNLY+ Temra,1.0,0.0,0.606,0.037,0.0,2.513,0.083,1.009,0.0,0.169,0.112,1.863,0.069,0.0,2.233,0.039,0.542,0.531,0.366,0.97,0.392,0.066,0.079,0.098,0.966
6.689,11.586,3,ZNF683+ Teff,1.0,0.0,0.571,1.502,0.0,0.731,1.242,1.306,0.0,0.0,0.0,0.0,0.0,0.0,2.137,0.0,0.535,0.0,0.535,1.478,0.535,0.0,0.0,0.707,0.571
5.296,12.069,1,ZNF683+ Teff,1.0,0.0,0.0,0.0,0.0,2.678,0.0,0.0,0.0,0.0,0.0,0.0,0.0,0.0,1.708,0.0,0.0,0.0,1.708,2.948,1.708,0.0,0.0,0.0,0.0
11.846,10.862,226,Cycling T,1.0,0.034,1.425,0.095,0.134,0.698,0.256,0.9,0.205,0.248,0.501,0.27,0.425,0.096,0.699,0.648,0.523,0.229,0.533,0.811,0.126,0.249,0.167,0.531,0.089
0.976,5.552,1160,CMC1+ Temra,0.979,0.022,0.951,0.013,0.002,1.575,0.049,0.889,0.023,0.371,0.128,1.937,0.062,0.029,1.842,0.108,0.598,0.225,0.229,0.555,0.328,0.199,0.366,0.033,1.268
-0.976,-2.172,16,Tn,1.0,0.0,0.347,0.0,0.0,0.0,0.0,0.545,0.142,2.673,0.072,1.86,1.582,0.0,0.062,0.0,0.208,0.294,1.735,0.655,0.095,1.985,0.177,0.0,0.0
2.09,3.621,395,Early Tcm/Tem,0.572,0.039,1.523,0.016,0.0,0.442,0.033,0.733,0.139,2.215,0.197,1.893,1.134,0.03,0.578,0.189,0.439,0.505,1.099,0.744,0.199,1.39,0.144,0.257,0.395
3.205,10.862,15,ZNF683+ Teff,1.0,0.092,1.248,0.0,0.0,1.202,0.493,1.12,0.0,0.478,0.098,0.213,0.0,0.0,1.591,0.0,0.446,0.345,1.242,1.594,0.1,0.118,0.0,0.384,0.0
-0.139,5.552,724,CMC1+ Temra,0.93,0.022,0.634,0.029,0.002,2.153,0.049,0.846,0.002,0.344,0.16,1.709,0.049,0.036,2.227,0.062,0.632,0.283,0.221,0.662,0.382,0.182,0.355,0.046,1.231
0.557,5.31,1095,CMC1+ Temra,0.958,0.023,0.895,0.022,0.006,1.69,0.06,0.894,0.013,0.434,0.165,1.849,0.071,0.025,1.909,0.086,0.559,0.193,0.259,0.563,0.298,0.206,0.338,0.033,1.28
8.222,10.862,2,Cycling T,0.5,0.0,0.528,0.0,0.0,1.169,0.778,0.945,0.0,0.528,0.0,0.0,0.0,0.0,0.942,0.0,0.528,0.942,0.778,2.028,0.0,0.0,0.0,0.528,0.0
0.697,4.586,278,CMC1+ Temra,0.813,0.045,0.978,0.033,0.019,1.404,0.073,0.817,0.07,1.477,0.172,1.623,0.331,0.038,1.61,0.128,0.522,0.349,0.602,0.639,0.274,0.592,0.235,0.075,0.92
0.557,6.276,1194,CMC1+ Temra,0.938,0.025,0.735,0.012,0.009,1.976,0.077,0.896,0.002,0.22,0.157,1.981,0.042,0.04,2.158,0.075,0.777,0.195,0.196,0.663,0.32,0.133,0.395,0.034,1.428
-0.836,5.31,138,ILTCK,0.768,0.061,1.337,0.081,0.017,2.497,0.235,1.375,0.027,0.899,0.245,1.854,0.13,0.096,2.649,0.156,0.83,0.415,0.564,1.182,0.361,0.37,0.359,0.281,1.177
0.836,7.241,924,CMC1+ Temra,0.593,0.021,0.819,0.018,0.009,2.144,0.075,1.012,0.0,0.354,0.193,1.682,0.049,0.088,2.058,0.094,0.695,0.325,0.249,0.796,0.318,0.122,0.299,0.067,1.157
11.428,9.172,143,Cycling T,1.0,0.014,0.774,0.154,0.141,0.799,0.269,0.61,0.252,0.153,0.589,0.998,0.267,0.299,1.097,0.622,0.678,0.315,0.656,0.756,0.284,0.257,0.463,0.149,0.343
10.313,8.207,235,Cycling T,0.536,0.026,0.834,0.135,0.22,0.752,0.281,0.687,0.651,0.146,0.494,0.277,0.176,0.467,0.89,0.671,0.492,0.106,0.436,0.317,0.206,0.19,0.501,1.142,0.288
9.058,6.517,464,GZMK+ Tex,0.625,0.049,1.41,0.663,0.252,1.963,0.818,0.873,0.289,0.142,0.673,0.335,0.032,0.778,1.537,1.826,0.808,0.033,0.179,0.657,0.24,0.068,0.649,0.237,0.351
11.846,10.379,239,Cycling T,1.0,0.035,1.333,0.468,0.362,1.207,0.652,1.056,0.56,0.089,0.665,0.205,0.114,0.636,1.198,1.363,0.538,0.063,0.122,0.54,0.236,0.047,0.613,0.407,0.231
0.279,4.828,191,CMC1+ Temra,0.717,0.04,0.892,0.061,0.011,1.56,0.058,0.88,0.048,1.092,0.217,1.503,0.212,0.05,1.914,0.139,0.595,0.391,0.428,0.678,0.28,0.381,0.187,0.099,0.902
8.919,7.724,511,ITGAE+ Tex,0.851,0.017,1.419,0.674,0.477,2.591,0.869,1.203,0.745,0.098,0.64,0.172,0.025,0.914,1.584,2.141,0.551,0.008,0.081,0.476,0.164,0.027,0.51,0.4,0.436
0.418,5.552,1159,CMC1+ Temra,0.974,0.024,0.76,0.019,0.003,1.889,0.055,0.862,0.009,0.313,0.138,1.942,0.058,0.029,2.004,0.081,0.629,0.194,0.224,0.605,0.331,0.176,0.399,0.038,1.395
0.976,7.0,1020,CMC1+ Temra,0.811,0.041,0.89,0.005,0.012,2.158,0.123,0.975,0.005,0.258,0.147,1.828,0.047,0.073,2.093,0.113,0.695,0.249,0.181,0.669,0.285,0.117,0.386,0.065,1.329
11.846,9.897,136,Cycling T,1.0,0.013,1.078,0.347,0.343,0.801,0.574,0.923,0.548,0.027,0.48,0.269,0.031,0.66,1.039,1.218,0.565,0.046,0.143,0.54,0.208,0.037,0.773,0.316,0.127
-0.279,5.31,316,CMC1+ Temra,0.829,0.009,0.758,0.036,0.007,2.16,0.072,0.946,0.012,0.544,0.177,1.506,0.04,0.067,2.269,0.066,0.66,0.363,0.459,0.739,0.321,0.267,0.306,0.126,1.159
12.124,10.862,19,Cycling T,1.0,0.039,1.733,0.0,0.191,0.655,0.359,0.781,0.186,0.256,0.419,0.214,0.513,0.166,0.801,0.817,0.495,0.19,0.746,0.821,0.125,0.191,0.095,0.257,0.0
6.689,-1.931,24,MAIT,1.0,0.107,1.855,0.345,0.045,0.0,0.0,1.446,0.0,3.285,0.144,1.746,0.0,0.0,1.508,0.0,0.433,0.724,0.041,0.886,0.179,1.168,0.132,0.0,0.211
-0.697,5.552,282,CMC1+ Temra,0.606,0.011,0.916,0.027,0.005,2.535,0.13,1.158,0.014,0.473,0.271,1.485,0.083,0.046,2.567,0.07,0.716,0.396,0.524,0.925,0.426,0.222,0.319,0.15,1.087
0.139,-2.172,19,Tn,1.0,0.0,0.442,0.0,0.0,0.074,0.0,0.71,0.0,2.367,0.164,1.115,0.99,0.0,0.069,0.0,0.34,0.19,1.455,0.595,0.163,1.625,0.0,0.0,0.088
0.557,-1.931,87,Tn,1.0,0.012,0.742,0.0,0.0,0.0,0.0,0.578,0.064,2.225,0.177,1.444,1.617,0.0,0.137,0.0,0.206,0.331,1.481,0.591,0.15,1.56,0.0,0.0,0.012
0.697,5.552,1212,CMC1+ Temra,0.977,0.015,0.849,0.018,0.005,1.731,0.062,0.868,0.004,0.326,0.13,1.91,0.036,0.044,1.932,0.103,0.606,0.171,0.214,0.577,0.292,0.155,0.343,0.042,1.424
-0.557,6.276,565,CMC1+ Temra,0.612,0.031,0.629,0.021,0.008,2.346,0.065,0.954,0.0,0.456,0.157,1.756,0.073,0.058,2.414,0.042,0.698,0.366,0.376,0.924,0.338,0.198,0.349,0.092,1.224
1.533,3.138,42,ILTCK,0.429,0.025,0.914,0.069,0.0,0.345,0.031,0.583,0.257,2.123,0.182,1.586,1.236,0.0,0.479,0.099,0.38,0.359,1.003,0.507,0.134,1.553,0.438,0.114,0.12
2.509,2.897,139,ITGAE+ Trm,0.36,0.034,1.4,0.035,0.0,0.089,0.026,0.548,0.232,2.386,0.183,1.216,0.842,0.078,0.265,0.435,0.396,0.741,0.951,0.588,0.141,0.884,0.165,0.182,0.076
-0.279,6.276,694,CMC1+ Temra,0.769,0.032,0.646,0.01,0.01,2.287,0.061,0.97,0.002,0.345,0.136,1.846,0.069,0.047,2.372,0.042,0.716,0.297,0.25,0.801,0.358,0.169,0.37,0.06,1.301
-0.976,6.035,367,CMC1+ Temra,0.49,0.025,0.75,0.01,0.012,2.714,0.199,1.065,0.009,0.377,0.207,1.697,0.066,0.05,2.769,0.055,0.705,0.363,0.387,1.079,0.371,0.186,0.368,0.076,1.375
0.0,5.31,577,CMC1+ Temra,0.925,0.024,0.716,0.011,0.002,2.012,0.046,0.865,0.006,0.46,0.143,1.64,0.059,0.027,2.081,0.07,0.625,0.314,0.313,0.581,0.336,0.221,0.341,0.066,1.189
0.279,5.793,1283,CMC1+ Temra,0.973,0.022,0.717,0.009,0.007,2.007,0.063,0.911,0.004,0.223,0.141,2.005,0.029,0.039,2.174,0.077,0.676,0.192,0.201,0.63,0.345,0.144,0.379,0.029,1.441
1.672,3.379,143,ILTCK,0.441,0.089,1.329,0.04,0.0,0.328,0.008,0.794,0.207,2.282,0.213,1.676,1.395,0.04,0.701,0.128,0.336,0.653,1.219,0.715,0.19,1.48,0.213,0.224,0.251
-1.672,-1.448,425,Tn,1.0,0.024,0.283,0.0,0.0,0.005,0.011,0.485,0.074,2.327,0.176,1.481,1.763,0.0,0.129,0.002,0.206,0.495,1.84,0.705,0.147,1.853,0.011,0.0,0.003
-0.976,8.931,222,GNLY+ Temra,1.0,0.051,0.327,0.0,0.005,2.737,0.013,0.951,0.0,0.234,0.168,1.83,0.084,0.067,2.56,0.024,0.611,0.654,0.15,1.196,0.382,0.085,0.188,0.058,1.117
11.288,8.931,245,Cycling T,1.0,0.023,0.53,0.135,0.118,0.737,0.213,0.488,0.146,0.136,0.633,0.893,0.235,0.23,1.156,0.405,0.571,0.282,0.903,0.65,0.287,0.218,0.41,0.084,0.329
0.0,4.828,129,ILTCK,0.558,0.052,1.215,0.072,0.018,1.891,0.14,0.982,0.057,1.448,0.213,1.57,0.318,0.077,1.965,0.294,0.592,0.423,0.637,0.895,0.277,0.598,0.242,0.248,1.044
-1.533,-2.172,4,Tn,1.0,0.0,0.0,0.0,0.0,0.0,0.0,0.768,0.0,2.371,0.0,1.724,1.061,0.0,0.0,0.0,0.0,0.699,1.619,0.812,0.572,0.812,0.0,0.0,0.0
12.264,10.621,5,Cycling T,1.0,0.163,1.353,0.432,0.0,2.122,0.566,0.933,0.642,0.205,0.767,0.163,0.213,0.269,1.367,0.619,0.716,0.0,0.652,0.868,0.0,0.0,0.0,1.061,0.0
-0.557,5.793,492,CMC1+ Temra,0.837,0.037,0.694,0.009,0.005,2.543,0.103,1.022,0.004,0.299,0.207,1.534,0.055,0.037,2.462,0.058,0.713,0.293,0.381,0.928,0.348,0.171,0.289,0.104,1.215
-0.139,-2.172,24,Tn,1.0,0.0,0.636,0.0,0.0,0.0,0.0,0.694,0.064,2.562,0.043,1.554,1.588,0.0,0.07,0.0,0.101,0.551,1.926,0.47,0.109,1.73,0.031,0.0,0.053
1.115,-1.931,77,Tn,1.0,0.0,1.162,0.0,0.0,0.0,0.012,0.489,0.132,1.933,0.213,1.372,1.174,0.017,0.103,0.043,0.107,0.328,1.452,0.711,0.063,1.58,0.012,0.0,0.018
11.846,11.345,48,Cycling T,1.0,0.072,0.659,0.093,0.298,0.681,0.227,0.785,0.048,0.498,0.6,0.267,0.336,0.072,0.938,0.373,0.583,0.51,0.832,0.943,0.172,0.216,0.129,0.405,0.105
-1.115,6.276,289,GNLY+ Temra,0.675,0.011,0.619,0.02,0.0,2.704,0.139,1.147,0.005,0.38,0.177,1.702,0.088,0.022,2.735,0.044,0.749,0.472,0.37,1.073,0.372,0.171,0.328,0.103,1.286
-0.557,9.172,245,GNLY+ Temra,1.0,0.02,0.386,0.0,0.008,2.792,0.055,0.966,0.0,0.222,0.128,1.747,0.113,0.031,2.656,0.006,0.605,0.564,0.164,1.217,0.292,0.045,0.168,0.178,1.051
0.139,5.069,352,CMC1+ Temra,0.889,0.029,0.762,0.038,0.016,1.802,0.075,0.873,0.018,0.619,0.167,1.537,0.097,0.018,1.899,0.1,0.689,0.283,0.459,0.643,0.236,0.318,0.299,0.056,1.107
11.149,9.172,351,Cycling T,1.0,0.026,0.809,0.086,0.214,0.966,0.215,0.571,0.278,0.146,0.574,0.554,0.118,0.316,0.999,0.809,0.696,0.166,0.506,0.546,0.189,0.168,0.46,0.278,0.391
11.288,7.0,23,GZMK+ Tex,0.913,0.0,0.387,0.288,0.396,0.676,1.034,0.909,0.462,0.064,0.297,0.042,0.14,0.722,1.235,0.876,0.364,0.091,0.161,0.19,0.091,0.0,1.183,0.285,0.415
-1.254,6.035,200,GNLY+ Temra,0.385,0.041,0.705,0.024,0.014,2.934,0.215,1.312,0.022,0.436,0.192,1.745,0.054,0.046,2.92,0.035,0.852,0.372,0.48,1.111,0.391,0.147,0.297,0.107,1.16
-1.394,-1.931,67,Tn,1.0,0.0,0.371,0.0,0.0,0.0,0.0,0.358,0.128,2.323,0.181,1.453,1.744,0.0,0.045,0.0,0.258,0.479,1.724,0.776,0.035,1.82,0.013,0.0,0.0
-1.672,6.759,165,GNLY+ Temra,0.994,0.023,0.404,0.0,0.0,2.939,0.084,0.946,0.009,0.472,0.247,1.708,0.156,0.017,2.75,0.009,0.754,0.592,0.526,1.173,0.375,0.152,0.185,0.098,1.204
-1.533,3.621,10,ILTCK,1.0,0.0,0.827,0.0,0.0,2.319,0.177,1.357,0.0,1.892,0.182,1.534,0.988,0.0,2.274,0.0,0.544,0.282,1.794,0.828,0.187,1.526,0.426,0.311,0.627
1.533,4.103,388,CMC1+ Temra,0.588,0.05,1.425,0.022,0.005,1.033,0.048,0.702,0.103,1.857,0.197,1.858,0.69,0.054,1.178,0.146,0.383,0.405,0.804,0.649,0.229,0.825,0.218,0.128,0.857
0.418,-2.172,6,Tn,1.0,0.0,0.783,0.0,0.0,0.0,0.0,0.17,0.0,2.535,0.17,1.383,1.226,0.0,0.0,0.0,0.279,0.906,1.785,0.549,0.0,1.672,0.0,0.0,0.0
0.0,-2.414,4,Tn,1.0,0.0,0.386,0.0,0.0,0.0,0.0,0.758,0.0,2.01,0.368,1.334,1.882,0.0,0.0,0.0,0.0,0.781,1.443,1.154,0.368,1.831,0.0,0.0,0.0
-0.697,4.586,273,ILTCK,1.0,0.04,1.329,0.069,0.021,2.115,0.237,1.391,0.05,2.062,0.253,1.928,0.58,0.038,2.439,0.155,0.783,0.513,1.079,1.063,0.301,0.987,0.235,0.302,0.786
-0.976,5.069,153,ILTCK,0.974,0.036,1.264,0.089,0.014,2.448,0.276,1.44,0.007,1.506,0.28,1.846,0.21,0.045,2.679,0.129,0.867,0.418,0.718,1.234,0.38,0.58,0.318,0.365,1.01
10.87,8.69,324,Cycling T,1.0,0.017,0.605,0.149,0.097,0.868,0.171,0.599,0.102,0.203,0.585,0.687,0.167,0.222,1.257,0.406,0.525,0.196,0.755,0.627,0.233,0.208,0.35,0.096,0.432
8.78,7.483,597,ITGAE+ Tex,0.869,0.052,1.462,0.79,0.524,2.697,0.965,1.188,0.582,0.094,0.763,0.185,0.025,0.923,1.74,2.212,0.576,0.016,0.071,0.521,0.199,0.025,0.499,0.306,0.456
-1.394,6.276,148,GNLY+ Temra,0.851,0.009,0.563,0.007,0.009,2.901,0.169,1.223,0.0,0.396,0.274,1.627,0.132,0.049,2.775,0.04,0.742,0.517,0.413,1.227,0.37,0.11,0.293,0.151,1.264
-1.394,4.828,102,ILTCK,1.0,0.044,1.136,0.051,0.013,2.724,0.49,1.634,0.014,1.576,0.38,2.113,0.424,0.015,2.938,0.094,0.751,0.665,1.042,1.097,0.412,0.88,0.325,0.273,1.083
1.115,4.345,344,CMC1+ Temra,0.759,0.033,1.196,0.02,0.013,1.159,0.025,0.815,0.072,1.736,0.208,1.84,0.462,0.043,1.375,0.134,0.456,0.345,0.719,0.72,0.206,0.661,0.229,0.108,0.908
8.78,6.035,547,GZMK+ Tex,0.548,0.042,1.477,0.67,0.2,1.643,0.606,0.757,0.116,0.218,0.585,0.441,0.074,0.613,1.409,1.704,0.732,0.074,0.293,0.725,0.291,0.102,0.528,0.154,0.362
-0.279,9.655,13,GNLY+ Temra,1.0,0.0,0.29,0.0,0.0,2.791,0.0,0.927,0.0,0.0,0.18,1.479,0.0,0.0,2.525,0.1,0.642,0.526,0.332,0.53,0.18,0.079,0.2,0.0,0.408
11.985,11.104,102,Cycling T,1.0,0.0,1.579,0.022,0.103,0.312,0.157,0.511,0.153,0.331,0.585,0.191,0.73,0.066,0.479,0.569,0.441,0.319,0.566,0.632,0.078,0.339,0.168,0.247,0.033
-1.951,-1.448,125,Tn,1.0,0.01,0.271,0.0,0.0,0.0,0.006,0.463,0.118,2.326,0.143,1.546,1.774,0.0,0.102,0.0,0.192,0.445,1.898,0.703,0.109,1.927,0.014,0.0,0.0
-1.254,-2.172,16,Tn,1.0,0.0,0.179,0.0,0.0,0.0,0.104,0.5,0.0,2.423,0.091,1.178,1.492,0.0,0.07,0.0,0.0,0.486,1.7,0.882,0.257,1.71,0.0,0.0,0.0
3.902,11.586,2,ZNF683+ Teff,1.0,0.0,1.436,0.0,0.0,0.966,0.749,2.002,0.0,0.0,0.0,0.0,0.687,0.0,1.144,0.0,0.0,0.687,1.715,1.893,0.0,0.0,0.0,1.436,0.0
-0.418,5.069,115,ILTCK,0.67,0.008,1.236,0.101,0.005,2.213,0.177,1.33,0.019,1.227,0.24,1.61,0.155,0.072,2.285,0.176,0.866,0.412,0.805,1.021,0.362,0.533,0.345,0.224,1.11
-2.23,1.448,14,Tn,1.0,0.0,0.267,0.0,0.0,0.19,0.085,0.22,0.176,2.672,0.0,1.704,2.313,0.0,0.257,0.0,0.083,0.336,2.049,0.897,0.229,2.049,0.121,0.0,0.0
2.509,3.379,264,Early Tcm/Tem,0.807,0.033,1.453,0.032,0.0,0.325,0.019,0.895,0.143,2.438,0.2,1.796,1.028,0.037,0.602,0.13,0.406,0.602,1.021,0.815,0.266,1.233,0.12,0.332,0.211
-1.812,5.552,1,ILTCK,1.0,0.0,1.424,0.0,0.0,3.139,0.0,2.348,0.0,0.0,0.0,0.0,0.0,0.0,3.575,0.0,0.0,1.424,0.0,0.0,1.424,0.0,0.0,1.989,1.989
1.394,3.379,59,ILTCK,0.78,0.041,1.337,0.035,0.016,0.331,0.047,0.662,0.068,2.121,0.266,1.938,1.196,0.025,0.767,0.181,0.421,0.598,1.669,0.749,0.257,1.75,0.103,0.27,0.209
-1.254,6.517,279,GNLY+ Temra,0.946,0.018,0.658,0.006,0.005,2.708,0.177,1.02,0.0,0.426,0.194,1.772,0.109,0.029,2.641,0.021,0.799,0.406,0.384,1.178,0.358,0.129,0.211,0.099,1.261
-1.254,5.552,173,ILTCK,0.896,0.068,1.063,0.05,0.046,2.949,0.387,1.477,0.016,0.356,0.232,2.035,0.103,0.043,3.117,0.127,1.006,0.409,0.535,1.253,0.491,0.193,0.429,0.103,1.375
-1.115,5.31,150,ILTCK,0.86,0.063,1.173,0.063,0.031,2.726,0.308,1.588,0.0,0.951,0.299,2.053,0.131,0.068,2.959,0.097,0.936,0.473,0.644,1.244,0.408,0.306,0.359,0.22,1.377
-0.279,4.828,114,ILTCK,0.798,0.081,1.334,0.098,0.032,2.254,0.202,1.283,0.037,1.796,0.271,1.797,0.478,0.031,2.272,0.179,0.777,0.511,0.858,0.933,0.416,0.774,0.221,0.247,0.899
11.985,11.586,1,Cycling T,1.0,0.0,1.208,1.927,0.776,0.0,0.0,0.0,0.0,0.0,0.0,0.0,0.0,0.0,1.208,0.0,0.0,0.0,1.208,1.927,0.776,0.0,0.0,1.208,0.0
-1.115,5.793,260,ILTCK,0.546,0.052,0.798,0.024,0.036,2.881,0.284,1.302,0.003,0.39,0.215,1.779,0.092,0.033,2.92,0.06,0.798,0.43,0.45,1.19,0.44,0.15,0.371,0.096,1.337
9.058,5.552,481,GZMK+ Tex,0.586,0.038,1.562,0.508,0.148,0.821,0.526,0.729,0.132,0.214,0.476,0.467,0.095,0.581,1.228,1.485,0.628,0.122,0.361,0.755,0.316,0.191,0.719,0.191,0.251
3.345,8.207,121,MACF1+ T,0.496,0.064,1.261,0.09,0.029,1.411,0.067,1.035,0.0,0.711,0.11,1.057,0.157,0.139,1.527,0.262,0.51,0.337,0.267,0.835,0.308,0.169,0.329,0.103,1.221
7.665,0.724,5,GZMK+ Tem,1.0,0.0,2.043,0.0,0.0,0.245,0.0,0.584,0.0,2.583,0.0,1.096,0.699,0.0,0.347,0.398,0.0,0.869,1.228,1.401,0.452,0.578,0.0,0.0,0.227
10.591,11.586,10,Cycling T,1.0,0.062,0.314,0.062,0.458,1.411,0.415,0.849,0.0,0.507,0.281,0.376,0.0,0.092,1.124,0.221,0.399,0.151,0.123,1.508,0.698,0.083,0.732,0.514,0.377
3.066,10.621,5,ZNF683+ Teff,1.0,0.0,1.372,0.0,0.0,2.122,0.0,1.588,0.0,1.036,0.0,0.0,0.0,0.0,1.447,0.0,0.318,0.604,0.309,1.732,0.627,0.0,0.0,0.0,0.0
10.591,8.207,85,Cycling T,0.776,0.02,0.58,0.14,0.113,0.679,0.349,0.577,0.321,0.241,0.483,0.659,0.251,0.307,1.257,0.271,0.521,0.245,0.717,0.44,0.335,0.281,0.38,0.502,0.405
-0.557,5.31,179,CMC1+ Temra,0.48,0.065,0.91,0.062,0.009,2.369,0.152,1.083,0.031,0.724,0.193,1.734,0.126,0.064,2.389,0.129,0.755,0.315,0.614,0.906,0.366,0.359,0.295,0.226,1.083
-1.812,-1.69,56,Tn,1.0,0.0,0.236,0.0,0.0,0.0,0.0,0.42,0.019,2.563,0.131,1.873,1.797,0.0,0.1,0.0,0.173,0.294,1.933,0.823,0.078,2.065,0.019,0.0,0.0
-1.672,-1.931,22,Tn,1.0,0.0,0.252,0.0,0.0,0.105,0.0,0.661,0.0,2.247,0.381,1.537,1.895,0.0,0.137,0.0,0.332,0.553,1.789,0.747,0.156,2.001,0.0,0.0,0.0
-1.951,-1.931,7,Tn,1.0,0.0,0.386,0.0,0.0,0.194,0.0,0.45,0.0,2.182,0.0,2.026,1.82,0.0,0.286,0.0,0.0,0.17,1.851,0.651,0.194,1.502,0.0,0.0,0.0
0.279,4.345,146,ILTCK,0.938,0.046,1.263,0.02,0.016,1.745,0.117,1.009,0.1,1.859,0.294,1.927,0.743,0.039,1.802,0.206,0.573,0.589,1.315,0.946,0.279,1.113,0.189,0.263,0.82
0.697,-2.172,6,Tn,1.0,0.0,0.414,0.0,0.0,0.0,0.0,0.0,0.159,1.939,0.224,0.957,1.495,0.0,0.0,0.159,0.0,0.899,1.084,1.024,0.0,1.78,0.0,0.0,0.0
-2.09,-1.69,17,Tn,1.0,0.0,0.459,0.0,0.0,0.0,0.0,0.455,0.0,2.155,0.124,1.616,1.862,0.0,0.123,0.0,0.253,0.589,1.953,0.949,0.144,2.074,0.0,0.0,0.0
9.337,5.069,436,GZMK+ Tex,0.649,0.031,1.867,0.483,0.137,0.474,0.537,0.765,0.195,0.248,0.369,0.438,0.12,0.587,0.966,1.642,0.517,0.067,0.291,0.607,0.382,0.233,0.62,0.298,0.191
0.418,4.586,141,CMC1+ Temra,0.496,0.041,1.22,0.07,0.016,1.8,0.105,1.013,0.071,1.526,0.278,1.542,0.391,0.057,1.857,0.207,0.624,0.367,0.665,0.825,0.321,0.687,0.167,0.169,0.95
7.386,0.724,6,GZMK+ Tem,1.0,0.0,0.879,0.243,0.0,0.0,0.0,0.0,0.0,2.566,0.223,1.254,0.447,0.0,0.452,0.0,0.769,0.893,1.15,0.675,0.447,1.061,0.461,0.0,0.223
11.567,8.931,66,Cycling T,1.0,0.026,0.43,0.348,0.224,0.806,0.453,0.502,0.27,0.076,0.791,1.3,0.364,0.352,1.556,0.185,0.527,0.46,1.166,0.864,0.374,0.222,0.517,0.096,0.19
2.23,1.931,279,Tn,0.767,0.028,1.503,0.0,0.011,0.062,0.022,0.361,0.335,1.69,0.131,1.218,0.588,0.025,0.098,0.332,0.353,0.512,0.749,0.378,0.02,0.668,0.044,0.073,0.026
1.951,2.897,45,Early Tcm/Tem,0.467,0.026,1.364,0.021,0.025,0.166,0.035,0.454,0.28,1.962,0.27,1.502,1.509,0.057,0.168,0.346,0.205,0.566,0.892,0.697,0.152,1.673,0.151,0.256,0.184
4.46,-2.414,14,MAIT,1.0,0.0,1.3,0.908,0.0,0.0,0.0,0.876,0.0,2.923,0.379,1.553,0.0,0.0,1.731,0.0,0.4,0.751,0.0,1.044,0.084,0.533,0.161,0.0,0.156
-1.394,5.793,118,ILTCK,0.831,0.013,0.838,0.042,0.0,3.009,0.372,1.423,0.0,0.39,0.301,2.08,0.035,0.054,3.13,0.063,0.878,0.548,0.409,1.319,0.408,0.121,0.368,0.089,1.415
-0.697,5.069,113,ILTCK,0.823,0.048,1.259,0.104,0.033,2.177,0.28,1.389,0.015,1.587,0.237,1.722,0.157,0.028,2.465,0.154,0.747,0.454,0.718,1.016,0.346,0.651,0.363,0.328,1.088
-0.697,-2.172,18,Tn,1.0,0.0,0.165,0.0,0.0,0.0,0.0,0.159,0.103,2.487,0.254,1.456,1.236,0.0,0.048,0.0,0.366,0.72,1.909,0.863,0.037,1.982,0.0,0.0,0.0
7.804,0.966,20,GZMK+ Tem,1.0,0.0,0.88,0.181,0.0,0.076,0.0,0.146,0.062,2.394,0.215,1.382,0.196,0.279,0.48,0.121,0.228,0.555,1.423,0.821,0.25,1.15,0.48,0.0,0.406
-1.533,6.035,50,GNLY+ Temra,0.48,0.0,0.768,0.0,0.0,3.031,0.141,1.346,0.0,0.286,0.233,1.778,0.019,0.0,3.056,0.0,0.831,0.455,0.505,1.209,0.422,0.148,0.393,0.117,1.272
2.648,2.172,248,Tcm,0.375,0.046,1.509,0.059,0.009,0.081,0.029,0.429,0.311,2.039,0.19,1.091,0.575,0.033,0.081,0.458,0.358,0.695,0.877,0.454,0.076,0.61,0.039,0.038,0.041
-1.533,5.069,73,ILTCK,1.0,0.011,1.211,0.0,0.0,3.086,0.406,1.577,0.02,0.926,0.322,1.988,0.291,0.043,3.146,0.105,1.038,0.529,0.908,1.307,0.481,0.47,0.415,0.169,1.446
-1.672,6.276,31,GNLY+ Temra,0.903,0.0,0.457,0.0,0.0,2.906,0.062,0.985,0.0,0.453,0.232,1.413,0.058,0.0,2.688,0.05,0.591,0.433,0.422,1.24,0.261,0.072,0.231,0.0,1.276
11.149,5.793,13,GZMK+ Tex,0.615,0.0,0.779,0.355,0.113,0.0,0.943,0.507,0.487,0.0,0.46,0.505,0.356,0.234,0.99,1.068,0.303,0.321,0.553,0.414,0.113,0.448,0.461,0.116,0.0
-1.533,6.517,163,GNLY+ Temra,0.982,0.036,0.482,0.015,0.008,2.85,0.164,1.0,0.013,0.48,0.222,1.897,0.112,0.007,2.735,0.04,0.78,0.565,0.442,1.242,0.426,0.077,0.294,0.088,1.247
-1.672,8.207,272,GNLY+ Temra,1.0,0.024,0.36,0.0,0.008,2.81,0.038,1.006,0.0,0.501,0.178,1.793,0.079,0.02,2.604,0.005,0.727,0.687,0.203,1.254,0.406,0.075,0.229,0.065,1.17
10.452,8.448,210,Cycling T,0.795,0.015,0.757,0.115,0.244,0.893,0.258,0.665,0.398,0.165,0.485,0.467,0.214,0.392,1.05,0.593,0.584,0.134,0.512,0.421,0.256,0.194,0.526,0.698,0.394
10.173,8.448,221,Cycling T,0.828,0.019,0.936,0.203,0.277,1.266,0.466,0.782,0.483,0.19,0.503,0.401,0.127,0.585,1.197,1.023,0.616,0.09,0.303,0.441,0.272,0.116,0.628,0.74,0.388
-2.369,7.966,2,GNLY+ Temra,1.0,0.0,0.0,0.0,0.0,2.66,0.0,2.028,0.0,0.72,0.72,1.004,0.0,0.72,2.843,0.0,0.72,0.844,0.0,0.844,0.0,0.0,0.0,0.0,1.184
-1.115,8.69,373,GNLY+ Temra,1.0,0.017,0.439,0.0,0.01,2.715,0.016,0.918,0.0,0.364,0.192,1.828,0.086,0.049,2.546,0.031,0.558,0.662,0.184,1.126,0.354,0.051,0.147,0.057,1.13
3.205,-0.724,16,Tn,0.5,0.0,0.779,0.0,0.0,0.0,0.057,0.253,0.0,2.003,0.248,1.697,0.854,0.0,0.0,0.0,0.18,0.444,1.18,0.98,0.076,1.428,0.0,0.0,0.0
10.87,9.172,426,Cycling T,1.0,0.032,0.806,0.161,0.324,1.088,0.317,0.647,0.348,0.15,0.574,0.476,0.129,0.394,0.948,0.778,0.639,0.124,0.421,0.522,0.156,0.079,0.473,0.429,0.385
9.477,5.31,503,GZMK+ Tex,0.847,0.031,1.765,0.633,0.13,0.638,0.591,0.815,0.217,0.254,0.425,0.327,0.09,0.728,1.156,1.815,0.617,0.068,0.17,0.577,0.362,0.115,0.72,0.246,0.153
-2.369,-1.69,4,Tn,1.0,0.0,0.0,0.0,0.0,0.0,0.0,0.445,0.0,2.381,0.445,1.306,2.148,0.0,0.0,0.0,0.248,0.773,1.298,1.185,0.248,1.825,0.248,0.0,0.0
10.173,5.069,195,GZMK+ Tex,0.795,0.022,1.815,0.583,0.172,0.281,0.796,0.591,0.312,0.115,0.301,0.404,0.149,0.75,1.145,1.922,0.553,0.104,0.319,0.44,0.47,0.128,0.755,0.198,0.104
-1.672,4.828,36,ILTCK,1.0,0.129,0.975,0.0,0.0,2.825,0.384,1.496,0.019,1.205,0.152,2.064,0.846,0.0,3.074,0.076,0.986,0.348,1.442,1.267,0.501,0.766,0.588,0.179,1.563
-2.648,0.724,32,Tn,1.0,0.023,0.304,0.0,0.0,0.0,0.025,0.235,0.147,2.564,0.225,1.584,2.087,0.0,0.077,0.0,0.243,0.498,2.116,0.748,0.325,2.229,0.0,0.0,0.0
9.895,5.552,784,GZMK+ Tex,0.941,0.024,1.897,0.528,0.196,0.595,0.886,0.713,0.309,0.105,0.27,0.243,0.04,0.828,1.366,2.084,0.641,0.025,0.083,0.373,0.391,0.07,0.828,0.224,0.121
9.895,3.138,18,SELL+ Tpex,1.0,0.0,0.757,0.0,0.0,0.0,0.447,0.122,0.278,0.568,0.204,1.417,1.227,0.0,0.45,0.135,0.292,0.437,1.613,1.09,0.685,2.243,0.268,0.0,0.0
10.87,7.724,21,GZMK+ Tex,0.524,0.0,0.449,0.18,0.41,0.618,0.724,0.562,0.316,0.221,0.578,0.538,0.145,0.694,1.179,0.813,0.287,0.174,0.533,0.563,0.533,0.232,0.735,1.029,0.243
9.895,4.586,155,SELL+ Tpex,0.452,0.047,1.572,0.49,0.124,0.186,0.496,0.454,0.155,0.324,0.571,0.715,0.362,0.351,0.884,1.281,0.565,0.24,0.77,0.61,0.455,0.521,0.547,0.114,0.14
-0.279,2.414,1,Tn,1.0,0.0,0.0,1.059,0.0,0.0,1.059,0.0,1.562,2.652,0.0,0.0,1.059,0.0,1.059,0.0,1.895,1.895,1.562,1.059,1.562,1.895,0.0,0.0,0.0
3.066,8.207,264,GNLY+ Temra,0.833,0.086,1.428,0.051,0.006,1.951,0.105,1.036,0.013,0.951,0.161,0.941,0.038,0.083,1.435,0.399,0.765,0.495,0.226,0.907,0.188,0.095,0.118,0.151,0.972
8.919,8.69,185,ITGAE+ Tex,0.465,0.019,1.296,0.516,0.668,2.503,0.664,1.242,0.491,0.153,0.749,0.136,0.029,0.678,1.525,1.772,0.636,0.039,0.157,0.598,0.133,0.027,0.502,0.323,0.405
8.64,6.276,515,GZMK+ Tex,0.379,0.051,1.397,0.653,0.284,1.728,0.602,0.863,0.151,0.29,0.602,0.403,0.09,0.632,1.412,1.729,0.669,0.083,0.275,0.782,0.275,0.128,0.485,0.161,0.412
2.09,0.241,669,Tn,0.927,0.037,1.79,0.0,0.002,0.007,0.016,0.525,0.421,2.02,0.15,1.578,1.03,0.02,0.045,0.21,0.236,0.404,1.416,0.48,0.074,1.248,0.029,0.021,0.012
9.198,5.31,447,GZMK+ Tex,0.689,0.037,1.692,0.628,0.143,0.759,0.489,0.678,0.11,0.22,0.492,0.457,0.147,0.582,1.146,1.564,0.53,0.115,0.347,0.759,0.374,0.183,0.575,0.226,0.226
9.616,7.483,291,ITGAE+ Tex,0.577,0.025,1.175,0.534,0.381,2.082,0.736,1.167,0.888,0.165,0.502,0.388,0.047,0.889,1.635,1.857,0.526,0.055,0.21,0.445,0.178,0.096,0.523,0.693,0.374
11.01,8.448,135,Cycling T,0.978,0.007,0.485,0.243,0.075,0.727,0.245,0.466,0.13,0.133,0.646,0.929,0.246,0.271,1.364,0.209,0.487,0.293,0.916,0.671,0.34,0.251,0.253,0.071,0.223
10.313,8.69,245,Cycling T,0.98,0.015,0.8,0.213,0.312,0.872,0.409,0.745,0.358,0.204,0.575,0.393,0.148,0.518,1.044,0.878,0.517,0.145,0.379,0.498,0.279,0.126,0.544,0.505,0.377
9.755,4.828,307,GZMK+ Tex,0.691,0.042,1.97,0.499,0.146,0.274,0.542,0.766,0.31,0.263,0.426,0.359,0.129,0.71,0.931,1.924,0.481,0.069,0.258,0.39,0.419,0.262,0.77,0.293,0.129
3.205,9.414,1,ZNF683+ Teff,1.0,0.0,1.924,0.0,0.0,3.307,0.0,2.279,0.0,0.0,0.0,0.0,1.367,0.0,1.367,0.0,0.0,1.367,1.924,2.279,0.0,0.0,0.0,1.924,1.367
10.034,4.828,159,GZMK+ Tex,0.597,0.036,1.702,0.476,0.104,0.209,0.6,0.493,0.296,0.257,0.406,0.696,0.255,0.591,1.062,1.471,0.432,0.122,0.492,0.523,0.374,0.383,0.711,0.203,0.139
8.222,7.483,647,ITGAE+ Tex,0.77,0.027,1.379,0.869,0.613,2.317,0.785,1.028,0.378,0.174,0.85,0.154,0.073,0.68,1.457,1.806,0.747,0.034,0.131,0.665,0.179,0.05,0.352,0.22,0.475
9.616,5.552,583,GZMK+ Tex,0.897,0.032,1.775,0.618,0.214,0.766,0.881,0.78,0.259,0.114,0.412,0.329,0.073,0.8,1.293,1.879,0.611,0.056,0.178,0.505,0.406,0.061,0.758,0.217,0.161
-1.951,4.345,69,ILTCK,1.0,0.038,0.707,0.0,0.0,2.557,0.394,1.234,0.033,1.927,0.373,2.196,1.468,0.0,2.911,0.024,0.691,0.676,1.54,1.299,0.325,1.586,0.412,0.076,0.991
-1.394,8.207,662,GNLY+ Temra,1.0,0.014,0.486,0.009,0.002,2.705,0.02,0.937,0.002,0.532,0.226,1.73,0.091,0.046,2.417,0.014,0.706,0.64,0.171,1.116,0.416,0.075,0.189,0.071,1.122
8.362,6.759,521,ITGAE+ Tex,0.729,0.077,1.477,0.75,0.319,2.269,0.704,0.955,0.257,0.252,0.77,0.336,0.075,0.684,1.627,1.81,0.852,0.032,0.222,0.773,0.228,0.092,0.456,0.182,0.494
9.895,8.448,195,Cycling T,0.892,0.029,0.989,0.226,0.256,1.342,0.449,0.967,0.359,0.172,0.491,0.484,0.118,0.416,1.265,1.023,0.656,0.126,0.368,0.588,0.175,0.096,0.495,0.426,0.487
1.812,2.655,29,Tn,0.345,0.051,1.16,0.0,0.0,0.054,0.0,0.557,0.328,2.032,0.187,1.412,1.272,0.0,0.131,0.313,0.249,0.737,0.951,0.395,0.159,1.359,0.203,0.29,0.092
0.836,9.172,118,GNLY+ Temra,1.0,0.014,0.888,0.0,0.0,2.22,0.04,0.921,0.0,0.137,0.224,1.499,0.085,0.064,1.991,0.068,0.49,0.354,0.336,1.041,0.278,0.065,0.18,0.083,0.844
1.254,8.931,134,GNLY+ Temra,0.993,0.011,1.046,0.009,0.008,2.325,0.046,1.074,0.0,0.312,0.15,1.545,0.084,0.09,1.913,0.196,0.553,0.4,0.296,0.955,0.224,0.084,0.168,0.077,0.93
3.623,11.586,1,ZNF683+ Teff,1.0,0.0,1.178,0.0,0.0,1.178,0.0,0.0,0.0,0.0,0.0,0.0,0.0,0.0,1.703,0.0,0.0,1.178,1.178,1.703,0.0,1.703,1.178,0.0,0.0
3.066,11.104,3,ZNF683+ Teff,1.0,0.0,0.78,0.352,0.0,0.78,0.44,0.528,0.0,0.352,0.0,0.0,0.0,0.0,1.403,0.0,0.88,0.352,0.0,1.26,0.0,0.0,0.0,1.241,0.0
10.313,5.31,218,GZMK+ Tex,0.908,0.004,1.805,0.77,0.22,0.296,0.942,0.685,0.281,0.127,0.396,0.248,0.068,0.894,1.425,2.047,0.528,0.057,0.127,0.318,0.441,0.08,0.846,0.194,0.05
11.567,11.828,13,Cycling T,1.0,0.093,0.607,0.349,0.446,1.153,0.433,0.885,0.0,0.244,0.604,0.811,0.125,0.194,1.705,0.078,0.474,0.504,0.309,1.37,0.224,0.072,0.366,0.233,0.178
11.288,8.448,152,Cycling T,0.987,0.0,0.298,0.225,0.093,0.667,0.259,0.315,0.206,0.08,0.733,0.974,0.258,0.242,1.252,0.189,0.548,0.335,0.99,0.648,0.264,0.244,0.378,0.109,0.283
-0.279,1.931,9,MACF1+ T,0.889,0.0,1.323,0.0,0.0,0.108,0.472,0.535,0.0,1.591,0.108,0.873,1.854,0.0,0.162,0.0,0.162,0.888,1.443,0.271,0.0,1.584,0.0,0.0,0.162
8.78,6.517,467,ITGAE+ Tex,0.448,0.065,1.508,0.832,0.372,2.102,0.793,0.889,0.281,0.163,0.715,0.321,0.05,0.81,1.532,1.914,0.752,0.024,0.154,0.726,0.236,0.06,0.498,0.185,0.425
9.477,11.104,2,Cycling T,1.0,0.0,2.088,0.0,0.0,1.317,1.317,1.082,0.0,0.0,1.005,1.082,0.0,0.0,1.646,1.005,1.317,0.0,0.0,1.005,0.0,0.0,0.0,1.005,1.317
11.567,9.897,396,Cycling T,1.0,0.034,1.4,0.414,0.324,1.632,0.638,1.25,0.563,0.089,0.658,0.406,0.05,0.677,1.13,1.631,0.609,0.065,0.144,0.525,0.186,0.048,0.625,0.341,0.324
11.985,9.172,3,Cycling T,1.0,0.0,1.146,0.111,0.111,0.581,0.0,1.435,0.0,0.0,0.398,0.931,0.0,0.367,0.845,0.714,0.111,0.0,1.029,1.076,0.111,0.714,0.754,0.0,0.287
9.477,7.724,310,ITGAE+ Tex,0.539,0.025,1.257,0.599,0.373,2.247,0.752,1.179,0.758,0.182,0.514,0.258,0.07,0.783,1.563,1.55,0.493,0.039,0.166,0.419,0.195,0.082,0.538,0.818,0.456
6.968,7.241,673,ITGAE+ Tex,0.715,0.058,1.652,1.015,0.505,1.833,0.292,1.337,0.165,0.709,0.937,0.185,0.098,0.519,1.048,1.603,0.866,0.064,0.149,0.738,0.193,0.1,0.268,0.466,0.6
-0.139,4.586,143,ILTCK,0.965,0.046,1.09,0.106,0.046,2.043,0.28,1.155,0.066,1.731,0.281,1.824,0.628,0.044,2.075,0.239,0.701,0.542,1.122,1.0,0.37,0.881,0.284,0.241,0.898
0.836,3.379,19,ILTCK,1.0,0.138,0.401,0.0,0.0,0.387,0.0,0.734,0.207,2.086,0.072,1.786,1.457,0.088,0.849,0.089,0.272,0.9,1.596,0.99,0.455,1.483,0.196,0.213,0.404
8.083,7.241,649,ITGAE+ Tex,0.817,0.053,1.502,0.919,0.521,2.128,0.648,1.051,0.32,0.23,0.91,0.219,0.061,0.752,1.356,1.812,0.743,0.044,0.15,0.739,0.195,0.037,0.336,0.262,0.484
10.034,5.793,782,GZMK+ Tex,0.962,0.01,1.705,0.583,0.24,0.697,1.055,0.774,0.295,0.107,0.281,0.189,0.031,0.863,1.487,2.128,0.664,0.013,0.044,0.383,0.407,0.042,0.843,0.215,0.105
9.895,5.069,402,GZMK+ Tex,0.871,0.012,2.097,0.457,0.173,0.265,0.621,0.764,0.323,0.185,0.332,0.362,0.075,0.751,1.091,2.147,0.543,0.05,0.154,0.378,0.43,0.131,0.809,0.167,0.094
10.313,5.793,732,GZMK+ Tex,0.971,0.011,1.6,0.621,0.224,0.553,1.072,0.717,0.277,0.098,0.225,0.108,0.026,0.909,1.48,1.951,0.559,0.024,0.051,0.393,0.4,0.031,0.89,0.2,0.095
8.919,5.31,515,GZMK+ Tex,0.478,0.035,1.675,0.476,0.105,0.804,0.351,0.711,0.099,0.237,0.483,0.601,0.122,0.55,1.184,1.422,0.674,0.16,0.429,0.76,0.378,0.257,0.633,0.23,0.324
0.557,1.931,26,Tn,0.5,0.106,1.289,0.0,0.0,0.0,0.0,0.368,0.273,1.775,0.128,1.009,0.913,0.083,0.048,0.315,0.535,0.411,1.269,0.451,0.126,1.376,0.0,0.0,0.0
7.804,7.241,631,ITGAE+ Tex,0.708,0.049,1.445,0.783,0.525,1.935,0.582,1.092,0.266,0.336,0.784,0.217,0.145,0.585,1.198,1.611,0.728,0.05,0.183,0.766,0.187,0.08,0.29,0.28,0.489
8.501,7.0,586,ITGAE+ Tex,0.824,0.056,1.471,0.799,0.381,2.391,0.727,1.131,0.348,0.192,0.741,0.3,0.041,0.834,1.541,2.088,0.724,0.029,0.13,0.656,0.209,0.053,0.399,0.235,0.475
10.034,8.207,247,GZMK+ Tex,0.518,0.048,0.763,0.166,0.304,1.516,0.357,0.909,0.493,0.234,0.444,0.244,0.133,0.475,1.062,0.691,0.475,0.113,0.313,0.329,0.191,0.134,0.429,1.353,0.342
1.533,8.931,79,GNLY+ Temra,1.0,0.012,1.335,0.0,0.008,2.375,0.063,1.209,0.02,0.332,0.196,1.272,0.014,0.13,1.901,0.324,0.434,0.339,0.358,1.09,0.275,0.086,0.095,0.06,0.663
9.895,7.966,282,GZMK+ Tex,0.624,0.047,0.96,0.329,0.267,1.891,0.439,0.953,0.607,0.322,0.463,0.202,0.132,0.517,1.224,0.791,0.555,0.05,0.235,0.325,0.208,0.161,0.396,1.467,0.423
2.927,8.448,284,GNLY+ Temra,0.623,0.07,1.281,0.017,0.0,1.825,0.06,0.779,0.018,0.875,0.151,0.859,0.083,0.118,1.795,0.263,0.518,0.485,0.326,0.956,0.271,0.096,0.248,0.151,1.18
3.066,9.172,5,MACF1+ T,0.6,0.0,0.732,0.0,0.0,2.088,0.0,1.327,0.0,0.296,0.0,1.862,0.296,0.296,2.787,0.0,0.0,0.0,0.0,2.099,0.344,0.0,0.766,0.0,1.879
-0.418,9.414,85,GNLY+ Temra,1.0,0.0,0.338,0.0,0.0,2.599,0.0,0.976,0.0,0.118,0.159,1.859,0.088,0.039,2.483,0.014,0.543,0.604,0.084,1.298,0.439,0.043,0.193,0.144,0.838
-0.139,9.414,130,GNLY+ Temra,1.0,0.032,0.487,0.0,0.0,2.656,0.018,0.988,0.0,0.181,0.22,1.703,0.056,0.061,2.52,0.008,0.584,0.646,0.121,1.2,0.314,0.018,0.135,0.054,0.832
0.0,9.655,10,GNLY+ Temra,1.0,0.0,0.39,0.0,0.0,2.554,0.231,0.856,0.0,0.125,0.0,1.328,0.0,0.152,2.426,0.0,0.508,0.413,0.288,0.764,0.125,0.0,0.148,0.147,0.755
-0.836,9.172,79,GNLY+ Temra,1.0,0.016,0.33,0.0,0.0,2.663,0.02,0.957,0.0,0.299,0.215,1.766,0.059,0.016,2.502,0.0,0.719,0.671,0.204,1.204,0.317,0.07,0.197,0.212,0.974
2.369,8.931,84,MACF1+ T,0.536,0.016,0.948,0.0,0.009,2.443,0.14,1.124,0.05,0.34,0.118,1.149,0.047,0.075,2.473,0.096,0.677,0.477,0.265,1.325,0.474,0.057,0.224,0.123,1.539
11.288,5.552,9,SELL+ Tpex,1.0,0.0,0.939,0.122,0.0,0.0,0.746,0.0,0.055,0.157,1.155,1.419,0.713,0.0,0.956,0.176,0.344,0.974,1.532,1.002,0.389,1.257,0.078,0.0,0.0
-0.418,1.69,20,Tn,0.7,0.191,1.31,0.048,0.0,0.0,0.219,0.308,0.293,1.817,0.048,1.476,2.249,0.0,0.033,0.147,0.271,0.499,1.65,0.872,0.143,1.749,0.321,0.0,0.0
7.386,7.483,603,ITGAE+ Tex,0.804,0.059,1.422,1.064,0.615,2.055,0.515,1.241,0.261,0.584,0.957,0.206,0.084,0.588,1.229,1.64,0.761,0.041,0.227,0.79,0.192,0.144,0.294,0.418,0.538
2.509,9.172,6,ZNF683+ Teff,0.5,0.0,0.569,0.0,0.0,2.847,0.0,0.657,0.0,0.402,0.0,1.053,0.0,0.0,2.842,0.0,0.0,0.0,1.078,0.429,0.213,0.0,0.324,0.0,0.934
3.623,8.69,10,MACF1+ T,0.6,0.112,1.217,0.173,0.0,0.425,0.19,1.615,0.0,1.25,0.0,0.871,0.447,0.0,1.225,0.0,0.655,0.301,0.588,1.347,0.241,0.437,0.596,0.311,0.721
9.058,7.966,407,ITGAE+ Tex,0.676,0.013,1.239,0.659,0.35,2.479,0.763,1.203,0.746,0.173,0.692,0.263,0.041,0.741,1.616,1.697,0.603,0.061,0.152,0.521,0.193,0.063,0.563,0.497,0.443
7.386,0.241,1,GZMK+ Tex,1.0,0.0,3.364,1.096,1.607,4.04,0.0,1.096,0.0,1.096,0.0,0.0,0.0,0.0,2.562,0.0,1.607,0.0,0.0,0.0,0.0,0.0,0.0,4.108,0.0
2.927,10.862,1,ZNF683+ Teff,1.0,0.0,0.0,0.0,0.0,0.0,0.0,0.0,0.0,0.0,0.0,0.0,0.0,0.0,2.621,0.0,0.0,0.0,1.658,2.621,0.0,0.0,0.0,0.0,0.0
8.083,7.724,558,ITGAE+ Tex,0.851,0.027,1.389,0.928,0.72,2.377,0.785,1.165,0.355,0.163,0.995,0.133,0.064,0.677,1.575,1.848,0.78,0.022,0.123,0.68,0.218,0.031,0.421,0.266,0.55
9.198,8.207,295,ITGAE+ Tex,0.481,0.019,0.976,0.542,0.322,2.659,0.728,1.327,0.629,0.162,0.519,0.248,0.048,0.627,1.64,1.41,0.543,0.102,0.168,0.508,0.124,0.057,0.383,0.595,0.357
8.919,11.104,1,Cycling T,1.0,0.0,0.0,0.0,0.0,0.0,0.0,1.792,0.0,0.0,0.0,0.0,0.0,0.0,2.398,0.0,0.0,0.0,2.773,2.398,0.0,0.0,0.0,1.792,0.0
9.477,8.207,219,Cycling T,0.452,0.023,1.112,0.415,0.327,2.333,0.482,1.188,0.506,0.22,0.616,0.359,0.095,0.527,1.593,1.207,0.565,0.112,0.258,0.543,0.164,0.08,0.329,0.737,0.451
9.337,5.552,519,GZMK+ Tex,0.838,0.043,1.629,0.69,0.169,0.945,0.666,0.688,0.232,0.221,0.426,0.426,0.078,0.735,1.256,1.698,0.656,0.079,0.248,0.609,0.379,0.141,0.728,0.153,0.218
1.254,9.414,4,GNLY+ Temra,1.0,0.0,0.654,0.0,0.0,2.529,0.0,1.502,0.0,1.072,0.0,2.182,0.0,0.0,2.225,0.0,0.534,1.0,0.627,1.218,0.0,0.0,0.256,0.263,1.512
0.418,3.621,53,ILTCK,0.981,0.0,0.937,0.0,0.022,0.838,0.081,0.627,0.056,2.397,0.299,2.059,1.257,0.015,1.158,0.045,0.367,0.556,1.674,0.653,0.237,1.667,0.11,0.195,0.641
7.386,-0.724,1,MAIT,1.0,0.0,2.335,0.0,0.0,0.0,0.0,2.598,0.0,1.977,0.0,2.335,0.0,0.0,0.0,0.0,2.598,1.413,0.0,0.0,0.0,0.0,0.0,0.0,0.0
10.731,7.966,26,Cycling T,0.846,0.0,0.594,0.22,0.069,0.787,0.347,0.443,0.217,0.167,0.538,1.075,0.387,0.283,1.227,0.383,0.57,0.333,0.994,0.82,0.227,0.36,0.37,0.248,0.311
7.247,-0.966,3,MAIT,1.0,0.0,1.641,0.441,0.0,0.557,0.0,0.981,0.0,2.498,0.298,0.0,0.0,0.298,1.087,1.196,0.801,0.36,0.0,1.436,0.0,0.36,0.441,0.0,0.0
8.919,6.276,447,GZMK+ Tex,0.617,0.055,1.448,0.726,0.279,1.747,0.706,0.829,0.232,0.163,0.601,0.343,0.077,0.626,1.516,1.733,0.825,0.048,0.205,0.668,0.287,0.078,0.56,0.194,0.357
0.418,2.172,14,MACF1+ T,0.643,0.0,2.17,0.0,0.053,0.0,0.0,0.414,0.242,1.71,0.215,0.517,1.439,0.0,0.0,0.379,0.319,0.674,0.668,0.788,0.592,1.047,0.194,0.35,0.0
1.394,9.172,23,GNLY+ Temra,1.0,0.0,0.899,0.037,0.048,2.302,0.091,0.851,0.0,0.128,0.365,1.72,0.088,0.057,2.385,0.063,0.328,0.056,0.33,1.025,0.527,0.063,0.423,0.164,1.031
8.78,2.172,54,SELL+ Tpex,0.389,0.0,2.059,0.213,0.0,0.023,0.166,0.233,0.207,1.35,0.313,1.461,0.703,0.27,0.439,0.564,0.472,0.479,1.072,0.845,0.46,1.417,0.319,0.054,0.116
0.0,1.931,15,MACF1+ T,0.867,0.0,0.93,0.0,0.0,0.0,0.146,0.601,0.0,2.292,0.0,1.308,1.734,0.0,0.0,0.112,0.537,0.799,1.762,0.179,0.0,1.454,0.0,0.0,0.0
-2.787,0.0,31,Tn,1.0,0.0,0.381,0.033,0.031,0.03,0.032,0.564,0.079,1.953,0.315,1.458,2.009,0.0,0.277,0.0,0.291,0.501,1.559,0.961,0.179,1.734,0.123,0.0,0.0
-0.697,3.621,17,ILTCK,1.0,0.048,1.333,0.087,0.0,1.443,0.099,1.072,0.048,2.294,0.105,2.0,0.984,0.0,1.693,0.073,0.448,0.383,2.099,0.737,0.283,1.511,0.116,0.417,0.784
10.313,7.724,164,GZMK+ Tex,0.695,0.024,0.847,0.291,0.439,1.174,0.631,0.976,0.437,0.111,0.471,0.227,0.043,0.786,1.326,1.135,0.562,0.091,0.243,0.317,0.182,0.094,0.818,1.34,0.315
8.78,8.448,235,ITGAE+ Tex,0.719,0.017,1.078,0.633,0.639,2.64,0.78,1.105,0.659,0.162,0.752,0.148,0.055,0.719,1.544,1.529,0.675,0.057,0.165,0.59,0.128,0.038,0.456,0.358,0.395
10.313,6.276,733,GZMK+ Tex,0.985,0.012,1.081,0.6,0.379,0.709,1.126,1.056,0.389,0.056,0.341,0.115,0.012,1.012,1.418,1.65,0.501,0.007,0.035,0.415,0.363,0.013,0.948,0.254,0.12
11.567,8.448,51,Cycling T,0.961,0.015,0.237,0.224,0.147,1.144,0.403,0.347,0.22,0.066,0.831,1.209,0.242,0.283,1.302,0.116,0.484,0.273,0.872,0.617,0.303,0.17,0.304,0.061,0.216
2.648,-1.69,36,Tn,1.0,0.022,1.854,0.0,0.0,0.0,0.0,0.538,0.146,1.179,0.243,1.267,0.867,0.0,0.062,0.272,0.215,0.365,1.276,0.458,0.039,1.233,0.0,0.0,0.0
3.345,-0.966,6,Tcm,0.667,0.0,0.628,0.0,0.197,0.0,0.0,0.172,0.172,2.149,0.0,1.646,1.075,0.269,0.227,0.172,0.172,0.482,1.135,0.947,0.345,0.996,0.0,0.0,0.0
11.149,4.828,4,SELL+ Tpex,1.0,0.0,1.03,0.0,0.134,0.0,1.086,0.0,0.0,0.0,1.098,0.761,1.421,0.0,0.75,0.529,0.134,0.288,2.141,1.279,0.433,1.4,0.221,0.0,0.148
3.345,8.69,69,MACF1+ T,0.913,0.073,1.35,0.073,0.017,1.657,0.479,0.987,0.0,0.298,0.021,0.914,0.042,0.234,2.712,0.374,0.827,0.447,0.634,1.27,0.554,0.149,0.546,0.085,1.926
1.254,2.655,20,MACF1+ T,0.75,0.111,1.567,0.0,0.082,0.0,0.102,0.195,0.197,1.609,0.241,1.169,1.392,0.0,0.033,0.193,0.16,0.403,1.173,0.465,0.033,1.691,0.258,0.0,0.051
7.386,-0.241,8,MAIT,1.0,0.103,2.436,0.786,0.503,1.754,0.233,2.258,0.691,0.969,0.472,0.0,0.0,0.866,0.494,0.923,0.224,0.0,0.0,0.228,0.0,0.327,0.227,0.206,0.489
9.058,2.172,6,SELL+ Tpex,0.5,0.0,1.04,0.864,0.0,0.0,0.0,0.207,0.0,1.285,0.917,1.4,0.879,0.199,0.776,0.819,0.541,0.522,0.513,0.736,0.62,1.504,0.199,0.0,0.0
11.01,5.552,23,SELL+ Tpex,0.609,0.0,0.835,0.258,0.082,0.179,0.525,0.287,0.421,0.225,0.538,0.785,0.547,0.173,0.752,0.736,0.308,0.33,0.609,0.822,0.497,0.739,0.639,0.082,0.02
9.477,6.276,586,GZMK+ Tex,0.862,0.034,1.394,0.797,0.308,1.609,0.988,0.812,0.215,0.152,0.501,0.312,0.049,0.869,1.654,1.846,0.775,0.043,0.137,0.597,0.326,0.039,0.724,0.202,0.269
9.895,11.345,32,Cycling T,1.0,0.098,1.662,0.481,0.774,1.429,0.889,1.359,0.211,0.333,0.666,0.523,0.045,0.717,1.68,1.395,1.181,0.081,0.258,1.004,0.519,0.0,0.915,0.214,1.131
10.173,6.035,746,GZMK+ Tex,0.975,0.019,1.395,0.699,0.347,0.834,1.146,0.913,0.278,0.069,0.352,0.144,0.029,0.961,1.547,1.97,0.599,0.022,0.071,0.416,0.375,0.027,0.877,0.181,0.133
-2.509,0.966,37,Tn,1.0,0.022,0.344,0.0,0.0,0.068,0.0,0.458,0.078,2.735,0.097,1.793,2.167,0.0,0.044,0.0,0.143,0.441,1.813,0.857,0.105,2.312,0.033,0.0,0.024
5.296,-2.897,21,MAIT,1.0,0.0,1.363,0.879,0.0,0.0,0.0,1.27,0.0,3.307,0.286,2.144,0.0,0.103,2.079,0.0,0.523,0.84,0.051,1.439,0.211,1.291,0.101,0.0,0.06
8.64,1.448,2,GZMK+ Tem,1.0,0.0,1.602,0.0,0.0,0.0,0.0,0.664,0.0,1.425,0.0,2.545,0.485,0.0,0.0,0.664,0.727,0.485,1.994,1.391,0.485,2.049,0.0,0.664,0.664
-2.369,1.207,36,Tn,1.0,0.048,0.289,0.0,0.0,0.0,0.0,0.389,0.106,2.782,0.183,1.546,2.25,0.0,0.275,0.0,0.327,0.671,2.228,0.622,0.369,2.118,0.057,0.0,0.049
-0.557,3.379,2,ILTCK,1.0,0.0,0.589,0.223,0.223,0.0,0.0,0.494,0.0,2.919,0.0,2.417,2.82,0.0,1.485,0.0,1.31,1.789,1.964,1.716,0.589,2.097,0.589,0.0,0.494
-2.787,0.483,20,Tn,1.0,0.0,0.465,0.0,0.0,0.0,0.0,0.336,0.0,2.527,0.23,1.563,2.326,0.0,0.061,0.067,0.375,0.7,2.185,0.907,0.147,2.462,0.0,0.0,0.0
-0.279,-2.414,1,Tn,1.0,0.0,0.0,0.0,0.0,0.0,0.0,0.0,0.0,3.16,0.0,2.561,2.033,0.0,1.296,0.0,1.296,0.0,1.606,0.845,0.0,1.842,0.0,0.0,0.0
6.271,-2.655,26,MAIT,1.0,0.0,1.522,0.49,0.0,0.107,0.0,1.53,0.0,3.375,0.185,1.866,0.0,0.107,2.174,0.091,0.675,0.643,0.112,0.856,0.315,1.306,0.267,0.0,0.142
4.599,-2.655,29,MAIT,1.0,0.0,0.798,1.082,0.0,0.037,0.0,0.669,0.0,2.756,0.163,1.869,0.0,0.187,2.071,0.0,0.423,0.642,0.051,1.231,0.287,0.651,0.055,0.0,0.053
-2.648,1.207,3,Tn,1.0,0.0,0.0,0.0,0.0,0.0,0.0,0.665,0.317,2.997,0.317,2.532,2.462,0.0,0.0,0.0,0.317,0.0,2.678,1.193,0.0,2.92,0.0,0.0,0.0
-2.648,-1.207,6,Tn,1.0,0.228,0.368,0.0,0.0,0.0,0.0,0.737,0.0,1.815,0.393,2.105,1.648,0.0,0.0,0.0,0.165,0.313,1.776,0.895,0.431,2.39,0.0,0.0,0.0
-0.976,3.621,12,ILTCK,1.0,0.0,0.484,0.0,0.0,2.03,0.212,1.094,0.0,2.097,0.332,1.75,1.51,0.0,2.064,0.172,0.906,0.589,1.534,0.957,0.211,1.266,0.187,0.0,0.61
-2.927,-0.724,2,Tn,1.0,0.0,0.0,0.0,0.0,0.564,0.0,0.0,0.0,2.693,0.494,1.588,1.317,0.0,0.0,0.0,0.0,0.738,1.893,0.564,0.0,1.613,0.0,0.0,0.0
0.279,3.379,9,ILTCK,1.0,0.0,1.112,0.0,0.0,0.504,0.0,0.353,0.175,2.048,0.11,2.009,0.917,0.0,0.646,0.175,0.245,0.706,2.243,0.925,0.071,1.889,0.11,0.237,0.187
-2.369,-1.207,53,Tn,1.0,0.0,0.286,0.0,0.0,0.019,0.04,0.461,0.132,2.245,0.279,1.913,1.907,0.0,0.143,0.036,0.262,0.499,1.726,0.725,0.1,1.914,0.056,0.029,0.0
-0.279,3.379,2,ILTCK,1.0,0.0,0.0,0.0,0.0,0.474,0.0,1.787,0.0,2.458,0.0,2.605,0.932,0.0,0.0,0.0,0.474,0.693,1.847,0.0,0.0,0.973,0.458,0.693,0.474
-1.672,3.862,51,ILTCK,1.0,0.036,1.074,0.0,0.0,2.561,0.356,1.609,0.038,2.061,0.38,1.941,1.191,0.0,2.601,0.109,0.732,0.465,1.707,1.22,0.246,1.239,0.168,0.052,0.575
11.428,6.276,9,GZMK+ Tex,0.889,0.0,0.408,0.623,0.892,0.227,1.241,1.136,0.371,0.269,0.073,0.073,0.0,0.741,1.103,1.379,0.298,0.148,0.192,0.236,0.248,0.073,1.304,0.354,0.412
-1.254,8.931,44,GNLY+ Temra,1.0,0.0,0.358,0.0,0.0,2.652,0.0,1.116,0.0,0.503,0.313,1.658,0.121,0.028,2.575,0.0,0.823,0.726,0.099,1.057,0.413,0.028,0.142,0.122,0.808
-2.23,-1.448,23,Tn,1.0,0.0,0.281,0.0,0.0,0.074,0.0,0.647,0.101,2.119,0.437,1.621,1.911,0.0,0.097,0.0,0.33,0.395,1.904,0.735,0.194,1.983,0.0,0.0,0.0
-2.09,7.966,15,GNLY+ Temra,1.0,0.093,0.265,0.0,0.0,2.808,0.0,0.786,0.0,0.165,0.193,1.884,0.087,0.0,2.647,0.0,1.024,0.752,0.369,1.048,0.302,0.0,0.104,0.0,1.27
-2.787,0.966,3,Tn,1.0,0.0,0.425,0.0,0.0,0.0,0.0,0.425,0.0,3.073,0.0,1.017,1.832,0.0,0.0,0.0,0.432,0.0,2.613,1.198,0.0,2.657,0.0,0.0,0.0
5.435,-3.138,2,MAIT,1.0,0.0,1.43,0.0,0.0,0.0,0.0,1.465,0.0,3.284,0.0,0.757,0.0,0.0,1.569,0.0,0.647,0.647,0.757,1.404,0.51,0.0,0.0,0.0,0.0
11.428,7.724,5,SELL+ Tpex,1.0,0.0,0.699,0.114,0.0,0.114,0.467,0.146,0.332,0.0,0.889,1.65,1.031,0.0,1.016,0.273,0.383,0.924,0.984,0.673,0.114,0.229,0.0,0.0,0.0
-0.139,3.621,27,ILTCK,1.0,0.0,0.849,0.0,0.0,0.791,0.0,0.69,0.059,2.095,0.114,1.953,1.33,0.0,1.228,0.188,0.192,0.593,1.797,0.963,0.217,1.837,0.082,0.13,0.295
-2.09,7.483,15,GNLY+ Temra,1.0,0.0,0.665,0.0,0.0,2.904,0.0,0.863,0.0,0.355,0.202,1.979,0.324,0.0,2.702,0.0,0.871,0.668,0.378,0.684,0.256,0.0,0.0,0.0,1.388
-1.672,5.793,14,ILTCK,0.857,0.0,0.626,0.0,0.0,3.177,0.621,1.853,0.0,0.287,0.447,1.81,0.121,0.0,3.14,0.237,1.221,0.54,0.715,1.14,0.664,0.26,0.49,0.0,1.269
9.616,6.035,597,GZMK+ Tex,0.931,0.035,1.433,0.812,0.244,1.397,1.001,0.78,0.242,0.12,0.465,0.401,0.024,0.86,1.603,1.943,0.727,0.04,0.132,0.623,0.384,0.05,0.769,0.186,0.169
-1.812,6.035,8,GNLY+ Temra,0.625,0.0,0.5,0.0,0.0,3.212,0.135,1.194,0.0,0.255,0.512,2.287,0.155,0.0,3.159,0.1,0.73,0.483,0.498,1.412,0.131,0.1,0.134,0.375,1.089
-1.254,3.621,8,ILTCK,1.0,0.118,0.669,0.0,0.0,2.667,0.422,1.169,0.07,2.221,0.17,1.274,1.518,0.0,1.716,0.0,0.666,0.484,1.358,1.01,0.07,1.48,0.206,0.143,0.393
-2.09,4.103,5,ILTCK,1.0,0.0,0.932,0.0,0.0,2.514,0.144,1.174,0.171,2.224,0.572,1.919,1.741,0.0,2.534,0.0,0.813,0.486,1.804,1.329,0.336,1.535,0.165,0.315,0.785
-1.672,5.31,11,ILTCK,1.0,0.061,1.226,0.0,0.0,3.567,0.474,1.534,0.0,0.275,0.382,1.913,0.141,0.0,3.38,0.0,0.91,0.332,1.195,1.079,0.483,0.184,0.223,0.128,1.611
-1.812,3.621,5,ILTCK,1.0,0.0,0.876,0.0,0.0,2.855,0.228,1.148,0.157,1.908,0.136,1.61,0.817,0.0,2.929,0.136,0.668,0.518,1.81,1.308,0.437,1.215,0.244,0.0,0.285
-1.951,3.862,5,ILTCK,1.0,0.0,0.89,0.0,0.0,2.746,0.181,1.137,0.0,1.561,0.181,1.968,0.957,0.0,2.688,0.0,0.435,0.17,1.977,1.789,0.523,1.209,0.133,0.309,0.66
-1.812,5.069,8,ILTCK,1.0,0.17,0.747,0.0,0.0,2.883,0.593,1.381,0.0,0.95,0.362,2.254,0.737,0.0,3.0,0.0,0.917,0.596,0.94,1.172,0.438,0.871,0.609,0.311,1.222
-1.115,-2.414,1,Tn,1.0,0.0,0.0,0.0,0.0,0.0,0.0,1.726,0.0,2.842,0.0,1.196,1.196,0.0,0.0,0.0,0.0,0.0,1.196,0.0,0.0,1.196,0.0,0.0,0.0
-1.951,5.793,2,ILTCK,1.0,0.0,0.413,0.0,0.0,3.208,0.636,1.24,0.0,0.0,0.0,1.32,0.0,0.0,3.368,0.0,1.375,0.0,0.0,1.591,0.863,0.0,0.863,0.0,1.086
-2.09,3.621,1,ILTCK,1.0,0.0,0.0,0.0,0.0,2.532,0.0,0.0,0.0,2.27,1.36,0.0,0.0,0.0,3.057,0.0,0.0,1.36,2.27,2.27,1.36,1.36,0.0,0.0,0.0
9.755,5.793,691,GZMK+ Tex,0.923,0.029,1.591,0.715,0.223,0.931,1.037,0.779,0.283,0.115,0.37,0.414,0.051,0.81,1.508,1.909,0.663,0.05,0.185,0.55,0.407,0.042,0.752,0.219,0.163
-2.23,7.724,5,GNLY+ Temra,1.0,0.0,0.258,0.0,0.0,2.624,0.0,0.752,0.0,0.866,0.0,2.087,0.7,0.0,2.648,0.0,0.296,0.557,0.0,1.171,0.569,0.0,0.0,0.0,0.258
-2.09,7.0,6,GNLY+ Temra,1.0,0.194,0.607,0.0,0.0,3.039,0.194,1.319,0.0,0.622,0.452,2.049,0.164,0.0,2.903,0.0,0.593,0.932,0.44,1.746,0.282,0.0,0.417,0.0,1.288
9.755,2.897,8,SELL+ Tpex,1.0,0.0,0.75,0.0,0.0,0.0,0.415,0.0,0.329,0.53,0.395,2.159,0.992,0.0,0.175,0.0,0.536,0.588,1.467,1.328,0.589,2.449,0.0,0.0,0.0
4.46,-2.897,4,MAIT,1.0,0.0,1.272,1.709,0.0,0.0,0.0,0.515,0.0,3.006,0.25,1.825,0.0,0.285,2.005,0.0,0.285,0.668,0.25,1.261,0.288,0.0,0.0,0.0,0.0
-0.557,-2.414,3,Tn,1.0,0.0,0.0,0.0,0.0,0.0,0.0,0.524,0.0,2.733,0.0,1.355,1.674,0.0,0.0,0.0,0.48,0.0,1.193,0.985,0.0,2.07,0.0,0.0,0.0
4.46,-0.966,3,Tcm,0.667,0.0,0.533,0.279,0.0,0.0,0.0,0.429,0.0,3.171,0.229,0.611,1.102,0.279,0.658,0.0,0.508,0.642,0.57,1.382,0.0,0.792,0.0,0.0,0.0
-1.812,6.517,24,GNLY+ Temra,0.958,0.0,0.438,0.0,0.0,3.03,0.185,1.624,0.0,0.338,0.212,1.809,0.1,0.0,3.013,0.0,0.619,0.686,0.376,1.329,0.415,0.108,0.106,0.0,1.408
-1.951,8.69,4,GNLY+ Temra,1.0,0.37,0.0,0.0,0.0,2.722,0.0,0.86,0.0,0.0,0.675,1.801,0.402,0.0,1.773,0.347,0.576,1.247,0.0,1.045,0.73,0.0,0.0,0.0,1.238
-2.927,0.724,4,Tn,1.0,0.0,0.658,0.0,0.0,0.0,0.0,0.897,0.0,2.664,0.566,1.196,2.368,0.0,0.302,0.0,0.0,0.0,1.947,0.861,0.0,1.61,0.0,0.0,0.0
7.107,-1.207,3,MAIT,1.0,0.0,3.004,1.255,0.0,0.0,0.0,1.614,0.0,3.574,0.0,0.64,0.36,0.0,0.526,1.87,0.526,0.36,0.36,1.062,0.852,0.724,0.0,0.0,1.06
10.173,8.931,297,Cycling T,1.0,0.03,0.96,0.397,0.313,1.486,0.564,0.792,0.487,0.185,0.542,0.386,0.102,0.545,1.215,1.064,0.587,0.083,0.285,0.548,0.171,0.08,0.451,0.449,0.378
11.706,9.655,164,Cycling T,1.0,0.012,1.022,0.342,0.344,0.943,0.618,0.961,0.474,0.016,0.565,0.285,0.026,0.632,1.076,1.151,0.542,0.073,0.191,0.519,0.254,0.034,0.769,0.386,0.228
10.452,6.035,716,GZMK+ Tex,0.986,0.008,1.313,0.607,0.329,0.515,0.998,0.926,0.36,0.099,0.241,0.073,0.016,0.92,1.385,1.682,0.508,0.016,0.025,0.344,0.431,0.018,0.947,0.256,0.097
11.01,7.483,19,GZMK+ Tex,0.632,0.0,0.408,0.3,0.746,0.337,0.992,0.993,0.652,0.102,0.552,0.472,0.185,0.659,1.347,1.19,0.361,0.226,0.784,0.419,0.181,0.179,0.768,0.898,0.122
-1.951,7.241,52,GNLY+ Temra,1.0,0.051,0.256,0.0,0.027,2.679,0.051,1.084,0.0,0.49,0.157,2.038,0.185,0.0,2.661,0.0,0.915,0.688,0.595,1.422,0.268,0.115,0.185,0.094,1.288
-1.672,8.69,17,GNLY+ Temra,1.0,0.0,0.465,0.0,0.073,2.544,0.0,0.858,0.0,0.928,0.203,1.813,0.136,0.0,2.429,0.0,0.524,0.897,0.24,0.862,0.357,0.0,0.164,0.0,1.514
-1.951,6.759,10,GNLY+ Temra,1.0,0.0,0.0,0.0,0.0,2.758,0.297,1.023,0.0,0.58,0.306,0.95,0.404,0.0,2.769,0.0,0.786,0.836,0.233,0.981,0.277,0.0,0.0,0.0,0.667
9.198,7.241,596,ITGAE+ Tex,0.809,0.027,1.51,0.648,0.446,2.583,1.008,1.23,0.744,0.066,0.618,0.294,0.023,0.966,1.621,2.27,0.589,0.013,0.068,0.469,0.173,0.029,0.555,0.312,0.403
-1.115,1.931,11,MACF1+ T,0.545,0.0,0.93,0.0,0.0,0.178,0.0,0.355,0.224,2.374,0.0,1.124,1.473,0.0,0.309,0.0,0.351,0.374,1.208,0.195,0.0,1.113,0.0,0.0,0.0
-0.418,2.172,7,MACF1+ T,0.857,0.0,0.665,0.0,0.0,0.0,0.33,0.28,0.0,1.545,0.0,1.169,2.204,0.0,0.0,0.0,0.0,0.357,1.321,0.0,0.0,1.324,0.309,0.351,0.0
8.919,7.241,698,ITGAE+ Tex,0.867,0.043,1.636,0.705,0.487,2.746,1.041,1.27,0.545,0.082,0.737,0.295,0.008,0.986,1.771,2.319,0.6,0.015,0.068,0.581,0.221,0.01,0.524,0.231,0.407
-0.976,2.172,2,MACF1+ T,1.0,0.0,1.085,0.0,0.0,0.0,0.0,0.0,0.0,1.734,0.0,1.495,1.173,0.0,0.0,0.0,0.0,1.403,2.768,1.173,0.0,1.495,0.0,0.0,0.0
3.205,8.931,13,MACF1+ T,0.923,0.136,1.432,0.0,0.119,1.903,0.666,1.469,0.0,0.375,0.0,1.599,0.0,0.119,3.078,0.534,0.243,0.259,0.411,1.286,0.607,0.135,0.974,0.0,2.165
0.557,2.414,3,MACF1+ T,0.667,0.0,0.368,0.368,0.0,0.0,0.0,0.539,0.0,2.691,0.0,1.147,0.539,0.0,0.368,0.0,1.301,0.368,0.735,0.0,0.0,0.368,0.0,0.0,0.0
11.01,7.966,19,Cycling T,0.684,0.0,0.153,0.762,0.368,1.331,0.641,0.451,0.337,0.184,0.622,1.533,0.213,0.485,1.81,0.168,0.521,0.363,0.94,1.043,0.367,0.097,0.514,0.158,0.076
11.428,8.207,8,SELL+ Tpex,0.75,0.126,0.697,0.468,0.0,0.471,0.519,0.231,0.203,0.176,1.224,1.188,0.254,0.05,1.257,0.205,0.375,0.337,1.324,0.512,0.24,0.905,0.232,0.128,0.241
2.927,-1.207,34,Tn,1.0,0.0,2.16,0.0,0.0,0.049,0.0,0.347,0.363,1.501,0.22,1.593,0.761,0.0,0.0,0.18,0.231,0.33,1.002,0.456,0.059,1.229,0.0,0.0,0.0
11.846,8.448,2,Cycling T,1.0,0.0,0.236,0.288,0.0,1.38,0.356,0.0,0.0,0.218,0.687,1.484,0.0,0.12,1.124,0.356,0.638,0.12,0.935,0.682,0.236,0.369,0.288,0.369,0.12
2.09,9.414,3,ZNF683+ Teff,0.333,0.0,0.835,0.655,0.0,2.651,0.0,1.201,0.0,0.0,0.38,1.672,0.0,0.0,2.56,0.0,0.367,0.0,1.033,0.917,0.848,0.0,0.0,0.537,0.367
1.115,9.172,30,GNLY+ Temra,1.0,0.045,0.745,0.0,0.0,2.444,0.163,0.891,0.045,0.191,0.242,1.65,0.0,0.0,2.259,0.13,0.418,0.221,0.47,1.395,0.24,0.0,0.201,0.106,1.01
2.23,-1.931,50,Tn,1.0,0.0,1.775,0.0,0.0,0.0,0.024,0.492,0.062,1.854,0.037,1.584,1.285,0.0,0.103,0.198,0.283,0.295,1.336,0.526,0.028,1.493,0.0,0.0,0.0
9.755,6.276,524,GZMK+ Tex,0.927,0.031,1.345,0.784,0.369,1.449,1.096,0.857,0.273,0.126,0.464,0.342,0.038,0.91,1.662,1.807,0.737,0.054,0.132,0.55,0.337,0.059,0.839,0.202,0.2
1.951,9.172,8,GNLY+ Temra,0.875,0.0,1.069,0.0,0.111,2.295,0.143,0.99,0.0,0.288,0.336,1.306,0.0,0.0,2.558,0.0,0.418,0.406,0.518,1.246,0.301,0.0,0.179,0.178,1.058
1.672,9.172,5,GNLY+ Temra,1.0,0.0,1.477,0.0,0.0,2.406,0.556,1.058,0.0,0.0,0.0,1.244,0.0,0.0,2.914,0.289,0.245,0.939,0.509,1.143,0.0,0.0,0.289,0.0,0.853
10.173,5.552,736,GZMK+ Tex,0.969,0.021,1.87,0.6,0.217,0.397,0.931,0.778,0.315,0.108,0.266,0.182,0.025,0.863,1.394,2.091,0.563,0.026,0.04,0.383,0.355,0.034,0.87,0.184,0.1
-0.557,9.655,9,GNLY+ Temra,1.0,0.0,0.329,0.0,0.0,2.585,0.0,0.753,0.0,0.195,0.0,1.813,0.138,0.0,2.514,0.0,0.703,0.497,0.148,1.387,0.398,0.0,0.0,0.454,0.797
3.066,9.655,1,ZNF683+ Teff,1.0,1.168,1.168,0.0,0.0,2.289,0.0,1.168,0.0,1.168,0.0,1.168,0.0,0.0,2.66,0.0,0.0,1.168,0.0,1.692,0.0,0.0,0.0,0.0,0.0
1.254,-2.172,11,Tn,1.0,0.0,1.03,0.0,0.0,0.0,0.0,0.666,0.085,2.111,0.182,0.873,1.199,0.0,0.0,0.0,0.0,0.201,1.429,0.497,0.097,0.911,0.0,0.0,0.0
-1.533,8.931,8,GNLY+ Temra,1.0,0.0,0.711,0.0,0.0,3.303,0.0,1.026,0.0,0.903,0.234,1.923,0.0,0.102,2.849,0.0,0.394,0.729,0.0,1.481,0.42,0.194,0.368,0.131,1.374
11.288,6.035,18,GZMK+ Tex,0.722,0.0,0.534,0.553,0.278,0.052,1.138,0.565,0.258,0.111,0.522,0.315,0.232,0.647,1.168,0.859,0.316,0.139,0.353,0.409,0.391,0.366,0.881,0.191,0.051
-0.976,9.414,10,GNLY+ Temra,1.0,0.0,0.13,0.0,0.0,2.949,0.227,1.21,0.0,0.0,0.555,1.797,0.125,0.132,2.458,0.0,0.558,0.479,0.132,1.112,0.809,0.0,0.342,0.0,1.056
-1.951,8.207,35,GNLY+ Temra,1.0,0.0,0.206,0.0,0.0,3.036,0.0,1.231,0.0,0.326,0.104,1.535,0.033,0.076,2.868,0.0,0.729,0.919,0.207,1.253,0.387,0.0,0.107,0.147,1.254
-1.951,4.828,8,ILTCK,1.0,0.0,1.05,0.0,0.0,2.514,0.37,1.445,0.195,1.847,0.118,2.083,1.129,0.0,2.858,0.0,0.774,0.685,1.771,1.414,0.616,1.571,0.624,0.12,0.893
0.279,9.655,8,GNLY+ Temra,1.0,0.0,0.522,0.0,0.157,2.87,0.168,0.871,0.0,0.0,0.541,1.94,0.0,0.21,2.414,0.0,0.157,0.37,0.157,1.158,0.21,0.0,0.301,0.157,0.803
-0.697,9.414,18,GNLY+ Temra,1.0,0.0,0.543,0.0,0.0,3.014,0.0,0.605,0.0,0.164,0.227,1.563,0.164,0.0,2.425,0.0,0.596,0.404,0.256,1.152,0.301,0.0,0.0,0.109,0.989
10.731,5.552,51,GZMK+ Tex,0.863,0.0,1.414,0.652,0.235,0.375,0.879,0.406,0.334,0.108,0.134,0.273,0.067,0.738,1.529,1.48,0.679,0.095,0.226,0.336,0.381,0.151,0.88,0.338,0.072
11.985,10.138,63,Cycling T,1.0,0.034,1.495,0.436,0.358,1.127,0.665,0.95,0.617,0.042,0.756,0.396,0.053,0.722,1.099,1.504,0.407,0.014,0.078,0.463,0.324,0.039,0.778,0.446,0.14
0.0,3.379,5,ILTCK,1.0,0.0,0.41,0.0,0.0,0.0,0.0,0.789,0.0,1.739,0.0,2.411,1.408,0.0,0.612,0.316,0.682,0.525,1.905,1.433,0.0,2.007,0.0,0.845,0.0
-1.394,9.172,3,GNLY+ Temra,1.0,0.364,0.0,0.0,0.0,3.801,0.0,1.531,0.0,0.416,0.0,2.498,0.0,0.364,2.847,0.0,0.847,1.005,0.641,1.057,0.99,0.0,0.0,0.0,0.959
11.846,9.414,27,Cycling T,1.0,0.015,0.999,0.592,0.204,0.715,0.673,0.738,0.31,0.015,0.504,0.632,0.173,0.642,1.368,1.039,0.731,0.203,0.361,0.902,0.374,0.066,0.79,0.081,0.196
11.149,8.207,22,Cycling T,0.864,0.056,0.232,0.873,0.206,1.185,0.682,0.554,0.17,0.123,0.792,1.396,0.123,0.366,1.954,0.197,0.703,0.407,1.155,0.755,0.437,0.087,0.137,0.063,0.111
11.288,7.483,11,SELL+ Tpex,0.545,0.0,1.071,0.154,0.415,0.243,1.056,0.798,0.265,0.054,0.623,0.786,0.477,0.792,1.128,0.832,0.139,0.253,0.856,0.578,0.517,0.412,0.902,0.682,0.169
10.591,5.31,38,GZMK+ Tex,0.684,0.045,1.492,0.69,0.169,0.236,0.854,0.592,0.41,0.112,0.315,0.428,0.184,0.897,1.426,1.284,0.457,0.086,0.341,0.525,0.415,0.1,0.82,0.236,0.113
11.288,6.517,44,GZMK+ Tex,0.955,0.0,0.498,0.463,0.355,0.461,1.177,1.281,0.446,0.06,0.247,0.062,0.036,0.911,1.329,0.907,0.307,0.028,0.082,0.386,0.175,0.057,1.387,0.33,0.117
11.149,7.241,27,GZMK+ Tex,0.926,0.0,0.677,0.69,0.704,0.902,1.284,1.118,0.307,0.0,0.343,0.188,0.0,1.106,1.471,1.242,0.588,0.021,0.153,0.37,0.262,0.044,0.841,0.713,0.171
3.623,-0.966,5,Tcm,1.0,0.0,0.719,0.0,0.0,0.0,0.0,0.74,0.0,3.378,0.0,0.43,0.925,0.0,0.0,0.0,0.0,0.961,1.406,1.108,0.305,0.558,0.0,0.0,0.0
12.124,11.345,3,Cycling T,1.0,0.454,1.636,0.0,0.0,0.0,0.0,0.243,0.143,0.746,0.765,0.0,0.0,0.0,0.143,0.143,0.0,0.702,1.183,0.143,0.0,0.292,0.0,0.243,0.143
10.731,6.035,521,GZMK+ Tex,0.983,0.005,1.014,0.52,0.244,0.331,1.037,0.852,0.359,0.079,0.221,0.029,0.019,0.94,1.241,1.424,0.384,0.006,0.013,0.356,0.387,0.021,1.026,0.289,0.11
8.362,1.448,19,GZMK+ Tem,0.947,0.071,1.228,0.395,0.0,0.0,0.0,0.291,0.224,1.375,0.262,1.338,0.093,0.223,0.249,0.517,0.334,0.432,0.785,0.566,0.415,0.947,0.444,0.0,0.296
6.968,0.483,8,MAIT,0.5,0.358,2.6,0.749,0.347,0.589,0.0,0.816,0.114,3.147,0.753,0.377,0.244,0.532,0.6,1.328,0.513,0.427,0.245,0.66,0.433,0.262,0.406,0.0,0.429
3.484,8.931,3,MACF1+ T,1.0,0.0,0.573,0.0,0.0,1.545,0.539,1.112,0.0,0.0,0.0,0.936,0.397,0.0,3.46,0.397,1.702,0.0,0.0,0.0,1.174,0.0,0.0,0.0,2.908
2.787,9.172,5,MACF1+ T,0.6,0.0,0.629,0.0,0.0,2.655,0.325,1.31,0.0,0.425,0.0,1.378,0.0,0.0,2.836,0.0,1.128,0.336,0.455,2.291,0.378,0.0,1.053,0.0,1.602
3.066,-0.966,22,Tn,1.0,0.0,2.034,0.0,0.0,0.0,0.067,0.495,0.292,1.916,0.065,1.695,0.95,0.0,0.0,0.272,0.119,0.215,1.145,0.287,0.123,1.221,0.066,0.0,0.0
2.787,-1.931,4,Tn,1.0,0.0,2.23,0.0,0.0,0.0,0.0,0.635,0.0,1.326,0.0,1.094,0.335,0.0,0.0,0.0,0.0,0.335,0.0,0.0,0.0,1.304,0.0,0.0,0.0
2.23,9.172,4,GNLY+ Temra,0.75,0.0,2.017,0.0,0.0,2.134,0.0,0.772,0.0,0.0,0.0,1.044,0.0,0.0,2.465,0.0,0.0,0.458,0.285,0.562,0.436,0.0,0.458,0.285,0.99
3.205,-1.207,2,Tn,1.0,0.0,3.179,0.0,0.0,0.0,0.0,0.659,0.0,2.03,0.686,2.312,0.0,0.0,0.0,0.0,0.0,0.686,0.965,0.0,0.0,1.899,0.0,0.0,0.0
3.066,-1.448,3,Tn,1.0,0.0,1.881,0.0,0.0,0.0,0.0,0.529,0.0,0.705,0.0,1.649,0.0,0.0,0.0,0.0,0.0,0.0,1.429,0.0,0.0,1.543,0.0,0.0,0.0
2.927,-1.69,3,Tn,1.0,0.0,2.168,0.0,0.0,0.0,0.0,0.0,0.589,1.843,0.589,1.656,0.0,0.0,0.0,0.0,0.0,0.0,0.589,0.0,0.0,1.24,0.0,0.0,0.0
10.731,5.069,24,SELL+ Tpex,0.833,0.0,1.139,0.419,0.065,0.082,0.671,0.171,0.255,0.23,0.749,1.004,0.79,0.297,0.914,0.852,0.347,0.407,1.437,0.917,0.297,0.762,0.464,0.076,0.06
1.672,2.897,30,ILTCK,0.367,0.152,1.433,0.0,0.0,0.092,0.148,0.525,0.276,1.756,0.384,1.237,1.703,0.11,0.364,0.124,0.146,0.527,0.905,0.736,0.053,1.776,0.302,0.127,0.055
4.32,-2.655,7,MAIT,1.0,0.169,0.763,1.538,0.0,0.0,0.0,0.98,0.0,2.01,0.0,2.451,0.0,0.316,1.56,0.0,0.29,0.397,0.0,0.936,0.313,0.602,0.0,0.0,0.144
4.738,-2.897,7,MAIT,1.0,0.0,0.76,0.991,0.0,0.17,0.0,0.548,0.0,2.657,0.0,2.602,0.0,0.0,1.971,0.0,0.163,1.089,0.0,0.95,0.176,0.79,0.0,0.0,0.0
10.591,5.793,358,GZMK+ Tex,0.98,0.004,1.526,0.64,0.155,0.405,0.986,0.647,0.314,0.114,0.233,0.066,0.01,0.866,1.427,1.731,0.513,0.025,0.042,0.32,0.458,0.033,0.977,0.199,0.045
11.706,8.207,4,Cycling T,0.75,0.0,0.312,0.0,0.0,1.138,0.56,0.07,0.383,0.0,1.119,1.149,0.483,0.25,1.531,0.598,0.587,0.283,0.886,1.069,0.221,0.765,0.26,0.037,0.188
11.288,7.966,3,Cycling T,0.667,0.0,0.716,0.212,0.0,0.211,0.423,0.212,0.0,0.211,1.026,1.789,0.552,0.0,1.494,0.0,0.341,0.615,1.928,0.972,0.451,0.212,0.239,0.239,0.662
11.985,9.655,10,Cycling T,1.0,0.159,1.017,0.32,0.453,1.059,0.174,0.942,0.686,0.161,0.333,0.676,0.0,0.406,1.028,0.752,0.592,0.068,0.091,0.269,0.155,0.0,0.348,0.719,0.213
10.87,6.759,953,GZMK+ Tex,0.998,0.005,0.493,0.514,0.691,0.789,1.283,1.255,0.443,0.031,0.281,0.018,0.01,1.157,1.45,1.128,0.383,0.011,0.01,0.358,0.322,0.007,1.161,0.383,0.136
4.32,-1.207,6,MAIT,0.5,0.0,0.986,0.364,0.0,0.471,0.0,0.432,0.0,2.968,0.0,0.193,0.0,0.0,1.321,0.0,0.984,0.498,1.195,1.008,0.239,0.605,0.0,0.0,0.191
4.32,-2.172,1,MAIT,1.0,0.0,1.088,0.0,0.0,0.0,0.0,0.0,0.0,1.088,0.0,2.383,0.0,0.0,1.932,0.0,1.088,1.088,0.0,1.088,1.088,0.0,0.0,0.0,0.0
11.428,7.241,3,SELL+ Tpex,0.667,0.0,0.0,0.182,0.518,0.0,0.218,1.152,0.218,0.989,1.003,1.838,0.3,0.218,1.446,0.601,0.182,0.4,0.758,0.386,0.182,0.4,0.601,0.531,0.3
11.428,6.759,11,GZMK+ Tex,0.818,0.0,0.155,0.106,0.57,0.268,0.913,1.151,0.291,0.091,0.267,0.461,0.175,1.167,1.048,0.55,0.548,0.214,0.391,0.31,0.537,0.0,1.503,0.717,0.149
4.32,-1.69,4,MAIT,1.0,0.0,1.271,0.348,0.0,0.402,0.0,1.447,0.0,3.007,0.0,2.07,0.0,0.0,1.954,0.0,0.67,0.708,0.0,0.762,0.0,0.527,0.0,0.0,0.402
8.78,1.69,3,GZMK+ Tem,0.667,0.0,0.986,0.0,0.0,0.0,0.0,0.0,0.0,1.718,0.0,1.42,0.577,0.0,0.601,1.006,0.0,1.002,1.998,0.0,1.006,2.359,0.0,0.91,0.0
-1.394,-2.414,1,Tn,1.0,0.0,0.0,0.0,0.0,0.0,0.0,0.0,0.0,1.781,0.0,1.244,0.0,0.0,0.0,0.0,1.244,0.0,1.781,0.0,1.244,2.129,0.0,0.0,0.0
10.87,5.793,64,GZMK+ Tex,0.859,0.023,1.105,0.655,0.123,0.378,0.992,0.827,0.253,0.074,0.32,0.149,0.074,0.695,1.23,1.327,0.465,0.084,0.063,0.284,0.323,0.038,0.879,0.187,0.114
-0.836,-2.414,1,Tn,1.0,0.0,1.34,0.0,0.0,0.0,0.0,0.0,0.0,2.247,0.0,0.0,1.34,0.0,0.0,0.0,0.0,0.0,2.247,0.0,0.0,0.0,1.34,0.0,0.0
0.557,3.379,12,ILTCK,1.0,0.206,0.435,0.0,0.0,0.0,0.0,0.201,0.121,2.449,0.0,2.418,0.955,0.0,1.409,0.0,0.132,0.527,1.932,0.758,0.241,1.018,0.0,0.482,0.286
-2.09,4.586,10,ILTCK,1.0,0.114,0.705,0.0,0.0,2.481,0.331,1.345,0.09,1.775,0.225,2.291,1.706,0.143,3.105,0.076,0.715,0.716,1.584,1.555,0.421,1.895,0.148,0.155,1.393
-3.066,0.0,2,Tn,1.0,0.446,0.579,0.0,0.0,0.0,0.0,0.0,0.446,2.776,0.0,1.676,1.257,0.0,0.84,0.0,0.446,0.678,1.781,0.0,0.446,2.505,0.0,0.0,0.0
6.411,-2.897,2,MAIT,1.0,0.509,2.341,0.49,0.49,0.0,0.0,0.732,0.0,4.167,0.49,2.423,0.49,0.0,1.488,0.0,0.49,0.732,1.017,0.756,0.0,1.404,0.0,0.0,0.0
8.083,0.966,5,GZMK+ Tem,0.8,0.483,1.268,0.0,0.0,0.0,0.0,0.213,0.0,2.683,0.256,2.595,1.443,0.0,0.436,0.0,0.591,0.905,1.617,0.469,0.536,2.146,0.918,0.0,0.227
11.706,7.724,1,SELL+ Tpex,1.0,0.0,0.557,0.913,0.0,0.0,1.175,0.0,0.0,0.0,0.913,1.382,1.7,0.0,1.175,0.557,0.0,1.554,2.135,1.7,1.175,1.554,0.0,0.0,0.0
10.034,2.897,1,SELL+ Tpex,1.0,0.0,2.609,0.0,0.0,0.0,0.0,0.0,0.0,0.0,0.0,4.017,1.648,0.0,0.0,0.0,0.0,1.648,0.0,0.0,0.0,2.24,0.0,0.0,0.0
6.132,-2.897,8,MAIT,1.0,0.228,2.088,0.148,0.0,0.0,0.0,1.651,0.0,3.332,0.279,1.795,0.0,0.0,1.624,0.0,0.15,0.694,0.275,0.593,0.633,0.915,0.0,0.0,0.146
-1.812,8.931,2,GNLY+ Temra,1.0,0.0,0.0,0.0,0.0,3.565,0.0,1.266,0.0,0.0,0.0,2.486,0.0,0.605,2.673,0.0,1.266,0.605,0.0,0.0,0.605,0.0,0.605,0.0,0.605
-2.09,8.448,3,GNLY+ Temra,1.0,0.0,0.595,0.0,0.0,3.036,0.0,0.0,0.0,0.414,0.465,2.051,0.416,0.0,3.098,0.0,0.88,0.881,0.0,0.83,0.465,0.416,0.0,0.0,1.067
0.139,3.138,4,ILTCK,1.0,0.0,0.385,0.0,0.0,0.467,0.0,0.26,0.0,2.568,0.26,2.421,1.61,0.0,0.713,0.0,0.0,0.19,1.832,0.558,0.0,2.069,0.0,0.0,0.0
-0.557,1.931,11,MACF1+ T,0.818,0.0,1.767,0.0,0.0,0.0,0.0,0.105,0.094,2.277,0.164,1.337,2.68,0.0,0.0,0.0,0.28,0.894,2.004,1.251,0.556,1.344,0.094,0.094,0.0
-2.787,-0.483,19,Tn,1.0,0.0,0.193,0.0,0.067,0.0,0.0,0.782,0.066,2.171,0.084,1.893,2.398,0.0,0.179,0.135,0.252,0.36,2.047,0.677,0.115,2.216,0.125,0.0,0.0
-0.697,2.172,3,MACF1+ T,0.667,0.0,1.362,0.0,0.0,0.0,0.0,0.0,0.0,1.205,0.0,2.286,2.378,0.0,0.0,0.0,0.0,0.608,0.608,0.0,1.362,2.703,0.0,0.0,0.0
-3.066,0.483,1,Tn,1.0,0.0,1.645,0.0,0.0,0.0,0.0,0.0,0.0,2.438,0.0,2.606,2.749,0.0,1.645,0.0,0.0,0.0,1.984,1.128,0.0,1.984,0.0,0.0,0.0
0.279,2.897,4,ILTCK,0.75,0.0,0.631,0.0,0.0,0.462,0.0,0.0,0.0,2.387,0.0,1.404,1.744,0.366,0.265,0.0,0.0,0.0,1.579,0.853,0.0,1.843,0.0,0.0,0.462
-2.09,-2.172,1,Tn,1.0,0.0,1.041,0.0,0.0,0.0,0.0,1.041,0.0,2.751,0.0,2.626,1.041,0.0,0.0,0.0,1.041,0.0,2.626,0.0,0.0,1.54,0.0,0.0,0.0
-2.509,-1.448,6,Tn,1.0,0.0,0.158,0.0,0.0,0.0,0.0,1.093,0.175,2.367,0.0,1.949,2.141,0.0,0.0,0.0,0.18,0.604,1.685,0.923,0.18,2.311,0.0,0.0,0.0
-2.927,-0.241,6,Tn,1.0,0.0,0.312,0.0,0.0,0.0,0.0,0.976,0.196,2.213,0.162,1.55,1.998,0.0,0.242,0.0,0.423,1.118,1.458,0.92,0.0,2.366,0.0,0.0,0.0
10.87,3.862,2,SELL+ Tpex,1.0,0.0,1.34,0.0,0.0,0.0,1.183,0.0,0.481,1.103,0.296,1.057,1.222,0.0,0.0,0.296,0.296,1.183,3.039,1.696,0.0,1.488,1.234,0.0,0.0
-0.139,2.172,12,MACF1+ T,0.917,0.0,1.39,0.0,0.0,0.187,0.32,0.372,0.228,1.844,0.0,0.751,1.554,0.0,0.0,0.159,0.142,0.476,1.97,0.348,0.087,1.135,0.0,0.0,0.0
0.418,3.138,5,ILTCK,1.0,0.0,1.303,0.0,0.0,0.285,0.534,0.774,0.0,1.997,0.0,1.734,2.082,0.0,0.385,0.0,0.0,0.203,1.86,0.866,0.0,2.259,0.274,0.285,0.417
2.369,9.414,1,GNLY+ Temra,1.0,0.0,0.0,0.0,0.0,1.516,0.0,1.021,0.0,0.0,0.0,2.092,0.0,1.021,2.456,0.0,2.092,0.0,0.0,1.021,1.021,0.0,0.0,0.0,1.516
-2.09,1.69,7,Tn,1.0,0.0,0.39,0.0,0.0,0.0,0.0,0.0,0.0,2.502,0.0,0.23,2.464,0.0,0.39,0.0,1.068,0.805,2.432,0.804,0.338,2.314,0.0,0.0,0.0
0.418,9.897,1,GNLY+ Temra,1.0,0.0,1.064,0.0,0.0,1.568,0.0,2.152,0.0,1.064,0.0,3.561,0.0,0.0,2.517,0.0,1.064,1.902,1.064,0.0,1.064,0.0,0.0,0.0,1.902
-2.927,1.207,2,Tn,1.0,0.0,0.0,0.0,0.0,0.0,0.0,0.0,0.863,2.483,0.0,2.272,1.846,0.0,0.0,0.0,0.0,0.557,2.458,0.557,0.557,2.072,0.0,0.0,0.0
6.689,-2.414,11,MAIT,1.0,0.0,1.74,0.663,0.0,0.0,0.0,1.696,0.0,3.165,0.229,1.633,0.08,0.0,1.827,0.0,0.601,0.522,0.122,1.162,0.363,1.493,0.319,0.0,0.151
9.616,2.655,1,SELL+ Tpex,1.0,0.0,0.0,0.0,0.0,0.0,1.373,0.0,0.0,0.905,0.905,2.657,2.124,0.0,0.0,0.0,0.0,0.905,1.93,1.373,0.0,2.845,0.0,0.0,0.0
-2.509,1.448,1,Tn,1.0,0.0,0.0,0.0,0.0,0.0,0.0,1.826,0.0,3.576,0.0,2.91,2.811,0.0,1.006,0.0,1.006,1.006,2.072,1.006,1.006,2.811,0.0,0.0,0.0
-2.787,-0.966,5,Tn,1.0,0.0,0.56,0.0,0.0,0.299,0.0,0.514,0.0,2.653,0.0,1.776,1.746,0.0,0.0,0.0,0.544,1.031,2.109,0.92,0.0,2.096,0.0,0.0,0.0
6.271,-3.138,1,MAIT,1.0,0.0,1.857,0.0,0.0,0.0,0.0,2.469,0.0,3.425,0.0,2.209,0.0,0.0,1.857,0.0,0.0,1.857,0.0,1.309,0.0,0.0,0.0,0.0,0.0
11.01,4.103,5,SELL+ Tpex,1.0,0.0,1.052,0.381,0.205,0.0,1.25,0.0,0.396,0.0,0.832,1.58,1.346,0.0,0.761,0.0,0.319,0.776,1.762,0.698,0.677,1.523,0.41,0.0,0.381
0.697,3.138,2,ILTCK,1.0,0.0,0.744,0.0,0.0,0.775,0.0,0.744,0.775,3.095,0.0,2.83,1.274,0.0,1.805,0.0,0.0,1.809,1.564,1.682,0.0,2.155,0.0,0.0,0.0
-1.254,2.655,1,MACF1+ T,1.0,0.0,0.0,0.0,0.0,0.0,0.0,0.0,0.0,1.297,0.0,2.194,1.297,0.0,0.0,0.0,0.0,0.0,2.194,1.843,1.843,1.843,0.0,0.0,0.0
5.993,-3.138,2,MAIT,1.0,0.0,0.833,0.0,0.0,0.0,0.0,1.546,0.0,3.977,0.0,1.806,0.0,0.0,1.977,0.0,0.833,1.546,0.0,0.573,0.549,1.68,0.0,0.0,0.0
6.55,-2.655,6,MAIT,1.0,0.383,1.343,0.0,0.0,0.409,0.0,1.286,0.0,3.496,0.18,1.893,0.0,0.185,1.54,0.197,0.377,0.847,0.396,0.606,0.197,1.474,0.224,0.0,0.0
0.976,3.138,9,ILTCK,0.889,0.0,0.811,0.08,0.0,0.41,0.0,0.447,0.438,1.649,0.127,2.319,0.977,0.185,0.837,0.0,0.33,0.473,1.503,0.621,0.08,2.118,0.292,0.307,0.0
3.902,-0.966,46,Tcm,1.0,0.0,0.923,0.0,0.0,0.0,0.0,0.617,0.112,3.301,0.158,0.892,1.062,0.014,0.188,0.07,0.129,0.898,1.925,0.831,0.213,1.155,0.051,0.0,0.0
0.836,2.897,2,ILTCK,0.5,0.0,1.896,0.0,0.0,0.508,0.0,0.508,0.508,2.329,0.0,2.041,2.618,0.0,0.977,0.0,0.0,0.0,1.794,0.977,0.0,0.0,0.0,0.0,1.142
10.313,3.379,1,SELL+ Tpex,1.0,0.0,2.404,0.0,0.0,0.0,0.0,0.0,0.0,0.0,0.0,2.265,1.91,0.0,0.0,0.0,0.0,0.891,2.904,0.891,0.0,3.117,0.891,0.0,0.0
2.23,-2.414,1,Tn,1.0,0.0,2.01,0.0,0.0,0.0,0.0,0.0,0.0,2.01,0.0,3.207,2.01,0.0,0.0,1.149,1.149,1.149,1.67,0.0,1.149,2.01,0.0,0.0,0.0
6.829,-2.172,6,MAIT,1.0,0.0,2.097,0.0,0.0,0.0,0.0,1.682,0.0,3.302,0.795,1.824,0.0,0.0,1.58,0.203,1.171,0.939,0.0,1.181,0.391,1.177,0.203,0.0,0.203
0.0,2.414,4,MACF1+ T,0.75,0.0,1.175,0.0,0.518,0.0,0.0,0.404,0.0,1.327,0.0,1.377,1.006,0.0,0.551,0.0,1.2,0.518,1.505,0.583,0.0,1.801,0.0,0.0,0.0
11.149,4.345,1,SELL+ Tpex,1.0,0.0,0.0,0.742,0.0,0.0,0.742,0.0,0.742,0.0,0.742,2.163,1.458,0.0,0.0,0.0,0.742,0.742,0.742,2.028,1.163,2.028,1.163,0.0,0.0
0.836,9.655,3,GNLY+ Temra,1.0,0.0,1.178,0.0,0.0,2.595,0.0,1.234,0.0,0.0,0.0,1.755,0.0,0.0,1.914,0.0,0.466,0.716,0.649,0.768,0.462,0.0,0.649,0.0,1.45
0.557,-2.414,1,Tn,1.0,0.0,0.0,0.0,0.0,0.0,0.0,0.0,0.0,2.472,0.0,1.311,2.212,0.0,1.311,0.0,0.0,0.0,2.472,2.212,0.0,1.859,0.0,0.0,0.0
8.222,1.207,10,GZMK+ Tem,1.0,0.0,0.926,0.339,0.0,0.0,0.0,0.0,0.379,1.914,0.215,0.879,0.0,0.292,0.709,0.382,0.368,0.346,0.84,0.646,0.845,1.007,0.833,0.191,0.205
-2.23,4.345,3,ILTCK,1.0,0.258,0.761,0.0,0.0,2.144,0.26,1.312,0.0,1.913,0.0,2.45,1.539,0.0,2.991,0.0,0.911,1.103,1.653,0.843,0.0,1.889,0.0,0.0,1.038
-2.23,3.862,1,ILTCK,1.0,0.0,0.0,0.0,0.0,3.282,0.0,1.39,0.0,2.308,0.0,2.145,1.39,0.0,3.026,0.0,0.92,0.0,2.145,0.0,0.0,0.92,0.0,0.0,0.0
0.279,2.414,10,MACF1+ T,0.9,0.169,1.906,0.08,0.0,0.0,0.519,0.389,0.0,1.383,0.0,0.506,1.6,0.0,0.594,0.404,0.0,0.413,2.141,0.443,0.334,1.413,0.446,0.124,0.0
1.533,-2.172,17,Tn,1.0,0.0,1.056,0.0,0.0,0.0,0.0,0.825,0.328,1.798,0.06,1.286,1.529,0.0,0.135,0.0,0.383,0.485,1.101,0.449,0.056,0.867,0.0,0.0,0.0
0.557,9.655,2,GNLY+ Temra,1.0,0.0,0.0,0.0,0.0,2.415,0.0,1.056,0.0,0.0,0.0,1.812,0.0,0.0,2.521,0.0,0.766,0.0,1.523,0.757,0.0,0.0,1.812,0.757,1.812
1.394,-2.414,2,Tn,1.0,0.0,1.769,0.0,0.0,0.0,0.0,1.347,0.0,1.082,0.0,1.817,1.604,0.0,0.0,0.0,0.413,0.0,1.986,0.413,0.0,1.451,0.0,0.0,0.0
-3.066,-0.966,1,Tn,1.0,0.0,0.0,0.0,0.0,0.0,0.0,0.0,0.0,2.21,0.0,2.578,2.21,0.0,0.0,0.0,0.0,0.0,1.621,0.0,0.0,2.578,0.0,0.0,0.0
-2.23,-1.931,2,Tn,1.0,0.0,1.431,0.0,0.0,0.0,0.0,0.0,0.0,2.676,0.0,1.431,0.749,0.0,0.0,0.0,0.0,0.682,0.682,0.682,0.0,1.431,0.0,0.0,0.0
-2.369,1.69,1,Tn,1.0,0.0,0.0,0.0,0.0,0.0,0.0,0.0,0.0,4.704,0.0,0.0,2.48,0.0,0.0,0.0,0.0,0.0,4.199,2.48,2.48,2.48,0.0,0.0,0.0
0.557,2.897,1,ILTCK,1.0,0.0,0.0,0.0,0.0,0.0,0.0,0.0,0.0,2.732,0.0,2.732,1.222,0.0,1.222,0.0,0.0,0.0,3.004,1.222,0.0,3.116,0.0,1.756,0.0
-1.812,-2.172,1,Tn,1.0,0.0,1.802,0.0,0.0,0.0,0.0,0.0,0.0,3.27,0.0,2.409,1.802,0.0,0.0,0.0,0.0,0.0,2.409,1.262,0.0,1.802,0.0,0.0,0.0
8.919,1.931,4,GZMK+ Tem,0.75,0.0,2.797,0.0,0.0,0.0,0.0,0.0,0.0,1.679,0.345,1.588,0.0,0.305,0.0,0.305,0.0,0.501,1.166,0.501,0.368,1.402,0.0,0.0,0.0
2.369,-2.172,1,Tn,1.0,0.0,2.242,0.0,0.0,0.0,0.0,1.132,0.0,1.132,0.0,1.65,1.989,0.0,0.0,0.0,1.132,0.0,1.65,1.132,0.0,0.0,0.0,0.0,0.0
12.264,11.104,3,Cycling T,1.0,0.0,2.022,0.0,0.0,0.0,0.0,0.291,0.266,0.907,0.556,0.506,1.155,0.0,0.0,1.011,0.897,0.0,0.291,0.606,0.0,0.266,0.0,0.0,0.0
12.124,10.379,18,Cycling T,1.0,0.0,1.308,0.399,0.236,1.156,0.294,1.109,0.452,0.0,0.575,0.163,0.051,0.635,0.897,1.043,0.509,0.049,0.099,0.381,0.213,0.054,0.726,0.346,0.21
7.526,-0.483,1,Tex-Tpex,1.0,0.0,0.0,0.0,0.0,0.617,0.0,2.561,2.161,0.0,0.0,0.0,0.617,1.27,0.0,0.617,0.617,0.0,1.662,0.617,0.0,0.996,0.0,4.478,0.0
7.247,-0.483,33,MAIT,1.0,0.045,2.284,0.771,0.254,1.369,0.086,1.375,0.545,1.314,0.295,0.044,0.0,0.397,1.294,0.622,0.435,0.114,0.0,0.318,0.107,0.132,0.184,0.229,0.625
4.181,-0.966,9,Tcm,0.889,0.0,1.009,0.0,0.0,0.0,0.0,0.456,0.0,3.132,0.0,0.631,0.421,0.0,0.135,0.121,0.121,0.729,1.361,1.068,0.121,1.004,0.0,0.0,0.0
7.526,0.0,1,GZMK+ Tex,1.0,0.0,0.0,0.618,0.0,4.066,0.0,2.06,0.618,0.618,0.0,0.0,0.0,0.618,0.618,0.997,0.618,0.0,0.0,0.0,0.0,0.618,0.618,0.0,0.618
11.149,7.724,2,SELL+ Tpex,0.5,0.258,0.591,0.0,0.0,0.0,0.591,0.0,0.496,0.0,1.409,0.0,0.636,0.224,0.258,0.496,0.636,0.224,1.833,0.554,0.378,0.738,0.482,0.0,0.0
2.927,10.379,1,ZNF683+ Teff,1.0,0.0,1.182,1.182,0.0,0.0,0.0,1.708,0.0,0.0,1.708,0.0,0.0,0.0,0.0,0.0,0.0,0.0,0.0,0.0,0.0,0.0,0.0,0.0,0.0
11.288,11.828,5,Cycling T,1.0,0.081,0.712,0.224,0.377,1.713,0.132,0.922,0.0,0.0,0.529,0.0,0.0,0.081,1.119,0.271,0.621,0.138,0.273,0.654,0.319,0.0,0.134,0.351,0.081
11.01,11.828,3,Cycling T,1.0,0.144,1.177,0.0,0.0,1.409,0.0,2.066,0.0,0.297,0.0,0.837,0.0,0.0,0.772,0.0,0.58,0.737,0.0,0.68,0.144,0.0,0.668,0.733,0.144
9.477,2.414,3,SELL+ Tpex,0.667,0.0,2.32,0.0,0.0,0.0,0.0,1.01,0.0,0.0,0.0,1.174,1.218,0.0,0.62,0.62,0.0,0.0,1.722,0.62,0.0,1.171,0.0,0.0,0.0
12.124,9.897,13,Cycling T,1.0,0.0,1.51,0.538,0.475,0.546,0.508,1.008,0.624,0.164,0.639,0.166,0.0,0.594,0.676,1.454,0.334,0.0,0.04,0.429,0.248,0.0,0.944,0.426,0.035
0.139,2.172,23,MACF1+ T,0.957,0.0,1.743,0.0,0.0,0.051,0.269,0.266,0.0,1.197,0.0,0.718,1.692,0.0,0.0,0.0,0.173,0.188,2.428,0.773,0.135,1.643,0.1,0.0,0.093
0.697,2.655,3,MACF1+ T,1.0,0.0,2.225,0.0,0.0,0.0,0.0,0.697,0.0,3.786,0.0,1.742,0.707,0.0,0.0,0.918,0.697,0.0,1.898,1.749,0.0,0.0,0.0,0.0,0.0
-0.976,2.655,1,ILTCK,1.0,0.0,2.073,0.0,0.0,0.0,0.0,0.0,0.0,3.231,0.0,2.701,2.073,0.0,1.498,0.0,0.0,0.0,0.0,0.0,0.0,0.0,2.073,0.0,0.0
-0.418,9.897,1,GNLY+ Temra,1.0,0.0,0.0,0.0,0.0,1.757,0.0,2.103,0.0,0.0,0.0,2.733,0.0,0.0,1.757,0.0,0.0,2.103,0.0,2.36,0.0,0.0,0.0,0.0,2.564
-0.836,9.655,1,GNLY+ Temra,1.0,0.0,1.111,0.0,0.0,1.962,0.0,0.0,0.0,0.0,0.0,3.314,0.0,1.111,2.725,0.0,1.111,0.0,0.0,1.624,0.0,0.0,0.0,0.0,2.415
-1.254,9.414,1,GNLY+ Temra,1.0,0.0,0.0,0.0,0.0,3.168,0.0,0.0,0.0,0.0,0.0,0.0,0.0,0.0,2.516,1.568,0.0,1.568,0.0,0.0,0.0,0.0,0.0,0.0,0.0
10.591,3.379,1,SELL+ Tpex,1.0,0.0,0.0,1.298,0.0,0.0,2.456,0.0,1.298,0.0,0.0,2.661,1.845,0.0,0.0,0.0,0.0,0.0,1.845,0.0,0.0,2.196,0.0,0.0,0.0
-2.23,7.241,3,GNLY+ Temra,1.0,0.0,0.457,0.0,0.0,2.524,0.0,0.0,0.0,0.0,0.0,2.589,0.0,0.0,2.252,0.0,0.457,0.598,0.0,0.457,0.598,0.0,0.0,0.0,0.643
1.533,9.414,1,GNLY+ Temra,1.0,0.0,0.0,0.0,0.0,1.215,0.0,1.215,0.0,0.0,0.0,0.0,0.0,0.0,0.0,0.0,1.215,0.0,0.0,0.0,0.0,0.0,1.215,0.0,1.215
10.034,11.586,11,Cycling T,1.0,0.099,0.912,0.501,0.69,2.011,0.192,1.066,0.0,0.772,0.181,0.207,0.0,0.118,2.305,0.316,0.354,0.0,0.142,1.659,0.7,0.0,0.307,0.69,0.3
12.403,11.345,1,Cycling T,1.0,0.0,2.582,0.0,0.0,0.0,0.798,0.798,0.0,1.236,0.0,2.751,2.257,0.0,1.236,1.773,0.0,0.0,0.0,1.236,0.0,1.236,0.0,0.0,0.0
11.846,11.828,2,Cycling T,1.0,0.0,2.115,0.444,0.0,0.0,0.0,0.376,0.0,1.199,0.444,0.376,0.0,0.0,1.776,0.376,0.832,0.0,0.0,0.736,0.0,0.0,0.0,0.0,0.0
11.706,6.759,1,GZMK+ Tex,1.0,0.0,1.509,0.0,1.509,4.109,2.924,0.0,0.0,0.0,2.085,0.0,0.0,0.0,1.509,0.0,0.0,0.0,0.0,0.0,0.0,0.0,0.0,0.0,0.0
1.672,-2.414,1,Tn,1.0,0.0,1.301,0.0,0.0,0.0,0.0,1.301,0.0,1.301,0.0,1.848,0.0,0.0,0.0,1.301,0.0,0.0,1.848,1.301,0.0,1.301,0.0,0.0,0.0
9.337,2.172,1,ITGB2+ Trm,1.0,0.0,3.255,1.576,0.0,0.0,0.0,1.071,0.0,1.071,0.0,1.071,0.0,1.071,1.071,0.0,0.0,0.0,0.0,1.91,1.071,1.071,1.576,0.0,1.071
11.567,6.517,2,GZMK+ Tex,1.0,0.0,0.691,0.0,0.97,0.0,1.326,1.149,0.0,0.0,0.0,0.0,0.0,0.97,1.831,1.149,0.97,0.0,0.0,0.842,0.0,0.0,0.0,0.0,0.0
-2.09,6.517,4,GNLY+ Temra,1.0,0.0,0.805,0.0,0.0,3.314,0.0,1.482,0.0,0.33,0.511,1.465,0.297,0.0,3.079,0.0,0.626,0.297,0.643,1.261,0.726,0.0,0.33,0.0,0.887
10.87,12.069,1,Cycling T,1.0,0.0,0.0,0.0,1.324,0.0,0.0,1.043,0.0,1.542,0.0,0.0,0.0,0.0,1.324,0.652,0.652,0.0,0.0,0.652,0.0,0.0,1.324,1.324,0.0
11.567,7.483,4,SELL+ Tpex,1.0,0.0,0.38,0.853,0.238,0.0,0.38,0.0,0.608,0.0,1.29,1.543,0.801,0.113,1.33,0.25,0.113,0.238,1.064,1.453,0.758,1.41,0.235,0.0,0.13
12.124,9.414,1,Cycling T,1.0,0.0,0.0,0.0,0.0,0.0,2.05,0.0,1.181,0.0,0.0,0.0,0.0,1.181,1.707,3.06,0.0,0.0,0.0,0.0,0.0,0.0,1.181,0.0,0.0
-2.23,8.207,1,GNLY+ Temra,1.0,0.0,0.0,0.0,0.0,1.789,0.0,2.034,0.0,0.0,0.0,0.0,0.0,0.0,2.23,0.0,0.0,1.464,0.0,1.464,0.978,0.0,0.978,0.0,0.0
11.567,7.0,1,GZMK+ Tex,1.0,0.0,0.0,0.0,0.0,0.0,0.0,0.0,0.0,0.0,0.0,0.0,0.0,1.907,2.523,0.0,0.0,0.0,0.0,0.0,0.0,0.0,1.907,0.0,1.907
11.01,3.621,1,SELL+ Tpex,1.0,0.0,1.718,0.0,0.0,0.0,1.96,0.0,0.0,0.0,1.399,1.399,1.718,0.0,0.926,0.0,0.0,0.926,0.0,0.926,1.399,0.0,0.926,0.0,0.0
-0.836,3.379,1,ILTCK,1.0,0.0,0.916,0.0,0.0,0.0,0.916,0.916,0.0,2.772,0.0,0.916,0.0,0.0,0.0,0.0,0.0,0.916,2.302,0.916,0.0,1.386,0.0,0.0,0.0
1.115,-2.414,1,Tn,1.0,0.0,2.096,0.0,0.0,0.0,0.0,0.0,0.0,1.218,0.0,1.75,1.218,0.0,0.0,1.218,0.0,0.0,0.0,1.218,0.0,1.218,0.0,0.0,0.0
11.706,7.241,2,GZMK+ Tex,1.0,0.0,0.0,0.0,0.0,0.0,0.0,2.592,0.696,0.0,0.0,0.0,0.0,2.327,1.848,2.026,0.0,0.0,0.0,0.0,0.696,0.0,1.567,0.0,0.0
9.616,11.345,1,Cycling T,1.0,0.0,3.427,1.741,0.0,3.062,0.943,1.419,0.0,0.0,0.0,1.741,1.419,0.0,2.986,0.0,0.0,0.0,0.0,2.606,1.741,0.0,0.0,0.0,0.0
11.706,12.069,2,Cycling T,1.0,0.0,0.234,0.304,0.0,1.654,0.0,0.513,0.0,0.0,1.248,0.513,0.0,0.0,1.589,0.0,0.995,0.513,0.0,1.183,0.0,0.0,0.393,0.393,0.234
11.985,8.69,2,Cycling T,1.0,0.0,0.198,0.0,0.0,0.0,0.836,0.496,0.0,0.0,1.19,1.697,0.841,0.0,1.19,0.496,0.0,1.28,1.423,1.28,0.45,0.54,0.198,0.0,0.0
-1.533,9.414,1,GNLY+ Temra,1.0,0.0,0.0,0.0,0.0,1.183,0.0,2.308,0.0,0.0,0.0,2.053,0.0,0.0,2.511,0.0,0.0,0.0,0.0,1.183,0.0,0.0,0.0,0.0,0.0
12.403,10.862,1,Cycling T,1.0,0.0,0.0,1.64,0.0,0.0,1.824,1.415,1.824,0.0,0.712,0.712,0.0,0.712,1.979,2.337,0.712,0.0,0.712,1.824,0.0,0.0,1.415,0.0,0.0
4.181,-2.414,1,MAIT,1.0,0.0,1.669,0.89,0.0,0.89,0.0,0.89,0.0,2.82,0.0,0.89,0.0,0.0,2.524,0.0,0.89,0.89,0.0,1.669,0.0,0.0,0.89,0.0,0.0
12.264,9.655,1,Cycling T,1.0,0.0,0.715,0.0,2.235,0.0,1.127,1.827,0.0,0.0,0.715,0.0,0.0,0.0,0.715,1.127,0.715,0.0,0.0,0.0,0.0,0.0,1.418,0.0,0.0
12.264,10.138,1,Cycling T,1.0,0.0,0.0,0.0,0.0,0.0,0.0,1.831,0.0,0.0,1.503,0.0,0.0,0.0,1.503,1.01,0.0,0.0,0.0,0.0,0.0,0.0,1.01,1.01,0.0
1.951,-2.414,1,Tn,1.0,0.0,2.499,0.0,0.0,0.0,0.0,1.174,0.0,0.0,0.0,2.042,0.0,0.0,0.0,0.0,0.0,0.0,0.0,1.699,0.0,2.042,0.0,0.0,0.0
-1.394,3.379,1,ILTCK,1.0,0.0,1.088,0.0,0.0,3.029,0.0,0.0,0.0,1.597,0.0,0.0,0.0,0.0,1.597,0.0,1.088,0.0,1.088,0.0,0.0,0.0,0.0,0.0,0.0
11.288,4.586,1,SELL+ Tpex,1.0,0.0,1.194,0.0,0.0,0.0,0.765,0.0,0.0,0.0,0.765,1.492,1.194,0.765,0.765,0.765,1.194,1.909,1.722,1.194,0.0,1.909,0.765,0.0,0.0
2.648,9.414,2,ZNF683+ Teff,0.5,0.0,0.535,0.0,0.0,2.224,0.683,1.674,0.0,0.683,0.535,1.139,0.0,0.0,1.139,0.0,1.179,0.0,0.788,1.218,0.535,0.0,0.0,0.0,0.535
-1.951,6.276,1,GNLY+ Temra,1.0,0.0,0.0,0.0,0.0,3.092,0.0,1.834,0.0,0.0,1.012,1.012,0.0,0.0,3.841,0.0,1.012,1.012,0.0,1.834,1.012,0.0,0.0,0.0,1.834
0.279,-2.414,1,Tn,1.0,0.0,0.0,0.0,0.0,0.0,0.0,1.233,0.0,2.577,0.0,0.0,0.0,0.0,0.0,0.0,0.0,0.0,1.768,0.0,0.0,2.372,0.0,0.0,0.0
7.247,0.483,1,GZMK+ Tem,1.0,0.0,0.0,0.0,0.0,0.0,0.0,0.0,0.0,3.144,1.243,0.0,0.0,0.0,0.0,0.0,0.0,0.0,1.78,2.128,0.0,1.78,0.0,0.0,0.0
3.484,-1.207,1,Tcm,1.0,0.0,1.688,0.0,0.0,0.0,0.0,0.0,0.0,3.257,0.0,1.371,0.0,0.0,0.0,0.0,0.0,1.688,2.423,0.0,0.0,2.122,0.0,0.0,0.0
4.041,-1.207,3,Tcm,1.0,0.0,1.3,0.0,0.0,0.0,0.0,0.616,0.0,3.308,0.0,0.93,0.524,0.0,1.014,0.398,0.274,0.616,2.395,1.163,0.398,1.438,0.274,0.0,0.0
-2.23,1.931,1,Tn,1.0,0.0,1.551,0.0,0.0,0.0,0.0,0.0,0.0,3.539,0.0,2.132,2.497,0.0,0.0,0.0,0.0,1.551,2.497,1.551,0.0,3.425,0.0,0.0,0.0
